Orthogroup	Desulfosediminicola flagellatus IMCC35005	Shewanella oneidensis MR-1
OG0000000	WP_136809874.1, WP_136808305.1	WP_011073030.1
OG0000000	WP_136806168.1, WP_136807632.1	WP_011074304.1
OG0000000	WP_136808356.1	WP_011074101.1
OG0000000	WP_136805595.1	WP_011071819.1
OG0000000	WP_275942845.1	WP_011073458.1
OG0000001	WP_136806607.1	WP_011074067.1
OG0000001	WP_167505925.1	WP_011073330.1
OG0000001	WP_136805177.1	WP_011071093.1
OG0000001	WP_136809287.1, WP_136810389.1	WP_011072190.1
OG0000001	WP_136809108.1	WP_164925657.1, WP_011073617.1
OG0000001	WP_136809201.1, WP_136809645.1	WP_011071842.1, WP_011074055.1, WP_011071208.1, WP_011073204.1
OG0000001	WP_136807061.1	WP_011073890.1
OG0000001	WP_136807017.1	WP_011072229.1, WP_011072122.1, WP_011072210.1, WP_164925621.1, WP_011073495.1
OG0000001	WP_136806467.1	WP_011071311.1
OG0000002	WP_136806247.1	WP_011073574.1
OG0000002	WP_136805222.1	WP_011071850.1
OG0000002	WP_136808433.1	WP_011071977.1, WP_011070837.1
OG0000002	WP_136806603.1, WP_136807752.1	WP_011071490.1
OG0000002	WP_136807288.1, WP_136805570.1	WP_011071049.1
OG0000002	WP_275942839.1, WP_136810386.1, WP_217909654.1, WP_136806069.1, WP_136807684.1, WP_136810832.1, WP_136805614.1	WP_011071300.1
OG0000003	WP_136810764.1	WP_011073164.1
OG0000003	WP_167506110.1	WP_011072186.1
OG0000003	WP_167505749.1	WP_011074229.1
OG0000004	WP_153307136.1, WP_136810858.1, WP_136808193.1, WP_136810396.1, WP_136809328.1, WP_136805168.1, WP_167505721.1, WP_136809428.1, WP_167506073.1, WP_136810348.1, WP_136808197.1, WP_136805692.1, WP_176371583.1, WP_136806049.1, WP_136810154.1, WP_267313779.1, WP_136805478.1, WP_167505723.1, WP_136810487.1, WP_136805944.1, WP_136808745.1, WP_136807867.1, WP_167505718.1, WP_136808192.1, WP_136805197.1, WP_136807033.1, WP_136806447.1, WP_136808898.1, WP_136809028.1	WP_011073049.1, WP_011073640.1
OG0000005	WP_136806805.1	WP_011072501.1
OG0000005	WP_136807023.1	WP_164925775.1
OG0000006	WP_167506063.1	WP_011074159.1, WP_274544485.1
OG0000006	WP_136810272.1	WP_011072463.1, WP_011072496.1, WP_011073589.1, WP_011073842.1, WP_238560533.1, WP_011070885.1
OG0000006	WP_136806566.1	WP_011072409.1
OG0000006	WP_167505808.1	WP_011070785.1, WP_011070706.1, WP_011072981.1
OG0000006	WP_136807043.1	WP_011073256.1
OG0000007	WP_228723385.1	WP_011074183.1
OG0000007	WP_136805469.1	WP_164925702.1
OG0000007	WP_136809767.1	WP_011072831.1
OG0000007	WP_136809210.1	WP_011073487.1
OG0000008	WP_136809211.1	WP_011071114.1
OG0000008	WP_136805538.1	WP_011072998.1
OG0000008	WP_217909514.1	WP_011073326.1, WP_011071990.1
OG0000008	WP_136806594.1	WP_011072024.1
OG0000008	WP_136808272.1	WP_011073334.1
OG0000008	WP_136806200.1	WP_011074282.1
OG0000009	WP_136810250.1	WP_011071150.1, WP_011073726.1
OG0000009	WP_136806688.1, WP_136809487.1, WP_167505902.1	WP_164925773.1
OG0000009	WP_167506082.1, WP_136810412.1	WP_011071594.1
OG0000010	WP_217909528.1	WP_011073061.1
OG0000011	WP_136808302.1, WP_136808632.1, WP_136806782.1, WP_136810628.1, WP_136808936.1, WP_228723280.1, WP_136805836.1, WP_136809871.1, WP_136809894.1, WP_136810666.1, WP_136810070.1, WP_217909606.1	WP_011073029.1
OG0000012	WP_167505807.1	WP_011073115.1
OG0000012	WP_228723378.1	WP_011074303.1
OG0000014	WP_136808641.1	WP_011074069.1
OG0000014	WP_136810371.1	WP_011072169.1, WP_202950644.1
OG0000014	WP_136810514.1	WP_011070474.1
OG0000015	WP_136806902.1	WP_011072514.1
OG0000015	WP_167506080.1	WP_011072017.1
OG0000015	WP_136810620.1	WP_011073837.1
OG0000016	WP_167505772.1, WP_136809302.1, WP_136807829.1, WP_136807338.1	WP_011072497.1
OG0000017	WP_136808412.1, WP_176371602.1, WP_136808421.1, WP_136807419.1, WP_136809354.1, WP_136808420.1	WP_011071143.1
OG0000017	WP_136808425.1, WP_136808428.1, WP_136809551.1, WP_136805229.1	WP_011070777.1, WP_011071144.1, WP_011073357.1
OG0000018	WP_136805342.1, WP_136808685.1, WP_136806347.1, WP_136808506.1, WP_136810861.1, WP_167505931.1, WP_136805349.1, WP_136806944.1	WP_011073068.1
OG0000019	WP_136810058.1	WP_011071727.1
OG0000019	WP_136806103.1, WP_136810512.1, WP_136810372.1	WP_011074040.1
OG0000020	WP_136810213.1	WP_011070833.1
OG0000020	WP_136809897.1	WP_011071632.1, WP_011074012.1
OG0000020	WP_136809709.1, WP_136809851.1	WP_011074129.1, WP_011074133.1
OG0000021	WP_136808857.1, WP_136809333.1	WP_011071922.1
OG0000021	WP_136807472.1, WP_136806474.1, WP_136809332.1, WP_136808856.1	WP_011071923.1
OG0000022	WP_136806354.1, WP_136808751.1, WP_136806527.1, WP_136810853.1, WP_136806296.1, WP_136806018.1, WP_136805502.1	WP_011071803.1, WP_011072720.1
OG0000022	WP_136810453.1	WP_011071867.1, WP_011071042.1
OG0000023	WP_153307132.1	WP_011072287.1
OG0000024	WP_136810505.1	WP_011073749.1
OG0000024	WP_136810309.1	WP_011071179.1
OG0000024	WP_136810451.1	WP_011073255.1, WP_011071592.1, WP_011071684.1, WP_011073021.1, WP_011071370.1, WP_011072523.1, WP_011073558.1
OG0000026	WP_136807998.1	WP_006084975.1, WP_011070442.1
OG0000030	WP_136810804.1, WP_217909491.1, WP_136805937.1	WP_011071301.1
OG0000032	WP_136810313.1	WP_011071972.1
OG0000032	WP_167506015.1	WP_011074076.1
OG0000033	WP_136809799.1, WP_136806540.1	WP_011070784.1
OG0000033	WP_136809276.1, WP_136809001.1	WP_011074290.1
OG0000034	WP_136810678.1	WP_011073327.1, WP_011071991.1
OG0000034	WP_136808271.1	WP_011073333.1
OG0000034	WP_136806199.1	WP_011074281.1
OG0000035	WP_136810508.1, WP_136810054.1, WP_136808043.1, WP_136809230.1	WP_011074169.1, WP_011070429.1
OG0000036	WP_136808304.1, WP_136805169.1, WP_136809873.1, WP_228723279.1, WP_136810664.1, WP_136805838.1, WP_217909530.1, WP_217909458.1	WP_011073027.1
OG0000037	WP_136809409.1, WP_267313714.1	WP_238560573.1
OG0000038	WP_136808396.1, WP_136805514.1, WP_136805513.1	WP_011073885.1, WP_011073886.1
OG0000039	WP_136808159.1	WP_011072119.1
OG0000039	WP_136806124.1	WP_011071747.1
OG0000039	WP_136807236.1	WP_011072587.1
OG0000040	WP_136805340.1	WP_011071891.1, WP_011073960.1
OG0000041	WP_136806192.1, WP_136809420.1	WP_011071116.1
OG0000042	WP_275942834.1	WP_011071918.1
OG0000043	WP_136808860.1, WP_136807664.1, WP_136810755.1, WP_136809797.1	WP_011073456.1
OG0000044	WP_136810153.1	WP_011070883.1
OG0000045	WP_136810787.1	WP_011070924.1
OG0000045	WP_136805182.1	WP_011071240.1
OG0000045	WP_136806030.1	WP_011073210.1
OG0000047	WP_167505894.1, WP_136809825.1, WP_136806956.1, WP_136808498.1, WP_228723285.1	WP_164925892.1
OG0000048	WP_136809330.1	WP_011072589.1
OG0000049	WP_136810189.1	WP_011073706.1
OG0000049	WP_136809400.1	WP_011073980.1, WP_164925751.1
OG0000050	WP_136806561.1	WP_011072948.1
OG0000052	WP_136805929.1, WP_136805660.1, WP_136810349.1	WP_011074450.1, WP_011071675.1
OG0000053	WP_136805444.1	WP_164925924.1
OG0000053	WP_136808276.1, WP_136808277.1	WP_011073632.1
OG0000053	WP_228723307.1	WP_011071230.1
OG0000054	WP_217909503.1, WP_217909506.1	WP_011073962.1
OG0000054	WP_217909504.1	WP_011073937.1
OG0000056	WP_136807302.1	WP_011072681.1
OG0000058	WP_136806611.1, WP_136810256.1, WP_136806778.1	WP_164925641.1
OG0000060	WP_136809295.1, WP_136806703.1	WP_011070564.1
OG0000061	WP_136809259.1	WP_011071699.1
OG0000062	WP_228723330.1, WP_136809331.1, WP_136810821.1, WP_136806476.1, WP_136808854.1	WP_011071925.1
OG0000063	WP_136806830.1	WP_011071975.1
OG0000063	WP_136807527.1, WP_136805302.1	WP_011072151.1
OG0000065	WP_136805814.1	WP_011071919.1
OG0000066	WP_136808279.1	WP_011070781.1
OG0000066	WP_136805978.1	WP_011070485.1, WP_011072796.1
OG0000067	WP_136808855.1	WP_011071924.1
OG0000068	WP_136808734.1	WP_011074377.1, WP_011074378.1
OG0000068	WP_136810010.1, WP_167506095.1	WP_011073624.1
OG0000074	WP_136808322.1, WP_136809034.1, WP_136806244.1, WP_136809795.1, WP_136808776.1, WP_136808865.1	WP_011072654.1
OG0000075	WP_136805613.1, WP_136810803.1	WP_011071302.1
OG0000076	WP_136810692.1	WP_011073088.1
OG0000077	WP_136807493.1	WP_011073434.1
OG0000077	WP_136805418.1	WP_011071152.1
OG0000080	WP_136808832.1	WP_011073977.1
OG0000080	WP_136809087.1	WP_011073844.1
OG0000081	WP_136805237.1, WP_167505906.1, WP_136810207.1, WP_136805255.1, WP_136808827.1, WP_136809107.1, WP_136808928.1	WP_011073637.1
OG0000082	WP_136806792.1, WP_136805468.1, WP_136807887.1	WP_011071708.1, WP_011073949.1
OG0000083	WP_167506038.1	WP_011071686.1
OG0000083	WP_136806567.1, WP_136805688.1, WP_167505856.1	WP_011071482.1, WP_011070470.1
OG0000084	WP_136805833.1, WP_136805588.1, WP_136807676.1, WP_136810442.1, WP_228723270.1, WP_136806523.1, WP_136810823.1, WP_136808490.1	WP_011070711.1
OG0000084	WP_136808997.1	WP_011072770.1
OG0000085	WP_136810493.1, WP_136810788.1	WP_011073685.1
OG0000085	WP_136809115.1	WP_011073684.1
OG0000086	WP_136810651.1, WP_136808115.1	WP_011071335.1
OG0000086	WP_136806960.1	WP_011073755.1
OG0000087	WP_136805195.1, WP_136806724.1, WP_136807110.1	WP_011071464.1
OG0000088	WP_136806105.1	WP_274544479.1
OG0000088	WP_136810693.1	WP_011073093.1
OG0000091	WP_136809462.1	WP_011074036.1
OG0000091	WP_136805623.1	WP_011072711.1
OG0000092	WP_136806534.1	WP_011072485.1, WP_011071838.1
OG0000092	WP_136806535.1, WP_136806715.1	WP_011071174.1
OG0000093	WP_136808679.1, WP_136810770.1, WP_136809320.1, WP_136806918.1	WP_011073475.1
OG0000094	WP_136810866.1	WP_011074278.1
OG0000095	WP_136809769.1	WP_011071060.1
OG0000095	WP_136810701.1	WP_011072735.1
OG0000096	WP_136809887.1	WP_011073337.1, WP_011074108.1
OG0000096	WP_136805676.1	WP_011070949.1
OG0000096	WP_136805682.1	WP_011071828.1
OG0000099	WP_136805999.1, WP_167506002.1, WP_136805946.1, WP_136805481.1, WP_136809865.1, WP_136808098.1, WP_136806950.1	WP_011072500.1, WP_165443312.1
OG0000100	WP_136806987.1, WP_136809686.1	WP_011073485.1, WP_011073486.1
OG0000100	WP_136809209.1, WP_136809208.1	WP_011071115.1
OG0000101	WP_275942865.1, WP_275942866.1	WP_011072328.1, WP_011072538.1
OG0000103	WP_136807934.1, WP_136809372.1	WP_011073353.1, WP_011071066.1, WP_011073588.1
OG0000105	WP_136805297.1	WP_011072710.1
OG0000105	WP_136809443.1	WP_011074037.1
OG0000106	WP_167506040.1, WP_136807483.1, WP_136809270.1	WP_011074309.1, WP_011070542.1
OG0000107	WP_136810209.1	WP_011070960.1
OG0000110	WP_136807030.1, WP_136810690.1	WP_164925741.1
OG0000112	WP_136808002.1, WP_136809976.1	WP_011070877.1
OG0000112	WP_275942837.1	WP_011072334.1, WP_011071211.1
OG0000113	WP_167505858.1	WP_011070720.1
OG0000113	WP_136809724.1	WP_011070488.1, WP_193378422.1
OG0000114	WP_136810572.1, WP_136810511.1	WP_011071132.1
OG0000115	WP_136808017.1	WP_011070766.1
OG0000115	WP_136806745.1	WP_011070806.1
OG0000116	WP_136805779.1	WP_011071533.1
OG0000118	WP_136810061.1	WP_011071863.1
OG0000119	WP_136806532.1	WP_011073622.1
OG0000120	WP_136808853.1	WP_011071926.1
OG0000121	WP_136808681.1	WP_011073062.1
OG0000122	WP_136810246.1, WP_136806197.1, WP_217909611.1	WP_011073479.1
OG0000123	WP_136810691.1, WP_136807032.1	WP_011072189.1
OG0000124	WP_136810093.1	WP_011072315.1
OG0000126	WP_136805307.1	WP_011073889.1, WP_011071224.1, WP_011072559.1
OG0000126	WP_136805571.1	WP_164925838.1
OG0000127	WP_136810542.1	WP_011070937.1
OG0000127	WP_136810543.1	WP_011070936.1
OG0000128	WP_136806650.1	WP_011072719.1
OG0000128	WP_136806346.1	WP_164925918.1
OG0000129	WP_136805236.1	WP_011074177.1, WP_011072325.1, WP_011072531.1, WP_011072068.1
OG0000129	WP_136805861.1	WP_011072440.1
OG0000130	WP_217909449.1	WP_011073813.1, WP_011071510.1
OG0000131	WP_136805439.1	WP_011074276.1
OG0000131	WP_136805333.1	WP_011073076.1
OG0000133	WP_267313775.1	WP_011071864.1
OG0000134	WP_136805898.1	WP_011072921.1
OG0000134	WP_167505926.1	WP_011070453.1
OG0000135	WP_136807997.1, WP_136809233.1	WP_011072682.1
OG0000135	WP_136806993.1	WP_011072007.1
OG0000136	WP_136806325.1	WP_011070754.1
OG0000136	WP_136806313.1	WP_011072090.1, WP_011073658.1
OG0000137	WP_167506064.1	WP_011073955.1
OG0000138	WP_136807292.1	WP_011072065.1
OG0000138	WP_228723396.1	WP_011074179.1
OG0000143	WP_136806623.1	WP_011070643.1, WP_011070826.1, WP_011072164.1
OG0000144	WP_136805284.1	WP_011073693.1
OG0000145	WP_217909534.1, WP_136807978.1, WP_136809855.1	WP_011072293.1, WP_274544323.1
OG0000147	WP_136805303.1	WP_011070775.1
OG0000147	WP_136806691.1	WP_011070565.1
OG0000148	WP_136808665.1	WP_011073995.1
OG0000148	WP_136807206.1	WP_011073571.1, WP_011074172.1
OG0000148	WP_136805996.1	WP_007647640.1
OG0000150	WP_136806150.1, WP_136808039.1	WP_011071499.1
OG0000151	WP_136808698.1, WP_228723304.1, WP_228723332.1	WP_164925895.1
OG0000154	WP_167506086.1	WP_011071098.1, WP_011072297.1
OG0000154	WP_136805824.1	WP_011074213.1
OG0000155	WP_136807836.1, WP_136807067.1	WP_011071290.1
OG0000156	WP_136808996.1, WP_167505956.1, WP_136809224.1, WP_136805651.1	WP_011072753.1, WP_172966557.1
OG0000157	WP_136806914.1	WP_011071063.1
OG0000158	WP_136805409.1	WP_011072993.1, WP_011073603.1, WP_164925679.1
OG0000158	WP_136806037.1	WP_011071551.1
OG0000160	WP_136809501.1, WP_136810489.1	WP_011072083.1, WP_011073275.1
OG0000163	WP_136809154.1, WP_136810044.1	WP_011072686.1
OG0000164	WP_136807039.1	WP_011072564.1
OG0000164	WP_136805985.1	WP_011070705.1
OG0000165	WP_136805173.1	WP_011072113.1
OG0000165	WP_136810648.1	WP_011074254.1
OG0000166	WP_136808362.1	WP_011072678.1
OG0000166	WP_136810385.1	WP_011074265.1
OG0000168	WP_136808711.1	WP_011070460.1
OG0000169	WP_136805317.1	WP_011072289.1
OG0000169	WP_136810655.1, WP_136808753.1	WP_164925791.1
OG0000170	WP_136807744.1	WP_011071331.1
OG0000170	WP_136808008.1	WP_164925722.1
OG0000172	WP_136808406.1	WP_011071837.1
OG0000173	WP_136809414.1	WP_011074241.1, WP_011072043.1, WP_011074115.1, WP_011070952.1, WP_011072168.1
OG0000173	WP_136808642.1	WP_011074070.1
OG0000178	WP_136809275.1	WP_011071538.1
OG0000179	WP_153307116.1, WP_136807858.1, WP_136807855.1	WP_011073121.1, WP_011073122.1
OG0000182	WP_136809951.1	WP_011072004.1
OG0000182	WP_136807531.1	WP_011071829.1
OG0000183	WP_136810194.1, WP_228723410.1	WP_011071285.1
OG0000184	WP_228723354.1	WP_011073828.1
OG0000184	WP_136808559.1	WP_011073827.1
OG0000185	WP_136806361.1	WP_011071291.1
OG0000187	WP_136810561.1, WP_136810573.1	WP_011070604.1, WP_011070615.1
OG0000188	WP_136810267.1, WP_167506113.1	WP_011072672.1
OG0000189	WP_136806173.1	WP_011073743.1
OG0000190	WP_136807401.1	WP_011074103.1
OG0000191	WP_136807662.1	WP_011073796.1
OG0000192	WP_136809039.1, WP_136806034.1	WP_011071668.1
OG0000193	WP_167505947.1, WP_136805815.1	WP_011071804.1
OG0000195	WP_136806931.1, WP_136805518.1	WP_011072959.1
OG0000196	WP_136810195.1	WP_011071284.1
OG0000197	WP_136810539.1, WP_136808973.1, WP_136807376.1	WP_011072025.1
OG0000197	WP_228723264.1	WP_011070709.1
OG0000200	WP_136809135.1	WP_011073090.1, WP_011074346.1, WP_202950646.1
OG0000201	WP_136805810.1	WP_011073893.1
OG0000203	WP_136807482.1, WP_136808157.1	WP_011074121.1
OG0000205	WP_136806602.1, WP_136807533.1	WP_011072292.1
OG0000207	WP_136809257.1, WP_167505868.1, WP_136809059.1, WP_167506005.1	WP_011071697.1
OG0000208	WP_217909520.1, WP_136809058.1, WP_136809431.1, WP_136807405.1	WP_011071698.1
OG0000210	WP_136809249.1, WP_228723260.1	WP_011070824.1
OG0000212	WP_136808629.1	WP_011072160.1
OG0000214	WP_136805223.1, WP_136805224.1	WP_011071851.1
OG0000215	WP_136805888.1	WP_011072513.1
OG0000216	WP_136810393.1, WP_136810380.1	WP_011070906.1
OG0000217	WP_136808462.1, WP_217909515.1	WP_011072567.1
OG0000218	WP_136807454.1	WP_011073221.1
OG0000219	WP_136810124.1, WP_228723302.1	WP_011073290.1
OG0000220	WP_267313742.1	WP_011071587.1
OG0000221	WP_136807954.1	WP_011073067.1
OG0000222	WP_136807668.1, WP_176371617.1, WP_136810039.1	WP_011073677.1
OG0000223	WP_136805449.1	WP_011071799.1
OG0000224	WP_136808660.1	WP_011072707.1
OG0000224	WP_136810825.1	WP_011071832.1
OG0000225	WP_136810492.1	WP_011072456.1
OG0000226	WP_136808024.1	WP_011071424.1, WP_011073006.1, WP_011073007.1, WP_011071423.1
OG0000227	WP_136806844.1	WP_011072928.1
OG0000228	WP_136805425.1	WP_011073400.1
OG0000230	WP_136808340.1	WP_011070594.1
OG0000230	WP_136805725.1, WP_136810425.1	WP_238560519.1
OG0000232	WP_136808671.1	WP_011072554.1, WP_011072555.1
OG0000233	WP_136807470.1, WP_136807079.1	WP_011072421.1
OG0000234	WP_136809667.1, WP_136808391.1	WP_007644947.1
OG0000235	WP_136806161.1	WP_011070658.1
OG0000236	WP_136810455.1, WP_136810314.1	WP_011073712.1, WP_011070717.1
OG0000238	WP_136806194.1, WP_136810428.1, WP_228723299.1	WP_011071225.1
OG0000239	WP_136809165.1, WP_136805737.1, WP_136806443.1	WP_011073040.1
OG0000242	WP_136810242.1, WP_136807044.1, WP_136808796.1	WP_011072198.1
OG0000243	WP_167505957.1, WP_167506053.1, WP_136809228.1	WP_011073841.1
OG0000244	WP_136805179.1, WP_136808944.1, WP_136805598.1	WP_011072179.1
OG0000245	WP_217909460.1	WP_011072111.1
OG0000248	WP_136806723.1	WP_164925787.1
OG0000249	WP_136810350.1	WP_011072005.1
OG0000249	WP_136809194.1	WP_011070495.1, WP_011070799.1, WP_011071836.1
OG0000250	WP_136807876.1	WP_011073096.1
OG0000250	WP_136808888.1	WP_011072528.1
OG0000252	WP_136810199.1	WP_011071280.1
OG0000253	WP_136805098.1	WP_011073904.1, WP_011073905.1
OG0000254	WP_136809263.1, WP_136808635.1, WP_136809591.1, WP_228723272.1	WP_011071486.1
OG0000255	WP_228723244.1	WP_011074264.1
OG0000256	WP_217909455.1	WP_011073793.1
OG0000256	WP_136805221.1	WP_238560588.1
OG0000257	WP_136805933.1, WP_136809111.1	WP_011070755.1
OG0000259	WP_136810495.1	WP_011072276.1
OG0000261	WP_136806180.1	WP_011073468.1
OG0000262	WP_136806710.1	WP_011071339.1, WP_011071933.1, WP_164925915.1
OG0000264	WP_136805621.1, WP_136807989.1	WP_011074330.1
OG0000265	WP_136805218.1, WP_136807991.1	WP_011074332.1
OG0000266	WP_136805215.1, WP_136808013.1	WP_011074335.1
OG0000267	WP_136806456.1	WP_011074441.1, WP_011074195.1
OG0000268	WP_136810188.1	WP_238560570.1
OG0000268	WP_136806647.1	WP_011071397.1
OG0000269	WP_136810843.1, WP_136810842.1	WP_011071681.1
OG0000270	WP_136807381.1, WP_136810057.1	WP_011071728.1
OG0000271	WP_136808782.1, WP_136809403.1	WP_011072821.1
OG0000272	WP_136806955.1, WP_136806802.1, WP_136806953.1	WP_011072181.1
OG0000277	WP_228723287.1	WP_164925622.1
OG0000280	WP_167506098.1, WP_136807903.1	WP_011073661.1
OG0000282	WP_136810761.1, WP_136806172.1	WP_011074294.1
OG0000283	WP_136808622.1	WP_011072163.1
OG0000284	WP_136807131.1	WP_011070541.1, WP_011072419.1
OG0000285	WP_275942858.1	WP_011072952.1
OG0000286	WP_136806181.1	WP_011071292.1
OG0000288	WP_136810346.1, WP_167506041.1	WP_164925856.1
OG0000290	WP_136806187.1	WP_011072343.1, WP_238560560.1
OG0000291	WP_136807599.1	WP_011071410.1
OG0000293	WP_136810193.1	WP_011071286.1
OG0000295	WP_136808397.1	WP_011073887.1
OG0000296	WP_136808009.1	WP_011072380.1
OG0000299	WP_136806912.1	WP_011073882.1
OG0000300	WP_136808630.1	WP_011072153.1
OG0000301	WP_136810743.1, WP_228723311.1	WP_011071783.1
OG0000303	WP_167506011.1, WP_136808520.1, WP_176371595.1, WP_136808411.1, WP_136808415.1	WP_011073360.1
OG0000304	WP_136809800.1	WP_011070783.1
OG0000304	WP_136808663.1, WP_136806541.1	WP_011072332.1
OG0000305	WP_136809587.1, WP_217909647.1, WP_136806209.1, WP_217909602.1, WP_228723314.1, WP_153307140.1, WP_228723313.1	WP_011073686.1
OG0000306	WP_176371594.1, WP_136806938.1, WP_167505814.1, WP_136807048.1	WP_164925703.1, WP_011071113.1
OG0000307	WP_136810204.1	WP_011071274.1
OG0000308	WP_176371581.1, WP_136806896.1	WP_011071279.1
OG0000309	WP_136809778.1, WP_136808543.1	WP_011071595.1, WP_011070438.1
OG0000311	WP_136808308.1	WP_011072135.1
OG0000312	WP_136805146.1	WP_011070819.1
OG0000313	WP_136810529.1	WP_011073771.1
OG0000314	WP_136810201.1	WP_011071277.1
OG0000315	WP_136808223.1, WP_136805330.1	WP_274544499.1, WP_141135407.1
OG0000318	WP_136810099.1	WP_011071900.1, WP_011071905.1, WP_011071629.1, WP_238560522.1
OG0000319	WP_136807014.1	WP_011072987.1
OG0000320	WP_136805834.1, WP_136805760.1, WP_136805596.1	WP_011072305.1
OG0000322	WP_136808694.1	WP_011073058.1
OG0000323	WP_136810855.1, WP_136808320.1	WP_011074098.1
OG0000324	WP_136808264.1, WP_136805807.1	WP_011071654.1, WP_238560608.1, WP_011070844.1
OG0000325	WP_136805196.1, WP_167505927.1, WP_167506007.1	WP_011071119.1
OG0000326	WP_167505953.1, WP_136808449.1	WP_011072729.1
OG0000329	WP_136806757.1	WP_164925650.1, WP_011071245.1
OG0000329	WP_136806668.1	WP_011073179.1, WP_011071618.1, WP_238560498.1
OG0000329	WP_136806667.1	WP_011072956.1
OG0000331	WP_136808291.1	WP_011072391.1, WP_011070665.1
OG0000332	WP_136806839.1	WP_011072097.1
OG0000333	WP_136805778.1, WP_136808004.1	WP_011072976.1
OG0000335	WP_167505898.1	WP_011070931.1
OG0000337	WP_136805472.1	WP_011073303.1
OG0000338	WP_136808018.1	WP_011072304.1
OG0000339	WP_136805374.1, WP_136805866.1	WP_011071571.1
OG0000340	WP_217909441.1	WP_011072829.1
OG0000341	WP_167505941.1	WP_011074400.1, WP_011074453.1
OG0000343	WP_136805096.1	WP_011073906.1
OG0000345	WP_136805954.1	WP_164925834.1
OG0000349	WP_136806182.1	WP_011071293.1, WP_011073469.1
OG0000350	WP_136805507.1	WP_011073022.1
OG0000351	WP_136806457.1	WP_011074194.1, WP_011074442.1
OG0000352	WP_136808040.1	WP_011071500.1
OG0000353	WP_136805411.1	WP_011071907.1
OG0000354	WP_217909493.1	WP_011073978.1
OG0000355	WP_136806707.1	WP_011072812.1
OG0000356	WP_136806349.1	WP_011073744.1
OG0000357	WP_136810634.1	WP_011073698.1
OG0000358	WP_136808757.1	WP_011072420.1
OG0000359	WP_136808781.1	WP_011072820.1
OG0000360	WP_136810531.1	WP_007651015.1
OG0000361	WP_136808652.1	WP_011072771.1
OG0000362	WP_228723324.1	WP_011072049.1
OG0000366	WP_136806144.1	WP_011072246.1
OG0000370	WP_136809893.1	WP_011072355.1, WP_011073328.1, WP_011072369.1, WP_011073742.1, WP_011074161.1, WP_011072290.1
OG0000372	WP_136809308.1, WP_136809913.1	WP_011070445.1
OG0000373	WP_136809242.1	WP_011070440.1
OG0000374	WP_228723358.1, WP_136808943.1, WP_136809402.1, WP_136807793.1	WP_011071852.1
OG0000375	WP_136806552.1, WP_167505818.1, WP_136806553.1	WP_011073160.1
OG0000378	WP_136807106.1, WP_136806996.1, WP_136808088.1, WP_136809950.1	WP_011072003.1
OG0000380	WP_136810769.1	WP_011071733.1, WP_011073704.1
OG0000381	WP_217909464.1, WP_228723248.1, WP_136809206.1	WP_011070926.1
OG0000382	WP_136807888.1	WP_011071707.1, WP_011073950.1
OG0000383	WP_136809878.1, WP_136808822.1	WP_011070809.1
OG0000385	WP_217909620.1, WP_167505852.1, WP_136809352.1, WP_136808422.1, WP_167505928.1	WP_164925904.1
OG0000386	WP_136808946.1, WP_136808783.1, WP_136808748.1, WP_136809062.1, WP_136805061.1, WP_136805979.1	WP_011071344.1
OG0000388	WP_136805296.1	WP_006081231.1
OG0000389	WP_136808820.1	WP_011072489.1, WP_011070448.1
OG0000390	WP_167505877.1	WP_011071396.1
OG0000391	WP_136805305.1	WP_011074277.1
OG0000393	WP_136807487.1	WP_011070464.1
OG0000394	WP_136805334.1	WP_011073054.1, WP_011073075.1
OG0000395	WP_136806288.1	WP_011072444.1
OG0000396	WP_136805336.1	WP_011073074.1
OG0000397	WP_136807554.1	WP_011070943.1
OG0000398	WP_136805873.1	WP_011071816.1
OG0000399	WP_136809940.1	WP_011074310.1, WP_164925796.1
OG0000400	WP_136805430.1	WP_011072977.1, WP_011073596.1
OG0000401	WP_136808491.1	WP_011072333.1
OG0000402	WP_167505952.1, WP_136808692.1, WP_136808683.1	WP_011073147.1
OG0000403	WP_136805283.1	WP_011073692.1
OG0000404	WP_167505717.1	WP_011071509.1
OG0000405	WP_136809596.1	WP_011071613.1
OG0000406	WP_136808044.1, WP_136809579.1	WP_011073884.1
OG0000407	WP_136810663.1, WP_136808484.1, WP_136806995.1	WP_007647520.1
OG0000408	WP_136805335.1	WP_238560562.1
OG0000408	WP_136807941.1	WP_011073864.1
OG0000409	WP_136806338.1	WP_011071363.1
OG0000410	WP_136806612.1	WP_011071375.1
OG0000411	WP_136809092.1, WP_136808186.1	WP_164925601.1
OG0000411	WP_136808185.1	WP_011074142.1
OG0000412	WP_167505827.1	WP_011070563.1
OG0000413	WP_136806020.1, WP_136808203.1	WP_011073296.1
OG0000414	WP_136810059.1	WP_011071865.1
OG0000417	WP_136810311.1, WP_136806255.1	WP_011074187.1
OG0000418	WP_136806903.1, WP_167505773.1	WP_011072966.1
OG0000419	WP_136806185.1	WP_011072397.1
OG0000420	WP_136805286.1	WP_011073084.1
OG0000423	WP_136810696.1	WP_164925682.1
OG0000424	WP_136809866.1, WP_136808817.1	WP_011074411.1
OG0000425	WP_136808202.1, WP_136808474.1	WP_011074325.1
OG0000426	WP_136807553.1	WP_011072924.1
OG0000427	WP_228723281.1, WP_136810555.1	WP_011072306.1
OG0000428	WP_136805285.1	WP_011073691.1
OG0000429	WP_136805253.1	WP_011072763.1
OG0000433	WP_136808998.1, WP_228723294.1	WP_011071889.1
OG0000434	WP_136809750.1, WP_136805936.1	WP_011073587.1
OG0000435	WP_136808583.1	WP_011071672.1
OG0000436	WP_136810727.1	WP_011073144.1
OG0000437	WP_136810266.1, WP_136810300.1, WP_136807979.1	WP_011071215.1
OG0000439	WP_136805415.1, WP_136805412.1	WP_011071906.1
OG0000443	WP_217909473.1, WP_136809231.1	WP_011073208.1
OG0000444	WP_136806301.1	WP_011070433.1, WP_011074432.1, WP_011073269.1, WP_011071523.1
OG0000446	WP_136807889.1	WP_011073130.1
OG0000449	WP_136807799.1, WP_136807501.1, WP_228723382.1	WP_011071298.1
OG0000452	WP_136810407.1	WP_011070761.1
OG0000452	WP_136808826.1	WP_011072428.1
OG0000453	WP_136809304.1, WP_136809202.1	WP_011071070.1
OG0000457	WP_217909663.1	WP_011074002.1
OG0000458	WP_136805266.1	WP_011072562.1
OG0000459	WP_136805162.1, WP_136806351.1	WP_011073913.1
OG0000460	WP_267313765.1	WP_011072676.1
OG0000461	WP_136805473.1	WP_011071367.1
OG0000462	WP_136805287.1	WP_011073690.1
OG0000463	WP_136806383.1	WP_011071797.1
OG0000464	WP_136808709.1	WP_011070898.1
OG0000466	WP_136809720.1	WP_006080725.1
OG0000467	WP_136808627.1	WP_011072155.1
OG0000468	WP_136806389.1	WP_011070714.1
OG0000469	WP_136808019.1	WP_011073401.1
OG0000470	WP_136805243.1	WP_011072536.1, WP_011073891.1
OG0000471	WP_136805917.1	WP_011072667.1
OG0000472	WP_136808481.1	WP_011073223.1
OG0000474	WP_136806324.1	WP_011071577.1, WP_011071238.1
OG0000475	WP_136809369.1, WP_136810395.1	WP_011073167.1
OG0000476	WP_136810534.1	WP_011071399.1
OG0000477	WP_136807945.1	WP_011074312.1
OG0000478	WP_167506078.1	WP_164925611.1
OG0000479	WP_136806303.1	WP_011072689.1
OG0000480	WP_035234762.1	WP_006081934.1
OG0000481	WP_136809729.1	WP_011074353.1, WP_011074200.1
OG0000482	WP_136809717.1	WP_011074122.1
OG0000484	WP_167505938.1	WP_011070446.1, WP_011071740.1, WP_011072239.1
OG0000485	WP_136806304.1	WP_011072690.1
OG0000486	WP_136805393.1	WP_011073892.1
OG0000487	WP_136806337.1	WP_011071362.1
OG0000488	WP_136809129.1	WP_011073923.1, WP_011071649.1
OG0000489	WP_136810012.1	WP_011072308.1
OG0000490	WP_167505746.1	WP_011073738.1, WP_011072517.1
OG0000491	WP_136805417.1	WP_011073025.1
OG0000492	WP_136808478.1	WP_011072105.1
OG0000493	WP_136808032.1	WP_011070602.1
OG0000494	WP_136809310.1, WP_136808171.1	WP_011073291.1
OG0000495	WP_136806411.1	WP_011071232.1
OG0000496	WP_136805470.1	WP_011072269.1, WP_011072271.1
OG0000497	WP_136808370.1	WP_011070462.1
OG0000498	WP_136808369.1	WP_011070463.1, WP_011073289.1
OG0000499	WP_136806800.1, WP_136806712.1	WP_011071680.1
OG0000500	WP_228723312.1	WP_011073302.1
OG0000501	WP_136808829.1	WP_011073979.1
OG0000502	WP_136806352.1, WP_136805163.1	WP_011073914.1
OG0000503	WP_167505821.1	WP_011071506.1
OG0000504	WP_136806613.1	WP_011071374.1
OG0000505	WP_136807084.1	WP_011072417.1
OG0000506	WP_217909569.1	WP_011073396.1
OG0000507	WP_136805804.1	WP_011072805.1
OG0000508	WP_136809498.1	WP_011072950.1
OG0000509	WP_136809151.1	WP_011071177.1
OG0000510	WP_228723268.1, WP_167506115.1	WP_164925926.1
OG0000511	WP_136807984.1	WP_011072320.1
OG0000512	WP_136808316.1	WP_011071575.1
OG0000513	WP_136809368.1, WP_136810394.1	WP_011073166.1
OG0000514	WP_136808470.1	WP_011071796.1
OG0000515	WP_136806382.1, WP_167505895.1	WP_011073016.1
OG0000516	WP_136805474.1	WP_011070666.1
OG0000518	WP_228723226.1	WP_011070475.1
OG0000520	WP_136807395.1	WP_011071914.1
OG0000521	WP_136807544.1	WP_011072700.1
OG0000522	WP_136806343.1	WP_011070929.1
OG0000523	WP_267313705.1	WP_011071704.1
OG0000524	WP_136809142.1	WP_011070427.1, WP_011073645.1
OG0000525	WP_136809559.1, WP_136807185.1	WP_011072362.1
OG0000526	WP_136805680.1, WP_136806642.1	WP_011072542.1
OG0000527	WP_136806275.1	WP_011071884.1
OG0000528	WP_167506016.1	WP_011071265.1
OG0000529	WP_136808007.1	WP_011070851.1
OG0000530	WP_136805239.1	WP_011072392.1
OG0000531	WP_267313729.1	WP_011071357.1
OG0000532	WP_176371600.1	WP_011071368.1
OG0000533	WP_136808050.1	WP_011072568.1
OG0000534	WP_136808749.1, WP_228723331.1	WP_011070880.1
OG0000535	WP_136806143.1	WP_011071476.1, WP_011071473.1
OG0000536	WP_136808876.1, WP_136808239.1	WP_011071542.1
OG0000537	WP_136810001.1, WP_136806328.1	WP_011073663.1
OG0000538	WP_136805968.1	WP_011073746.1
OG0000539	WP_167505844.1	WP_011072201.1
OG0000540	WP_136806113.1	WP_011073236.1
OG0000541	WP_136808207.1	WP_011072253.1
OG0000542	WP_136808029.1	WP_011073694.1
OG0000543	WP_136807556.1	WP_011072926.1
OG0000544	WP_136808631.1	WP_011072157.1
OG0000545	WP_136805818.1	WP_011072102.1
OG0000546	WP_136810645.1	WP_011071505.1
OG0000547	WP_136809251.1	WP_011071600.1
OG0000548	WP_136805953.1, WP_136809968.1	WP_011071430.1
OG0000549	WP_136806315.1	WP_011073367.1
OG0000550	WP_167505870.1	WP_164925726.1
OG0000551	WP_136805510.1, WP_136809626.1	WP_011071057.1
OG0000555	WP_136810397.1, WP_136806134.1	WP_011070543.1
OG0000558	WP_136810656.1	WP_011072569.1
OG0000560	WP_136809970.1, WP_136805728.1, WP_136808848.1	WP_011071253.1
OG0000566	WP_136807802.1	WP_011072774.1
OG0000569	WP_136808852.1	WP_011072791.1
OG0000570	WP_136805794.1	WP_011071815.1
OG0000571	WP_267313669.1, WP_136809735.1	WP_011070592.1
OG0000572	WP_136805751.1	WP_011071622.1
OG0000572	WP_167505942.1	WP_011072167.1, WP_011073947.1, WP_011071353.1
OG0000573	WP_136805503.1	WP_011070600.1
OG0000576	WP_228723278.1	WP_011073695.1
OG0000577	WP_136808317.1	WP_011071502.1
OG0000578	WP_136809143.1	WP_011070425.1
OG0000579	WP_136809153.1	WP_011072382.1
OG0000580	WP_136805517.1	WP_011071401.1
OG0000581	WP_136810562.1	WP_011070605.1
OG0000582	WP_136805821.1	WP_011072691.1
OG0000583	WP_136810551.1	WP_011072298.1, WP_011073315.1
OG0000584	WP_136807969.1	WP_011070420.1
OG0000585	WP_136808212.1	WP_011070421.1
OG0000586	WP_136807971.1	WP_011070423.1
OG0000587	WP_136808336.1	WP_011073319.1
OG0000588	WP_136807974.1	WP_011071543.1
OG0000589	WP_136806376.1	WP_011073895.1
OG0000590	WP_136807933.1	WP_011071782.1
OG0000591	WP_136810643.1	WP_011071988.1
OG0000592	WP_136808339.1	WP_011070797.1
OG0000593	WP_136805089.1	WP_011071160.1
OG0000594	WP_136808038.1	WP_164925584.1
OG0000595	WP_136808395.1	WP_011073680.1
OG0000596	WP_136806355.1	WP_011070930.1
OG0000597	WP_136806412.1	WP_011070933.1
OG0000598	WP_136805093.1	WP_011073908.1
OG0000599	WP_136806331.1	WP_006083042.1
OG0000600	WP_136806643.1	WP_011070456.1
OG0000601	WP_136810639.1	WP_011070650.1
OG0000603	WP_136806272.1	WP_011071702.1
OG0000604	WP_167505820.1	WP_011073440.1
OG0000605	WP_136806649.1	WP_011073439.1
OG0000606	WP_136809177.1	WP_011072376.1
OG0000607	WP_136808084.1	WP_164925802.1
OG0000608	WP_228723338.1	WP_011071703.1
OG0000610	WP_136810610.1	WP_011073188.1
OG0000611	WP_136808341.1	WP_011071421.1
OG0000612	WP_228723329.1	WP_011071798.1
OG0000613	WP_136805270.1	WP_006080791.1
OG0000614	WP_136810662.1, WP_136808485.1, WP_136806994.1	WP_011072032.1
OG0000615	WP_136810601.1	WP_011071784.1
OG0000616	WP_136810603.1	WP_011071786.1
OG0000617	WP_136810575.1	WP_011070618.1
OG0000618	WP_136810577.1	WP_011070620.1
OG0000619	WP_136810578.1	WP_006083596.1
OG0000620	WP_136810579.1	WP_006083595.1
OG0000621	WP_136810580.1	WP_011070621.1
OG0000623	WP_136805431.1	WP_011073687.1
OG0000624	WP_136806335.1	WP_007650346.1
OG0000625	WP_136806334.1	WP_011073451.1
OG0000626	WP_167505948.1	WP_011073399.1
OG0000627	WP_136810611.1	WP_011073042.1
OG0000628	WP_136805766.1	WP_011071409.1
OG0000630	WP_136808047.1	WP_011073225.1
OG0000631	WP_136808049.1	WP_011073224.1
OG0000632	WP_136805306.1	WP_011073222.1
OG0000634	WP_136808300.1	WP_011073362.1
OG0000635	WP_136808445.1	WP_011071429.1
OG0000636	WP_136810196.1	WP_011071283.1
OG0000637	WP_136805291.1	WP_011072714.1
OG0000638	WP_136810040.1	WP_011070724.1
OG0000639	WP_136806377.1	WP_011072734.1
OG0000640	WP_136806273.1	WP_011072733.1
OG0000641	WP_136805337.1, WP_136805251.1	WP_011073048.1
OG0000642	WP_136809702.1	WP_011072310.1
OG0000643	WP_136805422.1	WP_011072175.1
OG0000644	WP_136808054.1	WP_011071416.1
OG0000645	WP_136809718.1	WP_011072241.1
OG0000646	WP_136809804.1	WP_011070601.1
OG0000647	WP_275942847.1	WP_011073899.1
OG0000648	WP_136805100.1	WP_011073903.1
OG0000649	WP_136805421.1	WP_011073601.1
OG0000650	WP_136806843.1	WP_011072929.1
OG0000651	WP_136807558.1	WP_238560600.1
OG0000652	WP_136805443.1	WP_011071706.1
OG0000653	WP_136808345.1	WP_011071555.1
OG0000655	WP_136810538.1	WP_011074260.1
OG0000656	WP_136805519.1	WP_011071432.1
OG0000657	WP_136805520.1	WP_011071433.1
OG0000658	WP_167505745.1	WP_011071436.1
OG0000659	WP_136805526.1	WP_011071437.1
OG0000660	WP_136806905.1	WP_006083052.1
OG0000661	WP_136806906.1	WP_011073682.1
OG0000662	WP_136810029.1	WP_011074308.1
OG0000663	WP_136805973.1	WP_011070907.1
OG0000664	WP_136808392.1	WP_011074083.1
OG0000665	WP_136805817.1	WP_011073514.1
OG0000667	WP_136805984.1	WP_011071021.1
OG0000668	WP_136807160.1, WP_136807167.1, WP_167505951.1, WP_136809885.1	WP_011071182.1
OG0000669	WP_136809382.1	WP_011072767.1, WP_011071992.1
OG0000670	WP_136805082.1	WP_011072407.1
OG0000671	WP_136808383.1	WP_006079870.1
OG0000672	WP_136808036.1	WP_011073376.1
OG0000673	WP_167505733.1	WP_011074185.1
OG0000674	WP_136808463.1	WP_011074184.1
OG0000675	WP_136808368.1	WP_011074182.1
OG0000676	WP_136808344.1	WP_011074181.1
OG0000677	WP_136810596.1	WP_006083577.1
OG0000678	WP_136810595.1	WP_011070630.1
OG0000679	WP_136805275.1	WP_011071566.1
OG0000680	WP_136810553.1	WP_011073313.1
OG0000681	WP_217909548.1	WP_007644333.1
OG0000682	WP_136810566.1	WP_011070609.1
OG0000683	WP_136808407.1	WP_011071611.1
OG0000684	WP_136807988.1	WP_011074329.1
OG0000685	WP_136810589.1	WP_011070627.1
OG0000686	WP_136810840.1	WP_011072309.1
OG0000687	WP_136810584.1	WP_011070623.1
OG0000688	WP_136810582.1	WP_011070622.1
OG0000689	WP_136810581.1	WP_007644429.1
OG0000690	WP_136809290.1	WP_011073293.1
OG0000691	WP_136810570.1	WP_011070612.1
OG0000692	WP_136808083.1	WP_011070424.1
OG0000693	WP_136808819.1	WP_011070447.1
OG0000694	WP_136807967.1	WP_011070419.1
OG0000695	WP_136808618.1	WP_011072408.1
OG0000696	WP_136808825.1	WP_011071503.1
OG0000697	WP_136808010.1	WP_011073781.1
OG0000698	WP_136805268.1	WP_011070671.1
OG0000699	WP_136806847.1	WP_011070673.1
OG0000700	WP_136808319.1	WP_011073442.1
OG0000701	WP_136805391.1	WP_011073824.1
OG0000702	WP_136806640.1	WP_011070774.1
OG0000703	WP_136807102.1, WP_136808090.1	WP_011070854.1
OG0000704	WP_136805110.1	WP_011073896.1
OG0000705	WP_136805108.1	WP_011073897.1
OG0000706	WP_136805106.1	WP_011073898.1
OG0000707	WP_136805104.1	WP_011073900.1
OG0000708	WP_228723404.1	WP_011073909.1
OG0000709	WP_136806414.1	WP_011074146.1
OG0000710	WP_136808364.1	WP_011072679.1
OG0000711	WP_136809296.1	WP_011071661.1
OG0000712	WP_136806336.1	WP_011073450.1
OG0000713	WP_136805559.1	WP_011073318.1
OG0000714	WP_136805300.1	WP_011073316.1
OG0000715	WP_136810552.1	WP_011073314.1
OG0000716	WP_136810554.1	WP_011073312.1
OG0000717	WP_136810563.1	WP_011070606.1
OG0000718	WP_136810564.1	WP_011070607.1
OG0000719	WP_136810565.1	WP_011070608.1
OG0000720	WP_136810568.1	WP_011070610.1
OG0000721	WP_136810571.1	WP_011070613.1
OG0000722	WP_176360112.1	WP_011070616.1
OG0000723	WP_136810576.1	WP_037421480.1
OG0000724	WP_136810612.1	WP_006083593.1
OG0000725	WP_136810583.1	WP_006083590.1
OG0000726	WP_136810585.1	WP_011070624.1
OG0000727	WP_136810590.1	WP_007644438.1
OG0000728	WP_136810591.1	WP_006083582.1
OG0000729	WP_136810592.1	WP_011070628.1
OG0000730	WP_136810593.1	WP_011070629.1
OG0000731	WP_136810597.1	WP_011070631.1
OG0000732	WP_136810598.1	WP_011070632.1
OG0000733	WP_136810599.1	WP_007644470.1
OG0000734	WP_136805528.1	WP_011073925.1
OG0000735	WP_136808497.1	WP_011073924.1
OG0000737	WP_136805522.1	WP_011071434.1
OG0000738	WP_136810647.1	WP_011073375.1
OG0000739	WP_136806327.1	WP_011071405.1
OG0000740	WP_136807932.1	WP_011074057.1
OG0000741	WP_136808030.1	WP_011071209.1
OG0000743	WP_136810547.1	WP_011073366.1
OG0000744	WP_136808394.1	WP_007651394.1
OG0000745	WP_136806292.1	WP_011073823.1
OG0000746	WP_267313739.1	WP_011071412.1
OG0000747	WP_136805427.1	WP_011070765.1
OG0000748	WP_136805428.1	WP_011073821.1
OG0000749	WP_167505787.1	WP_011072580.1
OG0000750	WP_136808625.1	WP_164925864.1
OG0000751	WP_136808628.1	WP_011072154.1
OG0000752	WP_136809312.1	WP_011074006.1
OG0000753	WP_136805385.1	WP_011072469.1
OG0000754	WP_136809169.1	WP_011073297.1
OG0000755	WP_136809168.1	WP_011073591.1
OG0000756	WP_136807468.1	WP_011071973.1
OG0000758	WP_136809141.1	WP_011072389.1
OG0000759	WP_136806644.1	WP_011072383.1
OG0000760	WP_136805900.1	WP_011072381.1
OG0000761	WP_136809241.1	WP_011072377.1
OG0000762	WP_136806140.1	WP_011070644.1
OG0000763	WP_136806139.1	WP_011073286.1
OG0000764	WP_136807995.1	WP_011073284.1
OG0000766	WP_136809134.1	WP_011071550.1
OG0000767	WP_136806713.1	WP_011071557.1
OG0000768	WP_228723386.1	WP_011071558.1
OG0000769	WP_136810602.1	WP_011071785.1
OG0000770	WP_136810604.1	WP_011071787.1
OG0000771	WP_136810605.1	WP_011071788.1
OG0000772	WP_136810606.1	WP_011071789.1
OG0000773	WP_136810607.1	WP_011071790.1
OG0000774	WP_136810608.1	WP_011071791.1
OG0000775	WP_228723301.1	WP_011071792.1
OG0000776	WP_136808472.1	WP_011071794.1
OG0000777	WP_136808471.1	WP_011071795.1
OG0000779	WP_136808460.1	WP_011071800.1
OG0000780	WP_136810360.1	WP_011071749.1
OG0000781	WP_136805294.1	WP_011073035.1
OG0000782	WP_136807986.1	WP_011073287.1
OG0000783	WP_136806372.1	WP_011071159.1
OG0000784	WP_136805897.1	WP_011073172.1
OG0000785	WP_136805896.1	WP_011073171.1
OG0000786	WP_136806542.1	WP_011072331.1
OG0000787	WP_136808477.1	WP_011070935.1
OG0000788	WP_167506090.1	WP_011073678.1
OG0000789	WP_136808365.1	WP_011072712.1
OG0000790	WP_136808052.1	WP_011072561.1
OG0000791	WP_136809373.1	WP_011071065.1
OG0000792	WP_136808363.1	WP_011072680.1
OG0000793	WP_136805500.1	WP_011070932.1
OG0000794	WP_217909600.1	WP_011073191.1
OG0000795	WP_136808466.1	WP_011073184.1
OG0000796	WP_136805442.1	WP_011071705.1
OG0000797	WP_136806370.1	WP_011073173.1
OG0000798	WP_136805891.1	WP_011073009.1
OG0000799	WP_136810032.1	WP_011073010.1
OG0000800	WP_136809288.1	WP_011072962.1
OG0000801	WP_136805148.1	WP_011072965.1
OG0000802	WP_136808579.1	WP_011072968.1
OG0000803	WP_136805461.1	WP_011073915.1
OG0000805	WP_136807951.1	WP_202950643.1
OG0000806	WP_228723276.1	WP_011070467.1
OG0000807	WP_136805423.1	WP_011071415.1
OG0000808	WP_136810839.1	WP_011071579.1
OG0000809	WP_136805695.1	WP_011073282.1
OG0000810	WP_136805450.1	WP_011071545.1
OG0000811	WP_136805694.1	WP_011070778.1
OG0000813	WP_136808454.1	WP_011071913.1
OG0000815	WP_136807542.1	WP_011070798.1
OG0000816	WP_136809140.1	WP_011073227.1
OG0000817	WP_136809128.1	WP_011073228.1
OG0000818	WP_136806157.1	WP_011073777.1
OG0000819	WP_136806410.1	WP_011072582.1
OG0000820	WP_136805537.1	WP_011072999.1
OG0000822	WP_136810532.1	WP_011073801.1
OG0000823	WP_136810535.1	WP_011071398.1
OG0000824	WP_136805970.1	WP_011070431.1
OG0000825	WP_136808387.1	WP_011070430.1
OG0000826	WP_136808230.1	WP_011070886.1, WP_011072282.1, WP_011072232.1
OG0000827	WP_136806831.1	WP_011072150.1
OG0000828	WP_136806832.1	WP_011072149.1
OG0000829	WP_136806833.1	WP_006081652.1
OG0000830	WP_136806834.1	WP_011072303.1
OG0000831	WP_267313788.1	WP_011072302.1
OG0000832	WP_136806836.1	WP_011072301.1
OG0000833	WP_136806890.1	WP_011071275.1
OG0000834	WP_136806610.1	WP_011071428.1
OG0000835	WP_136808620.1	WP_011070823.1
OG0000836	WP_136805313.1	WP_011074274.1
OG0000837	WP_136805429.1	WP_011073597.1
OG0000838	WP_136806629.1	WP_011073598.1
OG0000839	WP_136805420.1	WP_011073600.1
OG0000841	WP_136809125.1	WP_011071454.1
OG0000842	WP_136805390.1	WP_011073662.1
OG0000843	WP_136806329.1	WP_011073672.1
OG0000844	WP_136805272.1	WP_011071568.1
OG0000845	WP_136805273.1	WP_011071567.1
OG0000846	WP_136805276.1	WP_011071565.1
OG0000848	WP_136806339.1	WP_011071402.1
OG0000849	WP_136805489.1	WP_011073799.1
OG0000850	WP_136810472.1	WP_011073702.1
OG0000851	WP_136810633.1	WP_011073699.1
OG0000852	WP_136805460.1	WP_011072140.1
OG0000853	WP_136806907.1	WP_011072138.1
OG0000854	WP_136810695.1	WP_011072134.1
OG0000855	WP_136806904.1	WP_011070647.1
OG0000856	WP_136810697.1	WP_011074259.1
OG0000858	WP_136808080.1	WP_011072100.1
OG0000859	WP_136809669.1	WP_011074328.1
OG0000860	WP_136807990.1	WP_011074331.1
OG0000861	WP_228723337.1	WP_011074339.1
OG0000862	WP_136807973.1	WP_011074340.1
OG0000863	WP_136806317.1	WP_011070478.1
OG0000864	WP_136808037.1	WP_011070664.1
OG0000865	WP_136810640.1	WP_011070651.1
OG0000866	WP_136808639.1	WP_011073972.1
OG0000867	WP_136808016.1	WP_011071513.1
OG0000868	WP_136808360.1	WP_011072677.1
OG0000869	WP_136810569.1	WP_011070611.1
OG0000870	WP_136808085.1	WP_011072267.1
OG0000871	WP_136805527.1	WP_011071439.1
OG0000872	WP_136805764.1	WP_164925631.1
OG0000873	WP_136808367.1	WP_011073365.1
OG0000874	WP_136805316.1	WP_011072288.1
OG0000875	WP_136806909.1	WP_164925707.1
OG0000876	WP_136806318.1	WP_011072699.1
OG0000877	WP_136806621.1	WP_011073189.1
OG0000878	WP_136807141.1	WP_011071077.1
OG0000879	WP_136806344.1	WP_011071578.1
OG0000880	WP_136810413.1	WP_011071574.1
OG0000880	WP_136809307.1	WP_011073529.1
OG0000881	WP_136809753.1	WP_011074056.1
OG0000882	WP_176371585.1	WP_011071526.1
OG0000883	WP_136808593.1	WP_011073527.1
OG0000884	WP_136805890.1	WP_011073008.1
OG0000885	WP_136809969.1	WP_011071212.1
OG0000886	WP_136808479.1	WP_011072563.1
OG0000887	WP_136809300.1	WP_011072458.1, WP_238560563.1
OG0000889	WP_136810626.1	WP_011073575.1
OG0000890	WP_228723373.1	WP_164925658.1
OG0000891	WP_136807970.1	WP_011070422.1
OG0000892	WP_136805084.1	WP_011072406.1
OG0000893	WP_136805102.1	WP_011073902.1
OG0000894	WP_136807606.1	WP_011071915.1
OG0000895	WP_136810642.1	WP_011073967.1
OG0000896	WP_136805471.1	WP_011071261.1
OG0000898	WP_228723266.1	WP_011073310.1
OG0000899	WP_136806838.1	WP_011072098.1
OG0000900	WP_136810042.1	WP_011073931.1
OG0000904	WP_136806711.1, WP_136809119.1	WP_011070639.1, WP_011070832.1
OG0000906	WP_136806627.1	WP_011073004.1
OG0000907	WP_136805813.1	WP_011072361.1
OG0000912	WP_136806593.1	WP_011073162.1
OG0000913	WP_136808156.1	WP_011074305.1
OG0000914	WP_136809852.1, WP_136809708.1	WP_011074130.1, WP_011074134.1, WP_011070511.1
OG0000916	WP_167505909.1	WP_011071226.1
OG0000917	WP_136807797.1	WP_011072775.1
OG0000918	WP_217909494.1, WP_136809005.1	WP_011073981.1
OG0000921	WP_136806386.1	WP_011073077.1
OG0000922	WP_136809752.1	WP_011072424.1, WP_011070816.1
OG0000928	WP_136805228.1	WP_011073038.1, WP_011073037.1
OG0000930	WP_136806416.1, WP_136810358.1	WP_011070869.1
OG0000931	WP_136806363.1	WP_011071294.1
OG0000933	WP_136807862.1	WP_011073124.1
OG0000934	WP_136807852.1	WP_011073119.1
OG0000935	WP_136808326.1	WP_011073874.1
OG0000937	WP_136806597.1	WP_011073920.1
OG0000938	WP_136807714.1	WP_011073257.1
OG0000939	WP_136805241.1	WP_011073586.1
OG0000941	WP_136807112.1, WP_136810544.1	WP_011072468.1
OG0000942	WP_136805757.1	WP_011071188.1, WP_011071352.1
OG0000943	WP_136806364.1	WP_011071295.1
OG0000947	WP_136809743.1	WP_011072471.1
OG0000947	WP_136805756.1	WP_011071351.1, WP_011071187.1
OG0000948	WP_136809742.1	WP_011072476.1
OG0000948	WP_136805755.1	WP_011071186.1, WP_011071350.1
OG0000951	WP_136810503.1	WP_238560605.1
OG0000951	WP_136810310.1	WP_011074188.1
OG0000952	WP_136808841.1	WP_011071701.1
OG0000954	WP_176371611.1, WP_136809268.1	WP_011072585.1
OG0000955	WP_217909454.1, WP_136808273.1	WP_011073794.1
OG0000957	WP_136805846.1	WP_011071694.1
OG0000958	WP_136806580.1	WP_011071830.1
OG0000958	WP_217909587.1	WP_011074323.1
OG0000959	WP_136810028.1	WP_011073083.1
OG0000962	WP_136806286.1	WP_011071400.1
OG0000963	WP_136807992.1	WP_011074333.1
OG0000965	WP_136810152.1	WP_011071590.1
OG0000966	WP_136809182.1	WP_011071982.1
OG0000967	WP_136806369.1	WP_011072285.1
OG0000968	WP_136806332.1	WP_011073674.1
OG0000969	WP_228723443.1	WP_011071083.1
OG0000970	WP_136810536.1	WP_011073218.1, WP_164925680.1
OG0000971	WP_136810638.1	WP_011070649.1
OG0000973	WP_136806543.1	WP_011072330.1
OG0000974	WP_136805267.1	WP_011073441.1
OG0000975	WP_136806063.1	WP_164925947.1, WP_011072741.1, WP_011073201.1
OG0000976	WP_136806270.1	WP_011072922.1
OG0000977	WP_136808976.1, WP_228723374.1	WP_011071875.1
OG0000978	WP_136810574.1	WP_011070617.1
OG0000979	WP_136808003.1	WP_164925847.1
OG0000980	WP_136806840.1	WP_274544339.1
OG0000981	WP_136809136.1	WP_011074337.1
OG0000982	WP_136808060.1, WP_167505854.1	WP_011071987.1
OG0000984	WP_167505984.1	WP_011071124.1
OG0000989	WP_136807551.1	WP_011073368.1
OG0000991	WP_136810644.1	WP_011071373.1
OG0000992	WP_136805085.1	WP_011072405.1
OG0000994	WP_136810594.1	WP_006083579.1
OG0000995	WP_136810587.1	WP_007644434.1
OG0000999	WP_136807634.1	WP_011073020.1
OG0001000	WP_136810588.1	WP_011070626.1
OG0001001	WP_136810273.1	WP_011072235.1
OG0001002	WP_136805523.1	WP_011071435.1
OG0001003	WP_136805067.1	WP_011073309.1
OG0001004	WP_136805915.1	WP_011072574.1
OG0001005	WP_136805914.1	WP_011072575.1
OG0001006	WP_136805983.1	WP_011071022.1
OG0001007	WP_228723384.1	WP_011073364.1
OG0001008	WP_136806155.1	WP_011070820.1
OG0001009	WP_136806154.1	WP_011073576.1
OG0001010	WP_136805780.1	WP_011071534.1
OG0001011	WP_136809311.1	WP_011074007.1
OG0001012	WP_136809455.1	WP_011074022.1
OG0001013	WP_136809467.1	WP_011074031.1
OG0001014	WP_136808475.1	WP_011073929.1
OG0001015	WP_136807608.1	WP_011071916.1
OG0001016	WP_136807610.1	WP_011071917.1
OG0001017	WP_136806392.1	WP_011073311.1
OG0001018	WP_136806620.1	WP_011071559.1
OG0001019	WP_136805295.1	WP_011073034.1
OG0001023	WP_136808621.1	WP_202950653.1
OG0001024	WP_136806274.1	WP_011072590.1
OG0001026	WP_136808298.1	WP_011072549.1
OG0001027	WP_136810055.1	WP_011074050.1
OG0001028	WP_136805290.1	WP_011072715.1
OG0001029	WP_136806837.1	WP_011072099.1
OG0001030	WP_136808619.1	WP_011073187.1
OG0001031	WP_136810518.1	WP_011073398.1
OG0001036	WP_136807996.1	WP_011071067.1
OG0001037	WP_136808892.1	WP_011071746.1
OG0001038	WP_136809513.1	WP_011073168.1
OG0001039	WP_136805249.1	WP_011071441.1
OG0001040	WP_136810609.1	WP_011072535.1
OG0001042	WP_136810197.1	WP_011071282.1
OG0001043	WP_136805952.1	WP_011071431.1
OG0001044	WP_136798095.1	WP_006079871.1
OG0001045	WP_136805446.1	WP_011073857.1
OG0001048	WP_136805140.1	WP_011072263.1
OG0001049	WP_267313677.1	WP_011070599.1
OG0001050	WP_136809530.1	WP_011070873.1
OG0001051	WP_136809674.1	WP_164925908.1
OG0001052	WP_136806921.1	WP_011072202.1
OG0001054	WP_228723424.1	WP_011073437.1
OG0001055	WP_136805958.1	WP_011071514.1
OG0001057	WP_136809305.1	WP_011072803.1
OG0001058	WP_136805445.1	WP_011073856.1
OG0001059	WP_136810750.1	WP_011073838.1, WP_011070794.1
OG0001063	WP_136808672.1	WP_011072556.1
OG0001066	WP_136805087.1	WP_011072404.1
OG0001069	WP_136810857.1	WP_011072047.1
OG0001069	WP_167505741.1	WP_011071048.1
OG0001070	WP_136805765.1	WP_011071408.1
OG0001072	WP_136805504.1	WP_011073547.1
OG0001073	WP_167506044.1	WP_164925959.1
OG0001078	WP_136809179.1, WP_136810760.1, WP_136805585.1	WP_011073881.1
OG0001081	WP_136807272.1	WP_011071599.1
OG0001082	WP_136806159.1	WP_011072827.1
OG0001086	WP_136810289.1	WP_011073941.1, WP_011070876.1
OG0001088	WP_136809292.1	WP_011072570.1
OG0001089	WP_136809495.1	WP_011072949.1
OG0001093	WP_136808569.1	WP_011071888.1
OG0001094	WP_136807082.1	WP_011072416.1
OG0001095	WP_136810837.1	WP_011071372.1, WP_011070831.1, WP_011071319.1, WP_011071597.1
OG0001100	WP_136805416.1	WP_011071908.1
OG0001104	WP_228723375.1	WP_011073298.1
OG0001107	WP_136806373.1	WP_011072442.1
OG0001108	WP_136806366.1	WP_011071531.1
OG0001109	WP_136806365.1	WP_011071297.1
OG0001110	WP_136806362.1	WP_011071296.1
OG0001114	WP_136807886.1	WP_011070537.1, WP_011073106.1
OG0001115	WP_136806323.1	WP_011073192.1
OG0001116	WP_136806388.1	WP_011071228.1
OG0001118	WP_136808851.1	WP_011072698.1
OG0001119	WP_136805248.1	WP_011071038.1
OG0001120	WP_136806911.1	WP_011072242.1
OG0001121	WP_136807449.1	WP_011070513.1
OG0001122	WP_136806341.1	WP_164925909.1
OG0001126	WP_136806531.1	WP_011073623.1
OG0001130	WP_136810160.1, WP_136806254.1	WP_011071045.1
OG0001131	WP_217909461.1	WP_164925752.1
OG0001135	WP_136810067.1, WP_136806233.1, WP_136808209.1	WP_011073351.1
OG0001136	WP_136808351.1	WP_193378418.1
OG0001142	WP_136805080.1	WP_011071426.1
OG0001143	WP_136808556.1	WP_011073641.1
OG0001144	WP_136806342.1	WP_011072250.1
OG0001145	WP_136805426.1	WP_011070773.1
OG0001146	WP_136805722.1	WP_011072684.1
OG0001147	WP_136806747.1	WP_011071475.1
OG0001149	WP_228723295.1	WP_011070587.1, WP_011072272.1
OG0001156	WP_167506001.1	WP_011072515.1
OG0001158	WP_136807658.1	WP_011073505.1
OG0001161	WP_136805299.1	WP_011073317.1
OG0001162	WP_136806988.1	WP_011073836.1
OG0001163	WP_136810586.1	WP_011070625.1
OG0001165	WP_136805458.1	WP_011070792.1
OG0001166	WP_167506094.1, WP_136808404.1	WP_011070659.1
OG0001167	WP_167506114.1	WP_011070739.1
OG0001168	WP_136809459.1	WP_011074034.1
OG0001169	WP_136809465.1	WP_011074030.1
OG0001170	WP_136810006.1	WP_011070743.1
OG0001177	WP_136809983.1	WP_011071532.1
OG0001178	WP_136807875.1	WP_011073095.1
OG0001179	WP_136806786.1	WP_011073930.1
OG0001180	WP_136808128.1	WP_011071393.1
OG0001181	WP_136808127.1	WP_011071392.1
OG0001186	WP_136806658.1	WP_011073246.1
OG0001188	WP_136810528.1	WP_011072572.1
OG0001189	WP_136806923.1	WP_164925866.1
OG0001190	WP_136809595.1	WP_011070675.1
OG0001191	WP_136805956.1	WP_011071164.1
OG0001192	WP_136805252.1	WP_011072762.1
OG0001194	WP_136810524.1	WP_011072273.1
OG0001195	WP_136805175.1	WP_011072177.1
OG0001196	WP_228723224.1	WP_011071411.1
OG0001203	WP_136805453.1	WP_011070468.1
OG0001204	WP_217909546.1	WP_011072832.1
OG0001205	WP_136809766.1	WP_011072830.1
OG0001208	WP_136805466.1	WP_011072519.1
OG0001218	WP_136805494.1, WP_136809178.1	WP_238560547.1
OG0001220	WP_136808254.1, WP_136808237.1, WP_136805965.1	WP_011073814.1
OG0001222	WP_136808661.1	WP_011073415.1
OG0001222	WP_136809418.1	WP_011073213.1
OG0001227	WP_136808941.1	WP_011073253.1
OG0001228	WP_228723227.1	WP_164925813.1
OG0001229	WP_136809148.1	WP_011070516.1
OG0001231	WP_136810654.1, WP_136809214.1, WP_136805652.1, WP_136805650.1	WP_011072193.1
OG0001234	WP_136806395.1	WP_011072498.1
OG0001238	WP_136810480.1	WP_011073014.1, WP_011073570.1
OG0001239	WP_136807805.1, WP_136806311.1	WP_164925911.1
OG0001240	WP_136805701.1	WP_011073211.1
OG0001241	WP_136808164.1	WP_011074047.1
OG0001247	WP_136807980.1	WP_011070679.1
OG0001249	WP_136809749.1	WP_011073198.1
OG0001266	WP_228723335.1	WP_011070547.1
OG0001267	WP_136810431.1	WP_011074089.1
OG0001273	WP_136808821.1	WP_011070810.1
OG0001275	WP_136807489.1	WP_011073786.1
OG0001283	WP_167505798.1	WP_011072785.1
OG0001284	WP_136807896.1	WP_011073111.1
OG0001285	WP_136807895.1	WP_011073110.1
OG0001286	WP_136807894.1	WP_011073109.1
OG0001287	WP_136807891.1	WP_011073107.1
OG0001288	WP_136807890.1	WP_011073131.1
OG0001289	WP_136807879.1	WP_011073099.1
OG0001290	WP_136807878.1	WP_011073098.1
OG0001292	WP_136806319.1	WP_011073681.1
OG0001294	WP_136806729.1, WP_136806295.1	WP_011073614.1
OG0001296	WP_136808155.1	WP_011074306.1
OG0001297	WP_136808154.1	WP_011074307.1
OG0001309	WP_136806289.1	WP_011072338.1
OG0001311	WP_136806989.1	WP_011073408.1
OG0001314	WP_136808377.1	WP_011072781.1
OG0001315	WP_136807616.1	WP_011073258.1
OG0001315	WP_136808707.1	WP_011072429.1, WP_011072430.1, WP_011073850.1
OG0001317	WP_217909462.1	WP_011073212.1, WP_011071529.1
OG0001319	WP_136808423.1, WP_167505998.1, WP_136808409.1, WP_136807074.1	WP_011073359.1
OG0001326	WP_136805718.1	WP_011073190.1
OG0001327	WP_136809007.1	WP_011073764.1
OG0001328	WP_136805726.1	WP_011070553.1, WP_011071247.1
OG0001329	WP_228723298.1	WP_011071213.1
OG0001330	WP_136805530.1	WP_011071425.1
OG0001331	WP_136810476.1, WP_136809301.1	WP_011071239.1
OG0001332	WP_136808467.1	WP_011073438.1
OG0001336	WP_136806926.1	WP_011072792.1
OG0001340	WP_228723322.1	WP_011072573.1
OG0001342	WP_136806812.1	WP_011070955.1
OG0001343	WP_136809946.1	WP_011074090.1
OG0001347	WP_136808457.1	WP_011073577.1
OG0001348	WP_136805895.1	WP_011073331.1
OG0001349	WP_136808057.1	WP_011074001.1
OG0001350	WP_136805962.1	WP_011070655.1
OG0001351	WP_136805961.1	WP_011070654.1
OG0001353	WP_167506006.1	WP_011074021.1
OG0001355	WP_136806415.1	WP_011072388.1
OG0001356	WP_136808129.1	WP_011071084.1
OG0001357	WP_136808615.1	WP_011070560.1
OG0001358	WP_136808544.1	WP_011070914.1
OG0001362	WP_136805174.1	WP_011072176.1
OG0001363	WP_136805260.1	WP_011072373.1
OG0001364	WP_136808453.1	WP_011073584.1
OG0001365	WP_136810211.1	WP_011072454.1
OG0001368	WP_136809329.1	WP_011071501.1
OG0001369	WP_136807999.1	WP_011073000.1
OG0001373	WP_136807762.1	WP_011070939.1
OG0001374	WP_136810210.1	WP_011072453.1
OG0001376	WP_167505754.1	WP_011073149.1
OG0001378	WP_136806284.1	WP_011073216.1
OG0001379	WP_136805960.1	WP_011070653.1
OG0001382	WP_136808132.1	WP_011071082.1
OG0001384	WP_136808624.1	WP_011072161.1
OG0001385	WP_136809444.1	WP_011074023.1
OG0001386	WP_136810672.1, WP_228723325.1	WP_011070746.1, WP_011070745.1, WP_011071638.1
OG0001388	WP_136809605.1	WP_011070913.1
OG0001389	WP_136809675.1	WP_164925684.1
OG0001391	WP_136810429.1	WP_011074319.1
OG0001395	WP_136805516.1	WP_011073271.1
OG0001409	WP_136810494.1	WP_011070856.1
OG0001411	WP_136809425.1	WP_011073390.1
OG0001413	WP_228723288.1	WP_011071607.1
OG0001421	WP_228723275.1	WP_011072224.1
OG0001423	WP_136808929.1	WP_011073251.1
OG0001426	WP_136809356.1	WP_164925867.1
OG0001428	WP_136809156.1	WP_011071965.1
OG0001432	WP_136808614.1, WP_136806653.1	WP_011073158.1
OG0001439	WP_136810071.1, WP_136809628.1	WP_011070923.1
OG0001440	WP_136806932.1	WP_011073215.1
OG0001441	WP_136808609.1	WP_011070959.1
OG0001445	WP_136808086.1	WP_011070574.1
OG0001449	WP_136809733.1	WP_011073394.1, WP_011073193.1, WP_011072087.1
OG0001468	WP_136806608.1	WP_011074225.1
OG0001469	WP_136808560.1	WP_011073829.1
OG0001472	WP_228723316.1	WP_011074256.1
OG0001473	WP_136806268.1	WP_011073140.1
OG0001481	WP_136805280.1	WP_164925719.1
OG0001490	WP_136807900.1	WP_011073133.1
OG0001491	WP_136807899.1	WP_011073132.1
OG0001492	WP_136807898.1	WP_011073113.1
OG0001493	WP_136807897.1	WP_164925897.1
OG0001494	WP_136807885.1	WP_011073105.1
OG0001495	WP_136807884.1	WP_011073104.1
OG0001496	WP_136807882.1	WP_011073102.1
OG0001497	WP_136807881.1	WP_011073101.1
OG0001498	WP_136807880.1	WP_011073100.1
OG0001499	WP_136807873.1	WP_011073129.1
OG0001500	WP_136807872.1	WP_011073128.1
OG0001501	WP_136807871.1	WP_011073136.1
OG0001502	WP_136807870.1	WP_011073127.1
OG0001503	WP_136807869.1	WP_011073126.1
OG0001504	WP_136807860.1	WP_006082602.1
OG0001505	WP_136807851.1	WP_011073117.1
OG0001511	WP_136808495.1	WP_011072591.1
OG0001512	WP_136808496.1	WP_011072462.1
OG0001521	WP_136808769.1	WP_011072384.1, WP_011072337.1
OG0001523	WP_136806009.1	WP_011072748.1
OG0001528	WP_136808323.1	WP_011071954.1
OG0001535	WP_228723339.1	WP_011070807.1
OG0001537	WP_136810623.1, WP_136807113.1	WP_011072227.1
OG0001538	WP_136808536.1	WP_011071157.1, WP_011073002.1
OG0001539	WP_136808546.1	WP_011071371.1
OG0001541	WP_136805927.1	WP_011073711.1
OG0001546	WP_136809788.1	WP_011072036.1
OG0001548	WP_136808708.1	WP_011073335.1
OG0001548	WP_136810171.1	WP_011073259.1, WP_011071743.1
OG0001550	WP_136806243.1	WP_011070868.1, WP_011070760.1
OG0001553	WP_136805597.1, WP_136805615.1	WP_011071148.1
OG0001556	WP_136808882.1	WP_011071535.1
OG0001558	WP_136809609.1, WP_136809757.1, WP_167505885.1	WP_011071894.1
OG0001559	WP_136809612.1	WP_011070556.1, WP_011073727.1, WP_011072045.1, WP_011071202.1, WP_011073391.1
OG0001561	WP_136806210.1	WP_011072387.1, WP_011074162.1, WP_011074143.1, WP_011073741.1, WP_011071764.1, WP_011073630.1, WP_011074174.1, WP_011071812.1
OG0001568	WP_228723293.1	WP_011071920.1
OG0001570	WP_136806129.1	WP_011074203.1
OG0001571	WP_136806132.1	WP_011074202.1
OG0001574	WP_136807843.1	WP_011072278.1, WP_011071517.1
OG0001576	WP_136810200.1	WP_011071278.1
OG0001584	WP_136808721.1	WP_011072194.1
OG0001585	WP_136808142.1	WP_011072467.1
OG0001588	WP_136810752.1	WP_011071053.1, WP_011071821.1, WP_011070941.1, WP_011070428.1
OG0001590	WP_136806133.1	WP_011074210.1
OG0001595	WP_136808103.1	WP_011070789.1
OG0001598	WP_136805882.1	WP_011073023.1
OG0001599	WP_217909588.1	WP_011071939.1, WP_164925727.1
OG0001602	WP_136805918.1	WP_011070545.1
OG0001604	WP_136809808.1, WP_136810374.1	WP_011071928.1
OG0001605	WP_136809277.1, WP_136805982.1	WP_011072009.1
OG0001606	WP_136805967.1	WP_011070466.1
OG0001608	WP_136805479.1	WP_011072018.1
OG0001609	WP_136809754.1	WP_011072683.1
OG0001610	WP_136810202.1	WP_011071276.1
OG0001611	WP_136810198.1	WP_011071281.1
OG0001615	WP_136805919.1	WP_011072114.1
OG0001619	WP_136808662.1	WP_011072423.1
OG0001622	WP_136808574.1	WP_011073238.1
OG0001627	WP_136809882.1	WP_011072765.1, WP_011070870.1, WP_164925588.1, WP_011071711.1, WP_011071626.1
OG0001629	WP_136805505.1	WP_011073546.1
OG0001631	WP_136808792.1	WP_011070432.1
OG0001634	WP_136809469.1	WP_011074026.1
OG0001641	WP_136806632.1	WP_164925720.1
OG0001648	WP_136810232.1	WP_011071036.1
OG0001648	WP_275942844.1	WP_011074054.1
OG0001658	WP_228723235.1	WP_011072410.1
OG0001659	WP_136806616.1	WP_011072411.1
OG0001666	WP_136810622.1	WP_011072225.1
OG0001667	WP_136808986.1	WP_011072824.1
OG0001669	WP_136809756.1	WP_011072375.1
OG0001670	WP_217909579.1, WP_136809103.1	WP_011072990.1
OG0001671	WP_136807013.1, WP_136809101.1	WP_011072988.1
OG0001680	WP_228723258.1	WP_011070767.1
OG0001688	WP_136808644.1	WP_011073840.1
OG0001692	WP_167505751.1	WP_011074017.1, WP_011071633.1, WP_011074126.1
OG0001693	WP_136809289.1	WP_011071358.1
OG0001695	WP_136806396.1	WP_011072495.1
OG0001700	WP_136808562.1	WP_011073447.1
OG0001710	WP_136808830.1	WP_011073819.1
OG0001711	WP_228723303.1	WP_011074261.1
OG0001722	WP_136809173.1	WP_011074052.1
OG0001725	WP_136807219.1	WP_011073523.1
OG0001726	WP_136807223.1	WP_011073522.1
OG0001729	WP_136808069.1	WP_011070591.1
OG0001736	WP_136809155.1	WP_011071530.1
OG0001739	WP_136806404.1	WP_011071016.1
OG0001745	WP_136806298.1	WP_011071877.1
OG0001746	WP_136806297.1	WP_011071876.1
OG0001748	WP_136807868.1	WP_011073125.1
OG0001749	WP_136807861.1	WP_011073123.1
OG0001751	WP_136807853.1	WP_011073120.1
OG0001755	WP_136806291.1	WP_011072251.1
OG0001756	WP_136806287.1	WP_011074252.1
OG0001763	WP_136809389.1	WP_011070590.1
OG0001766	WP_136806116.1	WP_011072006.1, WP_011072172.1
OG0001769	WP_136805134.1	WP_011071394.1
OG0001774	WP_136807541.1	WP_011070561.1
OG0001777	WP_136808346.1	WP_011071366.1
OG0001783	WP_136807474.1	WP_011072265.1
OG0001784	WP_136809535.1	WP_164925781.1
OG0001785	WP_217909557.1	WP_011073748.1
OG0001786	WP_136809045.1	WP_011074412.1, WP_011071259.1
OG0001786	WP_136809029.1	WP_011074413.1
OG0001787	WP_136808378.1	WP_011072782.1
OG0001798	WP_136805783.1	WP_011070830.1
OG0001799	WP_136808585.1	WP_011071037.1
OG0001800	WP_136809531.1	WP_011070874.1
OG0001801	WP_136808557.1	WP_011070956.1
OG0001802	WP_136808464.1	WP_011073436.1, WP_011071964.1
OG0001804	WP_136807748.1	WP_011072262.1
OG0001805	WP_136806970.1	WP_011070702.1
OG0001807	WP_136807578.1, WP_136810323.1	WP_011071489.1
OG0001809	WP_136809611.1	WP_011072070.1
OG0001810	WP_136808785.1, WP_136805827.1	WP_011072747.1
OG0001811	WP_176371627.1, WP_136805826.1	WP_011072746.1
OG0001812	WP_136805451.1	WP_011073996.1
OG0001815	WP_136809740.1, WP_136808605.1	WP_011072474.1
OG0001816	WP_136809975.1, WP_136808842.1	WP_011073911.1
OG0001817	WP_167505862.1, WP_136810406.1	WP_238560610.1, WP_011071376.1
OG0001818	WP_167505819.1, WP_217909551.1	WP_011070884.1
OG0001819	WP_136806249.1	WP_011071741.1, WP_011071742.1
OG0001820	WP_217909632.1	WP_011071178.1
OG0001821	WP_136808715.1	WP_011071271.1
OG0001822	WP_136805217.1	WP_011074334.1
OG0001827	WP_136810862.1	WP_164925810.1, WP_011073964.1
OG0001831	WP_136806614.1	WP_011072743.1
OG0001837	WP_136806999.1	WP_011070458.1
OG0001838	WP_136807198.1, WP_136805994.1	WP_011070695.1
OG0001839	WP_136809405.1	WP_011072096.1
OG0001840	WP_136810485.1	WP_011072804.1
OG0001841	WP_136806130.1	WP_011074205.1
OG0001844	WP_136808114.1	WP_011071169.1
OG0001845	WP_136808143.1	WP_011071765.1
OG0001850	WP_136808205.1, WP_136806238.1	WP_011071105.1
OG0001851	WP_136810807.1	WP_011072438.1
OG0001860	WP_136806246.1	WP_011073573.1
OG0001862	WP_267313719.1, WP_136806216.1	WP_011979515.1
OG0001863	WP_267313785.1	WP_011072060.1
OG0001873	WP_167505903.1	WP_011073370.1
OG0001893	WP_136805076.1	WP_011070528.1
OG0001895	WP_136805893.1	WP_164925592.1
OG0001896	WP_275942850.1	WP_011072398.1
OG0001902	WP_228723277.1	WP_011071874.1
OG0001908	WP_228723243.1	WP_011070697.1
OG0001913	WP_136809713.1	WP_164925937.1
OG0001916	WP_136806202.1	WP_011070976.1, WP_011072613.1
OG0001917	WP_136806061.1	WP_011070579.1
OG0001959	WP_136808653.1	WP_011071137.1, WP_011071814.1
OG0001961	WP_136810498.1	WP_011074313.1, WP_011074157.1
OG0001967	WP_136807394.1	WP_011070900.1
OG0001968	WP_167505891.1	WP_011073150.1
OG0001981	WP_136808552.1	WP_011070708.1
OG0001983	WP_136808333.1	WP_011071459.1
OG0001989	WP_136805746.1	WP_011072023.1
OG0002001	WP_136807883.1	WP_011073103.1
OG0002002	WP_136807877.1	WP_011073097.1
OG0002003	WP_136807845.1	WP_011073086.1
OG0002007	WP_167505804.1	WP_011074068.1
OG0002029	WP_136810464.1	WP_037422212.1
OG0002032	WP_217909592.1	WP_011072173.1
OG0002036	WP_136809747.1	WP_011071679.1
OG0002038	WP_136809903.1	WP_011074262.1
OG0002038	WP_136806002.1	WP_011071266.1
OG0002048	WP_136805753.1	WP_011071348.1, WP_011071184.1
OG0002049	WP_136805752.1	WP_011071183.1, WP_011071347.1
OG0002050	WP_136806563.1	WP_164925931.1
OG0002062	WP_136808835.1	WP_011071839.1
OG0002063	WP_136810829.1	WP_011072214.1
OG0002068	WP_136805889.1	WP_011072979.1
OG0002073	WP_136808577.1	WP_164925839.1
OG0002074	WP_217909612.1	WP_011071748.1
OG0002077	WP_167505979.1, WP_136808275.1	WP_238560540.1
OG0002078	WP_167506008.1	WP_011070439.1
OG0002079	WP_136809386.1	WP_011074301.1
OG0002082	WP_136808483.1	WP_011072543.1
OG0002083	WP_136807746.1	WP_011072196.1
OG0002086	WP_136810014.1	WP_011071700.1
OG0002090	WP_136808116.1	WP_011071092.1
OG0002092	WP_136810802.1, WP_136805835.1	WP_011073338.1
OG0002094	WP_136808849.1, WP_136806669.1	WP_011074326.1
OG0002098	WP_136809437.1	WP_011071322.1
OG0002100	WP_228723296.1	WP_011072028.1
OG0002105	WP_136809901.1	WP_011074096.1
OG0002109	WP_136810652.1	WP_011070855.1
OG0002111	WP_217909537.1	WP_238560510.1
OG0002113	WP_136807787.1	WP_011073530.1
OG0002118	WP_136809261.1	WP_011073797.1
OG0002121	WP_136809569.1	WP_011070741.1
OG0002128	WP_136807298.1	WP_011073490.1
OG0002136	WP_136810007.1	WP_011070742.1
OG0002138	WP_136806655.1	WP_011070853.1, WP_011073249.1
OG0002141	WP_136807588.1, WP_136807583.1	WP_011071759.1, WP_172966575.1
OG0002143	WP_136806248.1	WP_011071123.1
OG0002148	WP_136809319.1	WP_164925817.1
OG0002151	WP_136809599.1	WP_011070469.1
OG0002171	WP_136807268.1	WP_011072238.1
OG0002177	WP_136810624.1	WP_164925697.1
OG0002189	WP_136809987.1	WP_011072011.1
OG0002208	WP_136808833.1	WP_011071154.1
OG0002218	WP_136809229.1	WP_011072577.1
OG0002256	WP_136808270.1	WP_011071014.1
OG0002269	WP_136809116.1	WP_011071547.1
OG0002273	WP_136809174.1	WP_011070815.1
OG0002274	WP_136808329.1	WP_011072414.1
OG0002303	WP_136805591.1	WP_011071980.1
OG0002310	WP_136807281.1	WP_011072089.1
OG0002312	WP_136805754.1	WP_011071349.1
OG0002322	WP_136810024.1	WP_011070835.1
OG0002336	WP_136806656.1	WP_011073248.1
OG0002337	WP_136806657.1	WP_011073247.1
OG0002338	WP_136806659.1	WP_011073245.1
OG0002348	WP_136808651.1	WP_011072095.1
OG0002362	WP_136805322.1	WP_011073079.1
OG0002368	WP_136805568.1	WP_011071051.1
OG0002371	WP_167505756.1	WP_011070586.1, WP_011073649.1
OG0002375	WP_136810148.1	WP_011073036.1
OG0002382	WP_136807630.1	WP_011071751.1
OG0002384	WP_136805868.1	WP_011070790.1
OG0002388	WP_136809471.1	WP_011074029.1
OG0002391	WP_136808107.1	WP_011072244.1
OG0002392	WP_136806102.1	WP_011072443.1
OG0002393	WP_136806033.1	WP_011073956.1
OG0002403	WP_136805743.1	WP_011073332.1
OG0002411	WP_136808606.1	WP_011072473.1
OG0002413	WP_136809037.1	WP_011070841.1
OG0002419	WP_136810225.1	WP_011071120.1
OG0002434	WP_136808646.1	WP_011072795.1
OG0002437	WP_136808887.1	WP_007648439.1
OG0002439	WP_136810150.1	WP_011072117.1
OG0002441	WP_136808249.1, WP_136806095.1	WP_011074094.1
OG0002446	WP_136810468.1	WP_011072516.1
OG0002448	WP_136808889.1	WP_011072527.1
OG0002451	WP_136808879.1	WP_011071203.1
OG0002452	WP_136809436.1	WP_011071520.1
OG0002455	WP_136810361.1	WP_011071451.1
OG0002477	WP_136808647.1	WP_011072794.1
OG0002478	WP_136808919.1	WP_011073078.1
OG0002485	WP_136805558.1	WP_011071809.1
OG0002495	WP_217909483.1	WP_011071146.1
OG0002508	WP_136809935.1	WP_011071582.1
OG0002566	WP_136807004.1	WP_011073619.1
OG0002614	WP_136810337.1	WP_011071138.1
OG0002623	WP_136810238.1	WP_011071871.1
OG0002674	WP_136809357.1	WP_011072204.1
OG0002680	WP_136807699.1	WP_011071601.1
OG0002683	WP_136809303.1	WP_011071069.1
OG0002688	WP_136808535.1	WP_011072312.1
OG0002698	WP_136806693.1	WP_011070566.1
OG0002703	WP_136808110.1	WP_011071979.1
OG0002710	WP_217909593.1	WP_011070689.1
OG0002715	WP_136807037.1	WP_011074178.1
OG0002724	WP_136805569.1	WP_011071050.1
OG0002736	WP_217909550.1	WP_011073388.1
OG0002738	WP_136806098.1	WP_011074009.1
OG0002739	WP_136810766.1	WP_011072737.1
OG0002741	WP_136808066.1	WP_011072012.1
OG0002742	WP_136806148.1	WP_011072223.1
OG0002743	WP_136810321.1	WP_011071365.1
OG0002748	WP_136808736.1	WP_011073569.1
OG0002762	WP_136805338.1	WP_011073073.1
OG0002763	WP_136805370.1	WP_011072222.1
OG0002764	WP_136805567.1	WP_011073371.1, WP_011072961.1
OG0002766	WP_136805601.1	WP_011070534.1
OG0002769	WP_136805776.1	WP_011073496.1, WP_011072339.1
OG0002772	WP_136806486.1	WP_011074231.1
OG0002772	WP_136806195.1	WP_011074219.1
OG0002776	WP_136807312.1, WP_136807779.1	WP_011070437.1, WP_011072985.1
OG0002778	WP_136808549.1	WP_011072029.1
OG0002779	WP_136808601.1	WP_011072472.1
OG0002780	WP_136809433.1	WP_011072044.1
OG0002781	WP_136809741.1	WP_011072475.1
OG0002782	WP_136809810.1	WP_011071930.1
OG0002785	WP_136810359.1, WP_136810329.1	WP_011072396.1
OG0002790	WP_217909451.1	WP_011072671.1, WP_011073430.1
OG0002792	WP_228723306.1	WP_011071927.1
OG0002793	WP_228723348.1	WP_011072759.1
OG0002794	WP_267313623.1	WP_011070506.1
OG0002827	WP_136808873.1	WP_011072058.1
OG0002828	WP_136805742.1	WP_011072281.1
OG0002846	WP_136810181.1	WP_164925860.1
OG0002850	WP_136806814.1	WP_011070455.1
OG0002856	WP_136806051.1	WP_011070646.1
OG0002872	WP_167506085.1	WP_011071808.1
OG0002880	WP_136810627.1	WP_011071713.1
OG0002897	WP_167505964.1	WP_164925827.1
OG0002949	WP_136810253.1	WP_011071383.1
OG0003020	WP_136805975.1	WP_011072451.1
OG0003074	WP_136809567.1	WP_011073502.1
OG0003093	WP_136807572.1	WP_011071761.1
OG0003108	WP_136810167.1	WP_011070897.1
OG0003139	WP_136810173.1	WP_011071263.1
OG0003146	WP_136808613.1	WP_011071071.1
OG0003160	WP_136809297.1	WP_011072107.1
OG0003164	WP_136809022.1, WP_136809023.1	WP_011073428.1
OG0003165	WP_136805805.1	WP_164925718.1
OG0003175	WP_136805684.1, WP_136805189.1	WP_011071495.1
OG0003176	WP_136808430.1	WP_011072537.1
OG0003194	WP_217909543.1	WP_164925699.1
OG0003198	WP_167505944.1	WP_011074224.1
OG0003202	WP_136806189.1	WP_011073676.1
OG0003208	WP_167505831.1	WP_238560542.1, WP_011071763.1
OG0003221	WP_136805320.1	WP_164925653.1, WP_011073053.1
OG0003223	WP_136805476.1	WP_164925648.1
OG0003230	WP_136806196.1	WP_011074232.1, WP_011074218.1
OG0003231	WP_136806217.1	WP_011074197.1, WP_011072728.1
OG0003236	WP_136806560.1	WP_011071732.1, WP_011073219.1
OG0003240	WP_136807058.1	WP_011071936.1
OG0003241	WP_136807264.1	WP_011073568.1
OG0003244	WP_136807624.1	WP_011070507.1
OG0003245	WP_136807626.1	WP_011070505.1
OG0003249	WP_136808065.1	WP_011071604.1
OG0003250	WP_136808105.1	WP_011070532.1
OG0003253	WP_136808233.1	WP_011073654.1
OG0003256	WP_217909571.1, WP_136808508.1	WP_011073963.1
OG0003257	WP_136808664.1, WP_136809801.1	WP_011070782.1
OG0003264	WP_136808962.1	WP_011074266.1
OG0003265	WP_136808974.1	WP_238560606.1
OG0003267	WP_136809189.1	WP_011074293.1
OG0003272	WP_136809936.1	WP_011073873.1
OG0003274	WP_136809982.1	WP_011071345.1
OG0003275	WP_136810077.1	WP_011073336.1
OG0003281	WP_167506108.1, WP_136810317.1	WP_011072342.1
OG0003288	WP_136810810.1	WP_011074298.1
OG0003291	WP_167506051.1	WP_238560494.1, WP_164925678.1
OG0003294	WP_217909586.1	WP_011070530.1
OG0003295	WP_228723223.1	WP_011070508.1
OG0003378	WP_136810079.1	WP_011071172.1
OG0003444	WP_217909447.1	WP_011070730.1
OG0003631	WP_136809088.1	WP_011073843.1
OG0003683	WP_136806052.1	WP_011072494.1
OG0003835	WP_136810805.1	WP_011071999.1
OG0003889	WP_136805590.1	WP_011072291.1
OG0003901	WP_136805672.1	WP_011072481.1, WP_011072836.1
OG0003902	WP_136805674.1	WP_011073525.1
OG0003921	WP_136806191.1	WP_011071029.1
OG0003923	WP_136806241.1	WP_011072221.1
OG0003925	WP_267313780.1, WP_136806417.1	WP_011072566.1
OG0003928	WP_136806452.1	WP_011071824.1
OG0003930	WP_136806487.1	WP_011072816.1
OG0003934	WP_136806652.1	WP_011073243.1
OG0003935	WP_136806654.1	WP_011073250.1
OG0003937	WP_136806744.1	WP_011073628.1
OG0003939	WP_136806789.1	WP_011071340.1
OG0003947	WP_136807183.1, WP_136808238.1	WP_011073476.1
OG0003948	WP_136807378.1	WP_011072726.1
OG0003949	WP_136807503.1	WP_011074392.1, WP_011074415.1
OG0003951	WP_136807620.1	WP_011073199.1
OG0003952	WP_136807666.1	WP_172966574.1
OG0003953	WP_136807704.1	WP_011071722.1
OG0003954	WP_136807778.1	WP_011071827.1
OG0003969	WP_136808297.1	WP_011073005.1
OG0003970	WP_136808303.1	WP_011073028.1
OG0003986	WP_136808742.1	WP_011071833.1
OG0003990	WP_136808874.1	WP_011072057.1
OG0004009	WP_136809355.1	WP_011073595.1
OG0004012	WP_136809476.1	WP_011074038.1
OG0004021	WP_136809637.1	WP_011072594.1, WP_011073182.1
OG0004026	WP_136809869.1	WP_011073791.1
OG0004030	WP_136809947.1	WP_011072000.1
OG0004031	WP_136809949.1	WP_011072002.1
OG0004032	WP_136809959.1	WP_011072062.1
OG0004036	WP_136810184.1	WP_011074390.1
OG0004037	WP_136810244.1	WP_011072811.1
OG0004039	WP_136810296.1	WP_011070911.1
OG0004044	WP_136810462.1	WP_011071012.1
OG0004045	WP_136810491.1	WP_011073070.1
OG0004046	WP_136810504.1	WP_011072206.1
OG0004052	WP_167505728.1	WP_011070589.1
OG0004054	WP_167505823.1	WP_011073504.1
OG0004057	WP_167506048.1	WP_164925737.1
OG0004059	WP_167506109.1	WP_011071013.1
OG0004060	WP_217909456.1	WP_164925917.1
OG0004070	WP_217909618.1	WP_011071776.1
OG0004072	WP_228723263.1	WP_011071446.1
OG0004073	WP_228723282.1	WP_011073381.1
OG0004077	WP_275942836.1	WP_011070436.1
OG0005058	WP_136805736.1	WP_011070540.1
OG0005066	WP_136805877.1	WP_011070518.1
OG0005071	WP_136806042.1	WP_011073032.1
OG0005079	WP_136806177.1	WP_011071117.1
OG0005099	WP_136806545.1	WP_011073865.1
OG0005128	WP_136807009.1	WP_011072991.1
OG0005129	WP_136807012.1	WP_011072989.1
OG0005152	WP_136807682.1	WP_011071670.1
OG0005227	WP_136809050.1	WP_011071447.1
OG0005228	WP_136809051.1	WP_011071448.1
OG0005239	WP_136809349.1	WP_011071805.1
OG0005243	WP_136809421.1	WP_164925754.1
OG0005259	WP_136809627.1	WP_011074167.1
OG0005271	WP_136809905.1	WP_011073541.1
OG0005277	WP_136810065.1	WP_011072048.1
OG0005280	WP_136810097.1	WP_011071841.1
OG0005283	WP_136810122.1	WP_011073716.1
OG0005291	WP_136810233.1	WP_011073709.1
OG0005301	WP_136810373.1	WP_011074039.1
OG0005305	WP_136810415.1	WP_011071845.1
OG0005307	WP_136810447.1	WP_011071315.1
OG0005319	WP_136810806.1	WP_011071998.1
OG0005354	WP_167506107.1	WP_011072425.1
