Orthogroup	Desulfosediminicola flagellatus IMCC35005	Desulfovibrio ferrophilus IS5
OG0000000	WP_136805244.1	WP_126376458.1
OG0000000	WP_136806168.1	WP_126379949.1
OG0000000	WP_136806855.1	WP_126379731.1
OG0000000	WP_136806271.1	WP_126379473.1, WP_126380421.1
OG0000000	WP_136807046.1, WP_136810243.1	WP_172961679.1
OG0000000	WP_136810261.1, WP_136810305.1, WP_136810299.1	WP_126377754.1
OG0000000	WP_136809765.1, WP_167506066.1	WP_126380558.1
OG0000000	WP_136808675.1, WP_136810094.1, WP_136807718.1, WP_136805463.1	WP_172961667.1
OG0000000	WP_136805922.1	WP_126377956.1
OG0000001	WP_136806607.1, WP_167505925.1	WP_126376510.1, WP_172961810.1
OG0000001	WP_136808786.1	WP_126375555.1
OG0000001	WP_136805177.1	WP_126376875.1, WP_126378261.1, WP_172961567.1, WP_126380896.1
OG0000001	WP_136807476.1	WP_126375573.1
OG0000001	WP_136810389.1	WP_172961793.1, WP_126380918.1, WP_126377950.1
OG0000001	WP_136809201.1, WP_136809645.1	WP_172961606.1, WP_126379817.1, WP_172961763.1
OG0000001	WP_136807061.1	WP_126380957.1
OG0000001	WP_136807017.1	WP_172961695.1
OG0000001	WP_136806467.1	WP_126375584.1, WP_172961715.1
OG0000002	WP_136806489.1	WP_126377640.1
OG0000002	WP_275942839.1	WP_126376855.1
OG0000002	WP_136810386.1	WP_126380920.1
OG0000002	WP_136807684.1, WP_136810832.1, WP_136805614.1	WP_126378796.1
OG0000002	WP_136808992.1	WP_126378098.1
OG0000003	WP_136810764.1	WP_126379081.1
OG0000004	WP_136810396.1	WP_126379990.1
OG0000004	WP_136809328.1, WP_136805168.1, WP_167505721.1, WP_136809428.1	WP_126381022.1
OG0000005	WP_136810384.1	WP_126375692.1
OG0000005	WP_136805867.1	WP_126376141.1
OG0000005	WP_136806188.1, WP_136810073.1	WP_126378870.1
OG0000005	WP_167505954.1	WP_126380638.1
OG0000005	WP_136805540.1	WP_126377858.1
OG0000005	WP_167505797.1, WP_167505775.1, WP_136808058.1, WP_136809942.1, WP_136807023.1, WP_228723321.1, WP_136810234.1, WP_136807296.1, WP_136805496.1, WP_136806590.1, WP_136808150.1, WP_136810322.1, WP_136809159.1, WP_136806794.1	WP_172961730.1
OG0000006	WP_136809441.1	WP_126375547.1
OG0000006	WP_136807043.1	WP_172961584.1
OG0000007	WP_228723385.1	WP_126381476.1
OG0000007	WP_136805469.1	WP_126375925.1
OG0000007	WP_136809767.1	WP_126381411.1
OG0000007	WP_136806719.1	WP_126375605.1
OG0000007	WP_136806549.1	WP_126379380.1
OG0000008	WP_136809211.1	WP_126379377.1
OG0000008	WP_136805538.1	WP_126380866.1
OG0000008	WP_136806594.1	WP_126376430.1
OG0000009	WP_136806455.1, WP_136808940.1	WP_126379941.1
OG0000009	WP_136806688.1, WP_136809487.1, WP_167505902.1	WP_126376614.1
OG0000009	WP_136807801.1	WP_126381017.1
OG0000009	WP_136805233.1, WP_217909581.1	WP_126381118.1
OG0000009	WP_167506082.1, WP_136810412.1	WP_197723449.1
OG0000010	WP_136809831.1	WP_126380086.1
OG0000010	WP_136808438.1, WP_136808682.1	WP_172961672.1
OG0000010	WP_136807956.1, WP_136809828.1, WP_136805073.1	WP_232034795.1
OG0000010	WP_136807955.1	WP_126380611.1
OG0000010	WP_136810734.1	WP_126377453.1, WP_172961742.1, WP_126375855.1
OG0000011	WP_136809871.1	WP_126375556.1
OG0000011	WP_136809894.1	WP_126379898.1
OG0000011	WP_136810666.1, WP_136810070.1, WP_217909606.1	WP_126380793.1
OG0000012	WP_167505807.1	WP_126379475.1
OG0000012	WP_136805114.1	WP_232034787.1
OG0000012	WP_228723378.1	WP_126380912.1
OG0000012	WP_136806856.1	WP_172961727.1
OG0000013	WP_136806862.1	WP_232034900.1
OG0000013	WP_136806858.1	WP_126378023.1
OG0000013	WP_217909556.1, WP_136810308.1	WP_126376569.1, WP_126379729.1
OG0000013	WP_136810262.1, WP_136810302.1, WP_136810264.1	WP_126376573.1
OG0000015	WP_228723428.1	WP_126376089.1
OG0000015	WP_167506080.1	WP_126377238.1
OG0000015	WP_136810620.1	WP_172961650.1
OG0000016	WP_167505772.1	WP_126376356.1
OG0000016	WP_136809302.1	WP_172961559.1
OG0000016	WP_136807829.1, WP_136807338.1	WP_126378703.1
OG0000018	WP_136808685.1	WP_232034885.1
OG0000018	WP_167505931.1	WP_126378455.1
OG0000018	WP_136805349.1, WP_136806944.1	WP_126380143.1
OG0000019	WP_136810058.1	WP_126380934.1
OG0000020	WP_136810213.1	WP_126375608.1
OG0000020	WP_136807644.1	WP_126375676.1
OG0000021	WP_136808857.1	WP_126380735.1
OG0000023	WP_153307132.1	WP_172961785.1
OG0000023	WP_136808184.1, WP_136809091.1, WP_136806772.1, WP_136808959.1	WP_126379216.1
OG0000024	WP_136810505.1	WP_126375630.1
OG0000024	WP_136810309.1	WP_126381489.1
OG0000024	WP_136806526.1	WP_126380860.1
OG0000026	WP_136806848.1	WP_126379565.1
OG0000026	WP_136810287.1	WP_126380889.1
OG0000027	WP_136809850.1, WP_136809710.1	WP_126376537.1, WP_126377878.1
OG0000028	WP_136808657.1, WP_136809938.1	WP_126381116.1
OG0000028	WP_136810259.1, WP_136810307.1	WP_126376567.1
OG0000028	WP_136806863.1	WP_126378035.1, WP_126379735.1, WP_126378025.1
OG0000029	WP_136805378.1	WP_126377624.1
OG0000030	WP_217909491.1	WP_126376853.1
OG0000030	WP_136805937.1	WP_232034763.1
OG0000031	WP_136810558.1	WP_126379174.1
OG0000031	WP_228723343.1, WP_153307109.1, WP_275942860.1, WP_136807346.1, WP_228723360.1, WP_136807833.1	WP_126380000.1
OG0000033	WP_167505882.1	WP_232034906.1
OG0000033	WP_136809276.1	WP_126380666.1
OG0000035	WP_136808043.1, WP_136809230.1	WP_232034774.1, WP_126381133.1, WP_172961635.1, WP_126376101.1
OG0000036	WP_136809873.1	WP_126375559.1
OG0000036	WP_136810664.1	WP_126380791.1
OG0000038	WP_136808396.1	WP_232034908.1
OG0000038	WP_136805514.1	WP_126376738.1
OG0000039	WP_136808159.1	WP_126378763.1
OG0000039	WP_136805748.1	WP_126379639.1
OG0000040	WP_217909564.1, WP_136808530.1	WP_126380168.1
OG0000040	WP_136805340.1	WP_172961731.1
OG0000041	WP_136808147.1	WP_172961587.1
OG0000042	WP_217909626.1	WP_126379529.1
OG0000042	WP_275942834.1	WP_126377521.1
OG0000043	WP_136810755.1	WP_126378951.1
OG0000045	WP_136810787.1	WP_126378830.1
OG0000045	WP_136805182.1	WP_232034928.1
OG0000045	WP_136806030.1	WP_126379890.1
OG0000046	WP_136805573.1	WP_126379445.1
OG0000046	WP_136807646.1	WP_126375663.1
OG0000047	WP_167505894.1	WP_172961739.1
OG0000047	WP_136809825.1	WP_172961741.1
OG0000048	WP_136808633.1, WP_136808926.1, WP_136810226.1	WP_126381030.1
OG0000048	WP_136809330.1	WP_232034796.1
OG0000048	WP_136809719.1	WP_126379303.1
OG0000049	WP_167505764.1	WP_172961615.1
OG0000051	WP_136807832.1, WP_136805575.1, WP_275942859.1, WP_275942861.1, WP_167505864.1, WP_136810515.1, WP_153307106.1, WP_267313722.1	WP_126379995.1
OG0000052	WP_136805660.1, WP_136810349.1	WP_126380843.1
OG0000053	WP_136805444.1	WP_126381249.1
OG0000053	WP_228723307.1	WP_126377151.1
OG0000055	WP_136808343.1	WP_126379655.1
OG0000056	WP_136807302.1	WP_126375624.1, WP_126378175.1
OG0000057	WP_136809365.1, WP_136807233.1	WP_172961733.1
OG0000058	WP_136806611.1	WP_126375819.1
OG0000059	WP_136808864.1	WP_232034798.1
OG0000060	WP_136809295.1, WP_136806703.1	WP_126379040.1, WP_232034744.1
OG0000061	WP_136810227.1, WP_136808925.1, WP_136808634.1	WP_126381032.1
OG0000062	WP_136809331.1	WP_126380870.1
OG0000062	WP_136808854.1	WP_126379963.1, WP_126379859.1
OG0000063	WP_136807527.1, WP_136805302.1	WP_126380494.1
OG0000064	WP_136809121.1, WP_136808385.1, WP_136806628.1	WP_126377057.1
OG0000065	WP_136805814.1	WP_126379160.1
OG0000066	WP_136808878.1	WP_172961713.1
OG0000066	WP_136805978.1	WP_126377227.1
OG0000067	WP_217909523.1	WP_126379961.1, WP_126379861.1
OG0000067	WP_136808855.1, WP_217909512.1, WP_136806475.1	WP_126380869.1
OG0000068	WP_136810010.1	WP_126378496.1
OG0000068	WP_167506095.1	WP_172961792.1
OG0000069	WP_136810172.1, WP_167505940.1, WP_136810048.1	WP_126379705.1
OG0000071	WP_228723383.1, WP_136810775.1, WP_136808181.1	WP_126379791.1, WP_126376680.1
OG0000071	WP_136806381.1	WP_126379188.1
OG0000072	WP_136808180.1, WP_136810774.1	WP_126376668.1
OG0000072	WP_136806380.1	WP_126378397.1
OG0000072	WP_136808347.1	WP_126381070.1
OG0000074	WP_136808322.1	WP_126380953.1
OG0000074	WP_136809034.1, WP_136806244.1	WP_126379593.1
OG0000075	WP_136805613.1	WP_126376867.1
OG0000075	WP_136810803.1	WP_172961694.1
OG0000076	WP_136810692.1	WP_172961659.1
OG0000077	WP_136807493.1	WP_126379711.1
OG0000077	WP_136805418.1	WP_126377449.1
OG0000078	WP_136805515.1, WP_136808055.1	WP_126376995.1, WP_126376997.1
OG0000079	WP_228723251.1	WP_232034839.1
OG0000081	WP_167505906.1, WP_136810207.1	WP_172961767.1
OG0000081	WP_136805255.1	WP_126376632.1
OG0000081	WP_136808827.1, WP_136809107.1, WP_136808928.1	WP_126380364.1
OG0000082	WP_136806792.1	WP_172961569.1
OG0000082	WP_136807887.1	WP_232034762.1, WP_126379022.1, WP_126377927.1, WP_126380332.1, WP_126380330.1
OG0000083	WP_136810228.1	WP_126377578.1
OG0000083	WP_167506038.1	WP_172961574.1
OG0000083	WP_136805688.1	WP_232034921.1
OG0000083	WP_167505856.1	WP_126380521.1
OG0000084	WP_136805833.1, WP_136805588.1, WP_136807676.1	WP_172961782.1
OG0000084	WP_136810442.1, WP_228723270.1, WP_136806523.1	WP_126379819.1
OG0000085	WP_136810493.1, WP_136810788.1	WP_172961786.1
OG0000085	WP_136809115.1	WP_126381273.1
OG0000086	WP_136810651.1, WP_136808115.1	WP_126375833.1
OG0000086	WP_136806960.1	WP_126376484.1
OG0000086	WP_136808581.1	WP_126375563.1
OG0000087	WP_136806724.1	WP_126376666.1
OG0000088	WP_136806105.1, WP_136810693.1	WP_126376259.1
OG0000091	WP_136805623.1	WP_126379497.1
OG0000092	WP_136806535.1, WP_136806715.1	WP_126378232.1
OG0000093	WP_136808679.1, WP_136810770.1, WP_136809320.1, WP_136806918.1	WP_126377889.1, WP_126380751.1
OG0000095	WP_136810701.1	WP_232034876.1
OG0000096	WP_136809887.1	WP_126381088.1
OG0000097	WP_136807121.1	WP_126380356.1
OG0000098	WP_176371599.1	WP_126381415.1
OG0000098	WP_136808348.1	WP_126378399.1
OG0000099	WP_167506002.1	WP_126376575.1, WP_126378972.1
OG0000100	WP_136806987.1, WP_136809686.1	WP_126380829.1, WP_232034760.1
OG0000101	WP_275942865.1, WP_275942866.1	WP_126380553.1, WP_126376877.1
OG0000102	WP_136808045.1	WP_126375587.1
OG0000103	WP_136807934.1, WP_136809372.1	WP_126375876.1
OG0000104	WP_136807975.1	WP_126377346.1, WP_126377988.1
OG0000105	WP_136805297.1, WP_136809443.1	WP_126379501.1
OG0000106	WP_167506040.1, WP_136807483.1, WP_136809270.1	WP_126380444.1
OG0000107	WP_136805501.1	WP_126375961.1
OG0000110	WP_136807030.1, WP_136810690.1	WP_126379985.1, WP_126376245.1
OG0000111	WP_167506034.1	WP_126379900.1
OG0000112	WP_136808002.1, WP_136809976.1	WP_126377306.1, WP_126379449.1
OG0000113	WP_136810325.1	WP_126376671.1
OG0000114	WP_136810572.1	WP_126377356.1
OG0000114	WP_136810511.1	WP_126376037.1
OG0000115	WP_136808017.1	WP_126377362.1
OG0000115	WP_136806745.1	WP_126376861.1
OG0000116	WP_136807842.1	WP_126376215.1
OG0000117	WP_136810060.1	WP_126380925.1
OG0000118	WP_136810061.1	WP_126381543.1
OG0000120	WP_217909522.1	WP_126379965.1, WP_126379857.1
OG0000120	WP_136808853.1	WP_172961620.1
OG0000120	WP_176371624.1	WP_126377828.1
OG0000126	WP_136805307.1	WP_126379210.1
OG0000127	WP_136810542.1	WP_126379366.1
OG0000127	WP_136810543.1	WP_126379368.1
OG0000128	WP_136806650.1, WP_136806346.1	WP_232034755.1
OG0000129	WP_136805861.1	WP_126376839.1
OG0000130	WP_217909449.1	WP_172961687.1, WP_126380098.1, WP_126379042.1
OG0000131	WP_136805439.1	WP_126380299.1
OG0000131	WP_136805333.1	WP_232034794.1
OG0000132	WP_136809264.1	WP_126380313.1
OG0000132	WP_136810658.1, WP_136808489.1	WP_126378656.1
OG0000132	WP_136808075.1	WP_126375702.1
OG0000133	WP_267313775.1	WP_232034812.1
OG0000134	WP_167505926.1	WP_126377750.1
OG0000135	WP_136807997.1, WP_136809233.1	WP_126380248.1
OG0000135	WP_136808902.1, WP_136806993.1, WP_136805180.1	WP_126379924.1
OG0000136	WP_136806325.1	WP_126377707.1
OG0000137	WP_167506064.1	WP_126376304.1
OG0000138	WP_136807292.1	WP_232034766.1
OG0000142	WP_267313776.1	WP_126377727.1
OG0000143	WP_136806623.1	WP_126376543.1, WP_126377487.1, WP_126375622.1
OG0000144	WP_136805284.1	WP_126379267.1
OG0000145	WP_217909534.1, WP_136807978.1	WP_126376563.1
OG0000146	WP_136807750.1	WP_126377153.1, WP_126375637.1
OG0000148	WP_136807206.1	WP_126380856.1, WP_126375591.1
OG0000149	WP_136806556.1	WP_126380618.1
OG0000150	WP_136806150.1, WP_136808039.1	WP_126377334.1
OG0000151	WP_176371575.1	WP_232034777.1, WP_126380074.1
OG0000152	WP_275942862.1	WP_126377470.1
OG0000152	WP_136806728.1	WP_126381066.1
OG0000153	WP_136806137.1	WP_126377256.1
OG0000153	WP_275942867.1	WP_126379795.1
OG0000154	WP_167506086.1	WP_126380855.1
OG0000155	WP_136807836.1	WP_126378376.1
OG0000157	WP_136806914.1	WP_126377733.1, WP_172961657.1, WP_126380940.1, WP_126375685.1, WP_126375684.1, WP_126376103.1, WP_126375621.1, WP_126375641.1, WP_172961704.1, WP_126377001.1, WP_126379020.1, WP_126378866.1
OG0000158	WP_136805409.1	WP_126379801.1, WP_126378159.1
OG0000158	WP_136806037.1	WP_126376027.1
OG0000159	WP_136808991.1	WP_126381351.1
OG0000160	WP_136809501.1, WP_136810489.1	WP_126379093.1
OG0000162	WP_176371613.1, WP_136810357.1	WP_126375857.1, WP_172961809.1
OG0000163	WP_136809154.1, WP_136810044.1	WP_126378343.1
OG0000164	WP_136807039.1	WP_126378223.1
OG0000164	WP_136805985.1	WP_126377539.1
OG0000165	WP_136805173.1	WP_232034880.1
OG0000166	WP_136808362.1	WP_126377850.1
OG0000166	WP_136810385.1	WP_126376718.1
OG0000168	WP_136808711.1	WP_126381182.1, WP_126381180.1, WP_126375657.1, WP_126375553.1
OG0000169	WP_136805317.1	WP_126376755.1
OG0000169	WP_136810655.1, WP_136808753.1	WP_126376344.1
OG0000170	WP_136807744.1, WP_136808008.1	WP_126377170.1
OG0000172	WP_136808406.1	WP_232034792.1
OG0000174	WP_136805459.1	WP_126378921.1
OG0000178	WP_136809275.1	WP_126380874.1, WP_172961806.1, WP_126376909.1, WP_126376611.1, WP_126378990.1, WP_126376895.1, WP_126378189.1, WP_126377162.1
OG0000179	WP_153307116.1, WP_136807858.1, WP_136807855.1	WP_126379401.1, WP_126379755.1, WP_126377123.1, WP_126377121.1, WP_126378894.1, WP_126375971.1, WP_126379261.1
OG0000180	WP_153307152.1, WP_136808735.1	WP_126376686.1, WP_126376684.1
OG0000181	WP_136807981.1	WP_126380100.1
OG0000182	WP_136809951.1, WP_136807531.1, WP_136807774.1, WP_136807316.1, WP_136810351.1, WP_136805293.1, WP_136807785.1	WP_126377328.1
OG0000183	WP_228723410.1	WP_126375665.1
OG0000184	WP_228723354.1	WP_126380301.1
OG0000185	WP_167506014.1	WP_126378072.1
OG0000186	WP_136807977.1	WP_126376620.1
OG0000187	WP_136810561.1, WP_136810573.1	WP_126376003.1
OG0000189	WP_136806173.1	WP_126379679.1
OG0000190	WP_136807401.1	WP_126377864.1
OG0000191	WP_136808229.1	WP_172961744.1
OG0000192	WP_136809039.1	WP_126379340.1
OG0000193	WP_136805815.1	WP_126377830.1
OG0000194	WP_136809374.1	WP_126378106.1
OG0000194	WP_136809138.1	WP_126375723.1
OG0000195	WP_136806931.1, WP_136805518.1	WP_126381648.1, WP_126380634.1
OG0000196	WP_136806898.1	WP_126375667.1
OG0000199	WP_136807135.1, WP_136806350.1	WP_126375709.1
OG0000200	WP_136809135.1	WP_126376251.1, WP_126381637.1
OG0000201	WP_136805810.1	WP_126377684.1
OG0000202	WP_136805949.1	WP_126376358.1
OG0000202	WP_136808168.1	WP_126375680.1
OG0000203	WP_136807482.1	WP_126380446.1
OG0000203	WP_136808157.1	WP_126376516.1
OG0000204	WP_136807636.1	WP_172961790.1
OG0000204	WP_136806859.1	WP_172961728.1, WP_126378027.1
OG0000205	WP_136806602.1	WP_172961692.1, WP_126380899.1
OG0000205	WP_136807533.1	WP_126378759.1
OG0000206	WP_275942864.1	WP_126378269.1
OG0000206	WP_136807368.1, WP_136807835.1, WP_136805576.1	WP_126380556.1
OG0000206	WP_136808838.1	WP_126378092.1
OG0000207	WP_167505868.1	WP_126380263.1
OG0000207	WP_136809059.1, WP_167506005.1	WP_126381038.1
OG0000208	WP_136809058.1, WP_136809431.1	WP_126381041.1
OG0000208	WP_136807405.1	WP_126380261.1
OG0000209	WP_136806115.1	WP_126378432.1
OG0000209	WP_136808597.1	WP_126376468.1
OG0000210	WP_136809249.1, WP_228723260.1	WP_126379481.1
OG0000213	WP_136809857.1, WP_136808224.1	WP_126379561.1
OG0000215	WP_136805888.1	WP_126379387.1
OG0000216	WP_136810393.1, WP_136810380.1	WP_126381405.1, WP_126380832.1
OG0000217	WP_136808462.1	WP_126377388.1
OG0000217	WP_217909515.1	WP_126376654.1
OG0000218	WP_136807454.1	WP_126377380.1
OG0000219	WP_136810124.1, WP_228723302.1	WP_126377392.1
OG0000220	WP_136808880.1	WP_126377954.1
OG0000220	WP_267313742.1	WP_126380131.1
OG0000220	WP_136806530.1	WP_126378751.1
OG0000221	WP_136806708.1, WP_136807954.1	WP_232034814.1
OG0000222	WP_136807668.1	WP_126377752.1
OG0000222	WP_176371617.1	WP_126380413.1
OG0000223	WP_136805449.1	WP_126379433.1
OG0000224	WP_136808660.1, WP_136810825.1, WP_136809941.1	WP_126375687.1
OG0000225	WP_136810492.1	WP_126381110.1
OG0000226	WP_136808024.1	WP_232034915.1
OG0000227	WP_136806844.1	WP_126380765.1
OG0000227	WP_136807703.1	WP_126380781.1
OG0000228	WP_136805425.1	WP_126378318.1
OG0000230	WP_136808340.1, WP_136805725.1, WP_136810425.1	WP_126376561.1
OG0000232	WP_136808671.1	WP_126376907.1, WP_197723452.1
OG0000233	WP_136807470.1, WP_136807079.1	WP_126379699.1
OG0000234	WP_136809667.1, WP_136808391.1	WP_126375880.1, WP_172961661.1, WP_126375783.1
OG0000235	WP_136806161.1	WP_126379765.1
OG0000236	WP_136810314.1	WP_126377990.1, WP_172961753.1
OG0000237	WP_136808645.1, WP_136808788.1	WP_126377266.1, WP_126377794.1
OG0000238	WP_136810428.1	WP_197723431.1
OG0000238	WP_228723299.1	WP_232034849.1
OG0000239	WP_136806443.1	WP_126380937.1
OG0000240	WP_136809429.1	WP_126381024.1
OG0000240	WP_136808195.1	WP_126379988.1, WP_126381060.1
OG0000241	WP_136808790.1, WP_167506075.1, WP_136808286.1, WP_136808868.1	WP_197723440.1
OG0000242	WP_136810242.1, WP_136807044.1	WP_172961595.1
OG0000243	WP_167505957.1, WP_167506053.1, WP_136809228.1	WP_152034911.1
OG0000244	WP_136808944.1	WP_126379395.1
OG0000244	WP_136805598.1	WP_126378654.1
OG0000246	WP_136810783.1	WP_126378633.1
OG0000248	WP_136810636.1	WP_126376690.1
OG0000249	WP_136809194.1	WP_126376424.1
OG0000250	WP_136807876.1	WP_126377694.1, WP_126381114.1, WP_126376970.1
OG0000252	WP_136810199.1, WP_136806897.1	WP_126375668.1
OG0000253	WP_136805098.1	WP_232034747.1, WP_126378732.1
OG0000254	WP_136808635.1	WP_126379613.1
OG0000254	WP_136809591.1	WP_126379617.1
OG0000255	WP_228723244.1	WP_126376715.1
OG0000257	WP_136805933.1, WP_136809111.1	WP_126377805.1
OG0000259	WP_136806277.1	WP_126380949.1
OG0000260	WP_167506000.1	WP_126376736.1
OG0000261	WP_136806180.1	WP_232034914.1
OG0000264	WP_136805621.1, WP_136807989.1	WP_126380686.1
OG0000265	WP_136805218.1, WP_136807991.1	WP_126380688.1
OG0000266	WP_136805215.1, WP_136808013.1	WP_126380663.1
OG0000267	WP_136806456.1	WP_126380945.1
OG0000270	WP_136810057.1	WP_126380933.1
OG0000271	WP_136808782.1	WP_126381034.1
OG0000272	WP_136806955.1, WP_136806802.1, WP_136806953.1	WP_126379423.1
OG0000273	WP_136809499.1	WP_126380880.1
OG0000273	WP_136807712.1	WP_126376722.1
OG0000274	WP_136808895.1	WP_126376851.1
OG0000274	WP_136805938.1	WP_126379464.1
OG0000275	WP_136810722.1, WP_136808436.1	WP_126380161.1, WP_232034933.1
OG0000278	WP_136806893.1	WP_126375672.1
OG0000280	WP_167506098.1, WP_136807903.1	WP_126379987.1, WP_232034773.1, WP_126376296.1
OG0000282	WP_136810761.1	WP_126375738.1
OG0000284	WP_136807131.1	WP_232034785.1
OG0000285	WP_275942858.1	WP_126380954.1
OG0000286	WP_136806181.1	WP_232034878.1
OG0000287	WP_167506055.1, WP_167505793.1, WP_136810343.1, WP_136805686.1	WP_126379943.1
OG0000288	WP_136810346.1	WP_126377408.1
OG0000290	WP_136806187.1	WP_126381196.1
OG0000291	WP_136807599.1	WP_126377018.1
OG0000292	WP_228723310.1	WP_126378090.1
OG0000292	WP_136806548.1	WP_126378757.1
OG0000293	WP_136810193.1, WP_136806901.1	WP_126375664.1
OG0000296	WP_136808009.1	WP_126376968.1
OG0000297	WP_217909516.1	WP_172961716.1, WP_126380746.1
OG0000298	WP_136809427.1	WP_172961668.1
OG0000299	WP_136806912.1	WP_232034802.1
OG0000300	WP_136808630.1	WP_126376664.1
OG0000301	WP_228723311.1	WP_126376077.1
OG0000302	WP_136809335.1	WP_126381011.1
OG0000307	WP_136806889.1	WP_232034834.1
OG0000308	WP_176371581.1, WP_136806896.1	WP_126375669.1
OG0000309	WP_136809778.1, WP_136808543.1	WP_126379200.1
OG0000312	WP_136805146.1	WP_126380979.1
OG0000313	WP_136809226.1, WP_136810529.1	WP_126375836.1
OG0000314	WP_136810201.1, WP_136806894.1	WP_126375671.1
OG0000316	WP_136807841.1	WP_126376218.1
OG0000316	WP_136806641.1	WP_126375979.1
OG0000320	WP_136805834.1, WP_136805760.1, WP_136805596.1	WP_126380370.1
OG0000321	WP_136806264.1	WP_232034945.1
OG0000323	WP_136808320.1	WP_172961568.1
OG0000324	WP_136808264.1	WP_172961599.1
OG0000324	WP_136805807.1	WP_172961787.1
OG0000325	WP_136805196.1, WP_167505927.1, WP_167506007.1	WP_172961723.1, WP_126376600.1
OG0000326	WP_167505953.1, WP_136808449.1	WP_126375696.1
OG0000327	WP_136808350.1, WP_136806378.1	WP_126379184.1
OG0000332	WP_136806839.1	WP_126377537.1
OG0000333	WP_136805778.1, WP_136808004.1	WP_126380825.1
OG0000334	WP_136809147.1	WP_126378606.1
OG0000335	WP_167505898.1	WP_126380917.1
OG0000336	WP_136806276.1	WP_126380948.1
OG0000339	WP_136805374.1, WP_136805866.1	WP_126375542.1
OG0000340	WP_136805959.1	WP_126379916.1
OG0000343	WP_136805096.1	WP_126378734.1
OG0000344	WP_228723245.1	WP_126379008.1
OG0000344	WP_136810392.1	WP_126380833.1
OG0000345	WP_136805954.1	WP_172961637.1
OG0000346	WP_136809334.1	WP_126381013.1
OG0000348	WP_136805681.1, WP_136805957.1	WP_232034790.1
OG0000349	WP_136806182.1	WP_126377264.1
OG0000350	WP_136805507.1	WP_126380698.1
OG0000351	WP_136806457.1	WP_126380946.1
OG0000352	WP_136808040.1	WP_126377336.1
OG0000353	WP_136805411.1	WP_126378808.1, WP_126381186.1
OG0000354	WP_136809086.1, WP_217909493.1	WP_126375853.1
OG0000355	WP_136806707.1	WP_126381547.1
OG0000356	WP_136806349.1	WP_126377915.1
OG0000357	WP_136810634.1	WP_126376942.1
OG0000358	WP_136808757.1	WP_126377529.1
OG0000359	WP_136808781.1	WP_126381036.1
OG0000360	WP_136810531.1	WP_126380696.1
OG0000361	WP_136805292.1, WP_136808652.1	WP_126379495.1
OG0000363	WP_136808563.1	WP_126377101.1
OG0000364	WP_136807809.1	WP_232034851.1
OG0000365	WP_136807807.1, WP_217909465.1, WP_136810497.1	WP_126379797.1
OG0000367	WP_136808894.1	WP_126380006.1
OG0000367	WP_136808096.1	WP_126379291.1
OG0000369	WP_136806108.1, WP_136808637.1, WP_136809272.1, WP_136809943.1	WP_126379783.1
OG0000370	WP_136809893.1	WP_126380722.1
OG0000372	WP_136809308.1	WP_126376919.1
OG0000372	WP_136809913.1	WP_126381285.1
OG0000373	WP_136809242.1	WP_126377043.1, WP_126376917.1
OG0000375	WP_167505818.1	WP_172961745.1, WP_126381106.1
OG0000376	WP_136808968.1	WP_126378812.1
OG0000376	WP_136808897.1	WP_126375867.1, WP_126377201.1
OG0000379	WP_136809157.1, WP_167505933.1	WP_126378328.1, WP_126378217.1
OG0000380	WP_136806321.1, WP_136810769.1	WP_126377282.1
OG0000381	WP_136809206.1	WP_126376913.1
OG0000382	WP_136807888.1	WP_126379417.1, WP_126377929.1, WP_126380334.1, WP_126379024.1
OG0000383	WP_136809878.1	WP_126376204.1, WP_126375889.1
OG0000383	WP_136808822.1	WP_126378000.1
OG0000384	WP_136805247.1, WP_136809760.1	WP_126379878.1
OG0000386	WP_136808946.1, WP_136808783.1, WP_136808748.1, WP_136809062.1, WP_136805061.1, WP_136805979.1	WP_126379713.1
OG0000387	WP_136808564.1	WP_126377103.1, WP_126379591.1
OG0000388	WP_136805296.1	WP_126379499.1
OG0000389	WP_136808820.1	WP_126380280.1
OG0000390	WP_167505877.1	WP_126380496.1
OG0000391	WP_136805305.1	WP_126377020.1
OG0000392	WP_136810637.1	WP_126377803.1
OG0000393	WP_136807487.1	WP_126377464.1
OG0000394	WP_136805250.1, WP_136805334.1	WP_126376132.1
OG0000395	WP_167505969.1	WP_126377729.1
OG0000396	WP_136807940.1	WP_126380788.1
OG0000398	WP_136805873.1	WP_126375829.1
OG0000399	WP_136809940.1	WP_126376541.1
OG0000400	WP_136805430.1	WP_126375999.1
OG0000401	WP_136808491.1	WP_126377286.1
OG0000403	WP_136805283.1	WP_232034756.1
OG0000404	WP_167505717.1	WP_232034883.1
OG0000405	WP_136809596.1	WP_126379002.1
OG0000406	WP_136808044.1, WP_136809579.1	WP_126380117.1
OG0000407	WP_136810663.1, WP_136808484.1, WP_136806995.1	WP_126375697.1
OG0000408	WP_136805335.1, WP_136807941.1	WP_126376130.1
OG0000409	WP_136806338.1	WP_126375727.1
OG0000410	WP_136806612.1	WP_126375949.1
OG0000411	WP_136809092.1, WP_136808186.1, WP_136808185.1	WP_126380543.1
OG0000412	WP_167505827.1	WP_126379030.1
OG0000413	WP_136806020.1, WP_136808203.1	WP_126379336.1
OG0000414	WP_136810059.1	WP_126380931.1
OG0000416	WP_136810801.1, WP_136805566.1	WP_172961784.1
OG0000417	WP_136810311.1, WP_136806255.1	WP_126380786.1
OG0000418	WP_136806903.1, WP_167505773.1	WP_126380654.1
OG0000419	WP_136806185.1	WP_232034936.1, WP_126376652.1
OG0000422	WP_275942842.1	WP_126380163.1, WP_126379072.1
OG0000423	WP_136810696.1	WP_126380506.1
OG0000424	WP_136809866.1	WP_232034868.1
OG0000425	WP_136808202.1, WP_136808474.1	WP_126380914.1
OG0000427	WP_228723281.1, WP_136810555.1	WP_126377181.1
OG0000428	WP_136805285.1	WP_126379265.1
OG0000431	WP_136809255.1	WP_126380348.1
OG0000433	WP_136808998.1	WP_232034808.1
OG0000433	WP_228723294.1	WP_126380900.1
OG0000434	WP_136809750.1, WP_136805936.1	WP_126378271.1
OG0000436	WP_136810727.1	WP_126377737.1
OG0000438	WP_167505905.1	WP_197723444.1
OG0000438	WP_228723334.1	WP_126375743.1
OG0000439	WP_136805415.1, WP_136805412.1	WP_126378807.1, WP_126381188.1
OG0000440	WP_136806014.1, WP_228723349.1, WP_167505955.1	WP_126380955.1
OG0000441	WP_136807604.1, WP_136809122.1, WP_167505881.1, WP_167505985.1	WP_126378080.1
OG0000443	WP_136809231.1	WP_126380919.1
OG0000444	WP_136806301.1	WP_126378345.1
OG0000446	WP_136807889.1	WP_126377113.1, WP_126379389.1, WP_126379406.1
OG0000448	WP_136808349.1	WP_126379786.1
OG0000448	WP_136806379.1	WP_126379186.1
OG0000452	WP_136810407.1, WP_136808826.1, WP_136807000.1, WP_136807001.1	WP_126376762.1
OG0000453	WP_136809304.1	WP_172961603.1
OG0000453	WP_136809202.1	WP_126375712.1, WP_126380007.1
OG0000457	WP_217909663.1	WP_126380273.1
OG0000458	WP_136805266.1	WP_126379457.1
OG0000459	WP_136806351.1	WP_126378236.1
OG0000460	WP_267313765.1	WP_197723457.1
OG0000461	WP_136805473.1	WP_126376122.1
OG0000463	WP_136806383.1	WP_126378471.1, WP_126378644.1
OG0000464	WP_136808709.1	WP_172961791.1
OG0000465	WP_136809698.1	WP_126379779.1
OG0000466	WP_136809720.1	WP_126377342.1
OG0000467	WP_136808627.1	WP_126377723.1
OG0000468	WP_136806389.1	WP_126379910.1
OG0000469	WP_136808019.1	WP_126377360.1
OG0000470	WP_136805243.1	WP_126378919.1
OG0000471	WP_136805917.1	WP_126380492.1
OG0000472	WP_136808481.1	WP_126378642.1, WP_126377824.1
OG0000473	WP_136808626.1	WP_126377396.1
OG0000475	WP_136809369.1, WP_136810395.1	WP_126380674.1
OG0000476	WP_136810534.1	WP_126380693.1
OG0000477	WP_136807945.1	WP_126379238.1
OG0000478	WP_167506078.1	WP_126379010.1
OG0000479	WP_136806303.1	WP_126378348.1
OG0000480	WP_035234762.1	WP_126375801.1
OG0000481	WP_136809729.1	WP_126378435.1
OG0000482	WP_136809717.1	WP_126376547.1
OG0000483	WP_136810222.1, WP_136805883.1	WP_126379810.1
OG0000484	WP_167505938.1	WP_126380284.1
OG0000485	WP_136806304.1	WP_126378350.1
OG0000486	WP_136805393.1	WP_126379287.1
OG0000487	WP_136806337.1	WP_126380961.1
OG0000488	WP_136809129.1	WP_126379525.1
OG0000489	WP_136810012.1	WP_126377067.1
OG0000490	WP_167505746.1	WP_172961760.1
OG0000491	WP_136805417.1	WP_126379485.1
OG0000492	WP_136808478.1	WP_126377713.1
OG0000493	WP_136808032.1	WP_126377410.1
OG0000494	WP_136808171.1	WP_172961673.1
OG0000495	WP_136806411.1	WP_126376099.1
OG0000496	WP_136805470.1	WP_126375923.1
OG0000497	WP_136808370.1	WP_126377812.1
OG0000498	WP_136808369.1	WP_172961654.1
OG0000500	WP_228723312.1	WP_126377826.1
OG0000501	WP_136808829.1	WP_172961582.1
OG0000502	WP_136806352.1	WP_126378238.1
OG0000504	WP_136806613.1	WP_126377731.1
OG0000505	WP_136807084.1	WP_126378085.1
OG0000506	WP_217909569.1	WP_126378242.1
OG0000507	WP_136805804.1	WP_126376835.1
OG0000509	WP_136809151.1	WP_126376116.1
OG0000510	WP_167506115.1	WP_126380646.1
OG0000511	WP_136807984.1	WP_126377183.1
OG0000512	WP_136808316.1	WP_126380757.1
OG0000513	WP_136809368.1, WP_136810394.1	WP_126380673.1
OG0000514	WP_136808470.1	WP_126375935.1
OG0000515	WP_136806382.1, WP_167505895.1	WP_232034909.1
OG0000516	WP_136805474.1	WP_126378465.1
OG0000517	WP_136810045.1	WP_126377799.1
OG0000519	WP_136810726.1	WP_232034888.1
OG0000520	WP_136807395.1	WP_126379338.1
OG0000521	WP_136807544.1	WP_126380820.1
OG0000522	WP_136806343.1	WP_126377013.1
OG0000523	WP_267313705.1	WP_126376393.1
OG0000524	WP_136809142.1	WP_126380396.1
OG0000526	WP_136806642.1	WP_126375981.1
OG0000529	WP_136808007.1	WP_126378081.1
OG0000530	WP_136805239.1	WP_232034793.1
OG0000531	WP_267313729.1	WP_126375893.1
OG0000532	WP_176371600.1	WP_126377676.1
OG0000533	WP_136808050.1	WP_126375945.1
OG0000534	WP_136808749.1, WP_228723331.1	WP_126377444.1
OG0000535	WP_136806143.1	WP_126379224.1
OG0000536	WP_136808876.1	WP_126379271.1
OG0000538	WP_136805968.1	WP_126380854.1
OG0000539	WP_167505844.1	WP_126376287.1, WP_172961816.1
OG0000540	WP_136806113.1	WP_126375989.1
OG0000542	WP_136808029.1	WP_126375953.1
OG0000543	WP_136807556.1	WP_126380762.1
OG0000544	WP_136808631.1	WP_126376662.1
OG0000545	WP_136805818.1	WP_126377049.1
OG0000546	WP_136810645.1	WP_126377155.1
OG0000547	WP_136809251.1	WP_126379146.1
OG0000548	WP_136805953.1, WP_136809968.1	WP_126377086.1
OG0000549	WP_136806315.1	WP_126379236.1
OG0000550	WP_167505870.1	WP_126378469.1
OG0000551	WP_136805510.1	WP_126377300.1
OG0000553	WP_136808834.1, WP_136808169.1	WP_126380678.1
OG0000555	WP_136810397.1, WP_136806134.1	WP_126377511.1
OG0000556	WP_136797680.1	WP_126380804.1
OG0000558	WP_136810656.1, WP_136805995.1	WP_232034822.1
OG0000561	WP_136809395.1	WP_126377792.1
OG0000562	WP_267313713.1	WP_126375568.1
OG0000565	WP_136806064.1	WP_126381437.1
OG0000566	WP_136807802.1	WP_126380739.1
OG0000567	WP_136805186.1, WP_136806991.1	WP_126379908.1
OG0000568	WP_136807547.1	WP_126381234.1
OG0000569	WP_136808852.1	WP_126378372.1
OG0000570	WP_136805794.1	WP_126377743.1
OG0000571	WP_267313669.1, WP_136809735.1	WP_126376091.1
OG0000572	WP_136805751.1, WP_167505942.1	WP_172961619.1
OG0000573	WP_136805503.1	WP_126377199.1, WP_126376885.1, WP_126378211.1, WP_126376234.1, WP_126375560.1
OG0000575	WP_136810635.1	WP_126376941.1
OG0000576	WP_228723278.1	WP_126376937.1
OG0000577	WP_136808317.1	WP_126377364.1
OG0000578	WP_136809143.1	WP_126380394.1
OG0000579	WP_136809153.1	WP_126380745.1
OG0000580	WP_136805517.1	WP_232034916.1
OG0000581	WP_136810562.1	WP_126376006.1
OG0000582	WP_136805821.1	WP_126375633.1
OG0000583	WP_136810551.1	WP_126379507.1
OG0000584	WP_136807969.1	WP_126379759.1
OG0000585	WP_136808212.1	WP_126379757.1
OG0000586	WP_136807971.1	WP_126381445.1
OG0000587	WP_136808336.1	WP_126376883.1
OG0000588	WP_136807974.1	WP_126379697.1
OG0000589	WP_136806376.1	WP_126376001.1
OG0000590	WP_136807933.1	WP_126375878.1
OG0000591	WP_136810643.1	WP_126376962.1
OG0000592	WP_136808339.1	WP_126380852.1
OG0000593	WP_136805089.1	WP_126379359.1
OG0000594	WP_136808038.1	WP_126376270.1
OG0000595	WP_136808395.1	WP_126380213.1
OG0000596	WP_136806355.1	WP_232034872.1
OG0000597	WP_136806412.1	WP_126377437.1
OG0000598	WP_136805093.1	WP_126378738.1
OG0000599	WP_136806331.1	WP_126377651.1
OG0000600	WP_136806643.1	WP_232034783.1
OG0000601	WP_136810639.1	WP_126375798.1
OG0000603	WP_136806272.1	WP_172961647.1
OG0000604	WP_167505820.1	WP_172961633.1
OG0000605	WP_136806649.1	WP_172961652.1
OG0000607	WP_136808084.1	WP_126380956.1
OG0000608	WP_228723338.1	WP_126376126.1
OG0000610	WP_136810610.1	WP_126376379.1
OG0000611	WP_136808341.1	WP_126379531.1
OG0000612	WP_228723329.1	WP_126379314.1
OG0000613	WP_136805270.1	WP_126379316.1
OG0000615	WP_136810601.1	WP_126378874.1
OG0000616	WP_136810603.1	WP_126378878.1
OG0000617	WP_136810575.1	WP_126376041.1
OG0000618	WP_136810577.1	WP_126376046.1
OG0000619	WP_136810578.1	WP_126376048.1
OG0000620	WP_136810579.1	WP_126376050.1
OG0000621	WP_136810580.1	WP_126376052.1
OG0000622	WP_136806776.1, WP_136810033.1	WP_126380448.1
OG0000623	WP_136805431.1	WP_126378477.1
OG0000624	WP_136806335.1	WP_126380959.1
OG0000625	WP_136806334.1	WP_126380958.1
OG0000626	WP_167505948.1	WP_126376462.1
OG0000627	WP_136810611.1	WP_126376381.1
OG0000628	WP_136805766.1	WP_126376976.1
OG0000629	WP_136807086.1	WP_126378083.1
OG0000630	WP_136808047.1	WP_126376751.1
OG0000631	WP_136808049.1	WP_126376746.1
OG0000632	WP_136805306.1	WP_126380336.1
OG0000633	WP_136810017.1	WP_126378790.1
OG0000634	WP_136808300.1	WP_126377709.1
OG0000635	WP_136808445.1	WP_126375827.1
OG0000637	WP_136805291.1	WP_126379493.1
OG0000638	WP_136810040.1	WP_126376107.1
OG0000639	WP_136806377.1	WP_126379579.1
OG0000640	WP_136806273.1	WP_126379219.1
OG0000641	WP_136805337.1, WP_136805251.1	WP_126379074.1
OG0000642	WP_136809702.1	WP_126380125.1
OG0000643	WP_136805422.1	WP_126376704.1
OG0000644	WP_136808054.1	WP_126380824.1
OG0000645	WP_136809718.1	WP_126377725.1
OG0000646	WP_136809804.1	WP_126378721.1
OG0000647	WP_275942847.1	WP_126378723.1
OG0000648	WP_136805100.1	WP_126378730.1
OG0000649	WP_136805421.1	WP_126376706.1
OG0000650	WP_136806843.1	WP_126380766.1
OG0000651	WP_136807558.1	WP_126380763.1
OG0000652	WP_136805443.1	WP_126376389.1
OG0000653	WP_136808345.1	WP_126379918.1
OG0000654	WP_136805820.1	WP_126375634.1
OG0000655	WP_136810538.1	WP_126380776.1
OG0000656	WP_136805519.1	WP_126377580.1
OG0000657	WP_136805520.1	WP_126377582.1
OG0000658	WP_167505745.1	WP_126377595.1
OG0000659	WP_136805526.1	WP_126377597.1
OG0000660	WP_136806905.1	WP_126378777.1
OG0000661	WP_136806906.1	WP_126378775.1
OG0000662	WP_136810029.1	WP_126376545.1
OG0000663	WP_136805973.1	WP_232034830.1
OG0000664	WP_136808392.1	WP_126377673.1
OG0000665	WP_136805817.1	WP_126380819.1
OG0000667	WP_136805984.1	WP_126380844.1
OG0000669	WP_136809382.1	WP_126378115.1
OG0000670	WP_136805082.1	WP_126375751.1
OG0000671	WP_136808383.1	WP_126379487.1
OG0000672	WP_136808036.1	WP_126381098.1
OG0000673	WP_167505733.1	WP_126377442.1
OG0000674	WP_136808463.1	WP_126380965.1
OG0000675	WP_136808368.1	WP_126380265.1
OG0000676	WP_136808344.1	WP_126377491.1
OG0000677	WP_136810596.1	WP_126376083.1
OG0000678	WP_136810595.1	WP_126376081.1
OG0000679	WP_136805275.1	WP_126379325.1
OG0000680	WP_136810553.1	WP_126379512.1
OG0000681	WP_217909548.1	WP_126376017.1
OG0000682	WP_136810566.1	WP_126376015.1
OG0000683	WP_136808407.1	WP_126378380.1
OG0000684	WP_136807988.1	WP_126380685.1
OG0000685	WP_136810589.1	WP_126376070.1
OG0000686	WP_136810840.1	WP_126376811.1
OG0000687	WP_136810584.1	WP_126376060.1
OG0000688	WP_136810582.1	WP_126376057.1
OG0000689	WP_136810581.1	WP_126376056.1
OG0000690	WP_136809290.1	WP_126377431.1
OG0000691	WP_136810570.1	WP_126376033.1
OG0000692	WP_136808083.1	WP_126375760.1
OG0000693	WP_136808819.1	WP_126380282.1
OG0000694	WP_136807967.1	WP_126379585.1
OG0000695	WP_136808618.1	WP_126380278.1
OG0000696	WP_136808825.1	WP_126380221.1
OG0000697	WP_136808010.1	WP_126381541.1
OG0000698	WP_136805268.1	WP_126379312.1
OG0000699	WP_136806847.1	WP_232034758.1
OG0000700	WP_136808319.1	WP_126377348.1
OG0000701	WP_136805391.1	WP_126376440.1
OG0000702	WP_136806640.1	WP_126380769.1
OG0000704	WP_136805110.1	WP_126378715.1
OG0000705	WP_136805108.1	WP_126378717.1
OG0000706	WP_136805106.1	WP_126378719.1
OG0000707	WP_136805104.1	WP_126378725.1
OG0000708	WP_228723404.1	WP_126381395.1
OG0000709	WP_136806414.1	WP_126376199.1
OG0000710	WP_136808364.1	WP_126380733.1
OG0000711	WP_136809296.1	WP_126379305.1
OG0000712	WP_136806336.1	WP_126380960.1
OG0000713	WP_136805559.1	WP_126379503.1
OG0000714	WP_136805300.1	WP_232034765.1
OG0000715	WP_136810552.1	WP_126379510.1
OG0000716	WP_136810554.1	WP_126379514.1
OG0000717	WP_136810563.1	WP_126376008.1
OG0000718	WP_136810564.1	WP_126376010.1
OG0000719	WP_136810565.1	WP_126376013.1
OG0000720	WP_136810568.1	WP_126376019.1
OG0000721	WP_136810571.1	WP_126376035.1
OG0000722	WP_176360112.1	WP_126376039.1
OG0000723	WP_136810576.1	WP_126376043.1
OG0000724	WP_136810612.1	WP_126376054.1
OG0000725	WP_136810583.1	WP_126376059.1
OG0000726	WP_136810585.1	WP_126376062.1
OG0000727	WP_136810590.1	WP_126381242.1
OG0000728	WP_136810591.1	WP_126381245.1
OG0000729	WP_136810592.1	WP_126376072.1
OG0000730	WP_136810593.1	WP_126376074.1
OG0000731	WP_136810597.1	WP_126376085.1
OG0000732	WP_136810598.1	WP_126381247.1
OG0000733	WP_136810599.1	WP_126376087.1
OG0000734	WP_136805528.1	WP_232034918.1
OG0000735	WP_136808497.1	WP_126380307.1
OG0000736	WP_217909480.1, WP_228723340.1, WP_136806044.1	WP_126377932.1
OG0000737	WP_136805522.1	WP_126377586.1
OG0000738	WP_136810647.1	WP_126377160.1
OG0000739	WP_136806327.1	WP_126379518.1
OG0000740	WP_136807932.1	WP_126380527.1
OG0000741	WP_136808030.1	WP_126380649.1
OG0000742	WP_228723305.1	WP_126379625.1
OG0000743	WP_136810547.1	WP_126380537.1
OG0000744	WP_136808394.1	WP_126377678.1
OG0000745	WP_136806292.1	WP_126375831.1
OG0000746	WP_267313739.1	WP_126378358.1
OG0000747	WP_136805427.1	WP_232034867.1
OG0000748	WP_136805428.1	WP_126375995.1
OG0000749	WP_167505787.1	WP_126376115.1
OG0000750	WP_136808625.1	WP_126381375.1
OG0000751	WP_136808628.1	WP_126377721.1
OG0000752	WP_136809312.1	WP_126376760.1
OG0000753	WP_136805385.1	WP_126376827.1
OG0000754	WP_136809169.1	WP_126376933.1
OG0000755	WP_136809168.1	WP_126376935.1
OG0000756	WP_136807468.1	WP_126378177.1
OG0000757	WP_217909533.1, WP_136807936.1	WP_126377543.1
OG0000758	WP_136809141.1	WP_126380398.1
OG0000759	WP_136806644.1	WP_232034803.1
OG0000760	WP_136805900.1	WP_126380911.1
OG0000761	WP_136809241.1	WP_126376105.1
OG0000762	WP_136806140.1	WP_126380748.1
OG0000763	WP_136806139.1	WP_126379573.1
OG0000764	WP_136807995.1	WP_126379571.1
OG0000765	WP_176371610.1	WP_126380406.1
OG0000766	WP_136809134.1	WP_126377288.1
OG0000767	WP_136806713.1	WP_126379398.1
OG0000768	WP_228723386.1	WP_126380338.1
OG0000769	WP_136810602.1	WP_126378876.1
OG0000770	WP_136810604.1	WP_126378880.1
OG0000771	WP_136810605.1	WP_126378882.1
OG0000772	WP_136810606.1	WP_126378884.1
OG0000773	WP_136810607.1	WP_126378886.1
OG0000774	WP_136810608.1	WP_126378888.1
OG0000775	WP_228723301.1	WP_172961585.1
OG0000776	WP_136808472.1	WP_126375931.1
OG0000777	WP_136808471.1	WP_126375933.1
OG0000778	WP_136805768.1	WP_126377921.1
OG0000779	WP_136808460.1	WP_126377051.1
OG0000780	WP_136810360.1	WP_126378872.1
OG0000782	WP_136807986.1	WP_126381297.1
OG0000783	WP_136806372.1	WP_126380651.1
OG0000784	WP_136805897.1	WP_126378393.1
OG0000785	WP_136805896.1	WP_126378391.1
OG0000787	WP_136808477.1	WP_126380223.1
OG0000788	WP_167506090.1	WP_126379581.1
OG0000789	WP_136808365.1	WP_126376442.1
OG0000790	WP_136808052.1	WP_126380747.1
OG0000791	WP_136809373.1	WP_126380754.1
OG0000792	WP_136808363.1	WP_126377846.1
OG0000793	WP_136805500.1	WP_126377658.1
OG0000794	WP_217909600.1	WP_126381500.1
OG0000795	WP_136808466.1	WP_126377541.1
OG0000796	WP_136805442.1	WP_126376391.1
OG0000797	WP_136806370.1	WP_126376385.1
OG0000798	WP_136805891.1	WP_126381370.1
OG0000799	WP_136810032.1	WP_126380311.1
OG0000800	WP_136809288.1	WP_126375951.1
OG0000801	WP_136805148.1	WP_126378492.1
OG0000802	WP_136808579.1	WP_126378225.1
OG0000803	WP_136805461.1	WP_126378234.1
OG0000804	WP_136809705.1	WP_126376555.1
OG0000806	WP_228723276.1	WP_126380721.1
OG0000807	WP_136805423.1	WP_126376702.1
OG0000808	WP_136810839.1	WP_126377189.1
OG0000809	WP_136805695.1	WP_126380818.1
OG0000811	WP_136805694.1	WP_126377284.1
OG0000812	WP_136806485.1	WP_126379597.1
OG0000813	WP_136808454.1	WP_126377433.1
OG0000814	WP_136806861.1	WP_126379739.1
OG0000815	WP_136807542.1	WP_126380225.1
OG0000816	WP_136809140.1	WP_126380913.1
OG0000817	WP_136809128.1	WP_126379259.1
OG0000818	WP_136806157.1	WP_126378183.1
OG0000819	WP_136806410.1	WP_126380450.1
OG0000820	WP_136805537.1	WP_126380865.1
OG0000821	WP_136807347.1	WP_126376769.1
OG0000821	WP_136809324.1	WP_232034775.1
OG0000822	WP_136810532.1	WP_232034801.1
OG0000823	WP_136810535.1	WP_126380692.1
OG0000824	WP_136805970.1	WP_126377036.1
OG0000825	WP_136808387.1	WP_126377038.1
OG0000826	WP_136808230.1	WP_126377887.1
OG0000827	WP_136806831.1	WP_126379835.1
OG0000828	WP_136806832.1	WP_126379837.1
OG0000829	WP_136806833.1	WP_126379839.1
OG0000830	WP_136806834.1	WP_126379841.1
OG0000831	WP_267313788.1	WP_126379843.1
OG0000832	WP_136806836.1	WP_126379845.1
OG0000833	WP_136806890.1	WP_126375675.1
OG0000834	WP_136806610.1	WP_126375821.1
OG0000835	WP_136808620.1	WP_126381353.1
OG0000836	WP_136805313.1	WP_126377439.1
OG0000837	WP_136805429.1	WP_126375997.1
OG0000838	WP_136806629.1	WP_126377055.1
OG0000839	WP_136805420.1	WP_126381271.1
OG0000841	WP_136809125.1	WP_232034887.1
OG0000842	WP_136805390.1	WP_126377655.1
OG0000843	WP_136806329.1	WP_126377649.1
OG0000844	WP_136805272.1	WP_126379318.1
OG0000845	WP_136805273.1	WP_126379321.1
OG0000846	WP_136805276.1	WP_126379327.1
OG0000847	WP_136807935.1	WP_126375875.1
OG0000848	WP_136806339.1	WP_126375728.1
OG0000849	WP_136805489.1	WP_126381363.1
OG0000850	WP_136810472.1	WP_126376950.1
OG0000851	WP_136810633.1	WP_126376944.1
OG0000852	WP_136805460.1	WP_126378181.1
OG0000853	WP_136806907.1	WP_126378386.1
OG0000854	WP_136810695.1	WP_126380504.1
OG0000855	WP_136806904.1	WP_126380773.1
OG0000856	WP_136810697.1	WP_126377187.1
OG0000858	WP_136808080.1	WP_126379599.1
OG0000859	WP_136809669.1	WP_126381514.1
OG0000860	WP_136807990.1	WP_126380687.1
OG0000861	WP_228723337.1	WP_126376444.1
OG0000862	WP_136807973.1	WP_126376989.1
OG0000863	WP_136806317.1	WP_232034806.1
OG0000864	WP_136808037.1	WP_126378925.1
OG0000865	WP_136810640.1	WP_126375800.1
OG0000866	WP_136808639.1	WP_126379777.1
OG0000867	WP_136808016.1	WP_172961830.1
OG0000868	WP_136808360.1	WP_172961655.1
OG0000869	WP_136810569.1	WP_126376021.1
OG0000870	WP_136808085.1	WP_126377026.1
OG0000871	WP_136805527.1	WP_126377599.1
OG0000872	WP_136805764.1	WP_126376972.1
OG0000873	WP_136808367.1	WP_126377268.1
OG0000874	WP_136805316.1	WP_126376758.1
OG0000875	WP_136806909.1	WP_126377682.1
OG0000876	WP_136806318.1	WP_126378786.1
OG0000877	WP_136806621.1	WP_126377032.1
OG0000878	WP_136807141.1	WP_172961613.1
OG0000879	WP_136806344.1	WP_126377191.1
OG0000881	WP_136809753.1	WP_126376618.1
OG0000882	WP_176371585.1	WP_126380705.1
OG0000883	WP_136808593.1	WP_126375689.1
OG0000884	WP_136805890.1	WP_126377296.1
OG0000885	WP_136809969.1	WP_232034913.1
OG0000886	WP_136808479.1	WP_126378449.1
OG0000887	WP_136809300.1	WP_172961612.1, WP_126380828.1
OG0000889	WP_136810626.1	WP_126377483.1
OG0000890	WP_228723373.1	WP_126380941.1
OG0000891	WP_136807970.1	WP_232034770.1
OG0000892	WP_136805084.1	WP_126375752.1
OG0000893	WP_136805102.1	WP_232034746.1
OG0000894	WP_136807606.1	WP_126377527.1
OG0000895	WP_136810642.1	WP_126376964.1
OG0000896	WP_136805471.1	WP_126381232.1
OG0000897	WP_136807349.1	WP_126376766.1
OG0000897	WP_217909521.1	WP_126380002.1
OG0000898	WP_228723266.1	WP_126378339.1
OG0000899	WP_136806838.1	WP_126377535.1
OG0000900	WP_136810042.1	WP_126376111.1
OG0000902	WP_136806725.1, WP_136807331.1	WP_126375724.1
OG0000903	WP_228723230.1, WP_136807333.1	WP_126375725.1
OG0000905	WP_136806294.1	WP_126378794.1
OG0000906	WP_136806627.1	WP_126377059.1
OG0000907	WP_136805813.1	WP_126375775.1
OG0000908	WP_136808121.1	WP_126380772.1, WP_126380771.1, WP_126380868.1
OG0000910	WP_136807119.1	WP_126380350.1
OG0000912	WP_136806593.1	WP_197723439.1, WP_126380514.1, WP_126376432.1
OG0000913	WP_136808156.1	WP_126381261.1
OG0000915	WP_136809716.1	WP_126379715.1
OG0000915	WP_167506033.1	WP_232034860.1
OG0000916	WP_167505909.1	WP_126376023.1
OG0000917	WP_136807797.1	WP_126380740.1
OG0000921	WP_136806386.1	WP_126380712.1
OG0000922	WP_136809752.1	WP_126377748.1
OG0000923	WP_217909619.1, WP_267313666.1	WP_126376282.1
OG0000926	WP_167506103.1	WP_126380606.1
OG0000926	WP_136808767.1	WP_126380578.1, WP_197723451.1
OG0000927	WP_136810725.1	WP_197723436.1, WP_126380200.1, WP_126380192.1, WP_126379437.1, WP_126380612.1
OG0000929	WP_136808318.1	WP_172961643.1
OG0000930	WP_136806416.1, WP_136810358.1	WP_126379707.1
OG0000931	WP_136806363.1	WP_126380800.1
OG0000932	WP_136807052.1	WP_126381558.1
OG0000933	WP_136807862.1	WP_126377115.1, WP_126377562.1
OG0000934	WP_136807852.1	WP_126378896.1, WP_126377119.1
OG0000935	WP_136808326.1	WP_126376958.1
OG0000936	WP_136806793.1	WP_126380862.1
OG0000937	WP_136806597.1	WP_126379821.1
OG0000938	WP_136807714.1	WP_126380484.1
OG0000939	WP_136805241.1	WP_126379607.1
OG0000940	WP_136809200.1, WP_136810158.1	WP_126375977.1
OG0000941	WP_136807112.1, WP_136810544.1	WP_126378988.1
OG0000943	WP_136806364.1	WP_172961775.1
OG0000944	WP_136805829.1	WP_126380258.1
OG0000947	WP_136809743.1	WP_126376589.1
OG0000948	WP_136809742.1	WP_126376587.1
OG0000951	WP_136810503.1	WP_126378341.1
OG0000951	WP_136810310.1	WP_126380787.1
OG0000952	WP_136808841.1	WP_126381028.1
OG0000955	WP_217909454.1, WP_136808273.1	WP_126380942.1
OG0000956	WP_136806692.1	WP_126378692.1
OG0000959	WP_136810028.1	WP_126379004.1, WP_126380963.1, WP_126378832.1, WP_126375571.1, WP_126376327.1, WP_232034922.1, WP_126378066.1, WP_126380964.1
OG0000962	WP_136806286.1	WP_126376448.1
OG0000963	WP_136807992.1	WP_126380689.1
OG0000964	WP_136805315.1	WP_126378245.1
OG0000966	WP_136809182.1	WP_126379977.1
OG0000967	WP_136806369.1	WP_126377822.1
OG0000968	WP_136806332.1	WP_126377653.1
OG0000969	WP_228723443.1	WP_172961822.1
OG0000971	WP_136810638.1	WP_126375796.1
OG0000972	WP_136806402.1	WP_126379334.1
OG0000974	WP_136805267.1	WP_126377744.1
OG0000976	WP_136806270.1	WP_126379222.1
OG0000977	WP_136808976.1, WP_228723374.1	WP_126379206.1
OG0000978	WP_136810574.1	WP_126381240.1
OG0000979	WP_136808003.1	WP_126377746.1
OG0000980	WP_136806840.1	WP_126376929.1
OG0000981	WP_136809136.1	WP_126380293.1
OG0000983	WP_136805245.1	WP_126376452.1
OG0000984	WP_167505984.1	WP_126377069.1
OG0000985	WP_136806899.1	WP_126375666.1
OG0000987	WP_136807546.1	WP_126376688.1
OG0000988	WP_136805819.1	WP_126375636.1
OG0000989	WP_136807551.1	WP_126377040.1
OG0000990	WP_136809139.1	WP_126379256.1
OG0000991	WP_136810644.1	WP_126376837.1
OG0000992	WP_136805085.1	WP_126375753.1
OG0000993	WP_136806574.1	WP_126378648.1
OG0000994	WP_136810594.1	WP_126376079.1
OG0000995	WP_136810587.1	WP_126376066.1
OG0000996	WP_136809722.1	WP_126378463.1
OG0000998	WP_136805397.1	WP_126379281.1
OG0000999	WP_136807634.1	WP_126380838.1
OG0001000	WP_136810588.1	WP_126376068.1
OG0001002	WP_136805523.1	WP_126377590.1
OG0001003	WP_136805067.1	WP_126380935.1
OG0001004	WP_136805915.1	WP_126376817.1
OG0001005	WP_136805914.1	WP_126376815.1
OG0001006	WP_136805983.1	WP_126380845.1
OG0001007	WP_228723384.1	WP_126377270.1
OG0001008	WP_136806155.1	WP_126380704.1
OG0001009	WP_136806154.1	WP_126378169.1
OG0001010	WP_136805780.1	WP_232034879.1
OG0001014	WP_136808475.1	WP_126380452.1
OG0001015	WP_136807608.1	WP_126377525.1
OG0001016	WP_136807610.1	WP_126377523.1
OG0001017	WP_136806392.1	WP_126380938.1
OG0001018	WP_136806620.1	WP_126377034.1
OG0001020	WP_136809248.1, WP_167505999.1	WP_126378132.1
OG0001022	WP_136809721.1	WP_126377149.1
OG0001024	WP_136806274.1	WP_126377406.1
OG0001025	WP_136810715.1	WP_126380092.1, WP_126380157.1, WP_126380609.1
OG0001027	WP_136810055.1	WP_126381126.1
OG0001028	WP_136805290.1	WP_126379491.1
OG0001029	WP_136806837.1	WP_126377533.1
OG0001030	WP_136808619.1	WP_126380276.1
OG0001031	WP_136810518.1	WP_126375710.1
OG0001033	WP_228723225.1	WP_126380764.1
OG0001034	WP_136809130.1	WP_126377545.1
OG0001035	WP_136809150.1	WP_126376118.1
OG0001037	WP_136808892.1	WP_126376422.1
OG0001038	WP_136809513.1	WP_126376931.1
OG0001040	WP_136810609.1	WP_172961699.1
OG0001043	WP_136805952.1	WP_126377088.1
OG0001044	WP_136798095.1	WP_126376004.1
OG0001045	WP_136805446.1	WP_126376692.1
OG0001046	WP_136805265.1	WP_126377495.1
OG0001047	WP_136806006.1, WP_136808567.1	WP_126375973.1
OG0001048	WP_136805140.1	WP_126376301.1
OG0001049	WP_267313677.1	WP_126376533.1
OG0001050	WP_136809530.1	WP_126380894.1
OG0001051	WP_136809674.1	WP_126380709.1
OG0001053	WP_136805321.1	WP_126380164.1
OG0001054	WP_228723424.1	WP_126380173.1
OG0001055	WP_136805958.1	WP_126380500.1
OG0001056	WP_136806798.1	WP_126377503.1
OG0001057	WP_136809305.1	WP_126377209.1
OG0001058	WP_136805445.1	WP_126376694.1
OG0001059	WP_136810750.1	WP_126375734.1
OG0001060	WP_136807452.1	WP_126377446.1, WP_232034875.1
OG0001063	WP_136808672.1	WP_126376905.1
OG0001065	WP_136808455.1	WP_126377603.1
OG0001066	WP_136805087.1	WP_126375754.1
OG0001067	WP_136805386.1	WP_126377134.1
OG0001068	WP_136807539.1	WP_126377609.1
OG0001069	WP_167505741.1	WP_126375884.1
OG0001070	WP_136805765.1	WP_126376974.1
OG0001071	WP_136805511.1	WP_126377298.1
OG0001072	WP_136805504.1	WP_126380927.1
OG0001073	WP_167506044.1	WP_126380905.1
OG0001074	WP_136810467.1	WP_126377816.1
OG0001075	WP_136809759.1	WP_126377672.1, WP_126376658.1
OG0001076	WP_136807927.1, WP_136806141.1	WP_126376113.1
OG0001078	WP_136809179.1	WP_126379983.1
OG0001080	WP_136807642.1	WP_126377304.1
OG0001082	WP_136806159.1	WP_126376454.1
OG0001083	WP_136809392.1	WP_126376338.1
OG0001084	WP_136809394.1	WP_126377790.1
OG0001086	WP_136810289.1	WP_126380887.1
OG0001088	WP_136809292.1	WP_126377429.1
OG0001090	WP_217909583.1, WP_136808967.1	WP_126378814.1
OG0001091	WP_136809880.1, WP_136807478.1	WP_126380366.1
OG0001092	WP_136805381.1	WP_126380675.1
OG0001093	WP_136808569.1	WP_126380901.1
OG0001094	WP_136807082.1	WP_126378087.1
OG0001096	WP_136810841.1	WP_126380777.1
OG0001097	WP_228723371.1	WP_126375904.1
OG0001098	WP_136806788.1	WP_126380797.1
OG0001100	WP_136805416.1	WP_126379955.1
OG0001101	WP_136805298.1	WP_126377501.1
OG0001102	WP_136805372.1	WP_126375548.1
OG0001104	WP_228723375.1	WP_126380743.1
OG0001105	WP_136808487.1, WP_136810660.1	WP_126375700.1
OG0001106	WP_136810659.1, WP_136808488.1	WP_126375701.1
OG0001108	WP_136806366.1	WP_232034854.1
OG0001109	WP_136806365.1	WP_126380846.1
OG0001110	WP_136806362.1	WP_126380778.1
OG0001111	WP_136806302.1	WP_126378346.1
OG0001112	WP_136807054.1	WP_126381176.1
OG0001113	WP_136805128.1	WP_126381026.1
OG0001114	WP_136807886.1	WP_126380328.1
OG0001115	WP_136806323.1	WP_126378417.1
OG0001116	WP_136806388.1	WP_126379232.1
OG0001118	WP_136808851.1	WP_126378370.1
OG0001120	WP_136806911.1	WP_126380966.1
OG0001121	WP_136807449.1	WP_126378490.1
OG0001122	WP_136806341.1	WP_126377404.1
OG0001124	WP_136810661.1, WP_136808486.1	WP_126375699.1
OG0001125	WP_136808850.1	WP_126379637.1
OG0001126	WP_136806531.1	WP_126378140.1
OG0001127	WP_136808314.1	WP_126380388.1
OG0001130	WP_136806254.1	WP_172961597.1, WP_126379435.1
OG0001131	WP_217909461.1	WP_232034877.1, WP_126380883.1
OG0001132	WP_136809283.1	WP_126376414.1, WP_126378203.1, WP_126379855.1
OG0001135	WP_136810067.1	WP_172961658.1
OG0001136	WP_136808351.1	WP_126375590.1
OG0001138	WP_136806681.1, WP_217909575.1, WP_136805981.1, WP_136808746.1, WP_136809060.1	WP_126375813.1
OG0001139	WP_136809881.1, WP_136805205.1	WP_172961683.1
OG0001142	WP_136805080.1	WP_126375750.1
OG0001144	WP_136806342.1	WP_126377011.1
OG0001147	WP_136806747.1	WP_126376399.1, WP_172961700.1
OG0001149	WP_228723295.1	WP_126377081.1
OG0001150	WP_136810035.1	WP_126377172.1
OG0001152	WP_136806829.1	WP_126379833.1
OG0001153	WP_136809381.1	WP_126378118.1
OG0001154	WP_136808031.1	WP_126380644.1
OG0001156	WP_167506001.1	WP_126378011.1, WP_126380853.1
OG0001157	WP_136809375.1	WP_126378131.1
OG0001159	WP_136805696.1	WP_126381275.1
OG0001163	WP_136810586.1	WP_126376064.1
OG0001167	WP_167506114.1	WP_126379882.1
OG0001171	WP_136809397.1	WP_126378114.1
OG0001172	WP_136809379.1	WP_126378122.1
OG0001173	WP_136809378.1	WP_126378125.1
OG0001174	WP_136809399.1	WP_126378110.1
OG0001175	WP_136810521.1	WP_126377807.1
OG0001178	WP_136807875.1	WP_126377696.1
OG0001180	WP_136808128.1	WP_126376096.1
OG0001181	WP_136808127.1	WP_126376097.1
OG0001187	WP_136806770.1, WP_167505878.1, WP_136805465.1	WP_126378992.1
OG0001188	WP_136810528.1	WP_126376819.1
OG0001191	WP_136805956.1	WP_126380417.1
OG0001194	WP_136810524.1	WP_126380823.1
OG0001196	WP_228723224.1	WP_126375788.1
OG0001197	WP_228723341.1	WP_126377592.1
OG0001198	WP_136805498.1	WP_126379542.1
OG0001199	WP_136805485.1	WP_172961711.1
OG0001200	WP_136806727.1	WP_126377472.1
OG0001202	WP_136806637.1	WP_126379675.1, WP_126379065.1
OG0001203	WP_136805453.1	WP_126376634.1
OG0001204	WP_217909546.1	WP_232034754.1
OG0001205	WP_136809766.1	WP_126379095.1
OG0001206	WP_136809762.1	WP_126376656.1
OG0001207	WP_136809761.1	WP_126381267.1
OG0001208	WP_136805466.1	WP_126376293.1
OG0001209	WP_136809736.1	WP_126377168.1
OG0001210	WP_136807512.1, WP_136808587.1	WP_126379353.1
OG0001212	WP_136809181.1	WP_126379979.1
OG0001213	WP_136809180.1	WP_126379981.1
OG0001214	WP_136806158.1	WP_232034930.1
OG0001215	WP_136805894.1	WP_126375845.1
OG0001216	WP_136807650.1	WP_232034810.1
OG0001219	WP_136806750.1	WP_126376557.1
OG0001220	WP_136808254.1, WP_136808237.1, WP_136805965.1	WP_172961707.1
OG0001221	WP_136805969.1	WP_126378299.1
OG0001223	WP_228723265.1	WP_126379226.1
OG0001227	WP_136808941.1	WP_126380404.1
OG0001228	WP_228723227.1	WP_126379567.1
OG0001229	WP_136809148.1	WP_126378604.1
OG0001230	WP_136809131.1	WP_126379695.1
OG0001232	WP_136809291.1	WP_126381311.1
OG0001233	WP_136806179.1	WP_126377258.1
OG0001234	WP_136806395.1	WP_126376598.1, WP_126377132.1
OG0001236	WP_136807480.1	WP_126380440.1
OG0001237	WP_136807485.1	WP_126380442.1
OG0001238	WP_136810480.1	WP_126376881.1
OG0001240	WP_136805701.1	WP_126380510.1
OG0001241	WP_136808164.1	WP_126379429.1
OG0001242	WP_275942841.1	WP_126375943.1
OG0001243	WP_136808033.1	WP_126380812.1
OG0001244	WP_136808026.1	WP_126376744.1
OG0001245	WP_136808015.1	WP_126380665.1
OG0001246	WP_136807994.1	WP_126380690.1
OG0001248	WP_167505893.1	WP_126380742.1
OG0001250	WP_136806857.1, WP_136810303.1, WP_167506067.1	WP_126376565.1
OG0001251	WP_136810301.1, WP_136810265.1	WP_126377762.1
OG0001252	WP_136810049.1	WP_126380682.1
OG0001253	WP_136810047.1	WP_126378779.1
OG0001254	WP_136810043.1	WP_172961586.1
OG0001256	WP_136808465.1	WP_126379192.1
OG0001257	WP_136808461.1	WP_126378483.1
OG0001258	WP_136808447.1	WP_126375823.1
OG0001259	WP_136808446.1	WP_126375825.1
OG0001260	WP_136808405.1	WP_126379168.1, WP_126378625.1
OG0001262	WP_136808389.1	WP_126378461.1
OG0001263	WP_136806184.1	WP_126379356.1
OG0001264	WP_136805069.1	WP_126379575.1
OG0001266	WP_228723335.1	WP_126379864.1
OG0001267	WP_136810431.1	WP_232034844.1
OG0001268	WP_217909629.1	WP_126378616.1
OG0001269	WP_136806149.1	WP_126380523.1, WP_126381545.1
OG0001271	WP_136809117.1, WP_136806345.1	WP_232034882.1
OG0001272	WP_136806356.1	WP_126375777.1
OG0001273	WP_136808821.1	WP_126377998.1
OG0001274	WP_136808942.1	WP_126377007.1
OG0001275	WP_136807489.1	WP_126378844.1
OG0001276	WP_136806368.1	WP_126375554.1
OG0001277	WP_136806367.1	WP_126380727.1
OG0001278	WP_136806360.1	WP_126380717.1
OG0001279	WP_136806359.1	WP_126380718.1
OG0001280	WP_136809606.1, WP_136806399.1	WP_232034788.1
OG0001281	WP_167505799.1	WP_126376267.1
OG0001282	WP_275942857.1	WP_126377626.1
OG0001283	WP_167505798.1	WP_126376698.1
OG0001284	WP_136807896.1	WP_126380238.1
OG0001285	WP_136807895.1	WP_126380240.1
OG0001286	WP_136807894.1	WP_126381474.1
OG0001287	WP_136807891.1	WP_126379412.1
OG0001288	WP_136807890.1	WP_172961639.1, WP_126379409.1
OG0001289	WP_136807879.1	WP_126377688.1
OG0001290	WP_136807878.1	WP_126377690.1
OG0001292	WP_136806319.1	WP_126380713.1
OG0001293	WP_136806316.1	WP_126375613.1
OG0001295	WP_136806387.1	WP_126379431.1
OG0001296	WP_136808155.1	WP_126376551.1
OG0001297	WP_136808154.1	WP_126376553.1
OG0001298	WP_136805274.1	WP_126379323.1
OG0001300	WP_136809746.1	WP_126380809.1
OG0001301	WP_136806891.1	WP_126375674.1, WP_126377780.1
OG0001302	WP_136808023.1	WP_126379196.1
OG0001303	WP_136805262.1	WP_126379681.1
OG0001304	WP_136806714.1	WP_126380490.1
OG0001305	WP_136809679.1	WP_126380380.1
OG0001306	WP_136806908.1	WP_126378384.1
OG0001308	WP_136807993.1	WP_232034800.1
OG0001309	WP_136806289.1	WP_126375967.1
OG0001311	WP_136806989.1	WP_126380701.1
OG0001312	WP_136809282.1	WP_126379853.1
OG0001314	WP_136808377.1	WP_126380008.1
OG0001318	WP_136805784.1	WP_126376529.1, WP_126377620.1, WP_232034821.1
OG0001323	WP_136805980.1, WP_136809061.1, WP_136808747.1, WP_136805586.1, WP_217909450.1	WP_232034847.1
OG0001324	WP_136805825.1	WP_126376764.1, WP_126375647.1
OG0001329	WP_228723298.1	WP_126379451.1
OG0001334	WP_136809160.1	WP_126380821.1
OG0001336	WP_136806926.1	WP_126378802.1
OG0001337	WP_136805709.1	WP_126377958.1
OG0001338	WP_167505934.1	WP_126380613.1
OG0001343	WP_136809946.1	WP_126378364.1
OG0001352	WP_136808005.1	WP_126380724.1
OG0001356	WP_136808129.1	WP_126378333.1
OG0001358	WP_136808544.1	WP_126380926.1
OG0001359	WP_136809398.1	WP_126378112.1
OG0001361	WP_136805289.1	WP_126379489.1
OG0001365	WP_136810211.1	WP_126380671.1
OG0001368	WP_136809329.1	WP_126377340.1
OG0001369	WP_136807999.1	WP_126380867.1
OG0001374	WP_136810210.1	WP_172961646.1
OG0001380	WP_228723250.1	WP_172961834.1, WP_232034919.1
OG0001381	WP_217909469.1	WP_126377982.1
OG0001382	WP_136808132.1	WP_126377073.1
OG0001393	WP_167505760.1	WP_126377965.1
OG0001396	WP_136805509.1	WP_126377302.1
OG0001397	WP_136806888.1	WP_126380435.1
OG0001398	WP_167505744.1	WP_126378439.1
OG0001400	WP_136806253.1	WP_126376713.1
OG0001401	WP_228723336.1	WP_232034891.1
OG0001403	WP_136806638.1	WP_126379677.1
OG0001404	WP_136806636.1	WP_126379673.1
OG0001405	WP_136806634.1	WP_126379669.1
OG0001406	WP_136806633.1	WP_126379667.1
OG0001407	WP_136810479.1	WP_232034870.1
OG0001409	WP_136810494.1	WP_126379876.1
OG0001410	WP_136809384.1	WP_126378006.1
OG0001413	WP_228723288.1	WP_126375914.1
OG0001414	WP_136806165.1	WP_126380808.1
OG0001416	WP_136806615.1	WP_126380970.1
OG0001417	WP_136805729.1	WP_172961770.1
OG0001419	WP_136807640.1	WP_126375677.1
OG0001420	WP_136807648.1	WP_126380840.1
OG0001423	WP_136808929.1	WP_197723467.1
OG0001424	WP_136805941.1	WP_126377611.1
OG0001427	WP_136808381.1	WP_126381549.1
OG0001428	WP_136809156.1	WP_126380425.1
OG0001429	WP_136809132.1	WP_126381441.1
OG0001431	WP_136806803.1	WP_126379426.1
OG0001432	WP_136808614.1, WP_136806653.1	WP_172961684.1
OG0001435	WP_136810318.1	WP_126379827.1
OG0001436	WP_136807124.1	WP_126381230.1
OG0001437	WP_228723333.1	WP_126380667.1
OG0001439	WP_136810071.1, WP_136809628.1	WP_126378295.1
OG0001442	WP_136806126.1	WP_126380372.1
OG0001443	WP_136806125.1	WP_126380677.1
OG0001446	WP_136808035.1	WP_126380810.1
OG0001447	WP_136808034.1	WP_126380811.1
OG0001448	WP_136808012.1	WP_126380662.1
OG0001449	WP_136809733.1	WP_172961735.1
OG0001451	WP_136807985.1	WP_126379263.1
OG0001452	WP_136807968.1	WP_126379761.1
OG0001453	WP_136805210.1	WP_126380799.1
OG0001454	WP_136807939.1	WP_126379371.1
OG0001456	WP_136810306.1, WP_136810260.1	WP_126377756.1
OG0001458	WP_136810556.1	WP_126379170.1
OG0001459	WP_136810557.1	WP_126379172.1
OG0001461	WP_136809631.1	WP_126375772.1
OG0001462	WP_136810041.1	WP_126376109.1
OG0001465	WP_136810031.1	WP_126380711.1
OG0001466	WP_136810030.1	WP_126380710.1
OG0001468	WP_136806608.1	WP_126379085.1
OG0001470	WP_136808456.1	WP_126380714.1
OG0001471	WP_136810315.1	WP_172961563.1
OG0001471	WP_136806178.1	WP_126381019.1
OG0001473	WP_136806268.1	WP_126376650.1
OG0001474	WP_136806278.1	WP_126375756.1
OG0001477	WP_136805323.1	WP_126379649.1
OG0001478	WP_136807816.1	WP_126380346.1
OG0001479	WP_136805419.1	WP_232034805.1
OG0001482	WP_136805304.1	WP_126376993.1
OG0001484	WP_136805371.1	WP_172961788.1
OG0001485	WP_136805387.1	WP_126381526.1
OG0001486	WP_136806152.1	WP_126378297.1
OG0001487	WP_167505789.1	WP_126375662.1
OG0001490	WP_136807900.1	WP_126380229.1
OG0001491	WP_136807899.1	WP_126380231.1
OG0001492	WP_136807898.1	WP_126380233.1
OG0001493	WP_136807897.1	WP_126380235.1
OG0001494	WP_136807885.1	WP_126379014.1
OG0001495	WP_136807884.1	WP_126380325.1
OG0001496	WP_136807882.1	WP_126380323.1
OG0001497	WP_136807881.1	WP_126380321.1
OG0001498	WP_136807880.1	WP_126377686.1
OG0001499	WP_136807873.1	WP_126377576.1
OG0001500	WP_136807872.1	WP_126377574.1
OG0001501	WP_136807871.1	WP_126377572.1
OG0001502	WP_136807870.1	WP_126377570.1
OG0001503	WP_136807869.1	WP_126377568.1
OG0001504	WP_136807860.1	WP_126377558.1
OG0001505	WP_136807851.1	WP_126378898.1
OG0001507	WP_136808321.1	WP_126380309.1
OG0001508	WP_136808330.1	WP_126378488.1
OG0001510	WP_136806285.1	WP_126378301.1
OG0001514	WP_136808515.1	WP_126381021.1
OG0001515	WP_136808311.1	WP_126380725.1
OG0001517	WP_136807451.1	WP_126380951.1
OG0001518	WP_228723387.1	WP_126380219.1
OG0001519	WP_136808469.1	WP_126375937.1
OG0001522	WP_136806892.1	WP_126377778.1, WP_126375673.1
OG0001524	WP_136809699.1	WP_126377372.1
OG0001525	WP_136807562.1	WP_126378614.1
OG0001527	WP_136806151.1	WP_126380909.1
OG0001529	WP_136808312.1	WP_126380726.1
OG0001531	WP_136805246.1	WP_126376450.1
OG0001532	WP_136806153.1	WP_172961634.1
OG0001533	WP_136806917.1	WP_126377670.1
OG0001536	WP_136806635.1	WP_126379671.1
OG0001539	WP_136808546.1	WP_126375629.1
OG0001540	WP_136810470.1	WP_172961717.1
OG0001542	WP_136805744.1	WP_126375570.1
OG0001546	WP_136809788.1	WP_126378352.1
OG0001547	WP_136808053.1	WP_126379455.1
OG0001550	WP_136806243.1	WP_126379595.1
OG0001551	WP_136810072.1, WP_136809246.1	WP_126377223.1
OG0001552	WP_136810716.1	WP_126377255.1
OG0001556	WP_136808882.1	WP_126380697.1
OG0001557	WP_136809796.1, WP_217909527.1	WP_126380659.1, WP_126378792.1
OG0001560	WP_136805467.1	WP_172961577.1, WP_126380078.1, WP_126375731.1, WP_126375730.1, WP_172961578.1, WP_126379661.1, WP_126380952.1, WP_126378467.1
OG0001568	WP_228723293.1	WP_126381094.1
OG0001569	WP_136805118.1	WP_126380849.1
OG0001570	WP_136806129.1	WP_126375600.1
OG0001571	WP_136806132.1	WP_126375603.1
OG0001577	WP_136809859.1, WP_228723274.1	WP_126379872.1
OG0001580	WP_136809336.1	WP_126381009.1
OG0001584	WP_136808721.1	WP_126379101.1
OG0001590	WP_136806133.1	WP_232034827.1
OG0001592	WP_136809337.1	WP_232034815.1
OG0001593	WP_136808130.1	WP_126378331.1
OG0001596	WP_136806924.1	WP_126378445.1
OG0001602	WP_136805918.1	WP_126380962.1
OG0001604	WP_136809808.1	WP_126375596.1
OG0001605	WP_136809277.1, WP_136805982.1	WP_126380672.1
OG0001607	WP_136809918.1	WP_126380585.1
OG0001612	WP_136805717.1	WP_126377975.1
OG0001613	WP_136805716.1	WP_126377973.1
OG0001616	WP_167506105.1	WP_126379459.1
OG0001617	WP_136808840.1	WP_126378094.1
OG0001619	WP_136808662.1	WP_126381305.1
OG0001622	WP_136808574.1	WP_172961805.1
OG0001623	WP_153307142.1, WP_136807217.1, WP_136808568.1	WP_172961675.1
OG0001629	WP_136805505.1	WP_126380928.1
OG0001631	WP_136808792.1	WP_126380897.1
OG0001638	WP_136805767.1	WP_126377923.1
OG0001640	WP_167505822.1	WP_126377548.1
OG0001643	WP_136810679.1, WP_136809860.1	WP_126379874.1
OG0001645	WP_136810506.1	WP_126378257.1
OG0001646	WP_136810507.1	WP_126375682.1, WP_126378768.1
OG0001647	WP_136808931.1	WP_126375581.1, WP_126379373.1
OG0001649	WP_136809376.1	WP_126378129.1
OG0001650	WP_136809377.1	WP_126378127.1
OG0001651	WP_136809380.1	WP_126378120.1
OG0001652	WP_176371603.1	WP_126378621.1
OG0001653	WP_136807866.1	WP_126379926.1
OG0001654	WP_136806961.1	WP_232034809.1
OG0001656	WP_136806626.1	WP_232034846.1
OG0001657	WP_228723233.1	WP_126377919.1
OG0001660	WP_136805903.1	WP_126377378.1
OG0001663	WP_136810113.1, WP_136810102.1	WP_126376180.1
OG0001664	WP_136808670.1	WP_126376696.1
OG0001668	WP_228723323.1	WP_126375578.1
OG0001676	WP_176371621.1	WP_126378213.1
OG0001677	WP_136806559.1	WP_126379471.1
OG0001678	WP_136809393.1	WP_126377784.1
OG0001681	WP_136809161.1	WP_126379767.1
OG0001682	WP_136805939.1	WP_232034764.1
OG0001683	WP_136809145.1	WP_126378610.1
OG0001684	WP_167505987.1	WP_126378612.1
OG0001687	WP_136809113.1	WP_126375678.1
OG0001689	WP_136805475.1	WP_126381129.1
OG0001690	WP_136810291.1	WP_232034811.1
OG0001691	WP_136810292.1	WP_126380885.1
OG0001694	WP_136809286.1	WP_126375642.1, WP_126375625.1
OG0001695	WP_136806396.1	WP_126378966.1
OG0001696	WP_136807123.1	WP_126375871.1
OG0001698	WP_136808371.1	WP_126380289.1
OG0001699	WP_136807209.1	WP_126380303.1
OG0001701	WP_136808545.1	WP_126377053.1
OG0001702	WP_136809803.1	WP_126379330.1
OG0001703	WP_136808165.1	WP_232034817.1
OG0001712	WP_167505724.1	WP_126380798.1
OG0001713	WP_136805403.1	WP_126378994.1
OG0001715	WP_136809670.1	WP_126380217.1
OG0001716	WP_136807081.1	WP_126378088.1
OG0001717	WP_136810517.1	WP_126378305.1
OG0001718	WP_136810559.1	WP_126379176.1
OG0001719	WP_136810560.1	WP_126379178.1
OG0001721	WP_136806250.1	WP_126375906.1
OG0001722	WP_136809173.1	WP_126380640.1
OG0001723	WP_136805254.1	WP_126376383.1
OG0001725	WP_136807219.1	WP_126375908.1
OG0001726	WP_136807223.1	WP_126375912.1
OG0001727	WP_136810717.1	WP_172961645.1
OG0001728	WP_136806119.1	WP_126375546.1
OG0001730	WP_136806269.1	WP_126376648.1
OG0001731	WP_136805424.1	WP_126381269.1
OG0001733	WP_136807002.1	WP_126380462.1
OG0001736	WP_136809155.1	WP_126377842.1, WP_126380354.1
OG0001739	WP_136806404.1	WP_126378366.1
OG0001740	WP_136810466.1	WP_126377818.1
OG0001741	WP_136810465.1	WP_126377820.1
OG0001742	WP_136809547.1	WP_126377531.1
OG0001747	WP_136807893.1	WP_126380656.1
OG0001748	WP_136807868.1	WP_126377566.1
OG0001750	WP_136807859.1	WP_126377556.1
OG0001751	WP_136807853.1	WP_126379404.1
OG0001757	WP_136806121.1	WP_126375939.1
OG0001770	WP_228723326.1	WP_126378711.1
OG0001771	WP_136806895.1	WP_126375670.1
OG0001772	WP_136810258.1	WP_126376571.1
OG0001777	WP_136808346.1	WP_126377448.1
OG0001781	WP_136809146.1	WP_126378608.1
OG0001783	WP_136807474.1	WP_126379527.1
OG0001784	WP_136809535.1	WP_126376577.1
OG0001785	WP_217909557.1	WP_126378171.1
OG0001787	WP_136808378.1	WP_126380010.1
OG0001788	WP_136808896.1	WP_126375873.1
OG0001790	WP_136807357.1	WP_126379998.1, WP_126376775.1
OG0001792	WP_136806169.1	WP_126379947.1
OG0001793	WP_136805808.1	WP_126380813.1
OG0001796	WP_136806027.1, WP_153307144.1	WP_126377719.1
OG0001798	WP_136805783.1	WP_126375577.1
OG0001799	WP_136808585.1	WP_126375646.1
OG0001800	WP_136809531.1	WP_126380893.1
OG0001801	WP_136808557.1	WP_172961780.1
OG0001804	WP_136807748.1	WP_126379870.1
OG0001807	WP_136807578.1	WP_126380047.1
OG0001810	WP_136805827.1	WP_126375649.1
OG0001811	WP_176371627.1, WP_136805826.1	WP_126375648.1
OG0001812	WP_136805451.1	WP_126379938.1
OG0001813	WP_136805759.1, WP_136808133.1	WP_126380368.1, WP_126376720.1
OG0001815	WP_136809740.1, WP_136808605.1	WP_126376583.1
OG0001816	WP_136809975.1, WP_136808842.1	WP_126380033.1
OG0001817	WP_167505862.1, WP_136810406.1	WP_126380625.1, WP_126376124.1, WP_126380736.1
OG0001820	WP_217909632.1	WP_126376375.1
OG0001821	WP_136808715.1	WP_126377435.1
OG0001828	WP_136808930.1	WP_232034759.1
OG0001832	WP_136810165.1	WP_126375993.1
OG0001841	WP_136806130.1	WP_126375601.1
OG0001844	WP_136808114.1	WP_232034772.1
OG0001845	WP_136808143.1	WP_126378931.1
OG0001848	WP_136810316.1	WP_126378285.1
OG0001854	WP_136810686.1	WP_126380468.1
OG0001856	WP_167505761.1	WP_126377969.1
OG0001874	WP_136807697.1	WP_126375899.1
OG0001878	WP_136805711.1	WP_126377962.1
OG0001883	WP_136805908.1	WP_126380256.1
OG0001893	WP_136805076.1	WP_126378955.1
OG0001896	WP_275942850.1	WP_126380923.1
OG0001917	WP_136806061.1	WP_232034824.1
OG0001918	WP_136810617.1	WP_126379248.1
OG0001921	WP_136809802.1	WP_126379332.1
OG0001922	WP_136808994.1	WP_126378102.1
OG0001922	WP_136808993.1	WP_126378100.1
OG0001923	WP_136808071.1	WP_126376708.1
OG0001925	WP_136809204.1	WP_126378953.1
OG0001929	WP_136808025.1	WP_126375690.1
OG0001931	WP_136808020.1	WP_126377276.1
OG0001933	WP_217909542.1	WP_126375761.1
OG0001940	WP_136809694.1	WP_126378079.1
OG0001942	WP_136808573.1	WP_126381096.1
OG0001957	WP_136806440.1	WP_172961572.1
OG0001957	WP_136808987.1	WP_126377760.1
OG0001962	WP_136808386.1	WP_126376579.1
OG0001966	WP_136808901.1, WP_136806582.1	WP_126376504.1
OG0001968	WP_167505891.1	WP_126381005.1
OG0001972	WP_136806977.1	WP_126376903.1
OG0001975	WP_136808315.1	WP_126380390.1
OG0001989	WP_136805746.1	WP_126379643.1
OG0001998	WP_136808337.1	WP_126375681.1
OG0002008	WP_136806375.1	WP_126376310.1
OG0002023	WP_136805401.1	WP_172961718.1
OG0002034	WP_136806193.1, WP_136810427.1	WP_126379144.1
OG0002035	WP_136805360.1	WP_126380594.1
OG0002039	WP_263577240.1	WP_126378267.1
OG0002040	WP_136806099.1	WP_126379058.1
OG0002044	WP_167505978.1	WP_126380877.1
OG0002045	WP_136809002.1	WP_126376360.1, WP_126378076.1
OG0002050	WP_136806563.1	WP_126380344.1
OG0002051	WP_136806479.1	WP_232034752.1
OG0002055	WP_136805881.1	WP_232034884.1
OG0002057	WP_136806951.1, WP_136809388.1	WP_126377099.1
OG0002060	WP_136807018.1, WP_136808235.1	WP_126380342.1
OG0002065	WP_228723240.1	WP_126380021.1
OG0002066	WP_167505762.1	WP_126376841.1
OG0002068	WP_136805889.1	WP_126376724.1
OG0002070	WP_136810765.1	WP_126378740.1, WP_126377222.1
OG0002073	WP_136808577.1	WP_126378940.1
OG0002074	WP_217909612.1	WP_126380041.1
OG0002078	WP_167506008.1	WP_126379443.1
OG0002079	WP_136809386.1	WP_126378933.1, WP_126377425.1
OG0002081	WP_136808737.1	WP_126379753.1
OG0002082	WP_136808483.1	WP_126375695.1
OG0002084	WP_228723395.1	WP_126378281.1
OG0002085	WP_136809618.1	WP_126376436.1
OG0002086	WP_136810014.1	WP_126380878.1
OG0002087	WP_136806138.1	WP_126378846.1
OG0002090	WP_136808116.1	WP_126380431.1
OG0002095	WP_136806678.1	WP_126378646.1
OG0002096	WP_136806718.1	WP_126375606.1
OG0002097	WP_136808877.1	WP_126381043.1
OG0002098	WP_136809437.1	WP_126377942.1
OG0002099	WP_167505853.1	WP_172961796.1
OG0002109	WP_136810652.1	WP_126377185.1
OG0002130	WP_217909604.1	WP_172961802.1
OG0002148	WP_136809319.1	WP_126377992.1
OG0002171	WP_136807268.1	WP_126380525.1
OG0002191	WP_136809958.1	WP_126377084.1
OG0002196	WP_136809207.1	WP_126378004.1
OG0002202	WP_228723389.1	WP_126377466.1
OG0002212	WP_136808738.1	WP_126377505.1
OG0002227	WP_136807930.1	WP_126381224.1
OG0002230	WP_136809692.1	WP_172961604.1, WP_172961726.1
OG0002242	WP_136807221.1	WP_126375910.1
OG0002254	WP_167505732.1	WP_126378619.1
OG0002260	WP_167505921.1	WP_126376317.1
OG0002263	WP_136805747.1	WP_126379641.1
OG0002268	WP_136807050.1	WP_126381178.1
OG0002280	WP_167505766.1	WP_126377622.1
OG0002298	WP_136809685.1	WP_126378074.1
OG0002299	WP_136809657.1	WP_126380616.1
OG0002302	WP_136808176.1	WP_126380039.1
OG0002305	WP_136809785.1	WP_232034925.1
OG0002314	WP_136805719.1	WP_126377978.1
OG0002315	WP_136805710.1	WP_126377960.1
OG0002325	WP_136806645.1	WP_126380658.1
OG0002328	WP_136808231.1	WP_232034893.1
OG0002329	WP_136806860.1	WP_126379741.1
OG0002330	WP_267313778.1	WP_269471685.1
OG0002333	WP_136808580.1	WP_126375742.1
OG0002335	WP_136805806.1	WP_126380529.1
OG0002339	WP_136808081.1	WP_126376466.1
OG0002347	WP_136808752.1	WP_126376342.1
OG0002360	WP_136808950.1	WP_126377854.1
OG0002361	WP_136808916.1	WP_126380123.1
OG0002363	WP_136805699.1	WP_172961794.1
OG0002364	WP_136806717.1	WP_232034829.1
OG0002374	WP_136806547.1	WP_126378755.1
OG0002387	WP_167505765.1	WP_126375549.1, WP_126378323.1
OG0002390	WP_136806617.1	WP_126378167.1
OG0002394	WP_136810744.1, WP_136805839.1	WP_126378747.1
OG0002401	WP_136809792.1	WP_126379538.1
OG0002402	WP_136805610.1	WP_197723442.1, WP_126376823.1
OG0002405	WP_136809413.1, WP_136806122.1	WP_126375956.1
OG0002408	WP_136807772.1, WP_136807319.1, WP_136806576.1, WP_136810353.1	WP_126377324.1
OG0002411	WP_136808606.1	WP_172961618.1
OG0002412	WP_136808839.1	WP_126378096.1, WP_126380027.1
OG0002413	WP_136809037.1	WP_126375558.1
OG0002414	WP_136810332.1, WP_136809212.1	WP_126376915.1
OG0002415	WP_136809265.1	WP_126380315.1, WP_126378662.1
OG0002416	WP_136809266.1	WP_126378660.1, WP_126380317.1
OG0002417	WP_136809267.1	WP_126378658.1, WP_126380319.1
OG0002420	WP_136810388.1	WP_126380922.1
OG0002455	WP_136810361.1	WP_126379234.1
OG0002485	WP_136805558.1	WP_126378433.1
OG0002511	WP_136808983.1	WP_126376889.1
OG0002536	WP_136809254.1	WP_126381485.1
OG0002537	WP_136809503.1	WP_172961765.1
OG0002576	WP_136808768.1	WP_126380252.1
OG0002579	WP_136807754.1	WP_126376340.1
OG0002582	WP_136806791.1	WP_126375659.1
OG0002627	WP_136810522.1	WP_126377607.1
OG0002646	WP_136805816.1	WP_126380703.1
OG0002648	WP_136810424.1	WP_126376276.1
OG0002655	WP_136806260.1	WP_126377177.1
OG0002657	WP_136809706.1	WP_172961616.1
OG0002678	WP_136807252.1, WP_136807003.1	WP_232034899.1
OG0002691	WP_136810838.1	WP_232034856.1
OG0002701	WP_136808442.1	WP_126375768.1
OG0002707	WP_136805351.1, WP_136805354.1	WP_172961768.1
OG0002711	WP_136808773.1	WP_126375747.1
OG0002729	WP_136807728.1	WP_126377451.1
OG0002730	WP_136807285.1	WP_126377870.1
OG0002731	WP_136808611.1	WP_126377128.1
OG0002744	WP_228723234.1	WP_126378165.1
OG0002745	WP_136806618.1	WP_126378163.1
OG0002753	WP_136808952.1	WP_126376999.1
OG0002754	WP_136810762.1	WP_126377834.1
OG0002756	WP_136808938.1	WP_126380590.1
OG0002766	WP_136805601.1	WP_126378976.1
OG0002771	WP_136806131.1	WP_126375602.1
OG0002777	WP_136807982.1	WP_126380101.1
OG0002780	WP_136809433.1	WP_126378911.1
OG0002781	WP_136809741.1	WP_126376585.1
OG0002782	WP_136809810.1	WP_126375598.1
OG0002784	WP_136810320.1	WP_126377320.1
OG0002786	WP_136810387.1	WP_126380921.1
OG0002787	WP_167505785.1	WP_232034825.1
OG0002789	WP_167505965.1	WP_172961628.1
OG0002791	WP_228723238.1, WP_217909457.1	WP_126375886.1
OG0002792	WP_228723306.1	WP_126375595.1
OG0002795	WP_267313630.1	WP_126375811.1
OG0002898	WP_167506020.1	WP_126380014.1
OG0002970	WP_136808988.1	WP_126377764.1
OG0002992	WP_136809654.1	WP_126377628.1
OG0003028	WP_136805885.1	WP_126379814.1
OG0003036	WP_167506025.1	WP_126380082.1
OG0003055	WP_136806546.1	WP_126380470.1
OG0003095	WP_136809008.1	WP_126378503.1
OG0003096	WP_136806024.1	WP_126380437.1
OG0003114	WP_228723388.1	WP_126380127.1
OG0003123	WP_136810245.1	WP_126378275.1
OG0003136	WP_136805547.1	WP_126377613.1
OG0003207	WP_136810763.1	WP_126375740.1, WP_126375739.1
OG0003223	WP_136805476.1	WP_126378978.1
OG0003225	WP_136805734.1, WP_136808891.1	WP_126381083.1
OG0003226	WP_136805943.1	WP_172961800.1, WP_126380985.1
OG0003227	WP_136806043.1	WP_126375842.1, WP_232034838.1
OG0003228	WP_136806045.1	WP_126376710.1
OG0003229	WP_136806162.1	WP_126379721.1
OG0003231	WP_136806217.1	WP_126380879.1
OG0003233	WP_136806458.1	WP_126380943.1
OG0003237	WP_136806679.1	WP_126375809.1
OG0003239	WP_136807035.1	WP_126380881.1, WP_172961598.1
OG0003246	WP_136807776.1	WP_126379611.1
OG0003247	WP_136807783.1	WP_126379250.1, WP_126379344.1
OG0003249	WP_136808065.1	WP_126377390.1
OG0003252	WP_136808158.1	WP_126378761.1
OG0003260	WP_136809974.1, WP_136808844.1	WP_126380016.1
OG0003261	WP_136809973.1, WP_136808845.1	WP_126380019.1
OG0003262	WP_136808846.1, WP_136809972.1	WP_126380023.1
OG0003263	WP_136808847.1, WP_136809971.1	WP_172961737.1
OG0003265	WP_136808974.1	WP_126379892.1, WP_126379951.1
OG0003266	WP_136809186.1	WP_126381001.1
OG0003269	WP_136809805.1	WP_172961642.1
OG0003270	WP_136809809.1	WP_126375597.1
OG0003278	WP_167505966.1, WP_136810275.1	WP_232034771.1
OG0003279	WP_136810288.1	WP_126380888.1
OG0003280	WP_136810290.1	WP_126380886.1
OG0003282	WP_136810376.1	WP_126378291.1
OG0003283	WP_136810382.1	WP_126379829.1
OG0003284	WP_136810439.1	WP_126379967.1, WP_126377994.1
OG0003285	WP_136810440.1	WP_232034898.1
OG0003289	WP_167505738.1	WP_232034889.1
OG0003291	WP_167506051.1	WP_126378441.1
OG0003292	WP_217909535.1	WP_126378960.1
OG0003758	WP_267313663.1	WP_126380084.1
OG0003776	WP_136809195.1	WP_126376426.1
OG0003843	WP_136810143.1	WP_126379934.1
OG0003879	WP_136809648.1	WP_126378108.1
OG0003884	WP_136805211.1	WP_172961693.1
OG0003891	WP_136805600.1	WP_126377130.1
OG0003910	WP_136805884.1	WP_126379812.1
OG0003926	WP_136806441.1	WP_126378249.1
OG0003936	WP_136806682.1	WP_126375815.1
OG0003955	WP_136807824.1	WP_126380031.1
OG0003956	WP_136807825.1	WP_126380029.1
OG0003958	WP_136807958.1	WP_126380094.1, WP_126380066.1
OG0003974	WP_136808537.1	WP_197723450.1
OG0003989	WP_136808843.1	WP_232034776.1
OG0003992	WP_136808965.1	WP_126378819.1
OG0003993	WP_136808966.1	WP_126378816.1
OG0003994	WP_136808969.1	WP_126378810.1
OG0003996	WP_136808995.1	WP_126379629.1
OG0003997	WP_136808999.1	WP_126380795.1
OG0004005	WP_167506019.1, WP_136809243.1	WP_172961614.1
OG0004022	WP_136809744.1	WP_126376593.1
OG0004023	WP_136809784.1	WP_126380827.1
OG0004042	WP_136810441.1	WP_126377996.1
OG0004048	WP_136810721.1	WP_126377420.1
OG0004054	WP_167505823.1	WP_126376821.1
OG0004066	WP_217909544.1	WP_126380826.1
OG0004068	WP_217909561.1	WP_172961621.1
OG0004076	WP_267313718.1	WP_126380360.1
OG0005113	WP_136806806.1	WP_126377092.1
OG0005330	WP_167505832.1	WP_126380545.1
OG0005332	WP_167505839.1	WP_126379733.1
OG0005353	WP_167506102.1	WP_126377197.1
OG0005372	WP_228723286.1	WP_126379559.1
