Orthogroup	Desulfocapsa_13_biocide	Desulfocapsa sulfexigens DSM 10523
OG0000000	Utg858432_110	WP_015405628.1
OG0000000	Utg857152_211	WP_015404870.1, WP_015402904.1
OG0000000	Utg860006_151	WP_015404602.1
OG0000000	Utg857994_144	WP_015404730.1
OG0000000	Utg859236_100	WP_015404836.1
OG0000000	Utg864866_50	WP_015403526.1
OG0000000	Utg858432_5	WP_015405714.1
OG0000000	Utg860006_129	WP_015404574.1
OG0000000	Utg859098_179	WP_015405012.1
OG0000000	Utg859098_130	WP_015405247.1
OG0000000	Utg866558_41	WP_015404443.1
OG0000000	Utg859098_137	WP_015405235.1
OG0000000	Utg859750_35	WP_228130058.1
OG0000000	Utg857076_7	WP_015402874.1
OG0000000	Utg860006_29	WP_015404515.1
OG0000001	Utg863716_50	WP_015402638.1
OG0000001	Utg863716_105	WP_015402457.1, WP_015402486.1
OG0000001	Utg861448_49	WP_015403644.1
OG0000001	Utg860814_100	WP_015402385.1
OG0000001	Utg857152_206	WP_167320702.1
OG0000002	Utg857046_190	WP_015403812.1, WP_015404031.1
OG0000002	Utg862138_35	WP_015403655.1
OG0000002	Utg861744_15	WP_153304957.1
OG0000003	Utg859098_375	WP_015403648.1
OG0000004	Utg859236_110	WP_015402639.1
OG0000004	Utg859098_372	WP_015404335.1
OG0000004	Utg857682_27, Utg861744_9, Utg860814_122	WP_015403270.1
OG0000004	Utg857152_136, Utg857682_26	WP_015405428.1
OG0000004	Utg858432_88	WP_015405656.1
OG0000004	Utg860814_202	WP_015402421.1, WP_052326944.1
OG0000004	Utg859236_73	WP_015403175.1, WP_015402868.1
OG0000004	Utg857994_124, Utg859982_119	WP_015402970.1
OG0000005	Utg859982_207	WP_015404965.1
OG0000005	Utg858432_84	WP_015405658.1
OG0000005	Utg857076_41	WP_015404343.1
OG0000005	Utg859388_141	WP_015403003.1
OG0000005	Utg857152_2, Utg859388_48	WP_015402641.1
OG0000006	Utg859388_140	WP_015403002.1
OG0000006	Utg863716_120	WP_015403820.1
OG0000006	Utg858494_73	WP_015404882.1
OG0000007	Utg858432_132	WP_015405611.1
OG0000007	Utg862138_39	WP_015405734.1
OG0000007	Utg859432_67	WP_015402821.1
OG0000007	Utg857152_200	WP_015403101.1
OG0000008	Utg861744_12	WP_015403337.1
OG0000008	Utg857152_123	WP_015403510.1
OG0000008	Utg859388_41	WP_015404768.1
OG0000009	Utg860814_183, Utg858432_86	WP_015405657.1
OG0000009	Utg860814_199, Utg860814_198	WP_015405427.1
OG0000010	Utg857046_180	WP_015404239.1
OG0000011	Utg860814_134	WP_015403675.1
OG0000012	Utg859388_126	WP_015405394.1
OG0000012	Utg864866_48	WP_015403532.1
OG0000012	Utg858432_54	WP_228130022.1
OG0000012	Utg857046_150	WP_015403471.1
OG0000013	Utg864866_75	WP_015402979.1
OG0000013	Utg863716_117	WP_015404369.1
OG0000014	Utg859076_41	WP_015403048.1
OG0000014	Utg861744_121, Utg861744_120	WP_015403432.1
OG0000015	Utg859388_25	WP_015404994.1
OG0000015	Utg862138_18	WP_015405754.1
OG0000015	Utg864866_65	WP_015403214.1
OG0000016	Utg859098_114	WP_015405281.1
OG0000018	Utg859098_213	WP_015405040.1
OG0000018	Utg860006_167	WP_015404684.1
OG0000019	Utg864866_31	WP_015403161.1
OG0000019	Utg859076_43	WP_015403047.1
OG0000020	Utg859098_133	WP_015405231.1
OG0000020	Utg866558_48	WP_015404437.1
OG0000020	Utg859098_147	WP_015405244.1
OG0000020	Utg857152_214	WP_015404863.1
OG0000020	Utg857300_36	WP_015403536.1
OG0000021	Utg859098_363	WP_015405210.1
OG0000022	Utg863716_101	WP_015402646.1
OG0000022	Utg859388_124	WP_015405396.1
OG0000023	Utg860814_168	WP_015403473.1
OG0000023	Utg860814_169	WP_015403474.1
OG0000024	Utg863716_104	WP_015405350.1
OG0000024	Utg859098_279	WP_015402478.1
OG0000025	Utg857300_39	WP_015403272.1
OG0000025	Utg860814_248	WP_015403667.1
OG0000025	Utg857046_69, Utg857046_70, Utg860814_224	WP_015405643.1
OG0000025	Utg859098_288, Utg859098_275, Utg864866_19	WP_015405536.1
OG0000025	Utg857046_255, Utg860814_14, Utg857994_30, Utg858432_70	WP_041916396.1
OG0000026	Utg864866_112	WP_015403451.1
OG0000026	Utg857152_94	WP_015403942.1
OG0000027	Utg857300_35	WP_083907219.1
OG0000027	Utg859388_156	WP_265588650.1
OG0000027	Utg863716_16	WP_228130054.1
OG0000028	Utg860006_30	WP_015404516.1
OG0000028	Utg864866_102	WP_015405200.1
OG0000030	Utg861744_16	WP_015403340.1
OG0000031	Utg857490_1	WP_015404265.1
OG0000031	Utg859388_158	WP_015405368.1
OG0000032	Utg857046_236	WP_015404858.1
OG0000032	Utg857046_252	WP_015403973.1
OG0000032	Utg857300_30	WP_015403541.1
OG0000033	Utg860814_171	WP_015403598.1
OG0000034	Utg859388_40, Utg859388_39	WP_015404767.1
OG0000035	Utg863716_35	WP_015402576.1
OG0000035	Utg857076_40	WP_015404344.1
OG0000035	Utg857152_33	WP_015403874.1
OG0000037	Utg858494_24, Utg858494_27, Utg858494_13	WP_015404949.1, WP_015404462.1
OG0000038	Utg860006_50	WP_015404535.1
OG0000038	Utg860814_278	WP_015402313.1
OG0000038	Utg860814_277	WP_015402314.1
OG0000039	Utg857046_262, Utg859098_367	WP_015405087.1
OG0000040	Utg857994_193	WP_015404697.1
OG0000040	Utg860814_311	WP_015404696.1
OG0000040	Utg859098_48	WP_015403788.1
OG0000040	Utg860006_147	WP_015404594.1
OG0000041	Utg857046_101	WP_015403613.1
OG0000042	Utg857152_197	WP_041916557.1
OG0000042	Utg857152_116	WP_015403963.1
OG0000042	Utg859236_105	WP_015404842.1
OG0000043	Utg859236_121, Utg860814_118	WP_015402371.1
OG0000043	Utg860814_180	WP_015402367.1
OG0000046	Utg860006_158	WP_015402438.1
OG0000046	Utg859098_176	WP_015405008.1
OG0000046	Utg857152_215	WP_015404864.1
OG0000047	Utg858432_158, Utg857046_163	WP_015405593.1
OG0000047	Utg857994_168	WP_015404707.1
OG0000048	Utg857046_28	WP_015404100.1
OG0000049	Utg857152_93	WP_015404873.1
OG0000050	Utg859076_1, Utg860006_111	WP_015403568.1
OG0000050	Utg859076_7	WP_015403562.1
OG0000051	Utg857046_216	WP_015404005.1
OG0000051	Utg859388_160	WP_153304915.1
OG0000052	Utg857994_129	WP_015405485.1
OG0000053	Utg859388_13	WP_015404739.1
OG0000053	Utg859432_19	WP_015405788.1
OG0000053	Utg857046_30	WP_228130071.1
OG0000055	Utg859098_163	WP_015405217.1
OG0000057	Utg859098_394, Utg859982_23, Utg859098_431, Utg864866_2	WP_015403138.1
OG0000058	Utg860814_210	WP_015402352.1
OG0000058	Utg859098_128	WP_015405249.1
OG0000058	Utg866558_45	WP_015404440.1
OG0000058	Utg859098_142	WP_015405240.1
OG0000058	Utg860814_129	WP_015403671.1
OG0000059	Utg859098_365	WP_015403273.1
OG0000060	Utg857300_57	WP_015403496.1
OG0000060	Utg860006_140, Utg860006_141	WP_015404589.1
OG0000061	Utg859076_31	WP_015402468.1
OG0000062	Utg859388_55	WP_041916419.1
OG0000063	Utg857992_35	WP_015405546.1
OG0000063	Utg859388_77	WP_015404799.1
OG0000064	Utg860006_63	WP_015404547.1
OG0000064	Utg859750_77	WP_015402710.1
OG0000065	Utg864866_69	WP_015402775.1
OG0000065	Utg859750_21	WP_015402731.1
OG0000067	Utg859388_56	WP_015404777.1
OG0000069	Utg857076_29	WP_015404352.1
OG0000070	Utg859098_224	WP_015405051.1
OG0000070	Utg860006_144	WP_015404487.1, WP_228130013.1
OG0000071	Utg859982_10	WP_015405451.1
OG0000071	Utg860814_115	WP_015402375.1
OG0000072	Utg859982_9	WP_015405452.1
OG0000072	Utg860814_114	WP_015402376.1
OG0000073	Utg861744_37	WP_015405086.1
OG0000073	Utg863716_115	WP_015402677.1
OG0000073	Utg860814_62	WP_015402482.1
OG0000073	Utg864866_41	WP_015403799.1, WP_167320698.1, WP_015402435.1
OG0000075	Utg861744_17	WP_015403341.1
OG0000076	Utg859098_152	WP_015405226.1
OG0000077	Utg857994_161	WP_015404715.1
OG0000078	Utg859982_201, Utg859982_200	WP_015404958.1
OG0000078	Utg860814_279	WP_015402312.1
OG0000078	Utg857152_21	WP_015403864.1
OG0000079	Utg861744_10	WP_015402977.1
OG0000079	Utg859750_81	WP_015405417.1
OG0000079	Utg860006_159	WP_015404623.1
OG0000082	Utg859388_21	WP_015404747.1
OG0000082	Utg859098_98	WP_015405296.1
OG0000085	Utg860814_319, Utg860814_167	WP_153304855.1
OG0000086	Utg860006_109	WP_015403683.1
OG0000087	Utg864866_67	WP_015402777.1
OG0000087	Utg859982_51	WP_015404821.1
OG0000087	Utg858432_79	WP_015405668.1
OG0000088	Utg859098_153	WP_015405225.1
OG0000091	Utg860814_64	WP_015402418.1
OG0000091	Utg859388_68	WP_015404791.1
OG0000092	Utg860814_99	WP_015402386.1
OG0000093	Utg859750_86	WP_015402704.1
OG0000094	Utg858494_66	WP_015404230.1
OG0000094	Utg857994_186	WP_015404703.1
OG0000095	Utg857152_143	WP_015403025.1
OG0000095	Utg860006_150	WP_265588636.1
OG0000096	Utg858498_18	WP_015405356.1
OG0000097	Utg859982_50, Utg859982_49	WP_015404820.1
OG0000097	Utg861744_24	WP_015403348.1
OG0000098	Utg860814_113	WP_015402377.1
OG0000098	Utg859982_8	WP_015405453.1
OG0000099	Utg860814_91	WP_015403552.1
OG0000099	Utg860814_85	WP_015403528.1
OG0000101	Utg865370_31	WP_228130039.1
OG0000101	Utg859750_57	WP_015403666.1
OG0000102	Utg858432_73	WP_015405674.1
OG0000103	Utg857046_198	WP_015404021.1
OG0000104	Utg857994_15	WP_228130081.1
OG0000104	Utg857046_251	WP_015403990.1
OG0000105	Utg859388_70	WP_015404793.1
OG0000105	Utg860814_77	WP_015402408.1
OG0000106	Utg857076_51, Utg857300_18	WP_015403625.1
OG0000106	Utg857046_214	WP_015404007.1
OG0000107	Utg857682_17, Utg857682_16	WP_153304789.1
OG0000107	Utg860814_263, Utg860814_264	WP_052326938.1
OG0000108	Utg858498_15	WP_015405353.1
OG0000108	Utg860814_242	WP_015402336.1
OG0000109	Utg861448_27	WP_015405434.1, WP_015405438.1, WP_265588654.1
OG0000110	Utg859098_150	WP_015405228.1
OG0000112	Utg857152_85	WP_015403936.1
OG0000113	Utg857046_73	WP_015404088.1
OG0000114	Utg858494_132	WP_015404279.1
OG0000114	Utg863716_30	WP_015402582.1
OG0000115	Utg857152_65	WP_015403910.1
OG0000115	Utg860006_127	WP_015404572.1
OG0000116	Utg857152_111	WP_015403565.1, WP_015403958.1
OG0000117	Utg857046_88	WP_015403805.1
OG0000117	Utg864866_33	WP_015403159.1
OG0000118	Utg864866_34	WP_015403158.1
OG0000118	Utg857046_89	WP_015403806.1
OG0000121	Utg857994_106	WP_015403603.1, WP_041916370.1
OG0000121	Utg857994_195	WP_015404050.1
OG0000122	Utg857076_48	WP_015403700.1
OG0000123	Utg859098_151	WP_015405227.1
OG0000126	Utg859388_82	WP_015404803.1
OG0000127	Utg857490_17	WP_015404182.1, WP_015404183.1
OG0000128	Utg863716_100	WP_015402505.1
OG0000128	Utg859098_212	WP_015405039.1
OG0000129	Utg860814_286	WP_015402307.1
OG0000130	Utg864866_91, Utg857992_39	WP_015402762.1
OG0000131	Utg857994_138	WP_153304997.1
OG0000131	Utg859236_14	WP_015404061.1
OG0000132	Utg859098_255	WP_153305005.1
OG0000133	Utg864866_36	WP_228130062.1
OG0000133	Utg857046_90	WP_228130048.1
OG0000134	Utg864866_54	WP_015402789.1
OG0000134	Utg859098_168	WP_015405212.1
OG0000135	Utg857152_96	WP_015403944.1
OG0000136	Utg859098_181	WP_015405013.1
OG0000136	Utg858498_14	WP_015405352.1
OG0000137	Utg857046_87	WP_015403804.1
OG0000137	Utg860814_175, Utg858432_69, Utg857994_122, Utg860814_174, Utg859982_120	WP_015403527.1
OG0000141	Utg857682_146	WP_228130036.1
OG0000142	Utg860814_204	WP_015404601.1
OG0000142	Utg861448_10, Utg861448_11	WP_015405517.1
OG0000143	Utg864866_105	WP_015402647.1
OG0000143	Utg859750_71	WP_015402714.1
OG0000144	Utg859388_32	WP_015404757.1
OG0000144	Utg859388_58	WP_015404779.1
OG0000145	Utg860814_101	WP_015402384.1
OG0000147	Utg859388_78	WP_015404800.1
OG0000149	Utg857300_12	WP_015404202.1
OG0000150	Utg859982_197	WP_015404955.1
OG0000150	Utg857046_26	WP_015404102.1
OG0000150	Utg857152_38	WP_015403878.1
OG0000151	Utg857046_167	WP_015404064.1
OG0000152	Utg860814_109	WP_015402381.1
OG0000152	Utg860814_116	WP_015402374.1
OG0000154	Utg865370_5	WP_015403217.1
OG0000155	Utg859098_381	WP_015404997.1
OG0000155	Utg859098_382	WP_015404996.1
OG0000158	Utg859098_391	WP_015403712.1
OG0000159	Utg857994_88	WP_208598504.1, WP_015404336.1, WP_015403472.1, WP_015403779.1, WP_015405738.1
OG0000160	Utg863716_47	WP_015402570.1
OG0000162	Utg857046_72	WP_041916377.1
OG0000163	Utg861744_18	WP_015403342.1
OG0000163	Utg857076_25	WP_015404356.1
OG0000164	Utg857300_2	WP_015403628.1
OG0000165	Utg859432_36	WP_015402948.1
OG0000166	Utg858432_139	WP_015405604.1
OG0000166	Utg861744_93	WP_015404252.1
OG0000167	Utg859982_154	WP_015404889.1
OG0000169	Utg859982_43	WP_015404816.1
OG0000170	Utg857152_75	WP_015403919.1
OG0000171	Utg859982_151	WP_015404886.1
OG0000171	Utg859982_152	WP_015404887.1
OG0000172	Utg860006_25	WP_015404511.1
OG0000173	Utg861744_119	WP_015403433.1
OG0000174	Utg860814_189	WP_015402361.1
OG0000175	Utg857994_220	WP_208598472.1
OG0000176	Utg861744_133	WP_015403419.1
OG0000178	Utg857046_4	WP_015403012.1
OG0000178	Utg861744_102	WP_167320722.1
OG0000179	Utg859098_69, Utg859098_70	WP_015403164.1
OG0000180	Utg859236_79	WP_015403309.1
OG0000181	Utg857046_168	WP_015404063.1
OG0000182	Utg859388_65	WP_015404788.1
OG0000183	Utg862138_16	WP_208598531.1
OG0000184	Utg859388_167	WP_015403677.1
OG0000184	Utg859236_54	WP_015404418.1
OG0000185	Utg859098_331	WP_015405172.1
OG0000186	Utg859236_122	WP_015403116.1
OG0000186	Utg857994_70	WP_015403686.1
OG0000187	Utg858494_144, Utg858494_131	WP_015404268.1
OG0000188	Utg857152_35	WP_015403875.1
OG0000189	Utg860006_69	WP_015404553.1
OG0000190	Utg859982_184	WP_015404901.1
OG0000191	Utg857152_179	WP_228130031.1
OG0000193	Utg859750_20	WP_015402732.1
OG0000194	Utg861744_61	WP_015402613.1
OG0000194	Utg861744_41	WP_015403363.1
OG0000195	Utg859098_286	WP_167320713.1
OG0000195	Utg860814_283	WP_015402308.1
OG0000196	Utg862138_14	WP_015405758.1
OG0000197	Utg857490_20	WP_015404178.1
OG0000198	Utg857046_189	WP_015404032.1
OG0000198	Utg859098_241	WP_015405101.1
OG0000199	Utg857152_82	WP_015403925.1
OG0000199	Utg859098_216	WP_015405043.1
OG0000200	Utg861744_45	WP_015403368.1
OG0000201	Utg859750_26	WP_015402726.1
OG0000202	Utg857682_175	WP_015403041.1
OG0000202	Utg857300_47	WP_015403516.1
OG0000203	Utg857076_50, Utg857300_19	WP_015403624.1
OG0000203	Utg857076_65	WP_015405501.1
OG0000204	Utg857152_212	WP_167320750.1, WP_041916292.1
OG0000205	Utg857682_46	WP_052326952.1
OG0000209	Utg857046_253	WP_015403972.1
OG0000210	Utg857300_1	WP_153304845.1
OG0000211	Utg859432_43	WP_015402955.1
OG0000212	Utg857046_231, Utg861744_127	WP_015403425.1
OG0000214	Utg862138_34	WP_015403656.1
OG0000215	Utg859982_83	WP_015405467.1
OG0000215	Utg861744_111	WP_015403395.1
OG0000216	Utg857046_32	WP_015404094.1
OG0000217	Utg859236_44	WP_015404433.1
OG0000218	Utg861448_5	WP_015405521.1
OG0000218	Utg857682_32	WP_015403719.1
OG0000218	Utg857682_33	WP_015403718.1
OG0000219	Utg857152_18	WP_015403862.1
OG0000221	Utg860814_94	WP_015402390.1
OG0000222	Utg857076_18	WP_015404363.1
OG0000223	Utg859388_18	WP_015404744.1
OG0000223	Utg857046_78	WP_041916376.1
OG0000224	Utg859982_58	WP_015403713.1
OG0000225	Utg859982_121	WP_228130059.1, WP_015402983.1
OG0000225	Utg864866_44	WP_153304792.1
OG0000226	Utg857152_57	WP_015403895.1
OG0000227	Utg857992_19	WP_015405532.1
OG0000228	Utg857994_154	WP_015404722.1
OG0000229	Utg857682_96	WP_015403080.1
OG0000230	Utg859098_166	WP_015405214.1
OG0000232	Utg859982_75, Utg859982_74	WP_015404828.1
OG0000232	Utg859982_73	WP_228130015.1
OG0000233	Utg859098_376	WP_015405001.1
OG0000233	Utg857682_51	WP_015403097.1
OG0000234	Utg860006_56	WP_015404541.1
OG0000235	Utg863716_45	WP_015402571.1
OG0000235	Utg857152_83	WP_015403933.1
OG0000236	Utg859098_221	WP_015403802.1, WP_015402832.1, WP_015405047.1
OG0000237	Utg861744_115	WP_015403027.1
OG0000237	Utg857682_142	WP_015403550.1
OG0000238	Utg857682_83	WP_015403087.1
OG0000238	Utg857046_99, Utg857682_139	WP_015403615.1
OG0000239	Utg865370_16	WP_015403176.1
OG0000240	Utg859098_373, Utg860814_39	WP_015404338.1
OG0000241	Utg859236_55	WP_015404417.1
OG0000241	Utg859236_102	WP_015404839.1
OG0000242	Utg859098_136	WP_015405234.1
OG0000242	Utg866558_40	WP_015404444.1
OG0000242	Utg859098_132	WP_015405245.1
OG0000243	Utg857682_39, Utg859236_70	WP_015404772.1
OG0000244	Utg859982_52	WP_015404822.1
OG0000245	Utg859098_51, Utg858494_9	WP_208598476.1, WP_228130017.1, WP_228130061.1
OG0000248	Utg859432_49	WP_015402961.1
OG0000250	Utg859098_87	WP_015405307.1
OG0000252	Utg862138_13	WP_015405759.1
OG0000253	Utg858432_42	WP_015405687.1
OG0000256	Utg862138_36	WP_015403654.1
OG0000257	Utg859236_23	WP_015404474.1
OG0000258	Utg859236_13	WP_052327002.1
OG0000258	Utg860814_310, Utg857994_234	WP_041916466.1
OG0000259	Utg860006_137	WP_015404586.1
OG0000260	Utg860814_156	WP_167320763.1
OG0000260	Utg859432_35	WP_015402947.1
OG0000261	Utg857682_145	WP_015403028.1
OG0000261	Utg860006_76	WP_015404558.1
OG0000262	Utg859098_276	WP_015405634.1
OG0000263	Utg857682_148	WP_015403031.1
OG0000264	Utg857152_109	WP_015403956.1
OG0000265	Utg857152_107	WP_015403954.1
OG0000266	Utg857152_69	WP_015403914.1
OG0000268	Utg860814_179	WP_228130027.1
OG0000268	Utg863716_97	WP_015402508.1
OG0000269	Utg858494_54	WP_015404334.1
OG0000269	Utg858494_55	WP_015404333.1
OG0000270	Utg864866_30	WP_015403162.1
OG0000271	Utg857682_56, Utg864866_46	WP_015402792.1
OG0000272	Utg859098_1	WP_015403141.1, WP_015403406.1
OG0000272	Utg859098_2	WP_015404095.1
OG0000273	Utg861448_18	WP_015403232.1
OG0000273	Utg858494_83	WP_015404326.1
OG0000275	Utg857994_171	WP_015404634.1
OG0000275	Utg857994_230, Utg857994_231	WP_015404217.1
OG0000276	Utg859098_22, Utg861448_32	WP_015404460.1
OG0000277	Utg860006_51	WP_015404536.1
OG0000277	Utg860006_41	WP_015404527.1
OG0000278	Utg862138_9	WP_015405763.1
OG0000278	Utg860006_100	WP_015405123.1
OG0000279	Utg859098_135	WP_015405233.1
OG0000279	Utg866558_49	WP_083907283.1
OG0000279	Utg859098_146	WP_015405243.1
OG0000280	Utg859098_117	WP_015405279.1
OG0000280	Utg859098_115	WP_015405280.1
OG0000281	Utg859388_151	WP_015405374.1
OG0000283	Utg861744_134	WP_015403418.1
OG0000284	Utg857300_22	WP_015403619.1
OG0000285	Utg859236_43	WP_015404434.1
OG0000286	Utg860006_77	WP_015404559.1
OG0000288	Utg859098_256	WP_015405114.1
OG0000290	Utg860006_88	WP_015404568.1
OG0000292	Utg857490_19	WP_228130008.1
OG0000293	Utg862138_17	WP_015405755.1
OG0000294	Utg857682_147	WP_015403030.1
OG0000295	Utg860006_49	WP_015404534.1
OG0000296	Utg857152_73	WP_015403918.1
OG0000297	Utg861744_20	WP_015403344.1
OG0000299	Utg862138_30	WP_015405743.1
OG0000300	Utg861744_126	WP_015403426.1
OG0000301	Utg858494_110	WP_228130009.1
OG0000302	Utg863716_14, Utg857076_54	WP_015402586.1
OG0000302	Utg865370_24	WP_015403592.1
OG0000306	Utg859098_129	WP_015405248.1
OG0000307	Utg862138_5	WP_015405767.1
OG0000308	Utg862138_12	WP_015405760.1
OG0000309	Utg858494_46	WP_015403758.1
OG0000310	Utg857994_232	WP_015404633.1, WP_015404219.1, WP_015404235.1
OG0000312	Utg858432_93	WP_015405651.1
OG0000314	Utg862138_10	WP_015405762.1
OG0000316	Utg863716_86	WP_015402519.1
OG0000317	Utg857152_229	WP_015404977.1, WP_015402650.1
OG0000317	Utg859098_266	WP_015405136.1
OG0000317	Utg857152_175	WP_015402674.1
OG0000318	Utg857046_118	WP_015402849.1
OG0000320	Utg857152_126, Utg857152_127	WP_015403444.1
OG0000321	Utg859982_133	WP_015404150.1
OG0000322	Utg859098_38, Utg857994_214	WP_015404641.1
OG0000323	Utg857994_24	WP_015404848.1
OG0000324	Utg859236_88	WP_015404907.1
OG0000325	Utg864866_68	WP_041916275.1
OG0000325	Utg866558_36	WP_015405569.1
OG0000326	Utg859236_22	WP_041916402.1
OG0000327	Utg859982_6	WP_228130085.1
OG0000331	Utg857994_45	WP_015405475.1
OG0000332	Utg857992_26	WP_015405537.1
OG0000333	Utg857152_84	WP_015403934.1
OG0000334	Utg857994_81, Utg861744_27	WP_015403351.1
OG0000335	Utg857152_112	WP_015403959.1
OG0000336	Utg860006_136	WP_015404585.1
OG0000337	Utg862138_52	WP_015405731.1
OG0000338	Utg857152_64	WP_015403909.1
OG0000339	Utg859982_81	WP_015403039.1, WP_015405469.1
OG0000343	Utg858432_41	WP_015405688.1
OG0000344	Utg857046_33	WP_015404093.1
OG0000346	Utg865370_23	WP_015403591.1
OG0000346	Utg863716_15	WP_015402585.1
OG0000348	Utg859076_6	WP_015403564.1
OG0000349	Utg860006_78	WP_015404560.1
OG0000352	Utg857152_37	WP_015403877.1
OG0000353	Utg859982_181	WP_015404899.1
OG0000355	Utg860814_93	WP_015402391.1
OG0000356	Utg859098_215	WP_015405042.1
OG0000357	Utg859432_51	WP_015402963.1
OG0000358	Utg859098_231	WP_015405066.1
OG0000358	Utg857152_203	WP_015403098.1
OG0000359	Utg864866_45	WP_015402603.1
OG0000360	Utg857490_30	WP_015404165.1
OG0000361	Utg859388_64	WP_015404787.1
OG0000363	Utg858432_4	WP_228130024.1
OG0000364	Utg858494_57	WP_015404331.1
OG0000364	Utg863716_12, Utg863716_13	WP_015402587.1
OG0000365	Utg857152_129	WP_015402606.1
OG0000365	Utg864866_79	WP_015402769.1
OG0000366	Utg857152_194	WP_015402662.1
OG0000367	Utg864866_81, Utg864866_80	WP_015402768.1
OG0000368	Utg859098_123	WP_015403213.1
OG0000370	Utg857994_37	WP_015402991.1
OG0000371	Utg857682_144	WP_015403026.1
OG0000371	Utg860814_217, Utg860814_218	WP_167320743.1
OG0000372	Utg857046_248	WP_015403993.1
OG0000373	Utg857046_230	WP_015403994.1
OG0000374	Utg859982_53	WP_015404823.1
OG0000374	Utg857994_113	WP_015403387.1
OG0000375	Utg857152_124	WP_015403509.1
OG0000377	Utg857682_112	WP_015403734.1
OG0000379	Utg859076_60	WP_015404447.1
OG0000380	Utg858498_7	WP_041916449.1
OG0000382	Utg859098_99	WP_015405295.1
OG0000383	Utg857994_131	WP_015405487.1
OG0000384	Utg858432_115	WP_015405623.1
OG0000388	Utg859388_69	WP_015404792.1
OG0000390	Utg859098_259	WP_015405129.1
OG0000391	Utg859388_80	WP_015405595.1
OG0000392	Utg859432_48	WP_015402960.1
OG0000393	Utg859388_122	WP_015405397.1
OG0000394	Utg858432_118	WP_015405620.1
OG0000395	Utg859388_134	WP_015405385.1
OG0000396	Utg857046_205	WP_015404016.1
OG0000397	Utg859098_263	WP_015405133.1
OG0000398	Utg857046_187	WP_015404034.1
OG0000399	Utg857994_19	WP_015404853.1
OG0000400	Utg857994_148	WP_015404727.1
OG0000401	Utg857490_22	WP_015404176.1
OG0000403	Utg859388_57	WP_015404778.1
OG0000404	Utg858432_29	WP_015405699.1
OG0000408	Utg857046_206	WP_015404015.1
OG0000409	Utg859098_197, Utg859098_196	WP_015405028.1
OG0000410	Utg860814_207	WP_015402353.1
OG0000413	Utg862138_42	WP_015403446.1
OG0000414	Utg864866_32	WP_015403280.1, WP_015403160.1
OG0000417	Utg857994_91	WP_015402701.1
OG0000418	Utg862138_20	WP_015405752.1
OG0000419	Utg860006_86	WP_015404566.1
OG0000420	Utg859388_60	WP_167320749.1
OG0000422	Utg857046_203	WP_015404018.1
OG0000423	Utg859098_157	WP_015405222.1
OG0000424	Utg860814_75	WP_015404172.1
OG0000425	Utg858494_44, Utg858432_11	WP_015405708.1
OG0000426	Utg859098_264	WP_015405134.1
OG0000427	Utg857490_6	WP_015404262.1
OG0000428	Utg859388_59	WP_015404780.1
OG0000429	Utg866558_37	WP_015405570.1
OG0000430	Utg859098_145	WP_015405242.1
OG0000430	Utg859098_134	WP_015405409.1, WP_015403469.1, WP_015405232.1
OG0000431	Utg859388_150	WP_015405375.1
OG0000433	Utg857046_260	WP_015403967.1
OG0000434	Utg857046_132	WP_015404078.1
OG0000437	Utg859236_103	WP_015404840.1
OG0000438	Utg859982_174	WP_015404896.1
OG0000439	Utg859982_185	WP_015404902.1
OG0000440	Utg859982_195	WP_015404953.1
OG0000442	Utg859098_172	WP_015405004.1
OG0000444	Utg859098_354	WP_015405195.1
OG0000445	Utg859098_121	WP_015405275.1
OG0000446	Utg859098_100	WP_015405294.1
OG0000447	Utg859388_92	WP_015405423.1
OG0000448	Utg859982_7	WP_015405454.1
OG0000457	Utg864866_63	WP_208598499.1
OG0000458	Utg866558_25	WP_015405560.1
OG0000459	Utg859098_217	WP_015405044.1
OG0000460	Utg858432_142	WP_015405601.1
OG0000461	Utg860814_196	WP_015402359.1
OG0000462	Utg859388_61	WP_015404782.1
OG0000463	Utg859982_12	WP_015405449.1
OG0000465	Utg857046_20	WP_015404108.1
OG0000466	Utg857046_29	WP_015404099.1
OG0000467	Utg861744_129	WP_015403423.1
OG0000468	Utg859982_19	WP_015405442.1
OG0000469	Utg857152_63	WP_015403908.1
OG0000470	Utg858432_109	WP_015405629.1
OG0000471	Utg859750_61	WP_015402724.1
OG0000472	Utg860006_132	WP_015404576.1
OG0000473	Utg861744_130	WP_265588642.1
OG0000474	Utg859098_439, Utg858498_4	WP_015405340.1
OG0000476	Utg857490_27	WP_015404168.1
OG0000477	Utg857046_213	WP_015404008.1
OG0000478	Utg857046_34	WP_015404092.1
OG0000479	Utg859098_352	WP_015405193.1
OG0000480	Utg858494_109	WP_015404302.1
OG0000481	Utg857046_84	WP_015404083.1
OG0000482	Utg857300_27	WP_015403548.1
OG0000485	Utg859098_351	WP_015405192.1
OG0000486	Utg859982_149	WP_015404881.1
OG0000487	Utg859098_195	WP_015405027.1
OG0000488	Utg861744_54	WP_015403375.1
OG0000489	Utg859388_187, Utg858498_21	WP_228130021.1
OG0000490	Utg860814_326	WP_015402294.1
OG0000491	Utg857994_162	WP_015404713.1
OG0000492	Utg857152_223	WP_041916554.1
OG0000493	Utg857152_45	WP_015403885.1
OG0000494	Utg857152_20	WP_015403661.1
OG0000495	Utg859098_239, Utg859098_238	WP_015405099.1
OG0000496	Utg862138_40	WP_015405733.1
OG0000497	Utg858432_129	WP_015405614.1
OG0000498	Utg858432_130	WP_015405613.1
OG0000499	Utg860814_96	WP_015405505.1
OG0000500	Utg858494_89	WP_015404321.1
OG0000501	Utg859388_178	WP_015403989.1
OG0000502	Utg859098_218	WP_015405045.1
OG0000503	Utg859750_73	WP_015403102.1
OG0000504	Utg860814_205	WP_015402354.1
OG0000506	Utg859982_40	WP_015404813.1
OG0000507	Utg859750_83	WP_015402706.1
OG0000508	Utg860006_116, Utg859076_17	WP_015403578.1
OG0000509	Utg861744_21	WP_015403345.1
OG0000510	Utg860814_70	WP_015402412.1
OG0000511	Utg857046_259	WP_015403968.1
OG0000512	Utg857994_18	WP_015404854.1
OG0000514	Utg858432_18	WP_015405704.1
OG0000515	Utg859982_11	WP_015405450.1
OG0000516	Utg860814_197	WP_015402358.1
OG0000517	Utg857076_26	WP_015404355.1
OG0000519	Utg859098_182	WP_015405014.1
OG0000520	Utg859388_149	WP_015405376.1
OG0000521	Utg859098_269	WP_015405139.1
OG0000522	Utg859098_204	WP_015405032.1
OG0000523	Utg859388_10	WP_015404736.1
OG0000524	Utg861744_33	WP_015403357.1
OG0000525	Utg861448_15	WP_015403476.1
OG0000526	Utg863716_87	WP_015402518.1
OG0000527	Utg860006_135	WP_228130012.1
OG0000528	Utg857046_75	WP_052326983.1
OG0000529	Utg857152_76	WP_015403920.1
OG0000530	Utg858432_105	WP_015405633.1
OG0000531	Utg860006_87	WP_015404567.1
OG0000532	Utg860006_54	WP_015404539.1
OG0000533	Utg857152_27, Utg857152_26	WP_015403868.1
OG0000535	Utg857152_185	WP_015402664.1
OG0000537	Utg859098_185	WP_015405017.1
OG0000539	Utg857152_159	WP_015402679.1
OG0000540	Utg859236_26	WP_015404471.1
OG0000542	Utg857152_50	WP_015403888.1
OG0000543	Utg859098_262	WP_015405132.1
OG0000544	Utg861744_125	WP_015403427.1
OG0000545	Utg859750_15	WP_015402736.1
OG0000546	Utg859432_39	WP_015402951.1
OG0000547	Utg860814_120	WP_228130060.1
OG0000549	Utg858498_13	WP_015405349.1
OG0000550	Utg861448_9	WP_015405518.1
OG0000551	Utg860814_267	WP_015402319.1
OG0000552	Utg862138_51, Utg857994_36	WP_167320725.1
OG0000553	Utg857682_87	WP_015402607.1, WP_015403152.1
OG0000554	Utg857152_4	WP_015402643.1
OG0000555	Utg857152_177, Utg857152_176	WP_015402671.1
OG0000556	Utg859982_140	WP_015405411.1, WP_015404875.1
OG0000556	Utg864866_18	WP_015402888.1
OG0000557	Utg859432_2, Utg859982_101	WP_015404678.1, WP_015402968.1, WP_015403490.1
OG0000559	Utg861448_61	WP_015403185.1, WP_015403179.1
OG0000561	Utg865370_11	WP_015403206.1
OG0000562	Utg861744_43	WP_015405527.1, WP_015403366.1, WP_041916336.1, WP_052326966.1
OG0000563	Utg857682_124	WP_015403725.1
OG0000564	Utg859750_48	WP_015403905.1
OG0000566	Utg857152_97	WP_015403945.1
OG0000567	Utg859098_173	WP_015405005.1
OG0000568	Utg859388_45	WP_041916977.1
OG0000568	Utg859098_267	WP_015405137.1
OG0000569	Utg857992_12	WP_015405528.1
OG0000570	Utg857046_194	WP_015405597.1
OG0000571	Utg857300_49	WP_083907217.1
OG0000575	Utg859432_50	WP_015402962.1
OG0000576	Utg865370_28	WP_015403169.1
OG0000577	Utg857994_20	WP_041916988.1
OG0000578	Utg861744_32	WP_015403356.1
OG0000579	Utg861744_19	WP_015403343.1
OG0000580	Utg860814_282	WP_015402309.1
OG0000581	Utg858494_143	WP_015404269.1
OG0000582	Utg859750_11	WP_015402739.1
OG0000583	Utg857490_11	WP_015404258.1
OG0000584	Utg857046_225	WP_015403998.1
OG0000585	Utg857046_226	WP_015403997.1
OG0000586	Utg857046_228	WP_083907252.1
OG0000587	Utg859098_170	WP_015405003.1
OG0000588	Utg857046_250	WP_015403991.1
OG0000589	Utg859982_4	WP_015405457.1
OG0000590	Utg857046_196	WP_015404022.1
OG0000591	Utg859432_41	WP_015402953.1
OG0000592	Utg859098_167	WP_015405213.1
OG0000593	Utg858432_36	WP_015405693.1
OG0000594	Utg857152_39	WP_015403879.1
OG0000595	Utg860006_52	WP_015404537.1
OG0000596	Utg859098_222	WP_015405048.1
OG0000597	Utg859098_240	WP_015405100.1
OG0000598	Utg858432_39	WP_015405690.1
OG0000599	Utg859098_188	WP_015405020.1
OG0000600	Utg863716_90	WP_015402515.1
OG0000601	Utg859432_46	WP_015402958.1
OG0000602	Utg859098_243	WP_015405103.1
OG0000603	Utg860006_130	WP_015404575.1
OG0000604	Utg859750_70	WP_015402715.1
OG0000605	Utg863716_99	WP_083907155.1
OG0000606	Utg865370_35	WP_228130038.1
OG0000607	Utg857152_11	WP_167320733.1
OG0000608	Utg860814_195	WP_228130026.1
OG0000609	Utg857994_166	WP_228130078.1
OG0000610	Utg858494_91	WP_015404319.1
OG0000611	Utg859098_165	WP_015405215.1
OG0000612	Utg866558_22	WP_015405558.1
OG0000613	Utg866558_21	WP_015405557.1
OG0000615	Utg858494_101	WP_015404310.1
OG0000616	Utg858494_99	WP_015404312.1
OG0000617	Utg858494_129	WP_015404282.1
OG0000618	Utg858494_127	WP_015404284.1
OG0000619	Utg858494_126	WP_015404285.1
OG0000620	Utg858494_125	WP_015404286.1
OG0000621	Utg858494_124	WP_015404287.1
OG0000622	Utg859236_96	WP_015404375.1
OG0000623	Utg857994_147	WP_015404728.1
OG0000624	Utg859098_193	WP_015405025.1
OG0000625	Utg859098_192	WP_015405024.1
OG0000626	Utg861744_118	WP_015403434.1
OG0000627	Utg858494_90	WP_015404320.1
OG0000628	Utg859076_34	WP_015402471.1
OG0000630	Utg857152_31	WP_015403871.1
OG0000631	Utg857152_28	WP_015403869.1
OG0000632	Utg859388_81	WP_015404802.1
OG0000633	Utg860814_165	WP_015404414.1
OG0000634	Utg857994_128	WP_015405484.1
OG0000635	Utg859236_17	WP_015404478.1
OG0000637	Utg859388_63	WP_015404786.1
OG0000638	Utg857076_19	WP_015404362.1
OG0000639	Utg859982_5	WP_015405456.1
OG0000640	Utg860006_133	WP_015404578.1
OG0000641	Utg858432_119	WP_015405619.1
OG0000642	Utg857046_24	WP_015404104.1
OG0000643	Utg857994_157	WP_015404719.1
OG0000644	Utg857152_22	WP_015403865.1
OG0000645	Utg857046_27	WP_153304871.1
OG0000646	Utg858432_47	WP_015405682.1
OG0000647	Utg858432_46	WP_015405683.1
OG0000648	Utg858432_43	WP_015405686.1
OG0000649	Utg857994_158	WP_015404718.1
OG0000650	Utg857992_20	WP_015405533.1
OG0000651	Utg859098_261	WP_015405131.1
OG0000652	Utg859388_12	WP_015404738.1
OG0000653	Utg859098_160	WP_041917055.1
OG0000654	Utg859750_12, Utg859750_13	WP_015402738.1
OG0000655	Utg857490_21	WP_015404177.1
OG0000656	Utg860814_287	WP_015402306.1
OG0000657	Utg860814_288	WP_015402305.1
OG0000658	Utg860814_293	WP_015402301.1
OG0000659	Utg860814_294	WP_015402300.1
OG0000660	Utg862138_23	WP_015405750.1
OG0000661	Utg862138_24	WP_015405749.1
OG0000662	Utg859236_80	WP_015404379.1
OG0000664	Utg860006_55	WP_015404540.1
OG0000665	Utg859750_18	WP_015402733.1
OG0000667	Utg857300_3	WP_015403629.1
OG0000668	Utg861448_16	WP_015403715.1
OG0000669	Utg861744_69	WP_015402625.1
OG0000670	Utg858432_31	WP_015405697.1
OG0000671	Utg860006_65	WP_015404549.1
OG0000672	Utg857152_41	WP_015403881.1
OG0000673	Utg859982_38	WP_015404811.1
OG0000674	Utg859236_45	WP_015404432.1
OG0000675	Utg858432_131	WP_015405612.1
OG0000676	Utg859098_162	WP_015405218.1
OG0000677	Utg858494_106	WP_015404305.1
OG0000678	Utg858494_107	WP_015404304.1
OG0000679	Utg866558_16	WP_015405552.1
OG0000680	Utg857490_9	WP_015404260.1
OG0000681	Utg858494_138	WP_208598517.1
OG0000682	Utg858494_139	WP_015404273.1
OG0000683	Utg860006_24	WP_015404510.1
OG0000684	Utg857152_110	WP_015403957.1
OG0000685	Utg858494_115	WP_015404296.1
OG0000686	Utg858494_58	WP_015404330.1
OG0000687	Utg858494_119	WP_015404292.1
OG0000688	Utg858494_121	WP_015404290.1
OG0000689	Utg858494_122	WP_015404289.1
OG0000690	Utg857300_51	WP_015403507.1
OG0000691	Utg858494_135	WP_015404277.1
OG0000692	Utg857152_13	WP_015403857.1
OG0000693	Utg857682_77	WP_015403094.1
OG0000694	Utg857046_223	WP_015404000.1
OG0000695	Utg861744_138	WP_153304833.1
OG0000696	Utg857682_78	WP_015403092.1
OG0000697	Utg857152_72	WP_015403917.1
OG0000698	Utg866558_23	WP_228130088.1
OG0000699	Utg857992_14	WP_015405529.1
OG0000700	Utg857994_23	WP_015404849.1
OG0000701	Utg859982_145	WP_015404878.1
OG0000702	Utg863716_85	WP_015402520.1
OG0000704	Utg858432_50	WP_015405679.1
OG0000705	Utg858432_49	WP_015405680.1
OG0000706	Utg858432_48	WP_015405681.1
OG0000707	Utg858432_45	WP_015405684.1
OG0000708	Utg858432_38	WP_015405691.1
OG0000709	Utg859098_244	WP_015405104.1
OG0000710	Utg858432_137	WP_015405606.1
OG0000711	Utg857300_58	WP_015403495.1
OG0000712	Utg859098_194	WP_015405026.1
OG0000713	Utg859388_72	WP_015404795.1
OG0000714	Utg859388_74	WP_083907296.1
OG0000715	Utg857490_10	WP_015404259.1
OG0000716	Utg857490_8	WP_015404261.1
OG0000717	Utg858494_142	WP_015404270.1
OG0000718	Utg858494_141	WP_015404271.1
OG0000719	Utg858494_140	WP_015404272.1
OG0000720	Utg858494_137	WP_015404275.1
OG0000721	Utg858494_134	WP_015404278.1
OG0000722	Utg858494_130	WP_015404280.1
OG0000723	Utg858494_128	WP_015404283.1
OG0000724	Utg858494_123	WP_015404288.1
OG0000725	Utg858494_120	WP_015404291.1
OG0000726	Utg858494_118	WP_015404293.1
OG0000727	Utg858494_114	WP_015404297.1
OG0000728	Utg858494_113	WP_015404298.1
OG0000729	Utg858494_112	WP_015404299.1
OG0000730	Utg858494_111	WP_015404300.1
OG0000731	Utg858494_105	WP_015404306.1
OG0000732	Utg858494_104	WP_015404307.1
OG0000733	Utg858494_103	WP_015404308.1
OG0000734	Utg860814_296	WP_015402298.1
OG0000735	Utg857994_165	WP_041916957.1
OG0000736	Utg860814_280	WP_015402311.1
OG0000737	Utg860814_290	WP_015402304.1
OG0000738	Utg859432_37	WP_015402949.1
OG0000739	Utg859098_184	WP_015405016.1
OG0000740	Utg857046_195	WP_015404023.1
OG0000741	Utg857152_47	WP_015403887.1
OG0000742	Utg857046_188	WP_015404033.1
OG0000743	Utg857490_15	WP_015404254.1
OG0000744	Utg860006_53	WP_015404538.1
OG0000745	Utg859388_139	WP_015405381.1
OG0000746	Utg859098_235	WP_015405095.1
OG0000747	Utg857994_151	WP_015404724.1
OG0000748	Utg857994_150	WP_015404725.1
OG0000749	Utg857152_184	WP_083907163.1
OG0000750	Utg861744_131	WP_015403421.1
OG0000751	Utg861744_128	WP_015403424.1
OG0000752	Utg863716_108	WP_015402484.1
OG0000753	Utg859982_134	WP_015404859.1
OG0000754	Utg865370_30	WP_015403167.1
OG0000755	Utg865370_29	WP_228130063.1
OG0000756	Utg859098_377	WP_041916433.1
OG0000757	Utg857046_201	WP_015404019.1
OG0000758	Utg861744_34	WP_015403358.1
OG0000759	Utg863716_91	WP_015402514.1
OG0000760	Utg864866_56	WP_015402787.1
OG0000761	Utg865370_36	WP_015403142.1
OG0000762	Utg857152_182	WP_015402667.1
OG0000763	Utg857152_181	WP_015402668.1
OG0000764	Utg857152_103	WP_015403950.1
OG0000766	Utg861744_46	WP_015403369.1
OG0000767	Utg860814_97	WP_015402388.1
OG0000768	Utg858432_125	WP_015405616.1
OG0000769	Utg858494_100	WP_015404311.1
OG0000770	Utg858494_98	WP_015404313.1
OG0000771	Utg858494_97	WP_015404314.1
OG0000772	Utg858494_95	WP_015404315.1
OG0000773	Utg858494_94	WP_015404316.1
OG0000774	Utg858494_93	WP_015404317.1
OG0000775	Utg857152_8	WP_015403854.1
OG0000776	Utg858432_16	WP_228130023.1
OG0000777	Utg858432_17	WP_015405705.1
OG0000778	Utg859076_36	WP_015402473.1
OG0000779	Utg859236_39	WP_015404446.1
OG0000780	Utg857994_34	WP_015405473.1
OG0000781	Utg859388_66	WP_015404789.1
OG0000782	Utg857152_113	WP_015403960.1
OG0000783	Utg859098_319	WP_015405149.1
OG0000784	Utg864866_53	WP_015402790.1
OG0000785	Utg864866_52	WP_015402791.1
OG0000787	Utg858432_7	WP_228130090.1
OG0000789	Utg858432_136	WP_015405607.1
OG0000790	Utg857152_24	WP_015403866.1
OG0000791	Utg857152_172	WP_015402492.1, WP_015402610.1
OG0000792	Utg858432_138	WP_015405605.1
OG0000793	Utg860814_257	WP_015402327.1
OG0000794	Utg859098_248	WP_015405108.1
OG0000795	Utg859236_57	WP_015404416.1
OG0000796	Utg859388_11	WP_015404737.1
OG0000797	Utg859098_321	WP_015405151.1
OG0000798	Utg864866_5	WP_015402907.1
OG0000799	Utg859236_84	WP_015404376.1
OG0000800	Utg857300_48	WP_015403515.1
OG0000801	Utg858432_94	WP_015405649.1
OG0000802	Utg859982_39	WP_015404812.1
OG0000803	Utg862138_37	WP_041917156.1
OG0000804	Utg857300_38	WP_015403522.1
OG0000805	Utg857994_194	WP_015402755.1, WP_015404212.1, WP_015403131.1
OG0000806	Utg861744_35	WP_015403359.1
OG0000807	Utg857994_156	WP_167320747.1
OG0000808	Utg858494_59	WP_015404329.1
OG0000809	Utg859076_29	WP_015402465.1
OG0000810	Utg859388_28	WP_015404753.1
OG0000811	Utg859076_28	WP_015402464.1
OG0000813	Utg859236_28	WP_015404469.1
OG0000815	Utg859098_270	WP_015405140.1
OG0000816	Utg861744_39	WP_015403361.1
OG0000817	Utg861744_55	WP_015403376.1
OG0000818	Utg859982_206	WP_015404964.1
OG0000819	Utg859098_237	WP_015405097.1
OG0000820	Utg861744_11	WP_015403336.1
OG0000822	Utg857490_29	WP_015404166.1
OG0000823	Utg857490_26	WP_015404169.1
OG0000825	Utg860006_60	WP_015404545.1
OG0000826	Utg859098_398	WP_015402880.1
OG0000827	Utg857992_34	WP_015405545.1
OG0000828	Utg857992_33	WP_015405544.1
OG0000829	Utg857992_32	WP_015405543.1
OG0000830	Utg857992_31	WP_015405542.1
OG0000831	Utg857992_30	WP_041916459.1
OG0000832	Utg857992_29	WP_015405540.1
OG0000833	Utg862138_6	WP_015405766.1
OG0000834	Utg860814_211	WP_015402351.1
OG0000836	Utg859982_37	WP_015404810.1
OG0000837	Utg857994_149	WP_015404726.1
OG0000838	Utg859750_78	WP_015402709.1
OG0000839	Utg857994_159	WP_015404717.1
OG0000841	Utg861744_104	WP_015403390.1
OG0000842	Utg859982_143	WP_015404877.1
OG0000843	Utg859098_186	WP_015405018.1
OG0000844	Utg866558_19	WP_015405555.1
OG0000845	Utg866558_18	WP_015405554.1
OG0000846	Utg866558_15	WP_015405551.1
OG0000847	Utg857046_200	WP_015404020.1
OG0000848	Utg859098_198	WP_015405029.1
OG0000849	Utg860814_241	WP_015402337.1
OG0000850	Utg865370_6	WP_015403211.1
OG0000851	Utg859432_52	WP_015402964.1
OG0000852	Utg862138_31	WP_015405742.1
OG0000853	Utg862138_25	WP_015405748.1
OG0000854	Utg859098_156	WP_015405223.1
OG0000855	Utg862138_22	WP_015405751.1
OG0000856	Utg859098_158	WP_015405221.1
OG0000857	Utg866558_50, Utg860006_64	WP_015404548.1
OG0000858	Utg857152_16	WP_015403860.1
OG0000860	Utg857152_108	WP_015403955.1
OG0000861	Utg862138_32	WP_015405741.1
OG0000862	Utg857046_249	WP_015403992.1
OG0000863	Utg858498_11	WP_015405347.1
OG0000864	Utg857152_40	WP_015403880.1
OG0000865	Utg859432_45	WP_015402957.1
OG0000866	Utg861744_123	WP_015403430.1
OG0000867	Utg857152_66	WP_015403911.1
OG0000868	Utg858432_141	WP_015405602.1
OG0000869	Utg858494_136	WP_015404276.1
OG0000870	Utg857152_7	WP_167320732.1
OG0000871	Utg860814_295	WP_015402299.1
OG0000872	Utg859076_32	WP_153304786.1
OG0000873	Utg858432_134	WP_015405609.1
OG0000874	Utg859982_42	WP_041916421.1
OG0000875	Utg862138_27	WP_015405746.1
OG0000876	Utg858498_10	WP_015405346.1
OG0000877	Utg859750_69	WP_167320708.1
OG0000878	Utg861744_25	WP_015403349.1
OG0000879	Utg859098_208	WP_015405036.1
OG0000880	Utg857682_177	WP_015404455.1
OG0000881	Utg857046_136	WP_015404074.1
OG0000882	Utg857076_30	WP_015404351.1
OG0000883	Utg857076_22	WP_015404359.1
OG0000884	Utg864866_4	WP_015402908.1
OG0000886	Utg857152_198	WP_015402656.1
OG0000888	Utg860814_18	WP_015402439.1
OG0000889	Utg857046_218	WP_015404003.1
OG0000890	Utg859388_129	WP_015405391.1
OG0000891	Utg857046_227	WP_041916368.1
OG0000892	Utg858432_33, Utg858432_32	WP_265588656.1
OG0000893	Utg858432_44	WP_015405685.1
OG0000894	Utg857300_13	WP_015404989.1
OG0000895	Utg859432_42	WP_015402954.1
OG0000896	Utg862138_41	WP_015405732.1
OG0000898	Utg857682_75	WP_015403096.1
OG0000899	Utg857992_27	WP_208598530.1
OG0000900	Utg857076_21	WP_015404360.1
OG0000901	Utg857076_69, Utg860814_111	WP_015402379.1
OG0000902	Utg860814_108	WP_015402382.1
OG0000903	Utg860814_106	WP_015402383.1
OG0000904	Utg860814_95	WP_015402389.1
OG0000905	Utg859388_147	WP_015405378.1
OG0000906	Utg859750_75, Utg859750_76	WP_015402711.1
OG0000907	Utg859750_22	WP_015402730.1
OG0000909	Utg857682_174	WP_015403808.1
OG0000909	Utg859982_46	WP_015403040.1
OG0000910	Utg865370_34	WP_015403150.1
OG0000912	Utg857152_121	WP_015403511.1
OG0000913	Utg857076_64	WP_015405502.1
OG0000914	Utg857300_37	WP_015403535.1
OG0000915	Utg857300_28	WP_015403543.1
OG0000916	Utg857046_100	WP_015403614.1
OG0000917	Utg857152_100	WP_015403948.1
OG0000918	Utg859388_177	WP_015403988.1
OG0000919	Utg857046_215	WP_015404006.1
OG0000920	Utg859236_11	WP_015404640.1
OG0000920	Utg859098_42	WP_015404042.1
OG0000922	Utg857046_134	WP_015404076.1
OG0000923	Utg857046_22	WP_015404106.1
OG0000924	Utg857994_213	WP_015404632.1
OG0000925	Utg860006_89	WP_167320729.1
OG0000925	Utg859982_172	WP_015404894.1
OG0000926	Utg857046_96	WP_015404659.1
OG0000928	Utg859388_85	WP_015404804.1
OG0000929	Utg857994_22	WP_015404850.1
OG0000929	Utg857994_21	WP_015404851.1
OG0000930	Utg859098_247	WP_015405107.1
OG0000931	Utg859098_329	WP_015405170.1
OG0000932	Utg859098_126	WP_015405251.1
OG0000932	Utg857046_154	WP_015405204.1
OG0000933	Utg859098_75	WP_015405319.1
OG0000934	Utg859076_51, Utg859098_66, Utg859098_67	WP_015405326.1
OG0000935	Utg859388_184, Utg858498_24	WP_015405361.1
OG0000936	Utg859982_80	WP_015405470.1
OG0000937	Utg857994_136	WP_015405491.1
OG0000938	Utg859388_174	WP_015405506.1
OG0000939	Utg858432_107	WP_015405631.1
OG0000940	Utg857076_11	WP_052326950.1
OG0000941	Utg857490_16	WP_052326989.1
OG0000942	Utg859982_168, Utg859982_167	WP_153304905.1
OG0000943	Utg859098_328	WP_153304907.1
OG0000944	Utg858432_128	WP_265588652.1
OG0000963	Utg857152_106	WP_015403953.1
OG0000964	Utg859982_41	WP_015404814.1
OG0000966	Utg857076_3, Utg859236_131	WP_015402855.1
OG0000968	Utg859098_189	WP_015405021.1
OG0000970	Utg857490_24	WP_015404174.1
OG0000971	Utg859432_47	WP_015402959.1
OG0000972	Utg859098_228	WP_015405054.1
OG0000974	Utg866558_24	WP_041916461.1
OG0000976	Utg860006_128	WP_153304895.1
OG0000977	Utg859098_362	WP_015405209.1
OG0000980	Utg857992_22	WP_015405535.1
OG0000981	Utg861744_44	WP_015403367.1
OG0000982	Utg861744_47	WP_015403370.1
OG0000983	Utg858432_111	WP_015405627.1
OG0000985	Utg862138_15	WP_153304930.1
OG0000986	Utg858432_104	WP_015405637.1
OG0000987	Utg859098_268	WP_015405138.1
OG0000988	Utg859750_14	WP_015402737.1
OG0000989	Utg859098_265	WP_015405135.1
OG0000990	Utg861744_40	WP_015403362.1
OG0000991	Utg859432_40	WP_015402952.1
OG0000992	Utg858432_34	WP_015405695.1
OG0000994	Utg858494_108	WP_015404303.1
OG0000995	Utg858494_117	WP_015404294.1
OG0000996	Utg857046_68	WP_015404090.1
OG0000998	Utg859982_156	WP_015404890.1
OG0000999	Utg857152_210	WP_015404871.1, WP_153304944.1
OG0001000	Utg858494_116	WP_015404295.1
OG0001001	Utg857152_125	WP_015403965.1
OG0001002	Utg860814_291	WP_015402303.1
OG0001003	Utg860006_165	WP_015404627.1
OG0001004	Utg864866_85	WP_015402764.1
OG0001005	Utg864866_84	WP_015402765.1
OG0001006	Utg857300_4	WP_015403630.1
OG0001007	Utg858432_135	WP_015405608.1
OG0001008	Utg859982_204	WP_015404961.1
OG0001009	Utg859982_203	WP_015404960.1
OG0001011	Utg863716_109	WP_015402483.1
OG0001012	Utg860814_60	WP_041916502.1
OG0001013	Utg860814_19, Utg860814_20	WP_052326942.1
OG0001014	Utg858432_10	WP_015405709.1
OG0001017	Utg859388_91	WP_015405424.1
OG0001018	Utg859750_68	WP_015402717.1
OG0001019	Utg859388_67	WP_015404790.1
OG0001020	Utg861744_59	WP_015402612.1
OG0001022	Utg857046_31	WP_015404097.1
OG0001023	Utg861744_135	WP_015403416.1
OG0001024	Utg860006_134	WP_015404583.1
OG0001026	Utg857994_126, Utg857994_125	WP_015405482.1
OG0001027	Utg857076_42	WP_015404342.1
OG0001029	Utg857992_28	WP_015405539.1
OG0001030	Utg861744_137	WP_153304834.1
OG0001033	Utg859098_260	WP_015405130.1
OG0001034	Utg861744_53	WP_015403374.1
OG0001035	Utg861744_22	WP_015403346.1
OG0001036	Utg857152_102, Utg857152_101	WP_015403949.1
OG0001038	Utg857300_56	WP_015403497.1
OG0001039	Utg858432_117	WP_015405621.1
OG0001040	Utg858494_92	WP_015404318.1
OG0001041	Utg859388_87	WP_015404806.1
OG0001045	Utg859388_15	WP_015404741.1
OG0001046	Utg866558_26	WP_167320764.1
OG0001048	Utg858432_90	WP_052327029.1
OG0001049	Utg859236_98	WP_015404374.1
OG0001052	Utg857152_158	WP_015402680.1
OG0001053	Utg857994_209	WP_015404629.1
OG0001054	Utg858432_21	WP_015405702.1
OG0001056	Utg859098_437, Utg858498_1	WP_015405405.1
OG0001057	Utg857682_14	WP_015403900.1
OG0001058	Utg859388_14	WP_015404740.1
OG0001059	Utg857682_92	WP_015403083.1
OG0001060	Utg861448_4	WP_015405522.1
OG0001063	Utg859982_72	WP_015404826.1
OG0001065	Utg859236_29	WP_015404468.1
OG0001066	Utg858432_35	WP_015405694.1
OG0001067	Utg859982_135, Utg859982_136	WP_228130016.1
OG0001068	Utg859098_273	WP_015405143.1
OG0001069	Utg859982_176	WP_015404898.1
OG0001070	Utg859076_33	WP_015402470.1
OG0001071	Utg860814_250, Utg860814_268, Utg860814_269	WP_015402318.1
OG0001072	Utg860814_262	WP_015402324.1
OG0001073	Utg859982_126	WP_015402549.1
OG0001074	Utg859432_79	WP_015405057.1
OG0001075	Utg859098_419	WP_015402659.1
OG0001076	Utg857152_183	WP_015402666.1
OG0001077	Utg858432_152, Utg864866_72	WP_015402773.1
OG0001079	Utg857076_6	WP_015402875.1, WP_015402854.1
OG0001080	Utg857152_222	WP_015402899.1
OG0001083	Utg865370_14	WP_015403203.1
OG0001084	Utg865370_12	WP_015403205.1
OG0001085	Utg864866_113	WP_015403452.1
OG0001086	Utg864866_114	WP_015403453.1
OG0001088	Utg857300_53	WP_015403505.1
OG0001089	Utg860006_113	WP_015403555.1
OG0001091	Utg857076_49, Utg857300_21	WP_015403620.1
OG0001093	Utg857046_261	WP_015403966.1
OG0001095	Utg858494_86	WP_015404324.1
OG0001096	Utg858494_56	WP_015404332.1
OG0001098	Utg859098_10	WP_015404428.1
OG0001100	Utg857994_163	WP_015404712.1
OG0001101	Utg859388_71	WP_015404794.1
OG0001102	Utg859982_77	WP_015404831.1
OG0001104	Utg859098_190	WP_015405022.1
OG0001105	Utg859098_253	WP_015405112.1
OG0001106	Utg859098_254	WP_015405113.1
OG0001107	Utg859098_317	WP_015405147.1
OG0001108	Utg859098_326	WP_015405167.1
OG0001109	Utg859098_327	WP_015405168.1
OG0001110	Utg859098_330	WP_015405171.1
OG0001111	Utg859098_353	WP_015405194.1
OG0001112	Utg859098_125	WP_015405252.1
OG0001113	Utg858432_78	WP_015405271.1, WP_015405669.1
OG0001114	Utg859098_97	WP_015405297.1
OG0001115	Utg858498_5	WP_015405341.1
OG0001116	Utg859982_18	WP_015405443.1
OG0001117	Utg859982_15	WP_015405447.1
OG0001118	Utg857992_11	WP_015405526.1
OG0001119	Utg858432_116	WP_015405622.1
OG0001120	Utg862138_29	WP_015405744.1
OG0001121	Utg861448_2	WP_041916456.1
OG0001122	Utg857046_148	WP_041916785.1
OG0001123	Utg858432_149, Utg857046_125	WP_153304801.1
OG0001124	Utg859098_252	WP_228130020.1
OG0001125	Utg863716_62	WP_228130028.1
OG0001126	Utg860814_1	WP_228130033.1, WP_228130032.1
OG0001127	Utg857994_16	WP_228130080.1
OG0001142	Utg858432_30	WP_015405698.1
OG0001143	Utg863716_34	WP_015402577.1
OG0001144	Utg864866_58	WP_015402786.1
OG0001145	Utg857994_153	WP_167320748.1
OG0001148	Utg858494_34	WP_015403121.1
OG0001150	Utg859236_99	WP_015404373.1
OG0001152	Utg857992_36	WP_015405547.1
OG0001153	Utg861744_68	WP_015402622.1
OG0001154	Utg857152_46	WP_015403886.1
OG0001155	Utg859098_278	WP_015405636.1
OG0001156	Utg859098_49, Utg857994_218	WP_015403195.1
OG0001157	Utg861744_62	WP_015402616.1
OG0001159	Utg859076_30	WP_015402466.1
OG0001160	Utg859750_16	WP_015402735.1
OG0001161	Utg859388_73	WP_015404796.1
OG0001164	Utg859098_272	WP_015405142.1
OG0001165	Utg860814_188	WP_015402362.1
OG0001166	Utg860006_27	WP_015404513.1
OG0001168	Utg860814_59, Utg860814_58	WP_015402423.1
OG0001169	Utg860814_65	WP_015402417.1
OG0001171	Utg861744_94	WP_015402630.1
OG0001172	Utg861744_66	WP_228130030.1
OG0001173	Utg861744_65	WP_015402619.1
OG0001174	Utg861744_96	WP_015402632.1
OG0001176	Utg857682_11	WP_015404381.1
OG0001178	Utg859098_86	WP_015405308.1
OG0001179	Utg860814_117	WP_015402373.1
OG0001182	Utg857300_43, Utg857300_42	WP_015403519.1
OG0001183	Utg857046_19	WP_167320739.1
OG0001184	Utg857046_170	WP_015404058.1, WP_015404057.1
OG0001189	Utg857152_160	WP_015402678.1
OG0001192	Utg866558_38	WP_015405571.1
OG0001195	Utg862138_54	WP_167320742.1
OG0001197	Utg860814_292	WP_015402302.1
OG0001198	Utg860814_255	WP_015402329.1
OG0001199	Utg860814_226, Utg860814_227	WP_015402348.1
OG0001200	Utg860814_110	WP_015402380.1
OG0001201	Utg857152_180	WP_015402453.1
OG0001202	Utg863716_82	WP_015402523.1
OG0001203	Utg863716_48	WP_015402569.1
OG0001207	Utg859098_421	WP_015402661.1
OG0001208	Utg859750_84	WP_015402705.1
OG0001209	Utg864866_66	WP_015402781.1
OG0001210	Utg857152_144	WP_015402794.1
OG0001211	Utg857152_92	WP_015402807.1, WP_015403589.1, WP_015402816.1, WP_015405419.1, WP_015404761.1
OG0001212	Utg863716_133, Utg857076_2, Utg859236_130	WP_015402856.1
OG0001213	Utg863716_132, Utg857076_1, Utg859236_129	WP_015402857.1
OG0001214	Utg857300_16	WP_015402862.1
OG0001214	Utg860814_225	WP_015402871.1
OG0001215	Utg864866_15	WP_015402891.1
OG0001216	Utg857152_219	WP_015403335.1, WP_015404868.1, WP_015402902.1
OG0001218	Utg859388_143	WP_015403005.1
OG0001222	Utg857682_95	WP_015403081.1
OG0001223	Utg857682_76	WP_015403095.1
OG0001224	Utg857994_133	WP_015405488.1
OG0001224	Utg859982_28	WP_015403478.1, WP_015403147.1
OG0001226	Utg860814_13	WP_015403646.1
OG0001229	Utg857994_82, Utg861744_26	WP_015403350.1
OG0001230	Utg861744_52	WP_015403373.1
OG0001232	Utg857300_52	WP_015403506.1
OG0001233	Utg860006_75	WP_015403549.1
OG0001234	Utg860814_89, Utg860814_84	WP_015403554.1
OG0001235	Utg857994_105	WP_015403602.1, WP_015404027.1
OG0001236	Utg857076_53, Utg857300_20	WP_015403621.1
OG0001237	Utg857076_52, Utg857300_17	WP_015403626.1
OG0001238	Utg863716_56	WP_015403638.1
OG0001239	Utg860006_48	WP_015403722.1
OG0001242	Utg857152_25	WP_015403867.1
OG0001243	Utg857152_44	WP_015403884.1
OG0001244	Utg857152_55	WP_015403893.1
OG0001245	Utg857152_67	WP_015403912.1
OG0001246	Utg857152_104	WP_015403951.1
OG0001247	Utg857046_254	WP_015403971.1
OG0001248	Utg857046_211	WP_015404010.1
OG0001249	Utg857046_131	WP_015404079.1
OG0001252	Utg857076_31	WP_015404350.1
OG0001253	Utg857076_28	WP_015404353.1
OG0001254	Utg857076_24	WP_015404357.1
OG0001255	Utg859236_60	WP_015404406.1
OG0001256	Utg859236_47	WP_015404430.1
OG0001257	Utg859236_42	WP_015404435.1
OG0001258	Utg859236_19	WP_015404476.1
OG0001259	Utg859236_18	WP_015404477.1
OG0001260	Utg860006_26	WP_015404512.1
OG0001261	Utg860006_47	WP_015404532.1
OG0001262	Utg860006_58	WP_015404543.1
OG0001263	Utg860006_85	WP_015404564.1
OG0001264	Utg860006_166	WP_015404628.1
OG0001265	Utg857994_240, Utg860006_175, Utg857994_239	WP_015404683.1
OG0001266	Utg857994_143	WP_015404731.1
OG0001267	Utg863716_43	WP_015404755.1
OG0001268	Utg859982_36	WP_015404809.1
OG0001269	Utg859982_196	WP_015404954.1
OG0001270	Utg857682_152	WP_015404970.1
OG0001271	Utg859098_211	WP_015405038.1
OG0001272	Utg859098_223	WP_015405050.1
OG0001273	Utg859098_180	WP_015405065.1
OG0001274	Utg859098_242	WP_015405102.1
OG0001275	Utg859098_312	WP_015405144.1
OG0001276	Utg859098_323	WP_015405165.1
OG0001277	Utg859098_324	WP_015405166.1
OG0001278	Utg859098_332	WP_015405173.1
OG0001279	Utg859098_333	WP_015405174.1
OG0001280	Utg859098_339	WP_015405180.1
OG0001281	Utg859098_355	WP_015405196.1
OG0001282	Utg859098_356	WP_015405197.1
OG0001283	Utg859098_359	WP_015405206.1
OG0001284	Utg859098_108	WP_015405287.1
OG0001285	Utg859098_107	WP_015405288.1
OG0001286	Utg859098_106	WP_015405289.1
OG0001287	Utg859098_103	WP_015405292.1
OG0001288	Utg859098_102	WP_015405293.1
OG0001289	Utg859098_90	WP_015405304.1
OG0001290	Utg859098_89	WP_015405305.1
OG0001291	Utg858498_8	WP_015405344.1
OG0001292	Utg858498_9	WP_015405345.1
OG0001293	Utg858498_12	WP_015405348.1
OG0001294	Utg859388_148	WP_015405377.1
OG0001296	Utg857076_63	WP_015405503.1
OG0001297	Utg857076_62	WP_015405504.1
OG0001298	Utg866558_17	WP_015405553.1
OG0001299	Utg866558_35	WP_015405568.1
OG0001300	Utg857046_102	WP_015405639.1, WP_228130004.1
OG0001301	Utg862138_7	WP_015405765.1
OG0001302	Utg857152_58	WP_041916361.1
OG0001303	Utg866558_30	WP_041916463.1
OG0001304	Utg860814_98	WP_052326940.1
OG0001305	Utg860814_105	WP_083907266.1
OG0001306	Utg862138_26	WP_153304929.1
OG0001307	Utg864866_51	WP_167320711.1
OG0001308	Utg857152_105	WP_167320735.1
OG0001309	Utg859388_136	WP_208598477.1
OG0001310	Utg859098_214	WP_228130019.1
OG0001332	Utg860006_156	WP_052326998.1
OG0001335	Utg858432_103, Utg858432_102	WP_015405638.1
OG0001338	Utg857994_169	WP_015404706.1, WP_015404240.1
OG0001339	Utg858432_95	WP_015405648.1
OG0001340	Utg859236_59	WP_015404407.1
OG0001341	Utg859098_277	WP_015405635.1
OG0001342	Utg859098_336	WP_167320758.1
OG0001344	Utg857152_14	WP_015403859.1
OG0001345	Utg859236_15	WP_015404126.1, WP_208598465.1
OG0001346	Utg860006_68	WP_015404552.1
OG0001347	Utg859236_34	WP_015404452.1
OG0001348	Utg864866_27	WP_015402882.1
OG0001352	Utg857152_79	WP_083907249.1
OG0001353	Utg860814_78	WP_015402407.1
OG0001354	Utg860814_71	WP_015402411.1
OG0001355	Utg859098_246	WP_015405106.1
OG0001359	Utg861744_95	WP_015402631.1
OG0001362	Utg862138_55	WP_015404426.1
OG0001363	Utg866558_33	WP_153304920.1
OG0001364	Utg859236_27	WP_015404470.1
OG0001367	Utg861744_31	WP_015403355.1
OG0001369	Utg857152_89	WP_015403939.1
OG0001370	Utg861744_13	WP_015403338.1
OG0001371	Utg861744_58	WP_015402611.1
OG0001378	Utg859388_130	WP_015405390.1
OG0001384	Utg861744_132	WP_015403420.1
OG0001385	Utg860814_76	WP_015402409.1
OG0001387	Utg861448_22, Utg863716_95	WP_015402510.1
OG0001390	Utg857994_145	WP_015404729.1
OG0001391	Utg857300_9	WP_015403664.1
OG0001394	Utg860814_328	WP_015402293.1
OG0001395	Utg860814_281	WP_015402310.1
OG0001396	Utg860814_266	WP_015402320.1
OG0001397	Utg862138_4	WP_015402330.1
OG0001398	Utg860814_238	WP_015402341.1
OG0001399	Utg860814_228	WP_041916246.1, WP_015402347.1
OG0001400	Utg859236_77	WP_015402356.1, WP_015402357.1
OG0001401	Utg860814_187	WP_015402363.1
OG0001402	Utg860814_80	WP_015402406.1
OG0001403	Utg863716_83	WP_015402522.1
OG0001404	Utg863716_81	WP_015402524.1
OG0001405	Utg863716_79	WP_015402526.1
OG0001406	Utg863716_78	WP_015402527.1
OG0001407	Utg863716_57	WP_015402550.1
OG0001408	Utg863716_55	WP_015405268.1, WP_015402566.1
OG0001409	Utg863716_44	WP_015402572.1
OG0001410	Utg861744_71	WP_015402627.1
OG0001411	Utg859388_52	WP_015402634.1
OG0001412	Utg857152_204	WP_015402655.1
OG0001414	Utg857152_178	WP_015402670.1
OG0001415	Utg859750_82	WP_015402707.1
OG0001416	Utg859750_62	WP_015402723.1
OG0001417	Utg857994_196	WP_015404679.1, WP_015402757.1
OG0001418	Utg864866_83	WP_015402766.1
OG0001419	Utg857152_217	WP_015404866.1
OG0001420	Utg857152_218	WP_015404867.1, WP_015402901.1
OG0001421	Utg859432_73, Utg859432_72	WP_015402984.1
OG0001422	Utg859982_29	WP_015403148.1
OG0001422	Utg857994_134	WP_015405489.1
OG0001424	Utg865370_15	WP_015403202.1
OG0001425	Utg865370_3	WP_015403218.1
OG0001426	Utg860814_192	WP_015403288.1
OG0001427	Utg863716_67	WP_015403323.1
OG0001429	Utg861744_51	WP_015403372.1
OG0001430	Utg859098_3	WP_015403607.1, WP_015403407.1
OG0001431	Utg859098_4	WP_015403408.1
OG0001431	Utg864866_9	WP_015403612.1
OG0001433	Utg859098_6	WP_015403462.1
OG0001434	Utg857300_55	WP_015403502.1
OG0001437	Utg864866_14	WP_015403599.1
OG0001438	Utg864866_71, Utg860006_124	WP_015403659.1
OG0001440	Utg859750_31	WP_015403730.1
OG0001445	Utg857152_6	WP_015403852.1
OG0001446	Utg857152_42	WP_015403882.1
OG0001447	Utg857152_43	WP_015403883.1
OG0001448	Utg857152_70	WP_015403915.1
OG0001449	Utg861744_109, Utg861744_108	WP_015403927.1
OG0001450	Utg857152_87	WP_015403937.1
OG0001451	Utg857152_115	WP_015403962.1
OG0001452	Utg857046_224	WP_015403999.1
OG0001453	Utg857046_210	WP_015404011.1, WP_015405581.1
OG0001454	Utg857046_204	WP_015404017.1
OG0001455	Utg857994_174	WP_015404060.1
OG0001457	Utg859236_16	WP_015404205.1
OG0001458	Utg857490_5	WP_015404263.1
OG0001459	Utg857490_4	WP_015404264.1
OG0001461	Utg857076_39	WP_015404345.1
OG0001462	Utg857076_20	WP_015404361.1
OG0001463	Utg859982_178	WP_015404364.1
OG0001464	Utg857076_17	WP_015404371.1
OG0001465	Utg859236_83	WP_015404377.1
OG0001466	Utg859236_81	WP_015404378.1
OG0001468	Utg857046_86	WP_015404403.1
OG0001469	Utg859236_53	WP_015404419.1
OG0001470	Utg859236_33	WP_015404453.1
OG0001471	Utg860006_70	WP_015404554.1
OG0001472	Utg860006_80	WP_015404561.1
OG0001473	Utg860006_125	WP_015404570.1
OG0001474	Utg860006_138	WP_015404587.1
OG0001475	Utg860006_146, Utg857994_217	WP_015404593.1
OG0001476	Utg860006_152	WP_015404603.1
OG0001477	Utg857994_212	WP_015404630.1
OG0001478	Utg857994_167	WP_015404708.1
OG0001479	Utg857994_160	WP_015404716.1
OG0001480	Utg864866_70	WP_015404766.1
OG0001481	Utg859388_54	WP_015404775.1
OG0001482	Utg859388_79	WP_015404801.1
OG0001483	Utg859388_88	WP_015404807.1
OG0001484	Utg859982_76	WP_015404829.1
OG0001485	Utg859982_137	WP_015404861.1
OG0001486	Utg859982_199	WP_015404957.1
OG0001487	Utg859982_205	WP_015404962.1
OG0001488	Utg859098_337	WP_015405179.1
OG0001489	Utg859098_341	WP_015405182.1
OG0001490	Utg859098_112	WP_015405283.1
OG0001491	Utg859098_111	WP_015405284.1
OG0001492	Utg859098_110	WP_015405285.1
OG0001493	Utg859098_109	WP_015405286.1
OG0001494	Utg859098_96	WP_015405298.1
OG0001495	Utg859098_95	WP_015405299.1
OG0001496	Utg859098_93	WP_015405301.1
OG0001497	Utg859098_92	WP_015405302.1
OG0001498	Utg859098_91	WP_015405303.1
OG0001499	Utg859098_84	WP_015405310.1
OG0001500	Utg859098_83	WP_015405311.1
OG0001501	Utg859098_82	WP_015405312.1
OG0001502	Utg859098_81	WP_015405313.1
OG0001503	Utg859098_80	WP_015405314.1
OG0001504	Utg859098_72	WP_015405321.1
OG0001505	Utg859098_65	WP_015405325.1
OG0001507	Utg858498_17	WP_015405355.1
OG0001508	Utg859388_180	WP_015405364.1
OG0001509	Utg859388_157	WP_015405369.1
OG0001510	Utg859388_131	WP_015405389.1
OG0001511	Utg859388_98	WP_015405401.1
OG0001512	Utg859388_96	WP_015405403.1
OG0001513	Utg858498_3, Utg858498_2, Utg859098_438	WP_015405406.1
OG0001516	Utg857994_52	WP_015405481.1
OG0001517	Utg861448_3	WP_015405523.1
OG0001518	Utg858432_124	WP_015405617.1
OG0001519	Utg858432_20	WP_015405703.1
OG0001520	Utg858432_8	WP_015405711.1
OG0001521	Utg862138_19	WP_015405753.1
OG0001522	Utg862138_8	WP_015405764.1
OG0001524	Utg857046_21	WP_041916379.1
OG0001525	Utg859098_258	WP_041916439.1
OG0001526	Utg857992_10	WP_041916457.1
OG0001527	Utg859982_198	WP_041917007.1
OG0001528	Utg858498_19	WP_041917081.1
OG0001530	Utg857046_229	WP_052326981.1
OG0001531	Utg858432_112	WP_167320766.1
OG0001532	Utg859982_202	WP_228130018.1
OG0001533	Utg857682_41	WP_228130037.1
OG0001535	Utg860814_203	WP_228130052.1
OG0001536	Utg863716_80	WP_228130053.1
OG0001537	Utg859432_63	WP_265588648.1
OG0001567	Utg865370_27	WP_015403170.1
OG0001569	Utg858432_56	WP_015405675.1
OG0001573	Utg859098_187	WP_015405019.1
OG0001578	Utg857994_51	WP_015405480.1
OG0001580	Utg865370_25	WP_015403593.1
OG0001581	Utg859098_225	WP_015405052.1
OG0001586	Utg859982_16	WP_015405446.1
OG0001589	Utg860006_149	WP_015404597.1
OG0001591	Utg857682_105	WP_015403486.1
OG0001592	Utg865370_26	WP_015403594.1
OG0001594	Utg859098_300	WP_015402917.1
OG0001601	Utg859982_44	WP_015404817.1
OG0001603	Utg859098_357	WP_015403042.1
OG0001609	Utg857046_137	WP_228130002.1
OG0001615	Utg864866_92	WP_015402761.1
OG0001618	Utg859098_250	WP_015405109.1
OG0001621	Utg857152_62	WP_015403608.1, WP_083907183.1
OG0001628	Utg860814_297	WP_015402297.1
OG0001629	Utg860814_261	WP_015402325.1
OG0001630	Utg860814_258, Utg860814_260	WP_015402326.1
OG0001632	Utg860814_112	WP_015402378.1
OG0001633	Utg860814_57	WP_015402424.1
OG0001634	Utg860814_56	WP_015402425.1
OG0001635	Utg860814_16	WP_015402444.1
OG0001636	Utg859982_157	WP_015402461.1
OG0001637	Utg859076_27	WP_015402463.1
OG0001638	Utg859076_35	WP_015402472.1
OG0001639	Utg863716_111, Utg863716_112	WP_015402476.1
OG0001640	Utg863716_96	WP_015402509.1
OG0001641	Utg863716_77	WP_015402528.1
OG0001642	Utg863716_76	WP_015402529.1
OG0001644	Utg863716_52	WP_015402568.1
OG0001645	Utg863716_38	WP_015402574.1
OG0001646	Utg863716_36	WP_015402575.1
OG0001647	Utg857152_231	WP_015402595.1
OG0001648	Utg863716_4	WP_015402605.1
OG0001649	Utg861744_63	WP_015402617.1
OG0001650	Utg861744_64	WP_015402618.1
OG0001651	Utg861744_67	WP_015402621.1
OG0001652	Utg857152_224	WP_015402651.1
OG0001653	Utg863716_114	WP_015402676.1
OG0001654	Utg857152_141	WP_015402693.1
OG0001656	Utg859750_74	WP_015402712.1
OG0001657	Utg859750_66	WP_015402719.1
OG0001658	Utg859750_64	WP_015402721.1
OG0001659	Utg859750_63	WP_015402722.1
OG0001660	Utg864866_62	WP_015402784.1
OG0001661	Utg863716_74, Utg864866_61	WP_015402785.1
OG0001663	Utg857046_123	WP_015402846.1
OG0001665	Utg859432_38	WP_015402950.1
OG0001666	Utg859432_64	WP_015402973.1
OG0001667	Utg859098_280	WP_015402985.1
OG0001668	Utg859098_284	WP_015402986.1
OG0001669	Utg859098_303	WP_015403007.1
OG0001672	Utg857152_142	WP_015403024.1
OG0001673	Utg857682_178	WP_015403079.1
OG0001674	Utg857152_202	WP_015403099.1
OG0001675	Utg864866_35	WP_015403157.1
OG0001676	Utg865370_22	WP_015403171.1
OG0001678	Utg865370_13	WP_015403204.1
OG0001679	Utg864866_87	WP_015403209.1
OG0001683	Utg861744_29, Utg857994_79	WP_015403353.1
OG0001684	Utg861744_30	WP_015403354.1
OG0001685	Utg861744_48	WP_015405085.1, WP_015403371.1
OG0001686	Utg859432_55	WP_015403396.1
OG0001688	Utg861744_116	WP_015403435.1
OG0001689	Utg859982_150	WP_015403450.1
OG0001690	Utg864866_115	WP_015403457.1
OG0001691	Utg864866_116	WP_015403458.1
OG0001692	Utg864866_98	WP_015403466.1
OG0001693	Utg857300_50	WP_015403508.1
OG0001694	Utg857300_45	WP_015403517.1
OG0001695	Utg860814_90, Utg860814_88	WP_015403553.1
OG0001697	Utg857046_272	WP_015403581.1
OG0001699	Utg859388_166	WP_015403676.1
OG0001704	Utg857152_9	WP_015403855.1
OG0001704	Utg859388_22	WP_015404749.1
OG0001705	Utg857152_53	WP_015403891.1
OG0001706	Utg857152_68	WP_015403913.1
OG0001707	Utg857152_80	WP_015403923.1
OG0001708	Utg857152_98	WP_015403946.1
OG0001709	Utg857046_258	WP_015403969.1
OG0001710	Utg859388_176	WP_015403987.1
OG0001711	Utg857046_219	WP_015404002.1
OG0001712	Utg857046_209	WP_015404012.1
OG0001713	Utg857046_37	WP_015404091.1
OG0001714	Utg857682_94	WP_015404115.1
OG0001720	Utg857076_35	WP_015404347.1
OG0001722	Utg857152_233	WP_015404415.1
OG0001723	Utg859982_186, Utg859236_48	WP_015404429.1
OG0001724	Utg866558_42	WP_015404442.1
OG0001724	Utg866558_43	WP_015404441.1
OG0001725	Utg859236_37	WP_015404449.1
OG0001726	Utg859236_35	WP_015404451.1
OG0001727	Utg859098_47	WP_015404491.1
OG0001728	Utg860006_34	WP_015404520.1
OG0001730	Utg860006_126	WP_015404571.1
OG0001731	Utg857994_155	WP_015404721.1
OG0001732	Utg857994_139	WP_015404734.1
OG0001733	Utg859388_26	WP_015404751.1
OG0001734	Utg859388_43	WP_015404771.1
OG0001735	Utg859388_86	WP_015404805.1
OG0001736	Utg861744_14	WP_015404824.1
OG0001737	Utg859098_191	WP_015405771.1, WP_015405023.1
OG0001738	Utg859098_200	WP_015405030.1
OG0001739	Utg859098_229	WP_015405055.1
OG0001740	Utg859432_78	WP_015405058.1
OG0001741	Utg859432_77	WP_015405059.1
OG0001742	Utg859098_314, Utg859098_315	WP_015405145.1
OG0001743	Utg859098_346	WP_015405187.1
OG0001744	Utg860006_96	WP_015405198.1
OG0001745	Utg859098_360	WP_015405207.1
OG0001746	Utg859098_361	WP_015405208.1
OG0001747	Utg859098_105	WP_015405290.1
OG0001748	Utg859098_79	WP_015405315.1
OG0001749	Utg859098_73	WP_015405320.1
OG0001750	Utg859098_71	WP_015405322.1
OG0001751	Utg859098_68	WP_015405327.1
OG0001752	Utg858432_100	WP_015405351.1
OG0001753	Utg858498_23	WP_015405360.1
OG0001754	Utg859388_183, Utg858498_25	WP_015405362.1
OG0001755	Utg859388_137	WP_015405382.1
OG0001756	Utg859388_133	WP_015405386.1
OG0001757	Utg859388_95	WP_015405420.1
OG0001758	Utg859388_90	WP_015405425.1
OG0001759	Utg857994_44	WP_015405474.1
OG0001760	Utg857994_46	WP_015405476.1
OG0001761	Utg857994_48	WP_015405477.1
OG0001762	Utg857994_49	WP_015405478.1
OG0001763	Utg861448_7	WP_015405520.1
OG0001764	Utg866558_20	WP_015405556.1
OG0001765	Utg858432_153	WP_015405599.1
OG0001768	Utg858432_92	WP_015405652.1
OG0001769	Utg858432_83	WP_015405661.1
OG0001770	Utg858432_53	WP_015405678.1
OG0001771	Utg862138_11	WP_015405761.1
OG0001773	Utg859982_138	WP_041916992.1
OG0001774	Utg859098_271	WP_041917045.1
OG0001775	Utg857046_192	WP_052326982.1
OG0001777	Utg857682_37	WP_153304785.1
OG0001778	Utg864866_94	WP_153304797.1
OG0001779	Utg859432_44	WP_153304809.1
OG0001780	Utg859098_164	WP_153304909.1
OG0001781	Utg861744_28, Utg857994_80	WP_228130043.1
OG0001782	Utg859750_32	WP_228130047.1
OG0001821	Utg857682_49	WP_015402747.1
OG0001825	Utg857152_81	WP_228130051.1
OG0001833	Utg857152_199	WP_015404213.1, WP_167320712.1
OG0001842	Utg861744_122	WP_015403431.1
OG0001848	Utg860006_118	WP_052327045.1
OG0001851	Utg858494_50	WP_015403559.1
OG0001854	Utg859098_120	WP_015405276.1
OG0001858	Utg859388_135	WP_015405384.1
OG0001863	Utg859388_182	WP_015403397.1
OG0001865	Utg859388_33	WP_015404758.1
OG0001868	Utg860814_329	WP_015402292.1
OG0001869	Utg860814_325	WP_015402295.1
OG0001870	Utg860814_234	WP_015402345.1
OG0001871	Utg860814_236	WP_015402590.1, WP_015402343.1
OG0001872	Utg859750_3, Utg859750_10	WP_015402349.1
OG0001873	Utg860814_212	WP_015402350.1
OG0001874	Utg860814_69	WP_015402413.1
OG0001875	Utg860814_67	WP_015402415.1
OG0001876	Utg860814_15	WP_015402445.1
OG0001877	Utg861744_38	WP_015402493.1
OG0001879	Utg863716_64	WP_015402546.1
OG0001880	Utg863716_63	WP_015402547.1
OG0001881	Utg863716_32	WP_015402580.1
OG0001882	Utg861744_70	WP_015402626.1
OG0001884	Utg857152_196	WP_015402658.1
OG0001885	Utg857152_174	WP_015402675.1
OG0001886	Utg859750_88	WP_015402702.1
OG0001887	Utg859750_87	WP_015402703.1
OG0001888	Utg859750_80	WP_015402708.1
OG0001889	Utg859750_28	WP_015402725.1
OG0001890	Utg864866_95	WP_015402758.1
OG0001891	Utg864866_55	WP_015402788.1
OG0001894	Utg860814_17	WP_015402881.1
OG0001895	Utg864866_10	WP_015402895.1
OG0001898	Utg859432_9, Utg859432_53	WP_015402965.1
OG0001899	Utg857682_79	WP_015403091.1
OG0001900	Utg859236_101	WP_015403105.1, WP_015404837.1
OG0001903	Utg859098_435	WP_015405440.1, WP_015403307.1
OG0001904	Utg860814_155	WP_015403384.1
OG0001905	Utg861744_99	WP_015403385.1
OG0001906	Utg861744_103	WP_015403389.1
OG0001907	Utg861744_107	WP_015403711.1, WP_015403392.1
OG0001908	Utg861744_112	WP_015403438.1
OG0001909	Utg857300_54	WP_015403504.1
OG0001910	Utg857152_120	WP_015403512.1
OG0001911	Utg857300_44	WP_015403518.1
OG0001912	Utg857300_33	WP_015403537.1
OG0001913	Utg857300_31	WP_015403539.1
OG0001914	Utg860006_114, Utg859076_4, Utg859076_3	WP_015403566.1
OG0001915	Utg860814_132, Utg860814_133	WP_015403674.1
OG0001916	Utg860814_141	WP_015403678.1
OG0001918	Utg857046_266	WP_015403716.1
OG0001923	Utg861744_139	WP_015403794.1
OG0001926	Utg857152_17	WP_015403861.1
OG0001927	Utg857152_30, Utg857152_29	WP_015403870.1
OG0001928	Utg857152_32	WP_015403872.1
OG0001929	Utg857152_56	WP_015403894.1
OG0001930	Utg857152_59	WP_015403897.1
OG0001931	Utg857152_61	WP_015403899.1
OG0001932	Utg857152_114	WP_015403961.1
OG0001933	Utg857046_208	WP_015404013.1
OG0001934	Utg857046_183	WP_015404041.1
OG0001935	Utg857046_162	WP_015404067.1
OG0001936	Utg857046_139	WP_015404071.1
OG0001937	Utg857046_133	WP_015404077.1
OG0001938	Utg859098_40, Utg857046_130	WP_015404080.1
OG0001939	Utg857046_23	WP_015404105.1
OG0001940	Utg857046_9	WP_015404111.1
OG0001941	Utg857046_7	WP_015404113.1
OG0001943	Utg857490_28	WP_015404167.1
OG0001944	Utg857490_23	WP_015404175.1
OG0001945	Utg857490_18	WP_015404181.1
OG0001946	Utg859432_82	WP_015404196.1
OG0001947	Utg859432_81	WP_015404197.1
OG0001948	Utg857490_14	WP_015404255.1
OG0001949	Utg857490_13	WP_015404256.1
OG0001950	Utg857490_12	WP_015404257.1
OG0001951	Utg858494_87	WP_015404323.1
OG0001952	Utg860814_40, Utg860814_36, Utg859098_374	WP_015404337.1
OG0001953	Utg857076_34	WP_015404348.1
OG0001954	Utg857076_33	WP_015404349.1
OG0001955	Utg857076_27	WP_015404354.1
OG0001956	Utg859236_61	WP_015404405.1
OG0001958	Utg860006_28	WP_015404514.1
OG0001959	Utg860006_40	WP_015404526.1
OG0001960	Utg860006_45	WP_015404531.1
OG0001962	Utg860006_62	WP_015404546.1
OG0001963	Utg860006_66	WP_015404550.1
OG0001964	Utg860006_67	WP_015404551.1
OG0001965	Utg860006_82	WP_015404563.1
OG0001967	Utg860006_139	WP_015404588.1
OG0001968	Utg860006_148	WP_015404595.1
OG0001969	Utg857152_3, Utg860814_219	WP_015404607.1
OG0001970	Utg860006_164	WP_015404625.1
OG0001971	Utg859388_16	WP_015404742.1
OG0001972	Utg859388_30	WP_015404754.1
OG0001973	Utg861744_101	WP_015404759.1
OG0001974	Utg859982_48	WP_015404819.1
OG0001975	Utg857994_17	WP_015404855.1
OG0001976	Utg857152_220	WP_153304805.1, WP_015404869.1
OG0001977	Utg859982_141	WP_015404876.1
OG0001978	Utg859982_147	WP_015404880.1
OG0001979	Utg859982_158	WP_015404891.1
OG0001980	Utg859982_173	WP_015404895.1
OG0001981	Utg861448_63	WP_015404966.1
OG0001983	Utg859098_177	WP_015405202.1, WP_015405009.1
OG0001984	Utg859098_183	WP_015405015.1
OG0001985	Utg859098_209	WP_015405037.1
OG0001986	Utg859098_227	WP_015405053.1
OG0001987	Utg859098_232	WP_015405067.1
OG0001988	Utg859098_233	WP_015405068.1
OG0001989	Utg857046_264	WP_015405089.1
OG0001991	Utg859098_320	WP_015405150.1
OG0001992	Utg859098_340	WP_015405181.1
OG0001993	Utg859098_344	WP_015405185.1
OG0001994	Utg859098_345	WP_015405186.1
OG0001995	Utg859098_347	WP_015405188.1
OG0001996	Utg859098_348	WP_015405189.1
OG0001997	Utg859098_349	WP_015405190.1
OG0001998	Utg859098_169	WP_015405211.1
OG0001999	Utg859098_155	WP_015405224.1
OG0002000	Utg859098_113	WP_015405282.1
OG0002001	Utg859098_94	WP_015405300.1
OG0002002	Utg859098_88	WP_015405306.1
OG0002004	Utg859388_125	WP_015405395.1
OG0002005	Utg859388_100	WP_015405399.1
OG0002006	Utg859388_94	WP_015405421.1
OG0002007	Utg859982_14, Utg859982_13	WP_015405448.1
OG0002008	Utg859982_3	WP_015405459.1
OG0002009	Utg859982_82	WP_015405468.1
OG0002010	Utg857994_127	WP_015405483.1
OG0002011	Utg861448_12	WP_015405510.1
OG0002012	Utg857992_17	WP_015405530.1
OG0002013	Utg866558_27	WP_015405562.1
OG0002014	Utg866558_28	WP_015405563.1
OG0002015	Utg858432_106	WP_015405632.1
OG0002016	Utg858432_82	WP_015405662.1
OG0002017	Utg858432_77	WP_015405670.1
OG0002018	Utg858432_76	WP_015405671.1
OG0002019	Utg858432_75	WP_015405672.1
OG0002020	Utg858432_27	WP_015405701.1
OG0002021	Utg858432_12	WP_015405707.1
OG0002022	Utg857994_31, Utg859236_85, Utg859388_142	WP_041916300.1
OG0002023	Utg859982_159	WP_041916427.1
OG0002024	Utg863716_31	WP_041916533.1
OG0002025	Utg859098_350	WP_041917050.1
OG0002026	Utg857076_37	WP_052326992.1
OG0002027	Utg858498_16	WP_052327019.1
OG0002028	Utg858432_140	WP_052327027.1
OG0002034	Utg857682_82	WP_167320716.1
OG0002035	Utg857994_215, Utg860814_305	WP_167320736.1
OG0002036	Utg857046_103	WP_228130003.1
OG0002037	Utg860814_256	WP_228130025.1
OG0002039	Utg864866_16	WP_265588641.1
OG0002040	Utg860814_274	WP_265588646.1
OG0002106	Utg857046_83	WP_015404084.1
OG0002108	Utg858494_35	WP_015403120.1
OG0002122	Utg859388_101	WP_015405398.1
OG0002144	Utg859098_318	WP_041916442.1
OG0002155	Utg860814_244	WP_015402335.1
OG0002156	Utg860814_240	WP_015402338.1
OG0002157	Utg860814_233	WP_015402346.1
OG0002159	Utg860814_81	WP_015402405.1
OG0002160	Utg861744_144, Utg861744_143	WP_015402456.1
OG0002161	Utg863716_113	WP_015402475.1
OG0002162	Utg863716_98	WP_015402507.1
OG0002163	Utg863716_89	WP_015402516.1
OG0002164	Utg863716_88	WP_015402517.1
OG0002165	Utg863716_84	WP_015402521.1
OG0002166	Utg859388_29	WP_015402557.1
OG0002167	Utg861744_72	WP_015402628.1
OG0002168	Utg859750_67	WP_015402718.1
OG0002169	Utg859750_25	WP_015402727.1
OG0002170	Utg864866_74	WP_015402772.1
OG0002172	Utg858432_151, Utg857046_129	WP_015402834.1
OG0002173	Utg857046_127	WP_015402836.1
OG0002174	Utg858432_150, Utg857046_124	WP_015402839.1
OG0002175	Utg864866_17	WP_015402889.1
OG0002176	Utg859098_384	WP_015402930.1
OG0002177	Utg859432_62	WP_015402972.1
OG0002183	Utg860814_119	WP_015403036.1
OG0002187	Utg857152_201	WP_015403100.1
OG0002188	Utg863716_46	WP_015403133.1, WP_015404422.1
OG0002190	Utg863716_39	WP_015403225.1
OG0002193	Utg861744_42	WP_015403364.1
OG0002196	Utg861744_113	WP_015404825.1, WP_015403437.1
OG0002197	Utg860006_162	WP_015403447.1
OG0002198	Utg859098_175	WP_015403468.1, WP_015405007.1
OG0002200	Utg857300_32	WP_015403538.1
OG0002201	Utg857300_29	WP_015403542.1
OG0002204	Utg857152_186	WP_015403670.1
OG0002205	Utg860814_130	WP_015403672.1
OG0002206	Utg860814_131	WP_015403673.1
OG0002207	Utg860814_149	WP_015403679.1
OG0002209	Utg859750_30	WP_015403731.1
OG0002217	Utg857152_5	WP_015403851.1
OG0002218	Utg860814_184	WP_015403858.1
OG0002219	Utg857152_54	WP_015403892.1
OG0002220	Utg857152_71	WP_015403916.1
OG0002221	Utg857152_88	WP_015403938.1
OG0002222	Utg857046_212	WP_015404009.1
OG0002223	Utg857046_117, Utg857046_185	WP_015404036.1
OG0002225	Utg857046_165	WP_015404065.1
OG0002226	Utg857046_164	WP_015404066.1
OG0002227	Utg857046_160	WP_015404068.1
OG0002228	Utg857046_10	WP_015404110.1
OG0002229	Utg857046_8	WP_015404112.1
OG0002230	Utg857046_6	WP_015404114.1
OG0002231	Utg857046_3	WP_015404117.1
OG0002232	Utg857046_2	WP_015404118.1
OG0002233	Utg857046_1	WP_015404119.1
OG0002237	Utg857490_32	WP_015404164.1
OG0002239	Utg857994_53	WP_015404204.1
OG0002241	Utg859236_38	WP_015404448.1
OG0002242	Utg859236_36	WP_015404450.1
OG0002243	Utg859236_24	WP_015404473.1
OG0002244	Utg857994_56	WP_015404498.1
OG0002245	Utg860006_42	WP_015404528.1
OG0002246	Utg860006_43	WP_015404529.1
OG0002247	Utg860006_44	WP_015404530.1
OG0002248	Utg860006_57	WP_015404542.1
OG0002249	Utg860006_59	WP_015404544.1
OG0002250	Utg860006_81	WP_015404562.1
OG0002251	Utg859388_42	WP_015404770.1
OG0002252	Utg859388_62	WP_015404783.1
OG0002253	Utg859388_75	WP_015404798.1
OG0002254	Utg859982_35	WP_015404808.1
OG0002255	Utg859982_47	WP_015404818.1
OG0002256	Utg859982_78	WP_015404832.1
OG0002257	Utg859236_107	WP_015404844.1
OG0002258	Utg857994_29	WP_015404847.1
OG0002259	Utg859982_146	WP_015404879.1
OG0002261	Utg859098_219	WP_015405046.1
OG0002262	Utg861448_13	WP_015405069.1
OG0002263	Utg857046_263	WP_015405088.1
OG0002264	Utg858432_114	WP_015405624.1, WP_015405094.1
OG0002265	Utg859098_257	WP_015405115.1
OG0002266	Utg860006_120	WP_015405126.1
OG0002267	Utg860006_121	WP_015405127.1
OG0002268	Utg859098_127	WP_015405250.1
OG0002270	Utg859098_118	WP_015405278.1
OG0002271	Utg859098_78	WP_015405316.1
OG0002272	Utg859098_77	WP_015405317.1
OG0002274	Utg859388_181	WP_015405363.1
OG0002275	Utg859388_164	WP_015405366.1
OG0002276	Utg859388_145	WP_015405379.1
OG0002277	Utg859388_127	WP_015405393.1
OG0002278	Utg859388_99	WP_015405400.1
OG0002279	Utg859388_97	WP_015405402.1
OG0002280	Utg866558_34	WP_015405567.1
OG0002281	Utg858432_160	WP_015405591.1
OG0002282	Utg858432_159	WP_015405592.1
OG0002283	Utg858432_146	WP_015405600.1
OG0002284	Utg858432_123	WP_015405618.1
OG0002285	Utg858432_89	WP_015405655.1
OG0002286	Utg858432_80	WP_015405667.1
OG0002287	Utg858432_40	WP_015405689.1
OG0002288	Utg858432_9	WP_015405710.1
OG0002289	Utg858432_6	WP_015405713.1
OG0002290	Utg862138_38	WP_015405736.1
OG0002291	Utg862138_28	WP_015405745.1
OG0002292	Utg862138_3	WP_015405768.1
OG0002294	Utg857046_143	WP_083907232.1
OG0002295	Utg859098_342	WP_083907315.1
OG0002297	Utg861744_23	WP_153304830.1
OG0002302	Utg857682_19	WP_228130045.1
OG0002304	Utg859236_5, Utg859098_32	WP_228130076.1
OG0002481	Utg864866_76	WP_015402980.1
OG0002482	Utg860814_68	WP_083907148.1
OG0002496	Utg860814_272	WP_015402316.1
OG0002498	Utg863716_10, Utg860814_237	WP_015402342.1
OG0002499	Utg860814_235	WP_015402344.1
OG0002500	Utg863716_107	WP_015402485.1
OG0002501	Utg857682_38	WP_015402487.1
OG0002502	Utg857682_15	WP_015402556.1
OG0002503	Utg859982_33, Utg864866_7	WP_015402673.1
OG0002504	Utg859750_72	WP_015402713.1
OG0002505	Utg859750_23	WP_015402729.1
OG0002507	Utg857994_199	WP_015402756.1
OG0002514	Utg857682_93	WP_015403082.1
OG0002515	Utg857682_91	WP_015403084.1
OG0002516	Utg857682_81	WP_015403089.1
OG0002517	Utg857682_42	WP_015403117.1
OG0002518	Utg857992_16	WP_015403165.1
OG0002522	Utg865370_2	WP_015403220.1
OG0002528	Utg860814_221	WP_015403321.1
OG0002529	Utg859098_159	WP_015405220.1
OG0002532	Utg861744_140	WP_015403411.1
OG0002534	Utg863716_19	WP_015403448.1
OG0002538	Utg859076_18	WP_015403579.1
OG0002539	Utg864866_96	WP_015403587.1
OG0002542	Utg859432_58	WP_015403707.1
OG0002543	Utg857992_2	WP_015403721.1
OG0002544	Utg860814_61	WP_015403726.1, WP_015405774.1
OG0002545	Utg865370_19	WP_015403772.1
OG0002547	Utg857152_34	WP_015403838.1
OG0002548	Utg857152_19	WP_015403863.1
OG0002549	Utg857152_36	WP_015403876.1
OG0002550	Utg857152_51	WP_015403889.1
OG0002551	Utg857152_52	WP_015403890.1
OG0002552	Utg857152_60	WP_015403898.1
OG0002554	Utg857152_99	WP_015403947.1
OG0002556	Utg857046_207	WP_015404014.1
OG0002557	Utg857046_184	WP_015404037.1
OG0002558	Utg857046_182	WP_015404043.1
OG0002559	Utg857046_82	WP_015404085.1
OG0002560	Utg857682_36	WP_015404116.1
OG0002563	Utg857490_25	WP_015404173.1
OG0002564	Utg859432_80	WP_015404198.1
OG0002565	Utg859236_108	WP_015404372.1
OG0002567	Utg859388_9	WP_015404390.1
OG0002570	Utg866558_47	WP_015404438.1
OG0002572	Utg860006_8	WP_015404501.1
OG0002573	Utg860006_37	WP_015404523.1
OG0002574	Utg860006_38	WP_015404524.1
OG0002575	Utg860006_39	WP_015404525.1
OG0002577	Utg860006_153	WP_015404604.1
OG0002578	Utg860006_160	WP_015404624.1
OG0002579	Utg857994_200	WP_015404638.1
OG0002582	Utg859388_20	WP_015404746.1
OG0002583	Utg859236_106	WP_015404843.1
OG0002584	Utg859982_153	WP_015404888.1
OG0002585	Utg859982_171	WP_015404893.1
OG0002586	Utg859982_183	WP_015404900.1
OG0002588	Utg857682_156, Utg857682_155	WP_015404967.1
OG0002589	Utg859098_207	WP_015405035.1
OG0002590	Utg857046_265	WP_015405090.1
OG0002591	Utg860006_105	WP_015405118.1
OG0002592	Utg860006_103	WP_015405120.1
OG0002593	Utg860006_102	WP_015405121.1
OG0002594	Utg859098_316	WP_015405146.1
OG0002595	Utg859098_335	WP_015405176.1
OG0002596	Utg859098_140	WP_015405237.1
OG0002597	Utg857994_97	WP_015405257.1
OG0002598	Utg859098_119	WP_015405277.1
OG0002599	Utg859098_104	WP_015405291.1
OG0002600	Utg859098_85	WP_015405309.1
OG0002601	Utg859098_76	WP_015405318.1
OG0002602	Utg859098_63	WP_015405329.1
OG0002603	Utg858498_6	WP_015405342.1
OG0002604	Utg859982_104, Utg858498_20	WP_015405358.1
OG0002605	Utg859388_153	WP_015405372.1
OG0002606	Utg859388_152	WP_015405373.1
OG0002607	Utg859388_128	WP_015405392.1
OG0002608	Utg859388_89	WP_015405426.1
OG0002609	Utg859982_79	WP_015405471.1
OG0002610	Utg857994_130	WP_015405486.1
OG0002611	Utg858494_75	WP_015405495.1
OG0002612	Utg858494_76	WP_015405496.1
OG0002613	Utg858494_77	WP_015405497.1
OG0002614	Utg858494_79	WP_015405499.1
OG0002615	Utg857992_18	WP_015405531.1
OG0002616	Utg857076_44	WP_015405549.1
OG0002617	Utg857076_43	WP_015405550.1
OG0002618	Utg866558_32	WP_015405565.1
OG0002619	Utg858432_133	WP_015405610.1
OG0002620	Utg858432_74	WP_015405673.1
OG0002621	Utg858432_55	WP_015405676.1
OG0002624	Utg864866_24	WP_041916289.1
OG0002626	Utg860814_216	WP_041916410.1
OG0002628	Utg864866_39	WP_041917087.1
OG0002629	Utg857046_257	WP_074195169.1
OG0002630	Utg859388_31	WP_083907295.1
OG0002631	Utg857682_13	WP_153304807.1, WP_208598467.1
OG0002632	Utg865370_1	WP_153304823.1
OG0002633	Utg857152_78	WP_153304867.1
OG0002634	Utg858494_102	WP_153304884.1
OG0002635	Utg860006_7	WP_153304890.1
OG0002637	Utg857046_202	WP_167320714.1
OG0002638	Utg865370_20	WP_167320728.1
OG0002639	Utg857046_25	WP_167320738.1
OG0002640	Utg859388_179	WP_167320761.1
OG0002844	Utg859076_10	WP_015403569.1
OG0002883	Utg857046_217	WP_015404004.1
OG0002905	Utg860814_265	WP_015402322.1
OG0002910	Utg860814_53	WP_015402428.1
OG0002911	Utg859388_37	WP_015402443.1
OG0002912	Utg859236_126, Utg859236_125	WP_015402479.1
OG0002914	Utg859388_35	WP_015402565.1
OG0002915	Utg863716_53	WP_015402567.1
OG0002917	Utg859750_47, Utg864866_107	WP_015402648.1
OG0002918	Utg857152_205	WP_015402654.1
OG0002920	Utg859750_24	WP_015402728.1
OG0002921	Utg859750_17	WP_015402734.1
OG0002922	Utg857682_30	WP_015402815.1
OG0002926	Utg857076_5	WP_015402876.1
OG0002927	Utg861744_1, Utg864866_13	WP_015402892.1
OG0002928	Utg864866_11	WP_015402894.1
OG0002929	Utg859432_59	WP_015402966.1
OG0002930	Utg859432_60	WP_015402967.1
OG0002931	Utg857994_142	WP_015403037.1
OG0002935	Utg857682_84	WP_015403086.1
OG0002936	Utg857682_80	WP_015403090.1
OG0002939	Utg859388_165	WP_015403200.1, WP_015403736.1
OG0002940	Utg865370_7	WP_015403210.1
OG0002944	Utg861448_38	WP_015403291.1
OG0002947	Utg861744_105	WP_015403391.1
OG0002950	Utg864866_47	WP_015403533.1
OG0002951	Utg863716_68	WP_015403582.1
OG0002954	Utg860814_74	WP_015403803.1
OG0002958	Utg859388_175	WP_015403974.1
OG0002959	Utg857046_186	WP_015404035.1
OG0002960	Utg857046_138	WP_015404072.1
OG0002963	Utg857152_151	WP_015404153.1
OG0002968	Utg860006_84	WP_015404389.1
OG0002969	Utg864866_57	WP_015404404.1
OG0002974	Utg860006_32	WP_015404518.1
OG0002975	Utg860006_33	WP_015404519.1
OG0002976	Utg860006_73	WP_015404556.1
OG0002977	Utg860006_143	WP_015404592.1, WP_015405590.1
OG0002982	Utg859098_36	WP_015404691.1
OG0002983	Utg859388_19	WP_015404745.1
OG0002984	Utg859388_27	WP_015404752.1
OG0002985	Utg864866_111	WP_015404834.1
OG0002986	Utg857152_216	WP_015404865.1
OG0002987	Utg859982_175	WP_015404897.1
OG0002989	Utg857682_154	WP_015404968.1
OG0002990	Utg857682_153	WP_015404969.1
OG0002991	Utg859098_174	WP_015405063.1, WP_015405006.1
OG0002994	Utg860006_107	WP_015405116.1
OG0002995	Utg860006_106	WP_015405117.1
OG0002996	Utg860006_104	WP_015405119.1
OG0002997	Utg860006_101	WP_015405122.1
OG0002999	Utg859098_149	WP_015405229.1
OG0003000	Utg859098_144	WP_015405241.1
OG0003001	Utg859098_64	WP_015405323.1
OG0003003	Utg859432_69	WP_015405416.1
OG0003004	Utg859388_93	WP_015405422.1
OG0003005	Utg859982_17	WP_015405444.1
OG0003006	Utg858494_78	WP_015405498.1
OG0003007	Utg858494_80	WP_015405500.1
OG0003008	Utg860814_164	WP_015405507.1
OG0003009	Utg857992_21	WP_015405534.1
OG0003010	Utg860814_232	WP_015405548.1
OG0003011	Utg858432_126	WP_015405615.1
OG0003012	Utg858432_113	WP_015405625.1
OG0003013	Utg858432_91	WP_015405653.1
OG0003015	Utg858432_3, Utg862138_57	WP_015405730.1
OG0003016	Utg857046_273	WP_041916313.1
OG0003017	Utg859388_144	WP_041916450.1
OG0003018	Utg866558_39	WP_041916465.1
OG0003019	Utg861744_75	WP_041916518.1
OG0003023	Utg860006_122	WP_153304894.1
OG0003024	Utg857152_240	WP_167320741.1
OG0003025	Utg859098_131	WP_167320760.1
OG0003465	Utg860814_276	WP_015402315.1
OG0003466	Utg860814_270	WP_015402317.1
OG0003472	Utg860814_66	WP_015402416.1
OG0003473	Utg860814_63	WP_015402419.1
OG0003474	Utg860814_55	WP_015402426.1
OG0003475	Utg860814_54	WP_015402427.1
OG0003476	Utg860814_52	WP_015402429.1
OG0003477	Utg860814_51	WP_015402430.1
OG0003478	Utg860814_50	WP_015402431.1
OG0003479	Utg860814_49	WP_015402432.1
OG0003480	Utg860814_22	WP_015402433.1
OG0003481	Utg860814_21	WP_015402434.1
OG0003483	Utg859982_131	WP_015402474.1
OG0003484	Utg863716_110	WP_015402477.1
OG0003485	Utg863716_93	WP_015402511.1
OG0003486	Utg863716_92	WP_015402513.1
OG0003489	Utg863716_33	WP_015402579.1
OG0003493	Utg857152_230	WP_015402649.1
OG0003494	Utg859750_89	WP_015402681.1
OG0003497	Utg859750_65	WP_015402720.1
OG0003499	Utg864866_93	WP_015402760.1
OG0003500	Utg864866_86	WP_015402763.1
OG0003501	Utg864866_82	WP_015402767.1
OG0003502	Utg864866_64	WP_015402782.1
OG0003503	Utg857682_48	WP_015402795.1
OG0003505	Utg857046_128	WP_015402835.1
OG0003506	Utg857046_126	WP_015402837.1
OG0003511	Utg857152_119	WP_015402886.1
OG0003512	Utg864866_12	WP_015402893.1
OG0003514	Utg859098_292	WP_015402918.1
OG0003515	Utg864866_77	WP_015402981.1
OG0003516	Utg857046_5	WP_015403011.1
OG0003518	Utg857682_90	WP_015403085.1
OG0003519	Utg857682_50	WP_015403103.1
OG0003520	Utg859982_30	WP_015403149.1
OG0003521	Utg861448_8	WP_015403186.1
OG0003524	Utg865370_8	WP_015403207.1
OG0003530	Utg857046_276	WP_015403296.1
OG0003531	Utg859750_55	WP_015403319.1
OG0003534	Utg861744_114	WP_015403436.1
OG0003535	Utg864866_3	WP_015403449.1
OG0003536	Utg858432_85	WP_015403481.1
OG0003541	Utg857994_92	WP_015403530.1
OG0003546	Utg857994_33	WP_015403681.1
OG0003547	Utg859982_57	WP_015403682.1
OG0003549	Utg857682_31	WP_015403720.1
OG0003554	Utg859098_17	WP_015403792.1
OG0003561	Utg857152_95	WP_015403943.1
OG0003567	Utg857046_271	WP_015404170.1
OG0003568	Utg857300_25	WP_015404199.1
OG0003571	Utg858494_61	WP_015404327.1
OG0003572	Utg858494_60	WP_015404328.1
OG0003573	Utg866558_14	WP_015404339.1
OG0003574	Utg857076_23	WP_015404358.1
OG0003575	Utg858432_71	WP_015404368.1
OG0003577	Utg859432_66	WP_015404396.1
OG0003578	Utg859432_65	WP_015404397.1
OG0003580	Utg857152_128	WP_015404411.1
OG0003581	Utg859236_58	WP_015404413.1
OG0003582	Utg866558_46	WP_015404439.1
OG0003583	Utg859236_41	WP_015404445.1
OG0003584	Utg859236_32	WP_015404454.1
OG0003585	Utg859236_25	WP_015404472.1
OG0003587	Utg860006_31	WP_015404517.1
OG0003588	Utg860006_35	WP_015404521.1
OG0003589	Utg860006_36	WP_015404522.1
OG0003590	Utg860814_220	WP_015404606.1
OG0003592	Utg857994_164	WP_015404711.1
OG0003593	Utg859388_17	WP_015404743.1
OG0003594	Utg859388_23	WP_015404750.1
OG0003595	Utg859388_47	WP_015404774.1
OG0003596	Utg864866_110	WP_015404833.1
OG0003597	Utg859236_104	WP_015404841.1
OG0003598	Utg860814_160	WP_015404845.1
OG0003599	Utg857994_35	WP_015404846.1
OG0003607	Utg859098_201	WP_015405031.1
OG0003608	Utg859098_205	WP_015405033.1
OG0003609	Utg859098_206	WP_015405034.1
OG0003610	Utg859432_75	WP_015405064.1
OG0003611	Utg857682_86	WP_015405075.1
OG0003613	Utg859098_401	WP_015405082.1
OG0003614	Utg857994_98	WP_015405083.1
OG0003615	Utg859098_245	WP_015405105.1
OG0003616	Utg859098_322	WP_015405164.1
OG0003617	Utg859098_334	WP_015405175.1
OG0003618	Utg859098_343	WP_015405184.1
OG0003619	Utg859098_148	WP_015405230.1
OG0003620	Utg859098_139	WP_015405238.1
OG0003621	Utg859098_141	WP_015405239.1
OG0003622	Utg859098_124	WP_015405253.1
OG0003623	Utg860006_71	WP_015405367.1
OG0003625	Utg857994_50	WP_015405479.1
OG0003626	Utg857994_135	WP_015405490.1
OG0003629	Utg858432_108	WP_015405630.1
OG0003630	Utg858432_28	WP_015405700.1
OG0003638	Utg861744_36	WP_041916325.1
OG0003639	Utg858494_88	WP_041916392.1
OG0003645	Utg864866_106	WP_167320701.1
OG0003647	Utg859098_251	WP_167320754.1
OG0003648	Utg860006_99	WP_167320755.1
OG0003649	Utg859982_56	WP_167320762.1
OG0004482	Utg860814_123	WP_015402410.1
OG0004492	Utg859432_71	WP_015402818.1
OG0004493	Utg859432_70	WP_015402819.1
OG0004494	Utg859432_68	WP_015402820.1
OG0004509	Utg859076_39	WP_015403046.1
OG0004540	Utg857300_41	WP_015403520.1
OG0004556	Utg857046_191	WP_015404030.1
OG0004559	Utg859098_35	WP_015404203.1
OG0004560	Utg857682_85	WP_015404206.1
OG0004596	Utg859098_379	WP_015404998.1
OG0004597	Utg859098_378	WP_015404999.1
OG0004610	Utg858432_156	WP_015405598.1
