Orthogroup	Desulfocapsa_13_biocide	Desulfovibrio ferrophilus IS5
OG0000000	Utg858432_110	WP_126376458.1
OG0000000	Utg859236_95	WP_126379949.1
OG0000000	Utg860006_129	WP_126379473.1, WP_126380421.1
OG0000000	Utg859098_179	WP_126375654.1
OG0000000	Utg859098_130, Utg866558_41, Utg859098_137	WP_172961679.1
OG0000000	Utg859098_426	WP_126380558.1
OG0000000	Utg859750_35	WP_172961667.1
OG0000000	Utg857076_7	WP_126377909.1
OG0000001	Utg863716_50	WP_126376510.1, WP_172961810.1
OG0000001	Utg863716_105	WP_126375555.1
OG0000001	Utg861448_49	WP_126376875.1, WP_126378261.1, WP_172961567.1, WP_126380896.1
OG0000001	Utg860814_100	WP_126377423.1
OG0000001	Utg857152_206	WP_126375573.1
OG0000001	Utg859236_118	WP_126379817.1
OG0000001	Utg859432_61	WP_172961763.1
OG0000001	Utg857300_26	WP_126380957.1
OG0000002	Utg861744_15	WP_126375861.1
OG0000002	Utg857994_102	WP_172961625.1
OG0000002	Utg857152_238	WP_126380628.1
OG0000003	Utg861744_3	WP_126377796.1, WP_126379081.1
OG0000004	Utg859098_372	WP_126379990.1
OG0000005	Utg858432_84, Utg863716_116, Utg857076_41, Utg857994_89, Utg859388_141, Utg863716_9, Utg857152_2, Utg859388_48	WP_172961730.1
OG0000006	Utg859982_107	WP_126375547.1
OG0000007	Utg858432_132	WP_126381476.1
OG0000007	Utg862138_39	WP_126375925.1
OG0000007	Utg857152_200	WP_126375605.1, WP_126379380.1
OG0000008	Utg861744_12, Utg857076_45	WP_126380866.1
OG0000008	Utg857152_123	WP_126376430.1
OG0000009	Utg864866_20	WP_126376614.1
OG0000009	Utg860814_199, Utg860814_198	WP_126381017.1
OG0000010	Utg857046_180	WP_126380086.1
OG0000010	Utg857046_174, Utg859236_8	WP_172961672.1
OG0000011	Utg857682_167	WP_126375556.1, WP_126379898.1, WP_126380793.1
OG0000012	Utg864866_48, Utg864866_49	WP_126379475.1
OG0000012	Utg858432_54	WP_232034787.1
OG0000012	Utg857046_150	WP_126380912.1
OG0000013	Utg864866_75, Utg863716_117	WP_126376628.1
OG0000013	Utg860814_26	WP_232034900.1
OG0000013	Utg860814_31	WP_126378023.1
OG0000014	Utg859076_41	WP_126377105.1
OG0000014	Utg857994_28	WP_126380551.1
OG0000015	Utg864866_65	WP_126376089.1
OG0000016	Utg859236_123	WP_126376801.1, WP_126376256.1
OG0000016	Utg857152_131	WP_126378703.1
OG0000017	Utg859388_110, Utg859388_121	WP_126378688.1, WP_232034745.1
OG0000019	Utg864866_31	WP_126380934.1
OG0000019	Utg859076_43	WP_232034874.1
OG0000020	Utg857682_69, Utg859098_133, Utg866558_48, Utg859098_147	WP_126375608.1
OG0000020	Utg857152_214	WP_126375676.1
OG0000023	Utg860814_169	WP_126379216.1
OG0000024	Utg863716_104	WP_126375630.1
OG0000024	Utg859098_279	WP_126380860.1
OG0000027	Utg863716_17, Utg857300_35, Utg857300_34, Utg857046_152, Utg857046_153	WP_126376537.1, WP_126377878.1
OG0000028	Utg864866_101, Utg860006_30, Utg864866_102	WP_126381116.1
OG0000028	Utg860814_34	WP_126378035.1, WP_126379735.1, WP_126378025.1
OG0000029	Utg859750_95	WP_126380700.1
OG0000029	Utg859982_26	WP_172961565.1
OG0000030	Utg861744_16	WP_126375863.1
OG0000030	Utg857994_103	WP_126376783.1
OG0000030	Utg857152_237	WP_126380627.1
OG0000031	Utg857490_1	WP_126379174.1
OG0000031	Utg857076_58	WP_126376771.1
OG0000031	Utg857152_167, Utg859388_158	WP_126380000.1
OG0000033	Utg860814_171	WP_126380666.1
OG0000035	Utg857152_33	WP_232034774.1, WP_126381133.1, WP_172961635.1, WP_126376101.1
OG0000036	Utg857682_165	WP_126379902.1
OG0000038	Utg860006_50	WP_232034908.1
OG0000038	Utg860814_278	WP_126376738.1
OG0000039	Utg857046_262, Utg859098_367	WP_126379639.1
OG0000040	Utg860814_311	WP_126380168.1
OG0000041	Utg857046_101	WP_172961587.1
OG0000042	Utg857152_197	WP_126379529.1
OG0000043	Utg857300_6	WP_126380768.1
OG0000043	Utg859236_121	WP_126380936.1
OG0000046	Utg860006_158	WP_126379445.1
OG0000046	Utg857152_215	WP_126375663.1
OG0000047	Utg858432_158, Utg857046_163	WP_172961741.1
OG0000048	Utg857682_54	WP_126381030.1
OG0000048	Utg857046_28	WP_126379303.1
OG0000049	Utg857152_93	WP_172961615.1
OG0000051	Utg857076_57	WP_126376773.1
OG0000051	Utg857046_216, Utg857152_166, Utg859388_159, Utg859388_160	WP_126379995.1
OG0000052	Utg857682_28, Utg857046_241, Utg857994_129, Utg857152_135	WP_126380843.1
OG0000053	Utg859388_13	WP_126381249.1
OG0000053	Utg857046_30	WP_126377151.1
OG0000055	Utg859098_163	WP_126379655.1
OG0000056	Utg859098_380	WP_126380518.1
OG0000058	Utg860814_210	WP_126375819.1
OG0000059	Utg859098_365	WP_232034798.1
OG0000060	Utg859388_118, Utg857300_57, Utg866558_9	WP_126379040.1, WP_232034744.1
OG0000061	Utg857682_55	WP_126381032.1
OG0000063	Utg859388_77	WP_126380494.1
OG0000064	Utg860006_63, Utg859750_77	WP_126377057.1
OG0000065	Utg864866_69	WP_126379932.1
OG0000065	Utg859750_21	WP_126379160.1
OG0000069	Utg857682_89, Utg857076_29	WP_126379705.1
OG0000070	Utg859098_224	WP_126378422.1, WP_232034886.1
OG0000071	Utg857046_242, Utg859076_12	WP_126379791.1, WP_126376680.1
OG0000071	Utg859982_10	WP_126379188.1
OG0000071	Utg860814_115	WP_126381068.1
OG0000072	Utg857046_243	WP_126376668.1
OG0000072	Utg859982_9	WP_126378397.1
OG0000072	Utg860814_114	WP_126381070.1
OG0000075	Utg861744_17	WP_126375865.1
OG0000075	Utg857152_236	WP_126380626.1
OG0000075	Utg857994_104	WP_126376787.1, WP_126376781.1
OG0000076	Utg861744_5	WP_126375693.1, WP_126381049.1
OG0000076	Utg859076_57, Utg860814_43, Utg859098_152	WP_172961659.1
OG0000077	Utg857994_161	WP_126377449.1
OG0000078	Utg859982_201, Utg859982_200	WP_172961764.1
OG0000078	Utg860814_279, Utg857152_21	WP_126376995.1, WP_126376997.1
OG0000079	Utg861744_10, Utg859750_81	WP_232034839.1
OG0000082	Utg859388_21	WP_172961569.1
OG0000082	Utg859098_98	WP_232034762.1, WP_126379022.1, WP_126377927.1, WP_126380332.1, WP_126380330.1
OG0000084	Utg859236_68	WP_126379819.1
OG0000085	Utg860814_319, Utg860814_167	WP_126381273.1
OG0000086	Utg860006_109	WP_126375833.1
OG0000087	Utg858432_79	WP_126379228.1
OG0000088	Utg859236_115, Utg859236_116, Utg859076_58, Utg859098_154, Utg859098_153	WP_126376259.1
OG0000091	Utg859388_68	WP_126379497.1
OG0000092	Utg860814_99	WP_126378232.1
OG0000093	Utg859750_86	WP_126377889.1, WP_126380751.1
OG0000094	Utg858494_66	WP_126379747.1
OG0000095	Utg860006_150	WP_232034876.1
OG0000097	Utg861744_24	WP_126380356.1
OG0000098	Utg860814_113	WP_126381073.1
OG0000098	Utg859982_8	WP_126381415.1
OG0000098	Utg859076_14	WP_126378399.1
OG0000101	Utg865370_31, Utg859750_57	WP_126380553.1, WP_126376877.1
OG0000103	Utg857046_198, Utg857152_173	WP_126375876.1
OG0000104	Utg857046_251	WP_126377346.1, WP_126377988.1
OG0000105	Utg859388_70, Utg860814_77	WP_126379501.1
OG0000106	Utg857076_51, Utg857300_18, Utg857046_214	WP_126380444.1
OG0000107	Utg860814_263, Utg860814_264	WP_126375961.1
OG0000110	Utg861744_6	WP_232034912.1
OG0000110	Utg859076_54, Utg859098_150	WP_126379985.1, WP_126376245.1
OG0000111	Utg857682_166	WP_126379900.1
OG0000112	Utg857152_85, Utg857682_172	WP_126377306.1, WP_126379449.1
OG0000114	Utg858494_132	WP_126377356.1
OG0000114	Utg863716_30	WP_126376037.1
OG0000115	Utg857152_65	WP_126377362.1
OG0000115	Utg860006_127	WP_126376861.1
OG0000117	Utg864866_33	WP_126380925.1
OG0000118	Utg864866_34	WP_126381543.1
OG0000122	Utg860814_103	WP_172961804.1
OG0000123	Utg861744_8	WP_126376807.1
OG0000126	Utg859388_82	WP_126379210.1
OG0000127	Utg857490_17	WP_126379366.1, WP_126379368.1
OG0000128	Utg863716_100, Utg859098_212	WP_232034755.1
OG0000129	Utg857682_35	WP_126376839.1
OG0000130	Utg864866_91, Utg857992_39	WP_172961687.1, WP_126380098.1, WP_126379042.1
OG0000131	Utg857994_138	WP_126380299.1
OG0000131	Utg859236_14	WP_232034794.1
OG0000132	Utg859098_255	WP_126378656.1
OG0000133	Utg864866_36	WP_232034812.1
OG0000134	Utg859098_168	WP_126377750.1
OG0000135	Utg857152_96	WP_126380248.1
OG0000136	Utg859098_181	WP_126377707.1
OG0000137	Utg860814_175, Utg858432_69, Utg857994_122, Utg860814_174, Utg859982_120	WP_126376304.1
OG0000138	Utg859388_169	WP_232034766.1
OG0000142	Utg860814_204	WP_126377727.1
OG0000143	Utg859750_71	WP_126376543.1, WP_126377487.1, WP_126375622.1
OG0000144	Utg859388_58	WP_126379267.1
OG0000145	Utg860814_102, Utg860814_101	WP_126376563.1
OG0000147	Utg859388_119	WP_126378684.1
OG0000148	Utg859236_120	WP_126380856.1, WP_126375591.1
OG0000150	Utg859982_197, Utg857046_26, Utg857152_38	WP_126377334.1
OG0000152	Utg860814_109	WP_126377470.1
OG0000152	Utg860814_116	WP_126381066.1
OG0000154	Utg865370_5	WP_126380855.1
OG0000155	Utg859098_381	WP_126378376.1, WP_126377489.1
OG0000158	Utg859098_391	WP_126379801.1, WP_126378159.1
OG0000158	Utg863716_72	WP_126376027.1
OG0000159	Utg857994_88	WP_126381351.1, WP_126380841.1
OG0000160	Utg863716_47	WP_126379093.1
OG0000162	Utg857046_72	WP_126375857.1, WP_172961809.1
OG0000163	Utg861744_18, Utg857076_25	WP_126378343.1
OG0000164	Utg857300_2	WP_126377539.1
OG0000166	Utg858432_139	WP_126377850.1
OG0000166	Utg861744_93	WP_126376718.1
OG0000167	Utg864866_73, Utg859982_154	WP_126380541.1
OG0000169	Utg859982_43	WP_126376755.1
OG0000169	Utg859098_429	WP_126376344.1
OG0000170	Utg857152_75, Utg857152_74	WP_126377170.1
OG0000172	Utg860006_25	WP_232034792.1
OG0000174	Utg860814_189	WP_126378921.1
OG0000176	Utg859982_112	WP_126377398.1
OG0000178	Utg857046_4	WP_172961806.1
OG0000178	Utg861744_102	WP_126376909.1, WP_126376611.1
OG0000179	Utg859098_69, Utg859098_70	WP_126379401.1, WP_126379755.1, WP_126377123.1, WP_126377121.1, WP_126378894.1, WP_126375971.1, WP_126379261.1
OG0000180	Utg859236_79	WP_126376686.1, WP_126376684.1
OG0000182	Utg859388_65	WP_126377328.1
OG0000183	Utg862138_16	WP_126375665.1
OG0000184	Utg859388_167	WP_126380301.1
OG0000186	Utg859236_122, Utg857994_70	WP_126376620.1
OG0000187	Utg858494_144, Utg858494_131	WP_126376003.1
OG0000188	Utg857152_35	WP_126380802.1
OG0000189	Utg860006_69	WP_126379679.1
OG0000190	Utg864866_78	WP_126377864.1
OG0000193	Utg859750_20	WP_126377830.1
OG0000194	Utg861744_61	WP_126378106.1
OG0000194	Utg861744_41	WP_126375723.1
OG0000195	Utg859098_286, Utg860814_283	WP_126381648.1, WP_126380634.1
OG0000196	Utg862138_14	WP_126375667.1
OG0000199	Utg857152_82, Utg859098_216	WP_126375709.1
OG0000201	Utg859750_26	WP_126377684.1
OG0000202	Utg857682_175	WP_126376358.1
OG0000202	Utg857300_47	WP_126375680.1
OG0000203	Utg857076_50, Utg857300_19	WP_126380446.1
OG0000203	Utg857076_65	WP_126376516.1
OG0000204	Utg857152_212	WP_172961790.1
OG0000204	Utg860814_30	WP_172961728.1, WP_126378027.1
OG0000205	Utg857682_46	WP_172961692.1, WP_126380899.1
OG0000206	Utg857152_170, Utg857152_169	WP_126378269.1
OG0000207	Utg857682_58	WP_126381038.1
OG0000208	Utg857682_59	WP_126381041.1
OG0000209	Utg857046_253	WP_126378432.1
OG0000210	Utg857300_1	WP_126379481.1
OG0000211	Utg859432_43	WP_126378828.1, WP_197723434.1, WP_126377139.1
OG0000215	Utg861744_111	WP_126379387.1
OG0000216	Utg857046_32	WP_126380832.1
OG0000217	Utg859236_44	WP_126377388.1
OG0000218	Utg861448_5	WP_126377380.1
OG0000219	Utg859098_413, Utg860814_128, Utg857152_18	WP_126377392.1
OG0000221	Utg860814_94	WP_232034814.1
OG0000222	Utg857076_18	WP_126377752.1, WP_126380413.1
OG0000223	Utg859388_18	WP_126379433.1
OG0000224	Utg859982_58, Utg857682_161	WP_126375687.1
OG0000225	Utg859982_121, Utg864866_44	WP_126381110.1
OG0000226	Utg857152_57	WP_232034915.1
OG0000227	Utg857992_19	WP_126380765.1
OG0000228	Utg857994_154	WP_126378318.1
OG0000230	Utg859098_371, Utg859098_166	WP_126376561.1
OG0000232	Utg859982_75, Utg859982_74	WP_126376907.1
OG0000232	Utg859982_73	WP_197723452.1
OG0000233	Utg859098_376	WP_126379699.1
OG0000234	Utg860006_56	WP_126375880.1, WP_172961661.1, WP_126375783.1
OG0000235	Utg863716_45	WP_126379765.1
OG0000235	Utg857152_83	WP_126375707.1
OG0000236	Utg859098_221	WP_126377990.1, WP_172961753.1, WP_126381003.1
OG0000237	Utg861744_115, Utg857682_142	WP_126377266.1, WP_126377794.1
OG0000238	Utg857682_83	WP_197723431.1
OG0000238	Utg857046_99, Utg857682_139	WP_232034849.1
OG0000239	Utg859236_56	WP_126380937.1
OG0000240	Utg859098_373, Utg860814_39	WP_126381024.1, WP_126379988.1, WP_126381060.1
OG0000241	Utg859236_55, Utg859236_102	WP_197723440.1
OG0000242	Utg859098_136, Utg866558_40, Utg859098_132	WP_172961595.1
OG0000243	Utg857682_39, Utg859236_70	WP_152034911.1
OG0000244	Utg859982_52	WP_126379395.1
OG0000246	Utg859098_58	WP_126378633.1
OG0000248	Utg859432_49	WP_126376690.1
OG0000250	Utg859098_87	WP_126377694.1, WP_126381114.1, WP_126376970.1
OG0000252	Utg859982_218, Utg862138_13	WP_126375668.1
OG0000253	Utg858432_42	WP_232034747.1, WP_126378732.1
OG0000254	Utg859076_2	WP_126379613.1, WP_126379617.1
OG0000255	Utg861744_84	WP_126376715.1
OG0000257	Utg859236_23	WP_126377805.1
OG0000259	Utg860006_137	WP_126380949.1
OG0000260	Utg860814_156	WP_126376736.1
OG0000260	Utg859432_35	WP_126377383.1
OG0000261	Utg860006_76	WP_232034914.1
OG0000263	Utg857682_148	WP_172961789.1
OG0000264	Utg857152_109	WP_126380686.1
OG0000265	Utg857152_107	WP_126380688.1
OG0000266	Utg857152_69	WP_126380663.1
OG0000267	Utg857046_62, Utg857046_61	WP_126380945.1
OG0000270	Utg864866_30	WP_126380933.1
OG0000271	Utg857682_56	WP_126381034.1
OG0000272	Utg859098_1, Utg859098_2	WP_126379423.1
OG0000273	Utg861448_18	WP_126380880.1
OG0000273	Utg858494_83	WP_126376722.1
OG0000275	Utg857994_229, Utg857994_230, Utg857994_231	WP_126380161.1, WP_232034933.1
OG0000277	Utg860006_51	WP_232034831.1
OG0000278	Utg862138_9	WP_126375672.1
OG0000278	Utg860006_100	WP_126377776.1
OG0000280	Utg859098_116, Utg859098_117, Utg859098_115	WP_126379987.1, WP_232034773.1, WP_126376296.1
OG0000284	Utg857300_22	WP_232034785.1
OG0000285	Utg859236_43	WP_126380954.1
OG0000286	Utg860006_77	WP_232034878.1
OG0000288	Utg859098_256	WP_126377408.1
OG0000290	Utg860006_88	WP_126381196.1
OG0000292	Utg857490_19	WP_126378090.1
OG0000293	Utg859982_224, Utg862138_17	WP_126375664.1
OG0000295	Utg857994_140	WP_232034907.1
OG0000296	Utg857152_73	WP_126376968.1
OG0000297	Utg861744_20	WP_172961716.1, WP_126380746.1
OG0000299	Utg862138_30	WP_232034802.1
OG0000300	Utg861744_126	WP_126376664.1
OG0000301	Utg858494_110	WP_126376077.1
OG0000302	Utg857076_54	WP_126376779.1
OG0000302	Utg865370_24	WP_126381011.1
OG0000307	Utg862138_5	WP_232034834.1
OG0000308	Utg859982_217, Utg862138_12	WP_126375669.1
OG0000309	Utg858494_46	WP_126379200.1
OG0000312	Utg858432_93	WP_126380979.1
OG0000313	Utg859982_66	WP_126375836.1
OG0000314	Utg859982_215, Utg862138_10	WP_126375671.1
OG0000316	Utg863716_86	WP_126375979.1
OG0000318	Utg857046_111	WP_126376184.1
OG0000320	Utg857152_126, Utg857152_127	WP_126380370.1
OG0000321	Utg859982_133	WP_232034945.1
OG0000322	Utg859098_38	WP_126380599.1
OG0000323	Utg857994_24	WP_172961568.1
OG0000323	Utg858494_38	WP_172961580.1
OG0000324	Utg859236_88	WP_172961599.1
OG0000325	Utg864866_68, Utg857992_24, Utg866558_36	WP_172961723.1, WP_126376600.1
OG0000326	Utg859236_22, Utg859236_21	WP_126375696.1
OG0000327	Utg859076_16	WP_126378401.1
OG0000327	Utg859982_6	WP_126379184.1
OG0000332	Utg857992_25, Utg857992_26	WP_126377537.1
OG0000333	Utg857152_84	WP_126380825.1
OG0000334	Utg857994_81, Utg861744_27	WP_126378606.1
OG0000335	Utg857046_39	WP_126376726.1
OG0000335	Utg857152_112	WP_126380917.1
OG0000336	Utg860006_136	WP_126380948.1
OG0000339	Utg859982_81	WP_126375542.1
OG0000343	Utg858432_41	WP_126378734.1
OG0000344	Utg857046_33	WP_126379008.1
OG0000346	Utg865370_23	WP_126381013.1
OG0000346	Utg857076_55	WP_126376777.1
OG0000348	Utg859076_6	WP_232034790.1
OG0000349	Utg860006_78	WP_126377264.1
OG0000350	Utg857682_131	WP_126380698.1
OG0000351	Utg857046_63	WP_126380946.1
OG0000352	Utg857152_37	WP_126377336.1
OG0000353	Utg859982_181	WP_126378808.1, WP_126381186.1
OG0000355	Utg860814_93	WP_126381547.1
OG0000356	Utg859098_215	WP_126377915.1
OG0000357	Utg859432_51	WP_126376942.1
OG0000358	Utg859098_231, Utg857152_203	WP_126377529.1
OG0000359	Utg857682_57	WP_126381036.1
OG0000360	Utg857490_30	WP_126380696.1
OG0000361	Utg859388_64	WP_126379495.1
OG0000363	Utg858432_4	WP_126379097.1
OG0000364	Utg858494_57, Utg863716_12, Utg863716_13	WP_232034851.1
OG0000365	Utg857152_129, Utg864866_79	WP_126379797.1
OG0000366	Utg857152_194	WP_126376476.1, WP_126376478.1
OG0000367	Utg864866_81, Utg864866_80	WP_126379291.1
OG0000370	Utg857994_37	WP_126380722.1
OG0000372	Utg857046_248	WP_126376919.1
OG0000373	Utg857046_230	WP_126377043.1, WP_126376917.1
OG0000375	Utg857152_124	WP_126381106.1
OG0000379	Utg859076_60	WP_126378328.1, WP_126378217.1
OG0000380	Utg858498_7	WP_126377282.1
OG0000381	Utg858432_57	WP_126376913.1
OG0000382	Utg859098_99	WP_126379417.1, WP_126377929.1, WP_126380334.1, WP_126379024.1
OG0000383	Utg857994_131	WP_126376204.1
OG0000384	Utg858432_115, Utg859098_420	WP_126379878.1
OG0000386	Utg859982_125	WP_126379713.1
OG0000388	Utg859388_69	WP_126379499.1
OG0000390	Utg859098_259	WP_126380496.1
OG0000391	Utg859388_80	WP_126377020.1
OG0000392	Utg859432_48	WP_126377803.1
OG0000393	Utg859388_122	WP_126377464.1
OG0000394	Utg858432_118	WP_126376132.1
OG0000396	Utg857046_205	WP_126380788.1
OG0000398	Utg859388_138, Utg857046_187	WP_126375829.1
OG0000399	Utg857994_19	WP_126376541.1
OG0000400	Utg857994_148	WP_126375999.1
OG0000401	Utg857490_22	WP_126377286.1
OG0000403	Utg859388_57	WP_232034756.1
OG0000404	Utg858432_29	WP_232034883.1
OG0000406	Utg858432_101	WP_126380117.1
OG0000408	Utg857046_206	WP_126376130.1
OG0000409	Utg859098_197, Utg859098_196	WP_126375727.1
OG0000410	Utg860814_206, Utg860814_207	WP_126375949.1
OG0000412	Utg866558_8	WP_126379030.1
OG0000412	Utg859388_117	WP_172961686.1
OG0000413	Utg862138_42	WP_126379336.1
OG0000414	Utg864866_32	WP_126380931.1
OG0000417	Utg857994_91	WP_126380786.1
OG0000418	Utg862138_20	WP_126380654.1
OG0000419	Utg860006_86	WP_232034936.1, WP_126376652.1
OG0000422	Utg857046_203	WP_126380163.1, WP_126379072.1
OG0000423	Utg859098_157	WP_126380506.1
OG0000424	Utg860814_75	WP_232034868.1
OG0000425	Utg858494_44, Utg858432_11	WP_126380914.1
OG0000427	Utg857490_6	WP_126377181.1
OG0000428	Utg859388_59	WP_126379265.1
OG0000433	Utg857046_260	WP_232034808.1, WP_126380900.1
OG0000434	Utg857046_132, Utg860814_138	WP_126378271.1
OG0000438	Utg859982_174	WP_126375743.1
OG0000439	Utg859982_185	WP_126378807.1, WP_126381188.1
OG0000440	Utg859982_195	WP_126380955.1
OG0000441	Utg864866_104	WP_126378080.1
OG0000442	Utg859076_63, Utg859236_124, Utg859098_171	WP_126379906.1
OG0000444	Utg859098_354	WP_126378345.1
OG0000446	Utg859098_101, Utg859098_100, Utg859076_48	WP_126377113.1, WP_126379389.1, WP_126379406.1
OG0000448	Utg859982_7	WP_126379186.1
OG0000453	Utg857152_117	WP_172961603.1
OG0000454	Utg859076_56	WP_126380902.1
OG0000457	Utg864866_63	WP_126380273.1
OG0000458	Utg866558_25	WP_126379457.1
OG0000459	Utg859098_217	WP_126378236.1
OG0000460	Utg858432_142	WP_197723457.1
OG0000461	Utg860814_196	WP_126376122.1
OG0000463	Utg859982_12	WP_126378471.1, WP_126378644.1
OG0000464	Utg858494_63	WP_172961777.1, WP_172961791.1
OG0000465	Utg857046_20	WP_126379779.1
OG0000466	Utg857046_29	WP_126377342.1
OG0000467	Utg861744_129	WP_126377723.1
OG0000468	Utg859982_19	WP_126379910.1
OG0000469	Utg857152_63	WP_126377360.1
OG0000470	Utg858432_109	WP_126378919.1
OG0000471	Utg859750_61	WP_126380492.1
OG0000472	Utg860006_132	WP_126378642.1, WP_126377824.1
OG0000473	Utg861744_130	WP_126377396.1
OG0000476	Utg857490_27	WP_126380693.1
OG0000477	Utg857046_213	WP_126379238.1
OG0000478	Utg857046_34	WP_126379010.1
OG0000479	Utg859098_352	WP_126378348.1
OG0000480	Utg858494_109	WP_126375801.1
OG0000481	Utg857046_84	WP_126378435.1
OG0000482	Utg857300_27	WP_126376547.1
OG0000485	Utg859098_351	WP_126378350.1
OG0000486	Utg859982_148, Utg859982_149	WP_126379287.1
OG0000487	Utg859098_195	WP_126380961.1
OG0000488	Utg861744_54	WP_126379525.1
OG0000489	Utg859388_187, Utg858498_21	WP_126377067.1
OG0000490	Utg860814_326	WP_172961760.1
OG0000491	Utg857994_162	WP_126379485.1
OG0000492	Utg857152_223	WP_126377713.1
OG0000493	Utg857152_45	WP_126377410.1
OG0000494	Utg857152_20	WP_172961673.1, WP_126379453.1
OG0000495	Utg859098_239, Utg859098_238	WP_126376099.1
OG0000496	Utg862138_40	WP_126375923.1
OG0000497	Utg858432_129	WP_126377812.1
OG0000498	Utg858432_130	WP_172961654.1
OG0000500	Utg858494_89	WP_126377826.1
OG0000501	Utg859388_178	WP_172961582.1
OG0000502	Utg859098_218	WP_126378238.1
OG0000504	Utg860814_205	WP_126377731.1
OG0000505	Utg857994_68	WP_126378085.1
OG0000506	Utg859982_40	WP_126378242.1
OG0000507	Utg859750_83	WP_126376835.1
OG0000509	Utg861744_21	WP_126376116.1
OG0000510	Utg860814_70	WP_126380646.1
OG0000511	Utg857046_259	WP_126377183.1
OG0000512	Utg857994_18	WP_126380757.1
OG0000514	Utg858432_18	WP_126375935.1
OG0000515	Utg859982_11	WP_232034909.1
OG0000516	Utg860814_197	WP_126378465.1
OG0000517	Utg857076_26	WP_126377799.1
OG0000519	Utg859098_182	WP_232034888.1
OG0000520	Utg859388_149	WP_126379338.1
OG0000521	Utg859098_269	WP_126380820.1
OG0000522	Utg859098_204	WP_126377013.1
OG0000523	Utg859388_10	WP_126376393.1
OG0000524	Utg861744_33	WP_126380396.1
OG0000526	Utg863716_87	WP_126375981.1
OG0000529	Utg857152_77, Utg857152_76	WP_126378081.1
OG0000530	Utg858432_105	WP_232034793.1
OG0000531	Utg860006_87	WP_126375893.1
OG0000532	Utg860006_54	WP_126377676.1
OG0000533	Utg857152_27, Utg857152_26	WP_126375945.1
OG0000535	Utg857152_185	WP_126379224.1
OG0000539	Utg857152_159	WP_126376287.1, WP_172961816.1
OG0000540	Utg859236_26	WP_126375989.1
OG0000542	Utg857152_50	WP_126375953.1
OG0000543	Utg859098_262	WP_126380762.1
OG0000544	Utg861744_125	WP_126376662.1
OG0000545	Utg859750_15	WP_126377049.1
OG0000546	Utg859432_39	WP_126377155.1
OG0000547	Utg860814_120	WP_126379146.1, WP_126379018.1
OG0000549	Utg858498_13	WP_126379236.1
OG0000550	Utg861448_9	WP_126378469.1
OG0000551	Utg860814_267	WP_126377300.1
OG0000553	Utg857682_87	WP_126380678.1
OG0000554	Utg857152_4	WP_126377635.1
OG0000555	Utg857152_177, Utg857152_176	WP_126377511.1
OG0000556	Utg859982_140	WP_126380804.1
OG0000558	Utg859236_71	WP_232034822.1
OG0000561	Utg865370_11	WP_126377792.1
OG0000562	Utg861744_43	WP_126375568.1
OG0000564	Utg859750_48	WP_126379555.1
OG0000566	Utg857152_97	WP_126380739.1
OG0000567	Utg859076_62	WP_126379908.1
OG0000568	Utg859388_45, Utg859098_267	WP_126381234.1
OG0000569	Utg857992_12	WP_126378372.1
OG0000570	Utg857046_194	WP_126377743.1
OG0000571	Utg857300_49	WP_126376091.1
OG0000572	Utg859982_161	WP_172961619.1
OG0000575	Utg859432_50	WP_126376941.1
OG0000576	Utg865370_28	WP_126376937.1
OG0000577	Utg857994_20	WP_126377364.1
OG0000578	Utg861744_32	WP_126380394.1
OG0000579	Utg861744_19	WP_126380745.1
OG0000580	Utg860814_282	WP_232034916.1
OG0000581	Utg858494_143	WP_126376006.1
OG0000582	Utg859750_11	WP_126375633.1
OG0000583	Utg857490_11	WP_126379507.1
OG0000584	Utg857046_225	WP_126379759.1
OG0000585	Utg857046_226	WP_126379757.1
OG0000586	Utg857046_228	WP_126381445.1
OG0000587	Utg859098_170	WP_126376883.1
OG0000588	Utg857046_250	WP_126379697.1
OG0000589	Utg859982_4	WP_126376001.1
OG0000590	Utg857046_196	WP_126375878.1
OG0000591	Utg859432_41	WP_126376962.1
OG0000592	Utg859098_167	WP_126380852.1
OG0000593	Utg858432_36	WP_126379359.1
OG0000594	Utg857152_39	WP_126376270.1
OG0000595	Utg860006_52	WP_126380213.1
OG0000596	Utg859098_222	WP_232034872.1
OG0000597	Utg859098_240	WP_126377437.1
OG0000598	Utg858432_39	WP_126378738.1
OG0000599	Utg859098_188	WP_126377651.1
OG0000600	Utg863716_90	WP_232034783.1
OG0000601	Utg859432_46	WP_126375798.1
OG0000602	Utg859098_243	WP_126377009.1
OG0000603	Utg860006_130	WP_172961647.1
OG0000604	Utg859750_70	WP_172961633.1
OG0000605	Utg863716_99	WP_172961652.1
OG0000607	Utg857152_11	WP_126380956.1
OG0000608	Utg860814_195	WP_126376126.1
OG0000609	Utg857994_166	WP_126379577.1
OG0000610	Utg858494_91	WP_126376379.1
OG0000611	Utg859098_165	WP_126379531.1
OG0000612	Utg866558_22	WP_126379314.1
OG0000613	Utg866558_21	WP_126379316.1
OG0000615	Utg858494_101	WP_126378874.1
OG0000616	Utg858494_99	WP_126378878.1
OG0000617	Utg858494_129	WP_126376041.1
OG0000618	Utg858494_127	WP_126376046.1
OG0000619	Utg858494_126	WP_126376048.1
OG0000620	Utg858494_125	WP_126376050.1
OG0000621	Utg858494_124	WP_126376052.1
OG0000622	Utg859236_96	WP_126380448.1
OG0000623	Utg857994_147	WP_126378477.1
OG0000624	Utg859098_193	WP_126380959.1
OG0000625	Utg859098_192	WP_126380958.1
OG0000626	Utg861744_118	WP_126376462.1
OG0000627	Utg858494_90	WP_126376381.1
OG0000628	Utg859076_34	WP_126376976.1
OG0000630	Utg857152_31	WP_126376751.1
OG0000631	Utg857152_28	WP_126376746.1
OG0000632	Utg859388_81	WP_126380336.1
OG0000633	Utg861448_58, Utg861448_57, Utg860814_165	WP_126378790.1
OG0000634	Utg857994_128	WP_126377709.1
OG0000635	Utg859236_17	WP_126375827.1
OG0000637	Utg859388_63	WP_126379493.1
OG0000638	Utg857076_19	WP_126376107.1
OG0000639	Utg859982_5	WP_126379579.1
OG0000640	Utg860006_133	WP_126379219.1
OG0000641	Utg858432_119	WP_126379074.1
OG0000642	Utg857046_24	WP_126380125.1
OG0000643	Utg857994_157	WP_126376704.1
OG0000644	Utg857152_22	WP_126380824.1
OG0000645	Utg857046_27	WP_126377725.1
OG0000646	Utg858432_47	WP_126378721.1
OG0000647	Utg858432_46	WP_126378723.1
OG0000648	Utg858432_43	WP_126378730.1
OG0000649	Utg857994_158	WP_126376706.1
OG0000650	Utg857992_20	WP_126380766.1
OG0000651	Utg859098_261	WP_126380763.1
OG0000652	Utg859388_12	WP_126376389.1
OG0000653	Utg859098_160	WP_126379918.1
OG0000654	Utg859750_12, Utg859750_13	WP_126375634.1
OG0000655	Utg857490_21	WP_126380776.1
OG0000656	Utg860814_287	WP_126377580.1
OG0000657	Utg860814_288	WP_126377582.1
OG0000658	Utg860814_293	WP_126377595.1
OG0000659	Utg860814_294	WP_126377597.1
OG0000660	Utg862138_23	WP_126378777.1
OG0000661	Utg862138_24	WP_126378775.1
OG0000662	Utg859236_80	WP_126376545.1
OG0000664	Utg860006_55	WP_126377673.1
OG0000665	Utg859750_18	WP_126380819.1
OG0000667	Utg857300_3	WP_126380844.1
OG0000669	Utg861744_69	WP_126378115.1
OG0000670	Utg858432_31	WP_126375751.1
OG0000671	Utg860006_65	WP_126379487.1
OG0000672	Utg857152_41	WP_126381098.1
OG0000673	Utg859982_38	WP_126377442.1
OG0000674	Utg859236_45	WP_126380965.1
OG0000675	Utg858432_131	WP_126380265.1
OG0000676	Utg859098_162	WP_126377491.1
OG0000677	Utg858494_106	WP_126376083.1
OG0000678	Utg858494_107	WP_126376081.1
OG0000679	Utg866558_16	WP_126379325.1
OG0000680	Utg857490_9	WP_126379512.1
OG0000681	Utg858494_138	WP_126376017.1
OG0000682	Utg858494_139	WP_126376015.1
OG0000683	Utg860006_24	WP_126378380.1
OG0000684	Utg857152_110	WP_126380685.1
OG0000685	Utg858494_115	WP_126376070.1
OG0000686	Utg858494_58	WP_126376811.1
OG0000687	Utg858494_119	WP_126376060.1
OG0000688	Utg858494_121	WP_126376057.1
OG0000689	Utg858494_122	WP_126376056.1
OG0000690	Utg857300_51	WP_126377431.1
OG0000691	Utg858494_135	WP_126376033.1
OG0000692	Utg857152_13	WP_126375760.1
OG0000693	Utg857682_77	WP_126380282.1
OG0000694	Utg857046_223	WP_126379585.1
OG0000695	Utg861744_138	WP_126380278.1
OG0000696	Utg857682_78	WP_126380221.1
OG0000697	Utg857152_72	WP_126381541.1
OG0000698	Utg866558_23	WP_126379312.1
OG0000699	Utg857992_14	WP_232034758.1
OG0000700	Utg857994_23	WP_126377348.1
OG0000701	Utg859982_145	WP_126376440.1
OG0000702	Utg863716_85	WP_126380769.1
OG0000704	Utg858432_50	WP_126378715.1
OG0000705	Utg858432_49	WP_126378717.1
OG0000706	Utg858432_48	WP_126378719.1
OG0000707	Utg858432_45	WP_126378725.1
OG0000708	Utg858432_38	WP_126381395.1
OG0000709	Utg859098_244	WP_126376199.1
OG0000710	Utg858432_137	WP_126380733.1
OG0000711	Utg857300_58	WP_126379305.1
OG0000712	Utg859098_194	WP_126380960.1
OG0000713	Utg859388_72	WP_126379503.1
OG0000714	Utg859388_74	WP_232034765.1
OG0000715	Utg857490_10	WP_126379510.1
OG0000716	Utg857490_8	WP_126379514.1
OG0000717	Utg858494_142	WP_126376008.1
OG0000718	Utg858494_141	WP_126376010.1
OG0000719	Utg858494_140	WP_126376013.1
OG0000720	Utg858494_137	WP_126376019.1
OG0000721	Utg858494_134	WP_126376035.1
OG0000722	Utg858494_130	WP_126376039.1
OG0000723	Utg858494_128	WP_126376043.1
OG0000724	Utg858494_123	WP_126376054.1
OG0000725	Utg858494_120	WP_126376059.1
OG0000726	Utg858494_118	WP_126376062.1
OG0000727	Utg858494_114	WP_126381242.1
OG0000728	Utg858494_113	WP_126381245.1
OG0000729	Utg858494_112	WP_126376072.1
OG0000730	Utg858494_111	WP_126376074.1
OG0000731	Utg858494_105	WP_126376085.1
OG0000732	Utg858494_104	WP_126381247.1
OG0000733	Utg858494_103	WP_126376087.1
OG0000734	Utg860814_296	WP_232034918.1
OG0000735	Utg857994_165	WP_126380307.1
OG0000736	Utg860814_280	WP_126377932.1
OG0000737	Utg860814_290	WP_126377586.1
OG0000738	Utg859432_37	WP_126377160.1
OG0000739	Utg859098_184	WP_126379518.1
OG0000740	Utg857046_195	WP_126380527.1
OG0000741	Utg857152_47	WP_126380649.1
OG0000742	Utg857046_188	WP_126379625.1
OG0000743	Utg857490_15	WP_126380537.1
OG0000744	Utg860006_53	WP_126377678.1
OG0000745	Utg859388_139	WP_126375831.1
OG0000746	Utg859098_235	WP_126378358.1
OG0000747	Utg857994_151	WP_232034867.1
OG0000748	Utg857994_150	WP_126375995.1
OG0000749	Utg857152_184	WP_126376115.1
OG0000750	Utg861744_131	WP_126381375.1
OG0000751	Utg861744_128	WP_126377721.1
OG0000752	Utg863716_108	WP_126376760.1
OG0000753	Utg859982_134	WP_126376827.1
OG0000754	Utg865370_30	WP_126376933.1
OG0000755	Utg865370_29	WP_126376935.1
OG0000756	Utg859098_377	WP_126378177.1
OG0000757	Utg857046_201	WP_126377543.1
OG0000758	Utg861744_34	WP_126380398.1
OG0000759	Utg863716_91	WP_232034803.1
OG0000760	Utg864866_56	WP_126380911.1
OG0000761	Utg865370_36	WP_126376105.1
OG0000762	Utg857152_182	WP_126380748.1
OG0000763	Utg857152_181	WP_126379573.1
OG0000764	Utg857152_103	WP_126379571.1
OG0000765	Utg857994_216	WP_126380406.1
OG0000766	Utg861744_46	WP_126377288.1
OG0000767	Utg860814_97	WP_126379398.1
OG0000768	Utg858432_125	WP_126380338.1
OG0000769	Utg858494_100	WP_126378876.1
OG0000770	Utg858494_98	WP_126378880.1
OG0000771	Utg858494_97	WP_126378882.1
OG0000772	Utg858494_95	WP_126378884.1
OG0000773	Utg858494_94	WP_126378886.1
OG0000774	Utg858494_93	WP_126378888.1
OG0000775	Utg857152_8	WP_172961585.1
OG0000776	Utg858432_16	WP_126375931.1
OG0000777	Utg858432_17	WP_126375933.1
OG0000778	Utg859076_36	WP_126377921.1
OG0000779	Utg859236_39	WP_126377051.1
OG0000780	Utg857994_34	WP_126378872.1
OG0000782	Utg857152_113	WP_126381297.1
OG0000783	Utg859098_319	WP_126380651.1
OG0000784	Utg864866_53	WP_126378393.1
OG0000785	Utg864866_52	WP_126378391.1
OG0000787	Utg858432_7	WP_126380223.1
OG0000789	Utg858432_136	WP_126376442.1
OG0000790	Utg857152_24	WP_126380747.1
OG0000791	Utg857152_172	WP_126380754.1
OG0000792	Utg858432_138	WP_126377846.1
OG0000793	Utg860814_257	WP_126377658.1
OG0000794	Utg859098_248	WP_126381500.1
OG0000795	Utg859236_57	WP_126377541.1
OG0000796	Utg859388_11	WP_126376391.1
OG0000797	Utg859098_321	WP_126376385.1
OG0000798	Utg864866_5	WP_126381370.1
OG0000799	Utg859236_84	WP_126380311.1
OG0000800	Utg857300_48	WP_126375951.1
OG0000801	Utg858432_94	WP_126378492.1
OG0000802	Utg859982_39	WP_126378225.1
OG0000803	Utg862138_37	WP_126378234.1
OG0000804	Utg857046_156, Utg857300_38	WP_126376555.1
OG0000806	Utg861744_35	WP_126380721.1
OG0000807	Utg857994_156	WP_126376702.1
OG0000808	Utg858494_59	WP_126377189.1
OG0000809	Utg859076_29	WP_126380818.1
OG0000811	Utg859076_28	WP_126377284.1
OG0000812	Utg859982_130	WP_126379597.1
OG0000813	Utg859236_28	WP_126377433.1
OG0000814	Utg860814_27, Utg860814_28	WP_126379739.1
OG0000815	Utg859098_270	WP_126380225.1
OG0000816	Utg861744_39	WP_126380913.1
OG0000817	Utg861744_55	WP_126379259.1
OG0000818	Utg859982_206	WP_126378183.1
OG0000819	Utg859098_237	WP_126380450.1
OG0000820	Utg861744_11, Utg857076_46	WP_126380865.1
OG0000821	Utg857076_59	WP_126376769.1
OG0000822	Utg857490_29	WP_232034801.1
OG0000823	Utg857490_26	WP_126380692.1
OG0000825	Utg860006_60	WP_126377038.1
OG0000826	Utg859098_398	WP_126377887.1
OG0000827	Utg857992_34	WP_126379835.1
OG0000828	Utg857992_33	WP_126379837.1
OG0000829	Utg857992_32	WP_126379839.1
OG0000830	Utg857992_31	WP_126379841.1
OG0000831	Utg857992_30	WP_126379843.1
OG0000832	Utg857992_29	WP_126379845.1
OG0000833	Utg862138_6	WP_126375675.1
OG0000834	Utg860814_211	WP_126375821.1
OG0000835	Utg861744_136	WP_126381353.1
OG0000836	Utg859982_37	WP_126377439.1
OG0000837	Utg857994_149	WP_126375997.1
OG0000838	Utg859750_78	WP_126377055.1
OG0000839	Utg857994_159	WP_126381271.1
OG0000841	Utg861744_104	WP_232034887.1
OG0000842	Utg859982_143	WP_126377655.1
OG0000843	Utg859098_186	WP_126377649.1
OG0000844	Utg866558_19	WP_126379318.1
OG0000845	Utg866558_18	WP_126379321.1
OG0000846	Utg866558_15	WP_126379327.1
OG0000847	Utg857046_199, Utg857046_200	WP_126375875.1
OG0000848	Utg859098_198	WP_126375728.1
OG0000849	Utg860814_241	WP_126381363.1
OG0000850	Utg865370_6	WP_126376950.1
OG0000851	Utg859432_52	WP_126376944.1
OG0000852	Utg862138_31	WP_126378181.1
OG0000853	Utg862138_25	WP_126378386.1
OG0000854	Utg859098_156	WP_126380504.1
OG0000855	Utg862138_22	WP_126380773.1
OG0000856	Utg859098_158	WP_126377187.1
OG0000858	Utg857152_16	WP_126379599.1
OG0000860	Utg857152_108	WP_126380687.1
OG0000861	Utg862138_32	WP_126376444.1
OG0000862	Utg857046_249	WP_126376989.1
OG0000863	Utg858498_11	WP_232034806.1
OG0000864	Utg857152_40	WP_126378925.1
OG0000865	Utg859432_45	WP_126375800.1
OG0000866	Utg861744_123	WP_126379777.1
OG0000867	Utg857152_66	WP_172961830.1
OG0000868	Utg858432_141	WP_172961655.1
OG0000869	Utg858494_136	WP_126376021.1
OG0000870	Utg857152_7	WP_126377026.1
OG0000871	Utg860814_295	WP_126377599.1
OG0000872	Utg859076_32	WP_126376972.1
OG0000873	Utg858432_134	WP_126377268.1
OG0000874	Utg859982_42	WP_126376758.1
OG0000875	Utg862138_27	WP_126377682.1
OG0000876	Utg858498_10	WP_126378786.1
OG0000877	Utg859750_69	WP_126377032.1
OG0000878	Utg861744_25	WP_172961613.1
OG0000879	Utg859098_208	WP_126377191.1
OG0000881	Utg857046_136	WP_126376618.1
OG0000882	Utg857076_30	WP_126380705.1
OG0000883	Utg857076_22	WP_126380291.1
OG0000884	Utg864866_4	WP_126377296.1
OG0000886	Utg857152_198	WP_126378449.1
OG0000887	Utg857682_127	WP_172961612.1, WP_126380828.1
OG0000888	Utg860814_318, Utg860814_18	WP_126380615.1
OG0000889	Utg857046_218	WP_126377483.1
OG0000890	Utg859388_129	WP_126380941.1
OG0000891	Utg857046_227	WP_232034770.1
OG0000892	Utg858432_33, Utg858432_32	WP_126375752.1
OG0000893	Utg858432_44	WP_232034746.1
OG0000894	Utg857300_13	WP_126377527.1
OG0000895	Utg859432_42	WP_126376964.1
OG0000896	Utg862138_41	WP_126381232.1
OG0000897	Utg857076_60	WP_126376766.1
OG0000898	Utg857682_75	WP_126378339.1
OG0000899	Utg857992_27	WP_126377535.1
OG0000900	Utg857076_21	WP_126376111.1
OG0000901	Utg857076_69, Utg860814_111	WP_126376678.1, WP_126381077.1, WP_126381081.1
OG0000902	Utg860814_108	WP_126375724.1
OG0000903	Utg860814_106	WP_126375725.1
OG0000905	Utg859388_147	WP_126378794.1
OG0000906	Utg859750_75, Utg859750_76	WP_126377059.1
OG0000907	Utg859750_22	WP_126375775.1
OG0000912	Utg857152_122, Utg857152_121	WP_197723439.1, WP_126380514.1, WP_126376432.1
OG0000913	Utg857076_64	WP_126381261.1
OG0000915	Utg857300_28	WP_126379715.1
OG0000916	Utg857682_138	WP_126376023.1
OG0000917	Utg857152_100	WP_126380740.1
OG0000920	Utg859098_42	WP_126380597.1
OG0000922	Utg857046_134	WP_126377748.1
OG0000923	Utg857046_22	WP_126376282.1
OG0000926	Utg857046_96	WP_126380606.1
OG0000929	Utg857994_22, Utg857994_21	WP_172961643.1
OG0000930	Utg859098_247	WP_126379707.1
OG0000931	Utg859098_329	WP_126380800.1
OG0000932	Utg857046_234, Utg859098_126	WP_126381558.1
OG0000933	Utg859098_74, Utg859098_75, Utg859076_46	WP_126377115.1, WP_126377562.1
OG0000934	Utg859076_51, Utg859098_66, Utg859098_67	WP_126378896.1, WP_126377119.1
OG0000935	Utg859388_184, Utg858498_24	WP_126376958.1
OG0000936	Utg859982_80	WP_126380862.1
OG0000937	Utg857994_136	WP_126379821.1
OG0000938	Utg859388_174	WP_126380484.1
OG0000939	Utg858432_107	WP_126375721.1, WP_126379607.1
OG0000940	Utg857076_11	WP_126375977.1
OG0000941	Utg857490_16	WP_126378988.1
OG0000943	Utg859098_328	WP_172961775.1
OG0000944	Utg858432_128	WP_126380258.1
OG0000946	Utg858494_6	WP_126378201.1
OG0000951	Utg859982_106	WP_126380787.1
OG0000952	Utg857682_53	WP_126381028.1
OG0000955	Utg863716_21, Utg859388_38	WP_126380942.1
OG0000956	Utg857992_41	WP_126378692.1
OG0000962	Utg859388_132	WP_126376448.1
OG0000963	Utg857152_106	WP_126380689.1
OG0000964	Utg859982_41	WP_126378245.1
OG0000966	Utg857076_3, Utg859236_131	WP_126379977.1
OG0000967	Utg857994_90	WP_126377822.1
OG0000968	Utg859098_189	WP_126377653.1
OG0000971	Utg859432_47	WP_126375796.1
OG0000972	Utg859098_228	WP_126379334.1
OG0000974	Utg866558_24	WP_126377744.1
OG0000976	Utg860006_128	WP_126379222.1
OG0000977	Utg859098_362	WP_126379206.1
OG0000980	Utg857992_22	WP_126376929.1
OG0000981	Utg861744_44	WP_126380293.1
OG0000983	Utg858432_111	WP_126376452.1
OG0000985	Utg862138_15	WP_126375666.1
OG0000987	Utg859098_268	WP_126376688.1
OG0000988	Utg859750_14	WP_126375636.1
OG0000989	Utg859098_265	WP_126377040.1
OG0000990	Utg861744_40	WP_126379256.1
OG0000991	Utg859432_40	WP_126376837.1
OG0000992	Utg858432_34	WP_126375753.1
OG0000994	Utg858494_108	WP_126376079.1
OG0000995	Utg858494_117	WP_126376066.1
OG0000996	Utg857046_68	WP_126378463.1
OG0000998	Utg859982_156	WP_126379281.1
OG0000999	Utg857152_210	WP_126380838.1
OG0001000	Utg858494_116	WP_126376068.1
OG0001002	Utg860814_291	WP_126377590.1
OG0001003	Utg860006_165	WP_126380935.1
OG0001004	Utg864866_85	WP_126376817.1
OG0001005	Utg864866_84	WP_126376815.1
OG0001006	Utg857300_4	WP_126380845.1
OG0001007	Utg858432_135	WP_126377270.1
OG0001008	Utg859982_204	WP_126380704.1
OG0001009	Utg859982_203	WP_126378169.1
OG0001014	Utg858432_10	WP_126380452.1
OG0001017	Utg859388_91	WP_126380938.1
OG0001018	Utg859750_68	WP_126377034.1
OG0001020	Utg861744_59	WP_126378132.1
OG0001022	Utg857046_31	WP_126377149.1
OG0001024	Utg860006_134	WP_126377406.1
OG0001025	Utg860814_308	WP_126380092.1, WP_126380157.1, WP_126380609.1
OG0001027	Utg857076_42	WP_126381126.1
OG0001029	Utg857992_28	WP_126377533.1
OG0001030	Utg861744_137	WP_126380276.1
OG0001033	Utg859098_260	WP_126380764.1
OG0001034	Utg861744_53	WP_126377545.1
OG0001035	Utg861744_22	WP_126376118.1
OG0001037	Utg857994_137	WP_126376422.1
OG0001038	Utg857300_56	WP_126376931.1
OG0001040	Utg858494_92	WP_172961699.1
OG0001045	Utg859388_15	WP_126376692.1
OG0001046	Utg866558_26	WP_126377495.1
OG0001047	Utg865370_4	WP_126375973.1
OG0001048	Utg858432_90	WP_126376301.1
OG0001049	Utg859236_98	WP_126376533.1
OG0001053	Utg857994_209	WP_126380164.1
OG0001054	Utg858432_21	WP_126380173.1
OG0001056	Utg859098_437, Utg858498_1	WP_126377503.1
OG0001057	Utg857682_14	WP_126377209.1
OG0001058	Utg859388_14	WP_126376694.1
OG0001059	Utg857682_92	WP_126375734.1
OG0001060	Utg861448_4	WP_126377446.1, WP_232034875.1
OG0001063	Utg859982_72	WP_126376905.1
OG0001065	Utg859236_30, Utg859236_29	WP_126377603.1
OG0001066	Utg858432_35	WP_126375754.1
OG0001067	Utg859982_135, Utg859982_136	WP_126377134.1
OG0001068	Utg859098_273	WP_126377609.1
OG0001069	Utg859982_176	WP_126375884.1
OG0001070	Utg859076_33	WP_126376974.1
OG0001071	Utg860814_250, Utg860814_268, Utg860814_269	WP_126377298.1
OG0001072	Utg860814_262	WP_126380927.1
OG0001073	Utg859982_126	WP_126380905.1
OG0001074	Utg859432_79	WP_126377816.1
OG0001075	Utg859098_419	WP_126377672.1, WP_126376658.1
OG0001076	Utg857152_183	WP_126376113.1
OG0001080	Utg857152_222	WP_126377304.1
OG0001082	Utg863716_40	WP_126376454.1
OG0001083	Utg865370_14	WP_126376338.1
OG0001084	Utg865370_12	WP_126377790.1
OG0001086	Utg864866_114	WP_126380887.1
OG0001088	Utg857300_53	WP_126377429.1
OG0001091	Utg857076_49, Utg857300_21	WP_126380366.1
OG0001093	Utg857046_261	WP_126380901.1
OG0001094	Utg857994_67	WP_126378087.1
OG0001096	Utg858494_56	WP_126380777.1
OG0001098	Utg859098_10	WP_126380797.1
OG0001100	Utg857994_163	WP_126379955.1
OG0001101	Utg859388_71	WP_126377501.1
OG0001102	Utg859982_77	WP_126375548.1
OG0001104	Utg859098_190	WP_126380743.1
OG0001105	Utg859098_253	WP_126375700.1
OG0001106	Utg859098_254	WP_126375701.1
OG0001108	Utg859098_326	WP_232034854.1
OG0001109	Utg859098_327	WP_126380846.1
OG0001110	Utg859098_330	WP_126380778.1
OG0001111	Utg859098_353	WP_126378346.1
OG0001112	Utg857046_155, Utg857046_233, Utg859098_125	WP_126381176.1
OG0001113	Utg858432_78	WP_126381026.1
OG0001114	Utg859098_97	WP_126380328.1
OG0001115	Utg858498_5	WP_126378417.1
OG0001116	Utg859982_18	WP_126379232.1
OG0001117	Utg859982_15	WP_126375805.1, WP_232034892.1, WP_126375607.1
OG0001118	Utg857992_11	WP_126378370.1
OG0001120	Utg862138_29	WP_126380966.1
OG0001121	Utg861448_2	WP_126378490.1
OG0001122	Utg857046_148	WP_126377404.1
OG0001123	Utg857046_119	WP_126376161.1
OG0001124	Utg859098_252	WP_126375699.1
OG0001125	Utg863716_62	WP_126379637.1
OG0001126	Utg860814_1	WP_126378140.1
OG0001127	Utg857994_16, Utg857682_169	WP_126380388.1
OG0001132	Utg858494_7	WP_126376414.1
OG0001135	Utg857682_162	WP_172961658.1
OG0001136	Utg857994_83, Utg857994_84	WP_126375590.1
OG0001138	Utg859982_123	WP_126375813.1
OG0001139	Utg860006_115	WP_172961683.1
OG0001142	Utg858432_30	WP_126375750.1
OG0001144	Utg864866_58	WP_126377011.1
OG0001150	Utg859236_99	WP_126377172.1
OG0001152	Utg857992_36	WP_126379833.1
OG0001153	Utg861744_68	WP_126378118.1
OG0001154	Utg857152_46	WP_126380644.1
OG0001156	Utg859098_49, Utg857994_218	WP_126378011.1, WP_126380853.1
OG0001157	Utg861744_62	WP_126378131.1
OG0001159	Utg859076_30	WP_126381275.1
OG0001160	Utg859750_16	WP_126379781.1
OG0001164	Utg859098_272	WP_126378226.1
OG0001171	Utg861744_94	WP_126378114.1
OG0001172	Utg861744_66	WP_126378122.1
OG0001173	Utg861744_65	WP_126378125.1
OG0001174	Utg861744_96	WP_126378110.1
OG0001176	Utg859098_416	WP_126379346.1
OG0001178	Utg859098_86	WP_126377696.1
OG0001180	Utg857682_67, Utg861744_89	WP_126376096.1
OG0001181	Utg857682_68, Utg861744_88	WP_126376097.1
OG0001197	Utg860814_292	WP_126377592.1
OG0001198	Utg860814_255	WP_126379542.1
OG0001199	Utg860814_226	WP_172961711.1
OG0001200	Utg860814_110	WP_126377472.1
OG0001202	Utg863716_82	WP_126379675.1, WP_126379065.1
OG0001203	Utg863716_48	WP_126376634.1
OG0001206	Utg859098_422	WP_126376656.1
OG0001207	Utg859098_421	WP_126381267.1
OG0001208	Utg859750_84	WP_126376293.1
OG0001209	Utg864866_66	WP_126377168.1
OG0001210	Utg857152_144	WP_126379353.1
OG0001212	Utg863716_133, Utg857076_2, Utg859236_130	WP_126379979.1
OG0001213	Utg863716_132, Utg857076_1, Utg859236_129	WP_126379981.1
OG0001214	Utg857300_16, Utg860814_225	WP_232034930.1
OG0001215	Utg864866_15	WP_126375845.1
OG0001216	Utg857152_219	WP_232034810.1
OG0001223	Utg857682_168, Utg857682_76	WP_126379226.1
OG0001224	Utg857994_133, Utg859982_28	WP_126376418.1
OG0001229	Utg857994_82, Utg861744_26	WP_126378604.1
OG0001230	Utg861744_52	WP_126379695.1
OG0001232	Utg857300_52	WP_126381311.1
OG0001233	Utg860006_75	WP_126377258.1
OG0001234	Utg860814_89, Utg860814_84	WP_126376598.1, WP_126377132.1
OG0001234	Utg863716_124	WP_126378668.1
OG0001236	Utg857076_53, Utg857300_20	WP_126380440.1
OG0001237	Utg857076_52, Utg857300_17	WP_126380442.1
OG0001238	Utg863716_56	WP_126376881.1
OG0001242	Utg857152_25	WP_126375943.1
OG0001243	Utg857152_44	WP_126380812.1
OG0001244	Utg857152_55	WP_126376744.1
OG0001245	Utg857152_67	WP_126380665.1
OG0001246	Utg857152_104	WP_126380690.1
OG0001248	Utg857046_211	WP_126380742.1
OG0001252	Utg857076_31	WP_126380682.1
OG0001253	Utg857076_28	WP_126378779.1
OG0001254	Utg857076_24	WP_172961586.1
OG0001256	Utg859236_47	WP_126379192.1
OG0001257	Utg859236_42	WP_126378483.1
OG0001258	Utg859236_19	WP_126375823.1
OG0001259	Utg859236_18	WP_126375825.1
OG0001260	Utg860006_26	WP_126379168.1, WP_126378625.1
OG0001262	Utg860006_58	WP_126378461.1
OG0001263	Utg860006_85	WP_126379356.1
OG0001264	Utg860006_166	WP_126379575.1
OG0001266	Utg857994_143	WP_126379864.1
OG0001267	Utg863716_43	WP_232034844.1
OG0001269	Utg859982_196	WP_126380523.1, WP_126381545.1
OG0001271	Utg859098_211	WP_232034882.1
OG0001272	Utg859098_223	WP_126375777.1
OG0001273	Utg859098_180	WP_126377998.1
OG0001274	Utg859098_242	WP_126377007.1
OG0001275	Utg859098_312	WP_126378844.1
OG0001276	Utg859098_323	WP_126375554.1
OG0001277	Utg859098_324	WP_126380727.1
OG0001278	Utg859098_332	WP_126380717.1
OG0001279	Utg859098_333	WP_126380718.1
OG0001280	Utg859098_338, Utg859098_339	WP_232034788.1
OG0001281	Utg859098_355	WP_126376267.1
OG0001282	Utg859098_356	WP_126377626.1
OG0001283	Utg859098_359	WP_126376698.1
OG0001284	Utg859098_108	WP_126380238.1
OG0001285	Utg859098_107	WP_126380240.1
OG0001286	Utg859098_106	WP_126381474.1
OG0001287	Utg859098_103	WP_126379412.1
OG0001288	Utg859098_102	WP_172961639.1, WP_126379409.1
OG0001289	Utg859098_90	WP_126377688.1
OG0001290	Utg859098_89	WP_126377690.1
OG0001292	Utg858498_9	WP_126380713.1
OG0001293	Utg858498_12	WP_126375613.1
OG0001296	Utg857076_63	WP_126376551.1
OG0001297	Utg857076_62	WP_126376553.1
OG0001298	Utg866558_17	WP_126379323.1
OG0001300	Utg857046_102	WP_126380809.1
OG0001301	Utg862138_7	WP_126375674.1, WP_126377780.1
OG0001302	Utg857152_58, Utg857682_170	WP_126379196.1
OG0001303	Utg866558_30	WP_126379681.1
OG0001304	Utg860814_98	WP_126380490.1
OG0001305	Utg860814_105	WP_126380380.1
OG0001306	Utg862138_26	WP_126378384.1
OG0001308	Utg857152_105	WP_232034800.1
OG0001309	Utg859388_136	WP_126375967.1
OG0001311	Utg857994_43	WP_126380701.1
OG0001312	Utg858494_8	WP_126378205.1
OG0001312	Utg864866_89	WP_126379853.1
OG0001314	Utg860814_151	WP_126380008.1
OG0001318	Utg857076_9	WP_126376529.1, WP_126377620.1, WP_232034821.1
OG0001323	Utg859982_124	WP_232034847.1
OG0001324	Utg859982_194	WP_126376764.1, WP_126375647.1
OG0001333	Utg861744_85	WP_126377240.1
OG0001338	Utg857994_169	WP_126380613.1
OG0001346	Utg860006_68	WP_126379623.1
OG0001352	Utg857152_79	WP_126380724.1
OG0001359	Utg861744_95	WP_126378112.1
OG0001369	Utg857152_89	WP_126380867.1
OG0001372	Utg857300_8	WP_126380969.1, WP_232034939.1
OG0001387	Utg861448_22, Utg863716_95	WP_126380175.1
OG0001396	Utg860814_266	WP_126377302.1
OG0001397	Utg862138_4	WP_126380435.1
OG0001398	Utg860814_238	WP_126378439.1
OG0001400	Utg859236_77	WP_126376713.1
OG0001401	Utg860814_187	WP_232034891.1
OG0001403	Utg863716_83	WP_126379677.1
OG0001404	Utg863716_81	WP_126379673.1
OG0001405	Utg863716_79	WP_126379669.1
OG0001406	Utg863716_78	WP_126379667.1
OG0001407	Utg863716_57	WP_232034870.1
OG0001409	Utg863716_44	WP_126379876.1
OG0001410	Utg861744_71	WP_126378006.1
OG0001412	Utg863716_75, Utg857152_204	WP_126380903.1
OG0001414	Utg857152_178	WP_126380808.1
OG0001416	Utg859750_62	WP_126380970.1
OG0001417	Utg857994_196	WP_172961770.1
OG0001419	Utg857152_217	WP_126375677.1
OG0001420	Utg857152_218	WP_126380840.1
OG0001422	Utg859982_29, Utg857994_134	WP_172961611.1
OG0001424	Utg865370_15	WP_126377611.1
OG0001427	Utg863716_67	WP_126381549.1
OG0001429	Utg861744_51	WP_126381441.1
OG0001431	Utg859098_4, Utg864866_9	WP_126379426.1
OG0001433	Utg859098_6	WP_126376434.1
OG0001437	Utg864866_14	WP_126380667.1
OG0001446	Utg857152_42	WP_126380810.1
OG0001447	Utg857152_43	WP_126380811.1
OG0001448	Utg857152_70	WP_126380662.1
OG0001449	Utg861744_109, Utg861744_108	WP_172961735.1
OG0001451	Utg857152_115	WP_126379263.1
OG0001452	Utg857046_224	WP_126379761.1
OG0001453	Utg857046_210	WP_126380799.1
OG0001454	Utg857046_204	WP_126379371.1
OG0001455	Utg857994_179	WP_126378374.1
OG0001455	Utg857994_174	WP_126381108.1
OG0001458	Utg857490_5	WP_126379170.1
OG0001459	Utg857490_4	WP_126379172.1
OG0001461	Utg857076_39	WP_126375772.1
OG0001462	Utg857076_20	WP_126376109.1
OG0001465	Utg859236_83	WP_126380711.1
OG0001466	Utg859236_81	WP_126380710.1
OG0001468	Utg857046_86	WP_126379085.1
OG0001470	Utg859236_33	WP_126380714.1
OG0001471	Utg860006_70	WP_126381019.1
OG0001473	Utg860006_125	WP_126376650.1
OG0001474	Utg860006_138	WP_126375756.1
OG0001475	Utg860006_146, Utg857994_217	WP_126380744.1, WP_126375817.1
OG0001477	Utg857994_212	WP_126379649.1
OG0001478	Utg857994_167	WP_126380346.1
OG0001479	Utg857994_160	WP_232034805.1
OG0001482	Utg859388_79	WP_126376993.1
OG0001484	Utg859982_76	WP_172961788.1
OG0001485	Utg859982_137	WP_126381526.1
OG0001486	Utg859982_199	WP_126378297.1
OG0001487	Utg859982_205	WP_126375662.1
OG0001490	Utg859098_112	WP_126380229.1
OG0001491	Utg859098_111	WP_126380231.1
OG0001492	Utg859098_110	WP_126380233.1
OG0001493	Utg859098_109	WP_126380235.1
OG0001494	Utg859098_96	WP_126379014.1
OG0001495	Utg859098_95	WP_126380325.1
OG0001496	Utg859098_93	WP_126380323.1
OG0001497	Utg859098_92	WP_126380321.1
OG0001498	Utg859098_91	WP_126377686.1
OG0001499	Utg859098_84	WP_126377576.1
OG0001500	Utg859098_83	WP_126377574.1
OG0001501	Utg859098_82	WP_126377572.1
OG0001502	Utg859098_81	WP_126377570.1
OG0001503	Utg859098_80	WP_126377568.1
OG0001504	Utg859098_72	WP_126377558.1
OG0001505	Utg859098_65	WP_126378898.1
OG0001507	Utg858498_17	WP_126380309.1
OG0001508	Utg859388_180	WP_126378488.1
OG0001510	Utg859388_131	WP_126378301.1
OG0001517	Utg861448_3	WP_126380951.1
OG0001518	Utg858432_124	WP_126380219.1
OG0001519	Utg858432_20	WP_126375937.1
OG0001522	Utg862138_8	WP_126377778.1, WP_126375673.1
OG0001524	Utg857046_21	WP_126377372.1
OG0001525	Utg859098_258	WP_126378614.1
OG0001527	Utg859982_198	WP_126380909.1
OG0001531	Utg858432_112	WP_126376450.1
OG0001532	Utg859982_202	WP_172961634.1
OG0001533	Utg857682_41	WP_126377670.1
OG0001536	Utg863716_80	WP_126379671.1
OG0001539	Utg857994_99	WP_126375629.1
OG0001540	Utg859982_177	WP_172961717.1
OG0001542	Utg863716_18	WP_126375570.1
OG0001547	Utg857152_23	WP_126379455.1
OG0001551	Utg857682_45	WP_126377223.1
OG0001552	Utg859098_45	WP_126377255.1
OG0001569	Utg858432_56	WP_126380849.1
OG0001571	Utg859750_36	WP_126375603.1
OG0001580	Utg865370_25	WP_126381009.1
OG0001581	Utg859098_225	WP_126378419.1
OG0001592	Utg865370_26	WP_232034815.1
OG0001596	Utg863716_49	WP_126378445.1
OG0001616	Utg860006_142	WP_126379459.1
OG0001622	Utg857046_12	WP_172961805.1
OG0001629	Utg860814_261	WP_126380928.1
OG0001632	Utg860814_112	WP_126381075.1, WP_126376674.1
OG0001638	Utg859076_35	WP_126377923.1
OG0001640	Utg863716_96	WP_126377548.1
OG0001645	Utg863716_38	WP_126378257.1
OG0001646	Utg863716_36	WP_126375682.1, WP_126378768.1
OG0001647	Utg857152_231	WP_126375581.1, WP_126379373.1
OG0001649	Utg861744_63	WP_126378129.1
OG0001650	Utg861744_64	WP_126378127.1
OG0001651	Utg861744_67	WP_126378120.1
OG0001652	Utg857152_224	WP_126378621.1
OG0001653	Utg863716_114	WP_126379926.1
OG0001654	Utg857152_141	WP_232034809.1
OG0001656	Utg859750_74	WP_232034846.1
OG0001657	Utg859750_66	WP_126377919.1
OG0001660	Utg864866_62	WP_126377378.1
OG0001663	Utg857046_123	WP_126376180.1
OG0001668	Utg859098_284	WP_126375578.1
OG0001676	Utg865370_22	WP_126378213.1
OG0001678	Utg865370_13	WP_126377784.1
OG0001683	Utg861744_29, Utg857994_79	WP_126378610.1
OG0001684	Utg857994_78, Utg861744_30	WP_126378612.1
OG0001689	Utg859982_150	WP_126381129.1
OG0001690	Utg864866_115	WP_232034811.1
OG0001691	Utg864866_116	WP_126380885.1
OG0001694	Utg857300_45	WP_126375642.1, WP_126375625.1
OG0001695	Utg860814_90, Utg860814_88	WP_126378966.1
OG0001699	Utg859388_166	WP_126380303.1
OG0001708	Utg857152_98	WP_126380738.1
OG0001712	Utg857046_209	WP_126380798.1
OG0001713	Utg857046_37	WP_126378994.1
OG0001722	Utg857152_233	WP_126380640.1
OG0001723	Utg859982_186, Utg859236_48	WP_126376383.1
OG0001725	Utg859236_37	WP_126375908.1
OG0001726	Utg859236_35	WP_126375912.1
OG0001727	Utg859098_34	WP_172961645.1
OG0001728	Utg860006_34	WP_126375546.1
OG0001730	Utg860006_126	WP_126376648.1
OG0001731	Utg857994_155	WP_126381269.1
OG0001733	Utg859388_26	WP_126380462.1
OG0001736	Utg861744_14	WP_126377842.1, WP_126380354.1
OG0001739	Utg859098_229	WP_126378366.1
OG0001740	Utg859432_78	WP_126377818.1
OG0001741	Utg859432_77	WP_126377820.1
OG0001742	Utg859098_314, Utg859098_315	WP_126377531.1
OG0001747	Utg859098_105	WP_126380656.1
OG0001748	Utg859098_79	WP_126377566.1
OG0001750	Utg859098_71	WP_126377556.1
OG0001751	Utg859098_68	WP_126379404.1
OG0001757	Utg859388_95	WP_126375939.1
OG0001770	Utg858432_53	WP_126378711.1
OG0001771	Utg862138_11	WP_126375670.1
OG0001777	Utg857682_37	WP_126377448.1
OG0001781	Utg861744_28, Utg857994_80	WP_126378608.1
OG0001783	Utg859098_364	WP_126379527.1
OG0001784	Utg859982_187	WP_126376577.1
OG0001785	Utg860814_125	WP_126378171.1
OG0001787	Utg860814_152, Utg860814_153	WP_126380010.1
OG0001788	Utg860814_161	WP_126375873.1
OG0001789	Utg857046_113, Utg857046_104	WP_126376158.1
OG0001789	Utg860814_229	WP_126376189.1
OG0001790	Utg857076_56	WP_126379998.1, WP_126376775.1
OG0001791	Utg859236_97	WP_126379651.1, WP_126380847.1
OG0001792	Utg859236_94	WP_126379947.1
OG0001793	Utg859236_87	WP_126380813.1
OG0001796	Utg857046_47	WP_126377719.1
OG0001798	Utg857076_8	WP_126375577.1
OG0001800	Utg861448_34	WP_126380893.1
OG0001801	Utg866558_12	WP_172961780.1
OG0001804	Utg861744_98	WP_126379870.1
OG0001810	Utg859982_191	WP_126375649.1
OG0001811	Utg859982_193, Utg859982_192	WP_126375648.1
OG0001821	Utg857682_49	WP_126377435.1
OG0001843	Utg857682_104	WP_126378517.1
OG0001848	Utg860006_118	WP_126378285.1
OG0001854	Utg859098_120	WP_126380468.1
OG0001874	Utg860814_69	WP_126375899.1
OG0001899	Utg857682_79	WP_126378303.1
OG0001918	Utg857046_266	WP_126379248.1
OG0001923	Utg861744_139	WP_126376708.1
OG0001929	Utg857152_56	WP_126375690.1
OG0001931	Utg857152_61	WP_126377276.1
OG0001932	Utg857152_114	WP_126377147.1
OG0001933	Utg857046_208	WP_126375761.1
OG0001940	Utg857046_9	WP_126378079.1
OG0001962	Utg860006_62	WP_126376579.1
OG0001968	Utg860006_148	WP_126381005.1
OG0001972	Utg859388_30	WP_126376903.1
OG0001975	Utg857994_17	WP_126380390.1
OG0001978	Utg859982_147	WP_126377485.1
OG0001989	Utg857046_264	WP_126379643.1
OG0001993	Utg859098_344, Utg861448_56	WP_126377427.1
OG0001998	Utg859098_169	WP_126375681.1
OG0002008	Utg859982_3	WP_126376310.1
OG0002023	Utg859982_159	WP_172961718.1
OG0002027	Utg858498_16	WP_172961743.1
OG0002034	Utg857682_82	WP_126379144.1
OG0002035	Utg857994_215, Utg860814_305	WP_126380594.1
OG0002039	Utg864866_16	WP_126378267.1
OG0002040	Utg860814_274	WP_126379058.1
OG0002044	Utg857682_176	WP_126380877.1
OG0002050	Utg859982_117	WP_126380344.1
OG0002051	Utg859982_84	WP_232034752.1
OG0002055	Utg860814_124	WP_232034884.1
OG0002057	Utg860814_166	WP_126377099.1
OG0002065	Utg859076_21	WP_126380021.1
OG0002068	Utg861744_90	WP_126376724.1
OG0002070	Utg857682_20	WP_126378740.1, WP_126377222.1
OG0002073	Utg859076_52	WP_126378940.1
OG0002074	Utg859098_399	WP_126380041.1
OG0002075	Utg861448_51, Utg861448_50, Utg861448_53	WP_126378313.1
OG0002137	Utg857300_7	WP_126375551.1
OG0002156	Utg860814_240	WP_126379026.1, WP_126379771.1
OG0002170	Utg864866_74	WP_172961602.1
OG0002173	Utg857046_127	WP_126378854.1
OG0002196	Utg861744_113	WP_126378004.1
OG0002227	Utg857046_160	WP_126381224.1
OG0002230	Utg857046_6	WP_172961604.1, WP_172961726.1
OG0002242	Utg859236_36	WP_126375910.1
OG0002254	Utg859982_35	WP_126378619.1
OG0002263	Utg857046_263	WP_126379641.1
OG0002268	Utg859098_127	WP_126381178.1
OG0002280	Utg866558_34	WP_126377622.1
OG0002302	Utg857682_19	WP_126380039.1
OG0002304	Utg859236_5, Utg859098_32	WP_269471677.1
OG0002305	Utg862138_46	WP_232034925.1
OG0002306	Utg857994_58, Utg857994_57	WP_126377735.1
OG0002307	Utg857994_64	WP_126380068.1, WP_126380053.1
OG0002313	Utg859982_86	WP_172961710.1
OG0002325	Utg863716_94	WP_126380658.1
OG0002328	Utg859098_397	WP_232034893.1
OG0002329	Utg860814_29	WP_126379741.1
OG0002330	Utg860814_275	WP_269471685.1
OG0002332	Utg859982_70, Utg859098_432	WP_126375589.1
OG0002335	Utg859098_294	WP_126380529.1
OG0002339	Utg857152_15	WP_126376466.1
OG0002340	Utg857152_133	WP_126380681.1, WP_126378864.1
OG0002346	Utg859098_425	WP_126376660.1
OG0002347	Utg859098_430	WP_126376342.1
OG0002357	Utg857152_239	WP_126380629.1
OG0002359	Utg857994_94	WP_126377862.1
OG0002360	Utg857994_95	WP_126377854.1
OG0002361	Utg860006_178, Utg859982_2, Utg860006_177, Utg857994_237	WP_126380123.1
OG0002363	Utg859098_412	WP_172961794.1
OG0002364	Utg859750_42	WP_232034829.1
OG0002488	Utg857994_197	WP_126380274.1
OG0002496	Utg860814_272	WP_126378368.1
OG0002517	Utg857682_42	WP_172961689.1
OG0002539	Utg864866_96	WP_126381064.1
OG0002554	Utg857152_99	WP_126380741.1
OG0002579	Utg857994_200	WP_126376340.1
OG0002582	Utg859388_20	WP_126375659.1
OG0002591	Utg860006_105	WP_126377768.1
OG0002592	Utg860006_103	WP_126377772.1
OG0002593	Utg860006_102	WP_126381331.1
OG0002597	Utg857994_97	WP_126375969.1
OG0002610	Utg857994_130	WP_126376207.1
OG0002646	Utg859750_19	WP_126380703.1
OG0002648	Utg859098_313	WP_126376276.1
OG0002652	Utg859098_285	WP_126379866.1
OG0002653	Utg859098_234	WP_126378354.1
OG0002654	Utg859098_203	WP_126380780.1
OG0002655	Utg859098_410	WP_126377177.1
OG0002679	Utg857682_73	WP_126375610.1
OG0002687	Utg857046_106	WP_172961592.1
OG0002691	Utg858494_84	WP_232034856.1
OG0002701	Utg860006_145	WP_126375768.1
OG0002702	Utg860006_119	WP_126378311.1
OG0002706	Utg857046_15	WP_126379904.1
OG0002707	Utg857046_178	WP_172961768.1
OG0002708	Utg857152_152	WP_126375733.1
OG0002711	Utg857682_120	WP_126375747.1
OG0002713	Utg863716_118, Utg858494_5	WP_172961591.1
OG0002722	Utg860814_289	WP_126377584.1
OG0002723	Utg861744_7	WP_126380633.1, WP_172961724.1
OG0002926	Utg857076_5	WP_172961660.1
OG0002994	Utg860006_107	WP_197723456.1
OG0002996	Utg860006_104	WP_126377770.1
OG0003003	Utg859432_69	WP_126379745.1
OG0003024	Utg857152_240	WP_126378699.1
OG0003078	Utg860814_83	WP_232034750.1
OG0003091	Utg857682_71	WP_126375609.1
OG0003099	Utg857152_145	WP_126380857.1
OG0003109	Utg857046_105	WP_126376166.1
OG0003110	Utg857046_109	WP_172961594.1
OG0003111	Utg857046_112	WP_126376187.1
OG0003114	Utg857994_235	WP_126380127.1
OG0003123	Utg858432_127	WP_126378275.1
OG0003131	Utg860006_123	WP_126376845.1
OG0003141	Utg857152_244	WP_126376500.1, WP_172961801.1
OG0003158	Utg861448_52	WP_126378314.1
OG0003541	Utg857994_92	WP_126379017.1
OG0003669	Utg858494_69	WP_126376139.1
OG0003690	Utg859076_37	WP_126380939.1
OG0003693	Utg859098_417	WP_126378697.1
OG0003698	Utg860814_126	WP_126376192.1
OG0003753	Utg857046_116	WP_126380660.1
OG0003780	Utg860006_1	WP_126380601.1
OG0003790	Utg857682_72	WP_269471679.1
OG0003802	Utg858494_42	WP_232034869.1
OG0003809	Utg859098_390	WP_232034946.1
OG0003812	Utg859388_106	WP_126378686.1
OG0004854	Utg857046_97	WP_126377090.1
OG0004879	Utg859098_13	WP_126378631.1
OG0004882	Utg859098_53	WP_126379078.1
