Orthogroup	Acidithiobacillus ferrooxidans YNTRS-40	Desulfocapsa_06_corrosive
OG0000000	WP_009566311.1	Utg323632_218
OG0000000	WP_229129755.1, WP_012537464.1, WP_012536007.1, WP_012536141.1, WP_012537498.1	Utg323180_238, Utg323316_173
OG0000000	WP_012537338.1	Utg323180_69
OG0000000	WP_009560941.1, WP_009567366.1	Utg323180_151
OG0000001	WP_049756718.1	Utg323180_225, Utg323180_287, Utg323180_510, Utg323180_136, Utg323300_105, Utg324810_63, Utg325220_101, Utg323316_129, Utg323180_418, Utg323074_106, Utg323180_183
OG0000002	WP_012537438.1	Utg323632_46
OG0000002	WP_012537671.1	Utg323300_181
OG0000007	WP_009568266.1	Utg323632_239
OG0000007	WP_009566877.1	Utg323632_51
OG0000007	WP_012606613.1	Utg323262_116
OG0000008	WP_012537153.1	Utg323262_89
OG0000008	WP_009566498.1	Utg323300_399
OG0000008	WP_012536971.1, WP_009566514.1	Utg323392_185
OG0000010	WP_009561151.1	Utg323316_272, Utg323316_267, Utg323316_264
OG0000010	WP_012536238.1	Utg323316_270
OG0000012	WP_233459585.1	Utg323160_104
OG0000013	WP_049756730.1	Utg323180_152, Utg323140_78
OG0000014	WP_012607383.1, WP_009567373.1, WP_012535790.1	Utg323392_110
OG0000014	WP_009561490.1, WP_012607578.1	Utg323262_128
OG0000014	WP_012536921.1	Utg324810_58
OG0000015	WP_009564938.1	Utg323392_212, Utg323632_27
OG0000017	WP_012536473.1	Utg323990_184
OG0000018	WP_012536801.1	Utg323152_201
OG0000019	WP_012536513.1	Utg323140_131
OG0000020	WP_012537033.1	Utg323152_283, Utg323632_271, Utg323152_268
OG0000022	WP_009564993.1	Utg323152_194, Utg323180_278, Utg323392_113
OG0000023	WP_009567699.1	Utg323392_65, Utg323180_593
OG0000024	WP_012536221.1	Utg323180_286
OG0000024	WP_012536512.1	Utg323152_134
OG0000026	WP_054608867.1	Utg323300_169
OG0000026	WP_012536917.1, WP_012537155.1	Utg323300_371
OG0000027	WP_012536289.1, WP_012536670.1	Utg323180_189, Utg323300_117, Utg323300_118, Utg323392_80
OG0000029	WP_012536184.1	Utg323300_179, Utg323300_178
OG0000030	WP_012536529.1	Utg323160_85, Utg323160_112
OG0000031	WP_054608952.1	Utg323448_44, Utg323262_74, Utg323180_78, Utg323392_77, Utg323262_179
OG0000033	WP_012536110.1	Utg323140_147, Utg323140_146
OG0000034	WP_012536972.1, WP_009566515.1	Utg323392_186, Utg323392_187
OG0000037	WP_111122549.1	Utg323160_55, Utg323160_54, Utg323180_53, Utg323180_177
OG0000037	WP_009567088.1	Utg323180_533
OG0000038	WP_012537610.1, WP_009566921.1, WP_009566923.1	Utg323990_153, Utg323180_685, Utg323180_684
OG0000041	WP_009564623.1, WP_009565495.1	Utg323632_79, Utg323300_84, Utg323316_196
OG0000042	WP_012536408.1	Utg323180_126, Utg323300_393, Utg323262_141
OG0000042	WP_012536431.1	Utg323152_383
OG0000045	WP_225487636.1	Utg323180_405
OG0000046	WP_012537032.1	Utg324810_8, Utg323152_235, Utg323180_156
OG0000047	WP_257246645.1, WP_225487355.1, WP_252725196.1	Utg323074_218, Utg323316_238, Utg323074_155
OG0000048	WP_012536680.1	Utg323266_109
OG0000049	WP_009567000.1, WP_009567335.1	Utg323300_370, Utg323180_54
OG0000053	WP_009565974.1	Utg323392_224
OG0000053	WP_009564595.1	Utg323316_144
OG0000054	WP_009567105.1, WP_009566737.1, WP_054609109.1, WP_009567310.1	Utg323316_271, Utg323316_253
OG0000054	WP_012537181.1	Utg323316_275
OG0000054	WP_009566294.1	Utg323990_236
OG0000055	WP_012536534.1	Utg323152_253
OG0000055	WP_012536590.1	Utg323990_203, Utg323152_348, Utg323152_241
OG0000058	WP_009564125.1	Utg323180_619, Utg323152_288, Utg323632_274, Utg323152_273, Utg323180_393, Utg323180_545
OG0000061	WP_012536678.1	Utg323266_110
OG0000063	WP_009560828.1, WP_151528215.1, WP_180830446.1, WP_151528213.1, WP_054608640.1, WP_257257267.1, WP_054608824.1, WP_012537288.1	Utg323392_142
OG0000064	WP_009566490.1	Utg323990_139
OG0000065	WP_012536179.1	Utg323140_85, Utg323160_21
OG0000065	WP_012536434.1	Utg323140_2, Utg323180_2
OG0000067	WP_012537527.1	Utg323140_119
OG0000068	WP_229129785.1, WP_054608627.1, WP_012536413.1, WP_229129798.1, WP_061046414.1, WP_229129726.1, WP_031572380.1	Utg323990_51, Utg323180_344
OG0000068	WP_054608827.1	Utg325220_60
OG0000069	WP_009567370.1	Utg325220_94, Utg323300_182, Utg323262_103
OG0000070	WP_012535972.1	Utg323152_189
OG0000070	WP_012536036.1	Utg323990_69
OG0000077	WP_012536420.1	Utg323074_141
OG0000078	WP_012536784.1	Utg323180_686, Utg323300_294
OG0000079	WP_012536378.1, WP_229129778.1, WP_012536377.1	Utg323160_93, Utg323180_41, Utg323990_42
OG0000079	WP_012537609.1	Utg323392_205
OG0000080	WP_012537336.1, WP_012537023.1	Utg323152_20
OG0000080	WP_012537522.1	Utg323316_249
OG0000085	WP_054609046.1, WP_012537430.1, WP_230456338.1	Utg323180_592
OG0000086	WP_054608841.1	Utg323392_34, Utg323180_528
OG0000091	WP_012536362.1, WP_012537064.1, WP_225487639.1	Utg323180_478
OG0000091	WP_009561353.1	Utg323392_150
OG0000092	WP_009562486.1	Utg323300_130
OG0000093	WP_009564668.1	Utg323180_45
OG0000094	WP_012607230.1	Utg323990_23
OG0000094	WP_012536031.1	Utg323074_170
OG0000095	WP_226834132.1	Utg323300_425
OG0000095	WP_012536481.1	Utg323990_63
OG0000096	WP_012536595.1	Utg323392_43
OG0000097	WP_012607461.1	Utg323266_4, Utg323152_498, Utg323160_75, Utg323266_3, Utg323160_123
OG0000101	WP_009560846.1, WP_012537491.1	Utg323266_38, Utg323180_20
OG0000103	WP_009566205.1, WP_054608900.1, WP_009567505.1	Utg323316_301, Utg323180_100
OG0000104	WP_054608783.1, WP_012536624.1	Utg323316_337
OG0000105	WP_012536834.1	Utg323392_148
OG0000106	WP_012536953.1	Utg323300_138, Utg323300_125, Utg323316_317
OG0000112	WP_009567621.1	Utg323300_361
OG0000113	WP_012536025.1	Utg323180_560
OG0000115	WP_012536267.1	Utg323300_341
OG0000115	WP_012537150.1	Utg323990_86
OG0000116	WP_012536314.1	Utg323300_39
OG0000117	WP_012536516.1, WP_012536851.1	Utg323316_188
OG0000120	WP_012537529.1, WP_012607593.1	Utg323392_1, Utg323140_117
OG0000126	WP_009561865.1	Utg323392_137
OG0000126	WP_009562220.1	Utg323140_162
OG0000127	WP_009562383.1, WP_012536821.1	Utg323448_31
OG0000128	WP_012537059.1	Utg323180_277
OG0000128	WP_009562675.1	Utg323152_202
OG0000129	WP_012537381.1	Utg323180_691
OG0000130	WP_012535980.1	Utg323140_62, Utg323632_319
OG0000131	WP_012536872.1, WP_012536232.1	Utg323074_120
OG0000133	WP_012536518.1	Utg323316_190
OG0000134	WP_012536758.1	Utg323140_101
OG0000134	WP_012536689.1, WP_012537087.1	Utg323152_247
OG0000135	WP_012536874.1	Utg323300_373, Utg323300_234
OG0000136	WP_226833862.1	Utg323392_39
OG0000141	WP_151528219.1, WP_012537095.1, WP_009564717.1, WP_009569278.1, WP_009566566.1, WP_012537108.1, WP_012536550.1	Utg323300_418
OG0000142	WP_009565767.1	Utg323180_616
OG0000143	WP_012535762.1	Utg323180_33
OG0000144	WP_012536261.1	Utg323392_195
OG0000144	WP_012535990.1	Utg323392_160
OG0000145	WP_012536065.1	Utg323180_144, Utg323180_511, Utg323074_35, Utg323074_36
OG0000147	WP_012536474.1	Utg323392_141
OG0000149	WP_012536987.1	Utg323152_360, Utg323300_144, Utg325220_75, Utg323152_363
OG0000150	WP_012537129.1	Utg323152_400, Utg323316_140, Utg323300_310
OG0000151	WP_012537514.1	Utg323316_242
OG0000158	WP_009561172.1	Utg323180_251
OG0000159	WP_009562226.1	Utg324810_14, Utg323180_417
OG0000160	WP_009562607.1	Utg323180_213
OG0000162	WP_009566069.1	Utg323316_178
OG0000163	WP_009567122.1	Utg323160_83, Utg323262_107
OG0000164	WP_009567465.1	Utg323300_166
OG0000165	WP_012536010.1	Utg323140_175
OG0000166	WP_012536041.1	Utg323632_248
OG0000166	WP_226833941.1	Utg324810_90
OG0000167	WP_012536954.1	Utg323140_81, Utg323152_436
OG0000168	WP_012537672.1, WP_229129812.1	Utg323300_260
OG0000169	WP_012536327.1	Utg323152_503
OG0000171	WP_012536824.1	Utg323152_438, Utg323152_437, Utg324810_26
OG0000172	WP_012536912.1, WP_054609094.1	Utg323990_178
OG0000174	WP_012536983.1	Utg323180_604, Utg323266_90
OG0000175	WP_087455007.1	Utg323160_23, Utg325220_73, Utg323392_235, Utg323300_462, Utg323160_47
OG0000175	WP_012537449.1	Utg323160_48
OG0000183	WP_009566651.1, WP_009561179.1	Utg323632_25
OG0000184	WP_009562054.1	Utg324548_16
OG0000185	WP_009562658.1	Utg323316_113
OG0000187	WP_009566505.1	Utg323448_60, Utg323448_47
OG0000188	WP_054608791.1, WP_012536043.1, WP_009567117.1	Utg323300_307
OG0000190	WP_180830499.1	Utg323152_409, Utg323262_17
OG0000190	WP_012536152.1	Utg323140_75
OG0000191	WP_012536198.1	Utg323180_105
OG0000191	WP_225487193.1	Utg323266_48
OG0000192	WP_012536361.1	Utg323180_399
OG0000193	WP_012536453.1	Utg323392_230, Utg323140_4, Utg323180_1
OG0000194	WP_012536581.1	Utg323160_22, Utg323160_58, Utg323316_1
OG0000195	WP_012536731.1, WP_055448950.1, WP_054608711.1	Utg323152_119, Utg323180_690
OG0000196	WP_012537302.1	Utg323632_23
OG0000197	WP_012537576.1	Utg323180_590
OG0000198	WP_012537594.1	Utg323316_285
OG0000198	WP_012537705.1	Utg323152_174
OG0000199	WP_012537596.1	Utg323300_357, Utg323152_198
OG0000200	WP_012537660.1	Utg323160_40, Utg323074_145
OG0000209	WP_009560794.1	Utg323316_339
OG0000210	WP_012536485.1, WP_009560819.1	Utg323300_167
OG0000211	WP_009560875.1	Utg323140_182
OG0000214	WP_009562639.1, WP_012537439.1	Utg323632_45
OG0000215	WP_031572872.1	Utg323152_476
OG0000215	WP_009567346.1	Utg324810_67
OG0000216	WP_012606601.1, WP_009567592.1	Utg323316_146
OG0000217	WP_009567626.1	Utg324548_25, Utg323262_16
OG0000218	WP_012536052.1	Utg323632_371, Utg323266_87, Utg323266_88
OG0000219	WP_012536999.1, WP_012536156.1	Utg323180_543, Utg323300_291
OG0000222	WP_012536488.1	Utg323262_114
OG0000223	WP_012536535.1	Utg323392_219
OG0000223	WP_180830504.1	Utg323316_181
OG0000224	WP_012536669.1	Utg323152_490
OG0000225	WP_012537676.1	Utg323152_460
OG0000225	WP_012536768.1	Utg323140_111
OG0000226	WP_012536936.1, WP_012536937.1	Utg323300_329
OG0000227	WP_012536947.1	Utg323632_351
OG0000228	WP_012606556.1	Utg323074_134
OG0000229	WP_233459570.1	Utg325220_87
OG0000230	WP_054608848.1	Utg323152_249
OG0000231	WP_054608914.1	Utg323152_458
OG0000232	WP_054609073.1	Utg323152_484, Utg323152_485
OG0000233	WP_180830512.1	Utg323152_10, Utg323266_103
OG0000234	WP_225487654.1	Utg323990_146
OG0000248	WP_012536050.1	Utg323140_188
OG0000249	WP_012536114.1, WP_229129773.1, WP_009561020.1, WP_054608738.1	Utg323632_328
OG0000250	WP_009562194.1	Utg323152_330
OG0000252	WP_009565424.1	Utg323632_22
OG0000253	WP_012536020.1, WP_009566305.1	Utg323632_102
OG0000255	WP_009567251.1, WP_009567700.1	Utg323140_209
OG0000256	WP_012537437.1	Utg323632_47
OG0000257	WP_012536012.1	Utg323990_211, Utg324810_19
OG0000258	WP_012536034.1	Utg323074_209, Utg323074_207, Utg323074_198, Utg323074_197, Utg323316_263
OG0000259	WP_012607080.1	Utg323990_75
OG0000260	WP_233459567.1, WP_012536828.1	Utg323180_575
OG0000260	WP_012536397.1	Utg323140_174
OG0000261	WP_012536559.1, WP_157293185.1	Utg323990_127
OG0000262	WP_012536942.1	Utg323152_138, Utg323152_139
OG0000263	WP_225487436.1	Utg323300_416
OG0000264	WP_012537655.1	Utg323262_53, Utg323300_385
OG0000265	WP_012537657.1	Utg323262_60, Utg323300_383
OG0000266	WP_012537658.1	Utg323262_57, Utg323300_345
OG0000267	WP_012607294.1, WP_054608871.1, WP_061046412.1	Utg323316_169
OG0000268	WP_041646068.1	Utg323180_274
OG0000269	WP_054609063.1	Utg323448_118, Utg323448_117
OG0000270	WP_229129792.1	Utg323300_147, Utg323140_132
OG0000283	WP_009560879.1	Utg324810_45
OG0000284	WP_009560923.1	Utg323300_134
OG0000285	WP_009567365.1, WP_009561385.1, WP_009565301.1, WP_054608740.1, WP_009565762.1	Utg324548_26
OG0000288	WP_009564524.1	Utg323180_284
OG0000289	WP_009565770.1	Utg323392_229
OG0000290	WP_215905594.1, WP_229129783.1, WP_009566370.1, WP_229129815.1	Utg323990_110
OG0000291	WP_009566445.1	Utg323152_390
OG0000292	WP_009566482.1	Utg323448_29
OG0000293	WP_009566650.1	Utg323632_26
OG0000294	WP_151528220.1, WP_012537092.1, WP_012536342.1, WP_012537537.1, WP_012537109.1, WP_012536551.1	Utg323300_417
OG0000295	WP_009566924.1	Utg323990_154, Utg323074_122
OG0000296	WP_009567461.1	Utg323180_360, Utg323140_32, Utg323300_349
OG0000297	WP_009567888.1	Utg323160_80, Utg323160_79
OG0000298	WP_012536508.1	Utg323316_112
OG0000299	WP_012536067.1	Utg323392_237, Utg323632_41
OG0000300	WP_012537695.1, WP_012536306.1	Utg323180_71, Utg324810_53
OG0000301	WP_012536440.1	Utg323448_82
OG0000302	WP_012536450.1	Utg323180_186, Utg323262_78, Utg323266_31
OG0000303	WP_012536471.1	Utg323990_183, Utg323990_188
OG0000305	WP_012536826.1, WP_054608850.1	Utg323990_250
OG0000306	WP_012536970.1, WP_226833838.1	Utg323152_287
OG0000307	WP_012537295.1	Utg323632_13
OG0000308	WP_012537299.1	Utg323632_21
OG0000309	WP_012537406.1	Utg323300_194
OG0000310	WP_012537505.1	Utg323074_211, Utg323074_190
OG0000312	WP_012537595.1	Utg323632_140, Utg323632_141
OG0000313	WP_012607392.1	Utg323316_67
OG0000314	WP_012607483.1	Utg323632_19
OG0000315	WP_088775926.1	Utg323160_50, Utg323262_195
OG0000331	WP_009564442.1, WP_009561007.1	Utg323074_59
OG0000332	WP_009561368.1	Utg323632_344, Utg323632_343
OG0000333	WP_009562239.1	Utg323300_359
OG0000334	WP_009562307.1	Utg323392_248, Utg323160_72
OG0000335	WP_009562964.1	Utg323316_153, Utg323300_388, Utg323300_389
OG0000336	WP_009564610.1	Utg323990_76
OG0000337	WP_009564760.1	Utg323632_59
OG0000338	WP_009566072.1	Utg323300_340
OG0000339	WP_009566369.1, WP_267903947.1	Utg323152_478
OG0000340	WP_009567235.1	Utg323140_255, Utg323300_112
OG0000341	WP_009568735.1	Utg325220_86
OG0000342	WP_180830442.1, WP_012535935.1, WP_180830452.1, WP_012536649.1	Utg324548_2
OG0000343	WP_012537004.1, WP_012536021.1, WP_012537460.1	Utg323632_101
OG0000344	WP_012536229.1	Utg323316_147
OG0000345	WP_012537234.1	Utg323140_249
OG0000346	WP_012536451.1	Utg323266_30, Utg323180_187, Utg323262_77
OG0000347	WP_012536483.1	Utg323300_185
OG0000348	WP_012537571.1	Utg323140_253
OG0000349	WP_012536555.1, WP_012536560.1	Utg323300_414, Utg323990_125
OG0000350	WP_012607533.1, WP_012536601.1	Utg323266_68, Utg323392_31, Utg323392_33
OG0000351	WP_054608863.1, WP_012536857.1	Utg323316_170
OG0000352	WP_012537130.1	Utg323300_309
OG0000353	WP_012537240.1	Utg323152_411
OG0000356	WP_012537427.1, WP_054609053.1	Utg325220_24, Utg323152_199
OG0000357	WP_012537553.1	Utg323140_190
OG0000358	WP_012537707.1	Utg323152_183, Utg323180_133
OG0000359	WP_012607242.1	Utg323140_110
OG0000360	WP_041647474.1	Utg323448_18
OG0000388	WP_054608986.1, WP_054608972.1, WP_009561355.1	Utg323392_149
OG0000389	WP_009566266.1, WP_009562205.1	Utg325220_115
OG0000390	WP_012537476.1, WP_009562421.1	Utg323152_156
OG0000391	WP_009562662.1, WP_012607056.1	Utg323392_139
OG0000392	WP_009562813.1	Utg323140_187
OG0000393	WP_012536777.1, WP_009563800.1	Utg323392_115
OG0000394	WP_009566268.1	Utg323632_227
OG0000395	WP_009566884.1	Utg323392_102
OG0000396	WP_009566949.1	Utg323316_308
OG0000397	WP_009567142.1	Utg323152_152
OG0000398	WP_009567323.1	Utg323316_283
OG0000399	WP_009567484.1	Utg323074_27
OG0000400	WP_012536000.1, WP_009567581.1	Utg323074_129
OG0000401	WP_012535766.1	Utg323448_26
OG0000402	WP_012535777.1	Utg323074_201
OG0000403	WP_012535991.1	Utg323392_161
OG0000406	WP_012536078.1	Utg323300_304, Utg323632_208
OG0000407	WP_012536131.1	Utg323300_231
OG0000409	WP_012536144.1	Utg323152_214, Utg323152_215
OG0000410	WP_012536254.1	Utg323180_618
OG0000413	WP_012536392.1	Utg323632_56
OG0000414	WP_012536519.1	Utg323140_130
OG0000415	WP_012536558.1	Utg323180_424
OG0000417	WP_012536902.1	Utg323316_134
OG0000418	WP_012536949.1	Utg323632_29
OG0000419	WP_012536955.1	Utg323990_112
OG0000420	WP_012536981.1	Utg323392_158
OG0000421	WP_012537025.1, WP_049756713.1	Utg323300_89
OG0000422	WP_012537502.1	Utg323316_306
OG0000423	WP_012537562.1	Utg323152_258, Utg323152_259
OG0000424	WP_180830455.1, WP_012537590.1	Utg323180_488, Utg323990_209
OG0000425	WP_012537653.1	Utg323632_72
OG0000426	WP_012537674.1	Utg323152_151
OG0000427	WP_041838681.1	Utg323448_41
OG0000428	WP_054608948.1	Utg323392_159
OG0000429	WP_233459592.1	Utg323632_282
OG0000457	WP_009560820.1	Utg323140_93
OG0000458	WP_009561363.1	Utg323632_292
OG0000459	WP_009562654.1	Utg323152_197
OG0000460	WP_012536691.1, WP_009563102.1	Utg323632_251
OG0000461	WP_009563301.1	Utg323266_1, Utg323180_610
OG0000462	WP_012536982.1, WP_012536787.1, WP_009563461.1	Utg323392_157
OG0000463	WP_009564129.1	Utg323152_557
OG0000465	WP_009564605.1	Utg323316_131
OG0000466	WP_009564692.1	Utg323316_143
OG0000467	WP_009564855.1, WP_009569804.1	Utg324810_50
OG0000468	WP_009565783.1, WP_074874161.1	Utg323152_550
OG0000469	WP_009566207.1	Utg323300_339
OG0000470	WP_009566477.1	Utg323632_217
OG0000471	WP_009566480.1	Utg323180_23
OG0000472	WP_009566574.1	Utg323990_82
OG0000473	WP_012537697.1	Utg324810_49
OG0000474	WP_009567190.1	Utg323392_19
OG0000475	WP_009567364.1	Utg323300_262
OG0000476	WP_009567490.1	Utg323448_21
OG0000477	WP_012536151.1, WP_009567582.1	Utg323316_316
OG0000478	WP_009567595.1	Utg323316_148
OG0000479	WP_009567656.1	Utg323152_47
OG0000480	WP_009568282.1	Utg323448_83
OG0000481	WP_054609023.1, WP_009568876.1	Utg323316_184
OG0000484	WP_012535750.1	Utg323300_196
OG0000485	WP_012535768.1	Utg323152_48
OG0000486	WP_012536028.1	Utg323152_439
OG0000487	WP_012536755.1, WP_012536063.1	Utg323152_216
OG0000488	WP_012536103.1	Utg323160_29
OG0000489	WP_012536116.1	Utg323392_46
OG0000490	WP_012536127.1	Utg323180_708
OG0000491	WP_012536128.1	Utg323074_142
OG0000492	WP_012536132.1	Utg323180_163
OG0000493	WP_012536143.1	Utg323300_317
OG0000494	WP_012536155.1	Utg323300_293
OG0000495	WP_012536160.1	Utg323152_176
OG0000496	WP_012536161.1	Utg323632_52
OG0000497	WP_012536181.1	Utg323632_236
OG0000498	WP_012536182.1	Utg323632_237
OG0000499	WP_012536183.1	Utg323300_95, Utg323180_506
OG0000501	WP_012536214.1	Utg323392_55
OG0000502	WP_012536243.1	Utg323152_196
OG0000503	WP_012536253.1	Utg323180_35
OG0000504	WP_012536255.1	Utg323180_617
OG0000505	WP_012536257.1	Utg323316_99, Utg323266_72
OG0000506	WP_012536330.1	Utg323262_175, Utg323152_506
OG0000507	WP_012536336.1	Utg323180_43
OG0000508	WP_012536351.1	Utg323300_12
OG0000509	WP_012536979.1, WP_012536352.1	Utg323160_78
OG0000510	WP_012536360.1	Utg323180_484
OG0000511	WP_012536394.1	Utg323316_346
OG0000512	WP_012536421.1	Utg323074_26
OG0000513	WP_012536460.1	Utg323300_263
OG0000514	WP_012536532.1	Utg323632_76
OG0000515	WP_012536533.1	Utg323152_558
OG0000516	WP_012536759.1	Utg323180_611, Utg323266_2
OG0000517	WP_012536767.1	Utg323262_106
OG0000518	WP_012537237.1, WP_012536786.1	Utg323180_544
OG0000519	WP_054608908.1, WP_012536797.1	Utg323152_229
OG0000520	WP_012536816.1	Utg323392_86
OG0000521	WP_233459598.1, WP_012536827.1	Utg323152_146
OG0000522	WP_012536840.1	Utg323152_209
OG0000523	WP_012536878.1	Utg323392_227
OG0000524	WP_012606471.1, WP_012536920.1	Utg323160_66
OG0000525	WP_012537043.1	Utg323180_243
OG0000526	WP_012537089.1	Utg323180_264
OG0000527	WP_012537123.1	Utg323990_77
OG0000529	WP_012537162.1	Utg323300_351
OG0000530	WP_012537306.1	Utg323632_211, Utg323632_212
OG0000531	WP_012537317.1	Utg323990_111
OG0000532	WP_012537323.1	Utg323990_149
OG0000533	WP_012537326.1	Utg323300_299
OG0000535	WP_012537356.1	Utg323180_111
OG0000537	WP_012537410.1	Utg323152_226
OG0000538	WP_012537428.1	Utg323140_264, Utg325220_1
OG0000539	WP_012537483.1	Utg323180_65
OG0000540	WP_012537544.1	Utg323990_215, Utg323990_214
OG0000542	WP_012537556.1	Utg323300_321
OG0000543	WP_012537673.1	Utg323152_153
OG0000544	WP_229129766.1, WP_012537696.1	Utg324810_54
OG0000545	WP_012606542.1	Utg323140_9
OG0000547	WP_180830382.1	Utg323180_527
OG0000548	WP_215905524.1	Utg323140_246
OG0000549	WP_225487409.1	Utg323392_28
OG0000550	WP_230456331.1	Utg323632_387, Utg323392_263
OG0000575	WP_009560683.1	Utg323140_189
OG0000576	WP_009560685.1	Utg323266_35
OG0000577	WP_009560747.1	Utg323074_28
OG0000578	WP_009560802.1	Utg323160_67
OG0000579	WP_009560813.1	Utg323160_81
OG0000580	WP_009560843.1	Utg323180_689
OG0000581	WP_009560851.1	Utg323448_49
OG0000582	WP_009560861.1	Utg323140_12
OG0000583	WP_009560911.1	Utg323448_37
OG0000584	WP_009560912.1	Utg323316_328
OG0000585	WP_009560913.1	Utg323316_329
OG0000586	WP_009560916.1	Utg323316_331
OG0000587	WP_009560917.1	Utg323152_245
OG0000588	WP_009561052.1	Utg323316_336
OG0000589	WP_009561081.1	Utg323152_565
OG0000590	WP_009561185.1	Utg323316_300
OG0000591	WP_009561191.1	Utg323140_180
OG0000592	WP_009561285.1	Utg323152_248
OG0000593	WP_009561698.1	Utg323632_96
OG0000594	WP_009562201.1	Utg323300_311
OG0000595	WP_009562382.1	Utg323990_151
OG0000596	WP_009562410.1	Utg323152_192
OG0000597	WP_009562411.1	Utg323152_175
OG0000598	WP_009562424.1	Utg323632_99
OG0000599	WP_009562432.1	Utg323152_223
OG0000600	WP_009562611.1	Utg323180_267
OG0000601	WP_009562807.1	Utg323140_185
OG0000602	WP_009562815.1	Utg323152_172
OG0000603	WP_009562818.1	Utg323990_83
OG0000604	WP_009562823.1	Utg323180_32
OG0000605	WP_009562824.1	Utg323180_276
OG0000606	WP_009562995.1	Utg323266_43
OG0000607	WP_009563107.1	Utg323300_283
OG0000608	WP_009563302.1	Utg323180_609
OG0000609	WP_229129790.1, WP_009563706.1	Utg323074_153, Utg323074_152
OG0000610	WP_009564018.1	Utg323448_99
OG0000611	WP_009564109.1	Utg323152_250
OG0000612	WP_009564128.1	Utg323632_295
OG0000613	WP_009564594.1	Utg323632_296
OG0000614	WP_009564695.1	Utg323300_233
OG0000615	WP_009564727.1	Utg323448_90
OG0000616	WP_009564729.1	Utg323448_92
OG0000617	WP_009565432.1	Utg323448_63
OG0000618	WP_009565434.1	Utg323448_65
OG0000619	WP_009565435.1	Utg323448_66
OG0000620	WP_009565436.1	Utg323448_67
OG0000621	WP_009565437.1	Utg323448_68
OG0000622	WP_009565541.1	Utg323262_150
OG0000623	WP_009565749.1	Utg323074_128
OG0000624	WP_009565803.1	Utg323152_218
OG0000625	WP_009565805.1	Utg323152_219
OG0000626	WP_009566208.1	Utg324810_60
OG0000627	WP_009566247.1	Utg323448_100
OG0000628	WP_009566444.1	Utg323180_312
OG0000629	WP_009566467.1	Utg323632_1, Utg323316_98
OG0000630	WP_009566572.1	Utg323300_302
OG0000631	WP_009566573.1	Utg323300_300
OG0000632	WP_009566576.1	Utg323392_138
OG0000633	WP_009566620.1	Utg323180_584
OG0000634	WP_009566635.1	Utg323074_110
OG0000635	WP_009566647.1	Utg323990_206
OG0000637	WP_009566798.1	Utg323392_155
OG0000638	WP_009566813.1	Utg323262_113
OG0000639	WP_009566882.1	Utg323152_564
OG0000640	WP_009566883.1	Utg323990_80
OG0000641	WP_009566950.1	Utg323632_228
OG0000642	WP_009566960.1	Utg323316_136
OG0000643	WP_009567014.1	Utg323074_137
OG0000644	WP_009567059.1	Utg323300_295
OG0000645	WP_009567097.1	Utg323316_141
OG0000646	WP_009567098.1	Utg323632_108
OG0000647	WP_009567099.1	Utg323632_107
OG0000648	WP_009567102.1	Utg323632_103
OG0000649	WP_009567132.1	Utg323074_138
OG0000650	WP_009567136.1	Utg323632_350
OG0000651	WP_009567143.1	Utg323152_154
OG0000652	WP_009567229.1	Utg323392_225
OG0000653	WP_009567236.1	Utg323152_255
OG0000654	WP_009567244.1	Utg323140_11
OG0000655	WP_009567300.1	Utg323448_27
OG0000656	WP_009567336.1	Utg323180_692
OG0000657	WP_009567337.1	Utg323180_693
OG0000658	WP_009567340.1	Utg323180_697
OG0000659	WP_009567341.1	Utg323180_698
OG0000660	WP_009567384.1	Utg323632_33
OG0000661	WP_009567386.1	Utg323632_34
OG0000662	WP_009567445.1	Utg323262_165, Utg323262_164
OG0000663	WP_012536312.1, WP_009567477.1	Utg323140_228
OG0000664	WP_009567486.1	Utg323990_147
OG0000665	WP_009567513.1	Utg323140_6
OG0000666	WP_009567572.1	Utg323180_423
OG0000667	WP_009567579.1	Utg323300_165
OG0000668	WP_009567636.1, WP_012536721.1, WP_198293661.1	Utg323392_257
OG0000669	WP_009567649.1, WP_203602227.1	Utg323160_12, Utg324810_104
OG0000670	WP_009567690.1	Utg323632_92
OG0000671	WP_009567983.1	Utg323990_137
OG0000672	WP_009568056.1	Utg323300_313
OG0000673	WP_009568262.1	Utg323152_509
OG0000674	WP_009568264.1	Utg324548_24
OG0000675	WP_009568267.1	Utg323632_238
OG0000676	WP_009568268.1	Utg323152_254
OG0000677	WP_009568279.1	Utg323448_85
OG0000678	WP_009568280.1	Utg323448_84
OG0000679	WP_009568284.1	Utg323632_301
OG0000680	WP_009568607.1	Utg323448_39
OG0000681	WP_009568779.1	Utg323448_54
OG0000682	WP_009568780.1	Utg323448_53
OG0000683	WP_054609092.1, WP_009568883.1, WP_054609085.1	Utg323990_179
OG0000684	WP_009569104.1	Utg323300_386
OG0000685	WP_009569276.1	Utg323448_77
OG0000686	WP_009569543.1	Utg323448_114
OG0000687	WP_009569556.1	Utg323448_73
OG0000688	WP_009569558.1	Utg323448_71
OG0000689	WP_009569559.1	Utg323448_70
OG0000690	WP_009569795.1	Utg323300_99
OG0000691	WP_010641426.1	Utg323448_57
OG0000692	WP_012535739.1	Utg323300_284
OG0000693	WP_012535749.1	Utg325220_116
OG0000694	WP_012535756.1	Utg323316_326
OG0000695	WP_012535765.1	Utg324810_39
OG0000696	WP_012535802.1	Utg325220_114
OG0000697	WP_012535804.1	Utg323300_348
OG0000698	WP_012535974.1	Utg323632_294
OG0000699	WP_012535976.1	Utg323632_360
OG0000700	WP_012535994.1	Utg323074_31
OG0000701	WP_012535997.1	Utg323152_442
OG0000702	WP_012536008.1	Utg323180_262
OG0000703	WP_012536013.1	Utg323180_285
OG0000704	WP_012536016.1	Utg323632_111
OG0000705	WP_012536017.1	Utg323632_110
OG0000706	WP_012536018.1	Utg323632_109
OG0000707	WP_012536019.1	Utg323632_105
OG0000708	WP_012536023.1	Utg323632_98
OG0000709	WP_012536040.1	Utg323152_170
OG0000710	WP_012536051.1	Utg323632_246
OG0000711	WP_012536059.1	Utg323300_74
OG0000712	WP_012536064.1	Utg323152_217
OG0000713	WP_012536070.1	Utg323392_146
OG0000714	WP_012536072.1	Utg323392_144
OG0000715	WP_012536073.1	Utg323448_38
OG0000716	WP_012536074.1	Utg323448_40
OG0000717	WP_012536079.1	Utg323448_50
OG0000718	WP_012536080.1	Utg323448_51
OG0000719	WP_012536081.1	Utg323448_52
OG0000720	WP_012536082.1	Utg323448_55
OG0000721	WP_012536084.1	Utg323448_58
OG0000722	WP_012536086.1	Utg323448_61
OG0000723	WP_012536087.1	Utg323448_64
OG0000724	WP_012536088.1	Utg323448_69
OG0000725	WP_012536089.1	Utg323448_72
OG0000726	WP_012536090.1	Utg323448_74
OG0000727	WP_012536093.1	Utg323448_78
OG0000728	WP_012536094.1	Utg323448_79
OG0000729	WP_012536095.1	Utg323448_80
OG0000730	WP_012536096.1	Utg323448_81
OG0000731	WP_012536098.1	Utg323448_86
OG0000732	WP_012536099.1	Utg323448_87
OG0000733	WP_012536100.1	Utg323448_88
OG0000734	WP_012536101.1	Utg323180_700
OG0000735	WP_012536102.1	Utg323074_151
OG0000736	WP_012536109.1	Utg323180_687
OG0000737	WP_012536117.1	Utg323180_694
OG0000738	WP_012536126.1	Utg323140_176
OG0000739	WP_012536147.1	Utg323152_227
OG0000740	WP_012536153.1	Utg323316_299
OG0000741	WP_012536187.1	Utg323300_319
OG0000742	WP_012536192.1, WP_012537512.1	Utg323316_284
OG0000743	WP_012536204.1	Utg323448_33
OG0000744	WP_012536208.1	Utg323990_150
OG0000745	WP_012536222.1	Utg323392_96
OG0000746	WP_012536225.1	Utg323152_179
OG0000747	WP_012536268.1	Utg323074_132
OG0000748	WP_012536269.1	Utg323074_131
OG0000749	WP_012536279.1	Utg323180_110
OG0000750	WP_012536303.1	Utg324810_48
OG0000751	WP_012536305.1	Utg324810_51
OG0000752	WP_012536329.1	Utg323180_291
OG0000753	WP_012536389.1	Utg323152_450
OG0000754	WP_012536390.1	Utg323266_37
OG0000755	WP_012536391.1	Utg323266_36
OG0000756	WP_012536396.1	Utg323152_9
OG0000757	WP_012536417.1	Utg323316_304
OG0000758	WP_012536418.1	Utg323160_65
OG0000759	WP_012536424.1	Utg323180_268
OG0000760	WP_012536425.1	Utg323140_99
OG0000761	WP_012536427.1	Utg323266_44
OG0000762	WP_012536445.1	Utg323180_108
OG0000763	WP_012536446.1	Utg323180_107
OG0000764	WP_012536447.1	Utg323300_379
OG0000765	WP_012536465.1	Utg323152_356
OG0000766	WP_012536494.1	Utg323160_38
OG0000767	WP_012536497.1	Utg323180_507
OG0000768	WP_012536498.1	Utg323632_232
OG0000769	WP_012536522.1	Utg323448_91
OG0000770	WP_012536523.1	Utg323448_93
OG0000771	WP_012536524.1	Utg323448_94
OG0000772	WP_012536525.1	Utg323448_95
OG0000773	WP_012536526.1	Utg323448_96
OG0000774	WP_012536527.1	Utg323448_97
OG0000775	WP_012536528.1	Utg323300_280
OG0000776	WP_012536530.1	Utg323632_74
OG0000777	WP_012536531.1	Utg323632_75
OG0000778	WP_012536536.1, WP_012536946.1	Utg323180_310
OG0000779	WP_012536537.1	Utg324548_29
OG0000780	WP_012536544.1	Utg323074_40
OG0000781	WP_012536547.1	Utg323392_152
OG0000782	WP_012536740.1	Utg323300_390
OG0000783	WP_012536744.1	Utg323152_80
OG0000784	WP_012536750.1	Utg323140_102
OG0000785	WP_012536751.1	Utg323140_103
OG0000787	WP_012536820.1	Utg323632_68
OG0000788	WP_012536823.1	Utg323316_75, Utg323316_74
OG0000789	WP_012536833.1	Utg323632_245
OG0000790	WP_012536836.1	Utg323300_297
OG0000791	WP_012536839.1	Utg323180_99
OG0000792	WP_012536841.1	Utg323632_247
OG0000793	WP_012536842.1	Utg323180_665
OG0000794	WP_012536843.1	Utg323152_166
OG0000795	WP_012536849.1	Utg324548_10
OG0000796	WP_012536879.1	Utg323392_226
OG0000797	WP_012536883.1	Utg323152_78
OG0000798	WP_012536938.1	Utg323140_157
OG0000799	WP_012536939.1	Utg323262_161
OG0000800	WP_012536943.1	Utg323300_103
OG0000801	WP_012536945.1	Utg323632_142
OG0000802	WP_012536950.1	Utg323152_508
OG0000803	WP_012536951.1	Utg323632_49
OG0000804	WP_012536952.1	Utg323300_114
OG0000805	WP_012536988.1	Utg323074_179
OG0000806	WP_012536992.1	Utg323160_64
OG0000807	WP_012537005.1	Utg323074_136
OG0000808	WP_012537045.1	Utg323448_113
OG0000809	WP_012537049.1	Utg323180_317
OG0000810	WP_012537050.1	Utg323392_199
OG0000811	WP_012537051.1	Utg323180_318
OG0000812	WP_012537054.1	Utg323152_454
OG0000813	WP_012537060.1	Utg323990_217
OG0000814	WP_012537085.1	Utg323180_447
OG0000815	WP_012537086.1	Utg323152_145
OG0000816	WP_012537134.1	Utg323160_60
OG0000817	WP_012537138.1	Utg323160_28
OG0000818	WP_012537146.1	Utg323152_392
OG0000819	WP_012537147.1	Utg323152_177
OG0000820	WP_012537152.1	Utg323160_92, Utg323262_88
OG0000821	WP_012537254.1	Utg323262_73
OG0000822	WP_012537259.1	Utg323448_19
OG0000823	WP_012537260.1	Utg323448_22
OG0000824	WP_012537272.1	Utg323140_266, Utg325220_3
OG0000825	WP_012537273.1	Utg323990_142
OG0000826	WP_012537274.1	Utg323180_412
OG0000827	WP_012537289.1	Utg323632_335
OG0000828	WP_012537290.1	Utg323632_336
OG0000829	WP_012537291.1	Utg323632_337
OG0000830	WP_012537292.1	Utg323632_338
OG0000831	WP_012537293.1	Utg323632_339
OG0000832	WP_012537294.1	Utg323632_340
OG0000833	WP_012537296.1	Utg323632_14
OG0000834	WP_012537304.1	Utg323180_620
OG0000835	WP_012537357.1	Utg324810_42
OG0000836	WP_012537368.1	Utg323152_510
OG0000837	WP_012537371.1	Utg323074_130
OG0000838	WP_012537372.1	Utg323180_39
OG0000839	WP_012537374.1	Utg323074_139
OG0000841	WP_012537408.1	Utg324810_75
OG0000842	WP_012537409.1	Utg323152_444
OG0000843	WP_012537411.1	Utg323152_225
OG0000844	WP_012537432.1	Utg323632_298
OG0000845	WP_012537433.1	Utg323632_299
OG0000846	WP_012537434.1	Utg323632_302
OG0000847	WP_012537472.1, WP_012537469.1	Utg323316_302, Utg323316_303
OG0000848	WP_012537494.1	Utg323152_213
OG0000849	WP_012537497.1	Utg323180_649
OG0000850	WP_012537550.1	Utg323266_11, Utg323160_130
OG0000851	WP_012537552.1	Utg323140_191
OG0000852	WP_012537563.1	Utg323632_42
OG0000853	WP_012537565.1	Utg323632_35
OG0000854	WP_012537569.1	Utg323152_260
OG0000855	WP_012537583.1	Utg323632_31
OG0000856	WP_012537589.1	Utg323152_257
OG0000857	WP_012537600.1	Utg323632_269, Utg323990_138
OG0000858	WP_012537630.1	Utg323300_288
OG0000859	WP_012537654.1	Utg323632_3, Utg323316_96
OG0000860	WP_012537656.1	Utg323300_384
OG0000861	WP_012537661.1	Utg323632_43
OG0000862	WP_012537662.1	Utg323316_335
OG0000863	WP_012537664.1	Utg323392_26
OG0000864	WP_012537675.1	Utg323300_312
OG0000865	WP_012537690.1	Utg323140_184
OG0000866	WP_012537704.1	Utg324810_56
OG0000867	WP_012537706.1	Utg323300_342
OG0000868	WP_012606529.1	Utg323632_250
OG0000869	WP_012606540.1	Utg323448_56
OG0000870	WP_012606545.1	Utg323300_279
OG0000871	WP_012606548.1	Utg323180_699
OG0000872	WP_012606567.1	Utg323180_314
OG0000873	WP_012606584.1	Utg323632_242
OG0000874	WP_012606634.1	Utg323152_504
OG0000875	WP_012607057.1	Utg323632_38
OG0000876	WP_012607261.1	Utg323392_25
OG0000877	WP_012607268.1	Utg323180_31
OG0000878	WP_012607327.1	Utg323160_74
OG0000879	WP_012607345.1	Utg323152_205
OG0000881	WP_012607515.1	Utg323316_231
OG0000882	WP_012607615.1	Utg323262_102
OG0000883	WP_049759457.1	Utg323262_110
OG0000884	WP_054608903.1	Utg323140_158
OG0000885	WP_054608955.1	Utg323140_247
OG0000886	WP_111122623.1	Utg323180_127
OG0000887	WP_151528199.1	Utg323300_41
OG0000888	WP_157293193.1	Utg323180_439
OG0000889	WP_180830472.1	Utg323316_321
OG0000890	WP_229129742.1, WP_225487046.1	Utg323392_107
OG0000891	WP_225487353.1	Utg323316_330
OG0000892	WP_225487354.1	Utg323632_93
OG0000893	WP_225487399.1	Utg323632_104
OG0000894	WP_225487425.1	Utg323152_386
OG0000895	WP_225487673.1	Utg323140_181
OG0000896	WP_229129796.1	Utg323632_54
OG0000897	WP_230456312.1	Utg323262_72
OG0000898	WP_230959348.1	Utg325220_118
OG0000899	WP_233459568.1	Utg323632_342
OG0000900	WP_233459589.1	Utg323262_111
OG0000962	WP_009560842.1	Utg323392_104
OG0000963	WP_009561112.1	Utg323300_382
OG0000964	WP_009562365.1	Utg323152_505
OG0000966	WP_009562392.1	Utg323262_124
OG0000967	WP_009562412.1	Utg323074_88
OG0000968	WP_009562431.1	Utg323152_222
OG0000970	WP_009562604.1	Utg323448_24
OG0000971	WP_009562810.1	Utg323140_186
OG0000972	WP_009562817.1	Utg323152_186
OG0000974	WP_009563457.1	Utg323632_293
OG0000975	WP_012536696.1, WP_009564036.1	Utg323300_17
OG0000976	WP_009564598.1	Utg323990_85
OG0000977	WP_009565186.1	Utg323152_39
OG0000978	WP_009565431.1	Utg323448_62
OG0000979	WP_009565766.1	Utg323300_360
OG0000980	WP_009566066.1	Utg323632_348
OG0000981	WP_009566150.1	Utg323160_41
OG0000982	WP_009566264.1	Utg323160_37
OG0000983	WP_009566310.1	Utg323632_219
OG0000984	WP_009566634.1	Utg324810_16
OG0000985	WP_009566652.1	Utg323632_24
OG0000986	WP_041838693.1, WP_009566930.1, WP_219629366.1, WP_012537013.1	Utg323632_210
OG0000987	WP_009566940.1	Utg323152_147
OG0000988	WP_009567245.1	Utg323140_10
OG0000989	WP_009567470.1	Utg323152_150
OG0000990	WP_009567611.1	Utg323160_59
OG0000991	WP_009567628.1	Utg323140_179
OG0000992	WP_009567692.1	Utg323632_94
OG0000993	WP_012537098.1, WP_012537701.1, WP_012537116.1, WP_151528216.1, WP_009567937.1, WP_012607241.1	Utg323074_90
OG0000995	WP_009568793.1	Utg323448_75
OG0000996	WP_009569413.1	Utg323316_175
OG0000997	WP_012535779.1	Utg323074_160
OG0000997	WP_012607583.1	Utg323074_177, Utg323074_159
OG0000998	WP_012536029.1	Utg323152_435
OG0000999	WP_012536037.1	Utg323180_137
OG0001000	WP_012536092.1	Utg323448_76
OG0001001	WP_012536104.1	Utg323300_401
OG0001002	WP_012536118.1	Utg323180_695
OG0001003	WP_012536142.1	Utg323990_38
OG0001004	WP_012536177.1	Utg323140_68
OG0001005	WP_012536178.1	Utg323140_69
OG0001006	WP_012536194.1	Utg323300_164
OG0001007	WP_012536202.1	Utg323632_244
OG0001008	WP_012536223.1	Utg323152_394
OG0001009	WP_012536260.1	Utg323152_395
OG0001010	WP_012536315.1	Utg323300_40
OG0001011	WP_012536340.1	Utg323180_292
OG0001012	WP_012536366.1	Utg323180_475
OG0001013	WP_012536367.1	Utg323180_440
OG0001014	WP_012536428.1	Utg323632_71
OG0001015	WP_012536429.1	Utg323152_385
OG0001016	WP_012536430.1	Utg323152_384
OG0001017	WP_012536443.1	Utg323392_130
OG0001018	WP_012536499.1	Utg323180_30
OG0001019	WP_012536546.1	Utg323392_151
OG0001020	WP_012536567.1	Utg323160_24
OG0001022	WP_012536747.1	Utg323316_145
OG0001023	WP_012536748.1	Utg324810_43
OG0001024	WP_012536778.1	Utg323990_78
OG0001025	WP_012536779.1	Utg323316_256, Utg323262_12
OG0001026	WP_012536813.1	Utg323074_108
OG0001027	WP_012536830.1	Utg323262_93
OG0001029	WP_012536838.1	Utg323632_341
OG0001030	WP_012536846.1	Utg324810_40
OG0001031	WP_012536875.1	Utg323316_83
OG0001033	WP_012536948.1	Utg323152_155
OG0001034	WP_012536978.1	Utg323160_30
OG0001035	WP_012536980.1	Utg323160_77
OG0001036	WP_012537000.1	Utg323300_378
OG0001037	WP_012537016.1	Utg323266_56, Utg323074_118
OG0001038	WP_012537145.1	Utg323300_76
OG0001039	WP_012537233.1	Utg323632_226
OG0001040	WP_012537235.1	Utg323448_98
OG0001041	WP_012537270.1	Utg323392_134
OG0001043	WP_012537303.1	Utg323140_245
OG0001044	WP_012537325.1	Utg323448_48
OG0001045	WP_012537366.1	Utg323392_222
OG0001046	WP_012537373.1	Utg323632_291
OG0001047	WP_012537401.1, WP_012537634.1	Utg323160_128, Utg323266_9
OG0001048	WP_012537412.1	Utg323632_137
OG0001049	WP_012537425.1	Utg323262_148
OG0001050	WP_012537436.1	Utg323632_116
OG0001051	WP_012537462.1	Utg323316_103
OG0001052	WP_012537482.1	Utg323180_63, Utg323180_64
OG0001053	WP_012537699.1, WP_012537517.1	Utg323074_193
OG0001054	WP_012537558.1	Utg323632_78
OG0001055	WP_012537572.1	Utg323140_254
OG0001056	WP_012537679.1	Utg323392_17
OG0001057	WP_012537685.1	Utg323266_53
OG0001058	WP_012607518.1	Utg323392_223
OG0001059	WP_012607606.1	Utg325220_91
OG0001060	WP_012607619.1	Utg323632_370
OG0001062	WP_054608956.1	Utg323180_377
OG0001063	WP_054609074.1	Utg323152_486
OG0001064	WP_074874141.1	Utg323140_17, Utg323632_390, Utg323632_193
OG0001065	WP_111122554.1	Utg323990_218
OG0001066	WP_180830462.1	Utg323632_95
OG0001067	WP_180830476.1	Utg323152_449
OG0001068	WP_215905492.1	Utg323152_142
OG0001069	WP_225487418.1	Utg323152_418
OG0001070	WP_225487646.1	Utg323180_313
OG0001142	WP_009561097.1	Utg323632_91
OG0001143	WP_009562222.1	Utg323180_198
OG0001144	WP_009562409.1	Utg323140_97
OG0001145	WP_009562646.1	Utg323074_133
OG0001148	WP_009564270.1	Utg323300_455
OG0001150	WP_009566070.1	Utg323262_147
OG0001152	WP_009567032.1	Utg323632_333
OG0001153	WP_009567147.1	Utg324810_105, Utg323160_13
OG0001154	WP_009567191.1	Utg323300_318
OG0001155	WP_009567240.1	Utg323152_136
OG0001156	WP_009567345.1	Utg323632_376
OG0001157	WP_009567494.1	Utg323160_20
OG0001158	WP_009567865.1	Utg323300_422
OG0001159	WP_009569566.1	Utg323180_316
OG0001160	WP_012535973.1	Utg323140_8
OG0001161	WP_012536071.1	Utg323392_145
OG0001162	WP_012536076.1, WP_054608770.1, WP_225487358.1, WP_012537332.1	Utg323152_612
OG0001164	WP_012536188.1	Utg323152_143
OG0001165	WP_012536313.1	Utg323180_603
OG0001166	WP_012536317.1	Utg323990_176
OG0001167	WP_012536339.1	Utg323180_420
OG0001168	WP_012536365.1	Utg323180_474
OG0001169	WP_012536368.1	Utg323180_479
OG0001171	WP_012536576.1	Utg324810_89
OG0001172	WP_012536579.1	Utg323160_16
OG0001173	WP_012536580.1	Utg323160_17
OG0001174	WP_012536582.1	Utg324810_87
OG0001175	WP_012536763.1	Utg323316_80
OG0001178	WP_012537133.1	Utg323152_331
OG0001179	WP_012537135.1	Utg323180_524
OG0001182	WP_012537327.1	Utg323300_109
OG0001183	WP_012537450.1	Utg323316_130
OG0001184	WP_012537461.1	Utg323316_246
OG0001187	WP_012537666.1	Utg323140_163
OG0001188	WP_012606530.1	Utg323316_71
OG0001189	WP_012607569.1	Utg323180_66
OG0001191	WP_054608826.1	Utg323140_251
OG0001192	WP_054609104.1	Utg323632_281
OG0001194	WP_225487413.1	Utg323316_77
OG0001195	WP_226833861.1	Utg323632_60
OG0001196	WP_226834138.1	Utg323152_389
OG0001326	WP_009560746.1, WP_041646078.1	Utg323152_571, Utg323152_570
OG0001328	WP_009560969.1	Utg323262_168
OG0001330	WP_009561098.1	Utg323180_706
OG0001332	WP_009562825.1	Utg323990_57
OG0001334	WP_009566618.1	Utg323160_118
OG0001335	WP_012536693.1, WP_009566932.1, WP_012537014.1	Utg323632_209
OG0001337	WP_009567546.1	Utg323152_583
OG0001338	WP_012535780.1	Utg323074_156
OG0001339	WP_012535993.1	Utg323632_143
OG0001340	WP_012536045.1	Utg324548_5
OG0001341	WP_012536069.1	Utg323152_137
OG0001342	WP_080513206.1	Utg323152_524, Utg323152_64
OG0001344	WP_012536212.1	Utg323300_285
OG0001345	WP_012536237.1	Utg323316_111
OG0001346	WP_012536242.1	Utg323990_134
OG0001347	WP_012536259.1	Utg324548_35
OG0001348	WP_012536270.1	Utg323140_133
OG0001349	WP_012536309.1	Utg323300_430
OG0001350	WP_012536321.1	Utg323140_258
OG0001351	WP_012536322.1	Utg323140_257
OG0001352	WP_012536324.1	Utg323300_353
OG0001353	WP_012536359.1	Utg323180_491
OG0001354	WP_012536369.1	Utg323180_485
OG0001355	WP_012536419.1	Utg323152_168
OG0001357	WP_012536503.1	Utg323990_123
OG0001358	WP_012536542.1	Utg323300_193
OG0001359	WP_012536575.1	Utg324810_88
OG0001362	WP_012536863.1	Utg323632_61
OG0001363	WP_012536866.1	Utg323632_286
OG0001364	WP_012536867.1	Utg323990_216
OG0001365	WP_054609095.1, WP_012536916.1	Utg323140_112
OG0001366	WP_012536925.1, WP_054608869.1	Utg323316_172
OG0001367	WP_012537027.1	Utg323160_68
OG0001369	WP_012537151.1	Utg323300_365
OG0001370	WP_012537684.1, WP_012537154.1	Utg323160_90
OG0001371	WP_012537243.1	Utg323160_25
OG0001371	WP_012537473.1	Utg323300_203
OG0001373	WP_225487342.1, WP_012537362.1	Utg323074_37
OG0001374	WP_012537419.1	Utg323140_113
OG0001375	WP_012537478.1, WP_233459587.1, WP_233459586.1	Utg323152_237
OG0001377	WP_012537566.1	Utg323074_223, Utg323990_3
OG0001378	WP_012537574.1	Utg323392_106
OG0001379	WP_012606632.1	Utg323140_256
OG0001380	WP_012607505.1	Utg323152_574
OG0001381	WP_012607506.1	Utg323152_577
OG0001383	WP_054609052.1, WP_054608654.1, WP_070807680.1	Utg323392_265, Utg323160_3, Utg323632_146, Utg323152_8
OG0001384	WP_054608733.1	Utg324810_47
OG0001385	WP_054608759.1	Utg323180_489
OG0001387	WP_081033195.1	Utg323180_272
OG0001389	WP_225487192.1	Utg323316_104
OG0001390	WP_225487398.1	Utg323074_127
OG0001391	WP_225487407.1	Utg323300_157, Utg323300_155
OG0001393	WP_230456313.1	Utg323152_579
OG0001567	WP_009560684.1	Utg323266_34
OG0001569	WP_009560928.1	Utg323632_115
OG0001572	WP_009561152.1	Utg323316_261, Utg323990_6, Utg323990_30
OG0001573	WP_009562433.1	Utg323152_224
OG0001578	WP_009565665.1	Utg323074_66
OG0001580	WP_009566740.1	Utg323266_32
OG0001581	WP_009567476.1	Utg323152_188
OG0001582	WP_009568083.1	Utg324810_81
OG0001584	WP_012535764.1, WP_012607602.1	Utg323300_142
OG0001585	WP_012535771.1	Utg323140_252
OG0001586	WP_012535772.1	Utg323152_554
OG0001587	WP_219629361.1, WP_012536650.1, WP_012535936.1, WP_219629360.1	Utg324548_1
OG0001589	WP_012536033.1	Utg323990_64
OG0001592	WP_012536449.1	Utg323266_33
OG0001594	WP_012536520.1	Utg323152_102
OG0001596	WP_012536743.1	Utg323180_219
OG0001598	WP_012536963.1, WP_180830596.1, WP_012536800.1, WP_012537395.1	Utg323392_32
OG0001600	WP_012536880.1	Utg323392_35
OG0001601	WP_012536890.1	Utg323152_502
OG0001604	WP_012536910.1	Utg323300_10
OG0001606	WP_012536993.1	Utg323140_263
OG0001608	WP_012537127.1	Utg323152_585
OG0001609	WP_012537175.1	Utg323316_232
OG0001612	WP_012537342.1	Utg323152_572
OG0001613	WP_012537343.1	Utg323152_573
OG0001615	WP_012537682.1	Utg323140_61
OG0001616	WP_012606527.1	Utg323990_71
OG0001618	WP_074874203.1, WP_012607079.1	Utg323152_165
OG0001621	WP_054608778.1	Utg323300_338
OG0001624	WP_088775924.1	Utg323632_332
OG0001822	WP_009561113.1	Utg323262_59
OG0001825	WP_009566502.1	Utg323300_356
OG0001828	WP_012535747.1	Utg323180_170
OG0001833	WP_012536054.1	Utg323180_129
OG0001835	WP_012536129.1	Utg323300_191
OG0001836	WP_012536139.1, WP_012536754.1	Utg323180_582
OG0001840	WP_012536245.1	Utg323180_422
OG0001842	WP_012536262.1	Utg324810_57
OG0001847	WP_012536510.1, WP_054608739.1	Utg323152_493
OG0001852	WP_012536904.1, WP_012537402.1, WP_012607637.1	Utg323300_20
OG0001854	WP_012537136.1	Utg323152_296
OG0001856	WP_012537345.1	Utg323152_575
OG0001857	WP_012537396.1, WP_012537637.1	Utg323074_61
OG0001858	WP_012537534.1	Utg323392_101
OG0001859	WP_012537547.1	Utg323392_241
OG0001863	WP_054608732.1	Utg323392_50
OG0001864	WP_054609071.1	Utg323266_47
OG0001865	WP_180830487.1	Utg323392_194
OG0002105	WP_009562805.1	Utg323180_203
OG0002106	WP_009563284.1	Utg323316_183
OG0002107	WP_009563854.1	Utg323160_6, Utg324810_100, Utg323160_7
OG0002108	WP_009564272.1	Utg323300_454
OG0002118	WP_012536197.1	Utg323316_78
OG0002120	WP_012536236.1	Utg323316_110
OG0002122	WP_012536318.1	Utg323392_119
OG0002125	WP_012536564.1	Utg323262_22
OG0002126	WP_012536598.1	Utg323160_96
OG0002127	WP_012536599.1	Utg323160_94
OG0002135	WP_012537057.1	Utg323180_536
OG0002142	WP_012537551.1	Utg323392_240
OG0002144	WP_012537587.1	Utg323152_82
OG0002150	WP_151528200.1	Utg323300_18
OG0002153	WP_233459577.1	Utg323152_576
OG0002154	WP_233459596.1	Utg323990_191
OG0002438	WP_009562203.1	Utg323180_362, Utg323262_136
OG0002443	WP_009565530.1, WP_009566763.1	Utg323266_67
OG0002458	WP_012536211.1	Utg323180_570
OG0002481	WP_012537615.1	Utg323140_77
OG0002482	WP_012606651.1	Utg323180_482
OG0002488	WP_041838730.1	Utg323074_182
OG0002491	WP_054608773.1	Utg323140_116
OG0002493	WP_054608888.1, WP_180830419.1	Utg323180_373
OG0002494	WP_054609056.1	Utg323300_62
OG0002494	WP_157293195.1	Utg325220_17
OG0002824	WP_012537271.1, WP_009568258.1, WP_009562800.1	Utg323074_149
OG0002836	WP_009568478.1	Utg323632_30
OG0002858	WP_012536860.1	Utg323266_105, Utg323180_415
OG0002859	WP_012536897.1	Utg324810_99, Utg323160_5
OG0002865	WP_012537084.1	Utg323074_148
OG0002874	WP_012537519.1	Utg323074_189
OG0002880	WP_012606510.1	Utg323140_152
OG0002883	WP_012607468.1	Utg323316_320
OG0002890	WP_070807698.1, WP_070807694.1	Utg323316_269
OG0002900	WP_226833834.1	Utg323180_301, Utg323180_300
OG0003336	WP_009560737.1	Utg324810_28
OG0003353	WP_009564697.1	Utg323152_463
OG0003398	WP_012536600.1	Utg323160_95
OG0003445	WP_041838684.1, WP_054609033.1	Utg323316_268
OG0004276	WP_009567128.1	Utg323990_31
OG0004372	WP_012536959.1	Utg323180_299
OG0004392	WP_012537285.1	Utg323262_199
OG0004436	WP_054608845.1	Utg323266_62
OG0004452	WP_054609054.1	Utg323300_64
OG0004453	WP_054609055.1	Utg323300_63
OG0004454	WP_054609058.1	Utg323300_58
OG0004465	WP_180830466.1	Utg323300_57
OG0004470	WP_219629362.1	Utg323300_56
