Orthogroup	Acidithiobacillus ferrooxidans YNTRS-40	Desulfovibrio ferrophilus IS5
OG0000000	WP_009566311.1	WP_126376458.1
OG0000000	WP_012536296.1	WP_126378998.1
OG0000000	WP_012537338.1	WP_172961667.1
OG0000001	WP_049756718.1	WP_126376510.1, WP_172961810.1, WP_126375555.1, WP_126376875.1, WP_126378261.1, WP_172961567.1, WP_126380896.1, WP_126377423.1, WP_232034871.1, WP_126377178.1, WP_126375573.1, WP_126379609.1, WP_172961793.1, WP_126380918.1, WP_126377950.1, WP_126376869.1, WP_172961606.1, WP_126379817.1, WP_172961763.1, WP_126380957.1, WP_172961695.1, WP_197723432.1, WP_172961701.1, WP_126375584.1, WP_172961715.1
OG0000007	WP_009568266.1	WP_126381476.1
OG0000007	WP_009566877.1	WP_126375925.1
OG0000008	WP_012537153.1	WP_126380866.1
OG0000008	WP_009566498.1	WP_126376430.1
OG0000008	WP_012536971.1, WP_009566514.1	WP_126378253.1
OG0000010	WP_009561151.1	WP_126380086.1, WP_172961677.1
OG0000010	WP_012536238.1	WP_172961742.1
OG0000012	WP_233459585.1	WP_126380912.1
OG0000013	WP_049756730.1	WP_126376628.1
OG0000014	WP_012607383.1, WP_009567373.1, WP_012535790.1	WP_126377105.1, WP_126380551.1
OG0000015	WP_012535757.1, WP_012537128.1	WP_126376871.1
OG0000019	WP_012536513.1	WP_126380934.1
OG0000019	WP_012535791.1, WP_012537688.1, WP_009566809.1	WP_126380549.1
OG0000020	WP_012537033.1	WP_126375608.1
OG0000023	WP_012536407.1	WP_172961785.1
OG0000024	WP_012536221.1	WP_126375630.1
OG0000024	WP_012536512.1	WP_126380860.1
OG0000026	WP_054608867.1	WP_126379565.1
OG0000026	WP_012537435.1, WP_226837036.1	WP_126379060.1
OG0000026	WP_012537308.1, WP_054608741.1	WP_126380889.1
OG0000027	WP_012536289.1, WP_012536670.1	WP_126376537.1, WP_126377878.1
OG0000029	WP_012537258.1	WP_172961565.1
OG0000029	WP_012536184.1	WP_126377624.1, WP_126378600.1
OG0000030	WP_012536529.1	WP_126378798.1, WP_126375863.1, WP_126376853.1, WP_232034763.1, WP_126376783.1, WP_126380627.1
OG0000031	WP_054608952.1	WP_126379174.1, WP_126376771.1, WP_126379993.1, WP_126380000.1
OG0000033	WP_009565875.1	WP_232034906.1
OG0000033	WP_012536110.1	WP_126380666.1
OG0000034	WP_012536972.1, WP_009566515.1	WP_269471682.1
OG0000038	WP_012537610.1, WP_009566921.1, WP_009566923.1	WP_232034908.1, WP_126376738.1
OG0000039	WP_051984662.1, WP_180830451.1	WP_126378763.1
OG0000039	WP_012537038.1	WP_126378255.1
OG0000041	WP_009564623.1, WP_009565495.1	WP_172961587.1
OG0000042	WP_012536408.1	WP_126379529.1
OG0000042	WP_012536431.1	WP_126377521.1
OG0000045	WP_225487636.1	WP_126378830.1
OG0000046	WP_012537032.1	WP_126380043.1, WP_126379445.1, WP_126375663.1
OG0000047	WP_257246645.1, WP_225487355.1, WP_252725196.1	WP_172961741.1
OG0000048	WP_012536680.1	WP_126381030.1
OG0000048	WP_009566815.1	WP_232034796.1
OG0000049	WP_009567000.1, WP_009567335.1	WP_172961615.1
OG0000053	WP_009565974.1	WP_126381249.1
OG0000053	WP_009564595.1	WP_126377151.1
OG0000055	WP_012536534.1	WP_126379655.1
OG0000058	WP_009564125.1	WP_126375819.1
OG0000061	WP_012536678.1	WP_126381032.1
OG0000063	WP_009560828.1, WP_151528215.1, WP_180830446.1, WP_151528213.1, WP_054608640.1, WP_257257267.1, WP_054608824.1, WP_012537288.1	WP_126380494.1
OG0000064	WP_009566490.1	WP_126377057.1
OG0000065	WP_012536179.1	WP_126379932.1
OG0000065	WP_012536434.1	WP_126379160.1
OG0000066	WP_012537102.1	WP_126377227.1
OG0000067	WP_012537527.1	WP_126380869.1
OG0000068	WP_229129785.1, WP_054608627.1, WP_012536413.1, WP_229129798.1, WP_061046414.1, WP_229129726.1, WP_031572380.1	WP_126378496.1
OG0000068	WP_054608827.1	WP_172961792.1
OG0000069	WP_009567370.1	WP_126379705.1
OG0000069	WP_012536062.1	WP_126381140.1
OG0000070	WP_012535972.1	WP_126378422.1, WP_232034886.1
OG0000077	WP_009562388.1	WP_126379711.1, WP_172961772.1
OG0000077	WP_012536420.1	WP_126377449.1
OG0000078	WP_012536784.1	WP_126376995.1, WP_126376997.1
OG0000079	WP_012536378.1, WP_229129778.1, WP_012536377.1	WP_232034839.1, WP_126380539.1
OG0000079	WP_012537609.1	WP_172961766.1
OG0000080	WP_012537336.1, WP_012537023.1	WP_172961669.1
OG0000085	WP_054609046.1, WP_012537430.1, WP_230456338.1	WP_126381273.1
OG0000086	WP_054608841.1	WP_126375833.1, WP_126376484.1, WP_126375563.1
OG0000091	WP_009561353.1	WP_126379497.1
OG0000093	WP_009564668.1	WP_126377889.1, WP_126380751.1
OG0000095	WP_012536481.1	WP_232034876.1
OG0000096	WP_012536996.1	WP_126381088.1
OG0000097	WP_012607461.1	WP_126379277.1, WP_126380356.1
OG0000101	WP_009560846.1	WP_126380553.1
OG0000101	WP_012537491.1	WP_126376877.1
OG0000103	WP_009566205.1, WP_054608900.1, WP_009567505.1	WP_126375876.1
OG0000104	WP_054608783.1, WP_012536624.1	WP_126377346.1, WP_126377988.1
OG0000105	WP_012536834.1	WP_126379501.1
OG0000106	WP_012536953.1	WP_126380444.1
OG0000112	WP_009567621.1	WP_126377306.1, WP_126379449.1
OG0000115	WP_012536267.1	WP_126377362.1
OG0000115	WP_012537150.1	WP_126376861.1
OG0000116	WP_225487351.1	WP_126376215.1
OG0000119	WP_012537040.1	WP_126377868.1
OG0000120	WP_012537529.1, WP_012607593.1	WP_126379965.1, WP_126379857.1, WP_172961620.1, WP_126377828.1
OG0000126	WP_009561865.1	WP_126379210.1
OG0000127	WP_009562383.1	WP_126379366.1
OG0000127	WP_012536821.1	WP_126379368.1
OG0000128	WP_012537059.1, WP_009562675.1	WP_232034755.1
OG0000129	WP_009563104.1	WP_126376839.1
OG0000130	WP_012535980.1	WP_126380098.1, WP_126379042.1
OG0000131	WP_012536872.1, WP_012536232.1	WP_126380299.1
OG0000132	WP_012536482.1	WP_126380313.1, WP_126378656.1, WP_126375702.1
OG0000134	WP_012536689.1, WP_012537087.1	WP_126377750.1
OG0000135	WP_012536874.1	WP_126380248.1, WP_126379924.1
OG0000142	WP_009565767.1	WP_126377727.1
OG0000143	WP_012535762.1	WP_126376543.1, WP_126377487.1, WP_126375622.1
OG0000144	WP_012535990.1	WP_126379267.1
OG0000145	WP_012536065.1	WP_126376563.1
OG0000146	WP_012536158.1	WP_126377153.1, WP_126375637.1
OG0000149	WP_012536987.1	WP_126379665.1, WP_126380618.1
OG0000150	WP_012537129.1	WP_126377334.1
OG0000151	WP_012537514.1	WP_232034777.1, WP_126380074.1
OG0000158	WP_054609079.1	WP_126378159.1
OG0000158	WP_009561172.1	WP_126376027.1
OG0000159	WP_009562226.1	WP_126381351.1, WP_126380841.1
OG0000160	WP_009562607.1	WP_126379093.1
OG0000162	WP_009566069.1	WP_126375857.1, WP_172961809.1
OG0000163	WP_009567122.1	WP_126378343.1
OG0000164	WP_012536835.1	WP_126378223.1
OG0000164	WP_009567465.1	WP_126377539.1
OG0000165	WP_012536452.1, WP_055448958.1	WP_232034880.1
OG0000166	WP_012536041.1	WP_126377850.1
OG0000166	WP_226833941.1	WP_126376718.1
OG0000167	WP_012536954.1	WP_126380541.1
OG0000168	WP_012537672.1, WP_229129812.1, WP_012536275.1	WP_126381182.1, WP_126381180.1, WP_126375657.1, WP_126375553.1
OG0000169	WP_012536327.1	WP_126376755.1
OG0000170	WP_012536762.1, WP_012607389.1, WP_012607334.1	WP_126377170.1
OG0000172	WP_012536912.1, WP_054609094.1	WP_232034792.1
OG0000174	WP_012536983.1	WP_126378921.1, WP_126378915.1
OG0000176	WP_012537694.1	WP_126377398.1
OG0000183	WP_009566651.1, WP_009561179.1	WP_126380586.1, WP_126375665.1
OG0000185	WP_009562658.1	WP_126378072.1
OG0000187	WP_009566505.1	WP_126376003.1
OG0000189	WP_012536119.1	WP_126379679.1
OG0000190	WP_012536152.1	WP_126377864.1
OG0000191	WP_225487193.1	WP_172961744.1
OG0000192	WP_012536361.1	WP_232034818.1
OG0000193	WP_012536453.1	WP_126377830.1
OG0000194	WP_012536581.1	WP_126378106.1, WP_126375723.1
OG0000195	WP_012536731.1, WP_055448950.1, WP_054608711.1	WP_126381648.1, WP_126380634.1
OG0000196	WP_012537302.1	WP_126380588.1, WP_126375667.1
OG0000199	WP_012537596.1	WP_126375709.1
OG0000200	WP_012537660.1	WP_126376251.1, WP_126381637.1, WP_126380297.1
OG0000209	WP_009560794.1	WP_126378432.1
OG0000209	WP_012536001.1	WP_126376468.1
OG0000210	WP_012536485.1, WP_009560819.1	WP_126379481.1
OG0000215	WP_009567346.1	WP_126379387.1
OG0000216	WP_012606601.1, WP_009567592.1	WP_126381405.1, WP_126380832.1
OG0000217	WP_009567626.1	WP_126377388.1, WP_126376654.1
OG0000218	WP_012536052.1	WP_126377380.1
OG0000219	WP_012536999.1, WP_012536156.1	WP_126377392.1
OG0000220	WP_012536180.1	WP_126377954.1
OG0000221	WP_225487655.1, WP_012536274.1	WP_232034814.1
OG0000222	WP_012536488.1	WP_126377752.1, WP_126380413.1
OG0000223	WP_012536535.1	WP_126379433.1
OG0000224	WP_012536669.1	WP_126375687.1
OG0000225	WP_012537676.1, WP_012536768.1	WP_126381110.1
OG0000226	WP_012536936.1	WP_232034915.1
OG0000227	WP_012536947.1	WP_126380765.1, WP_126380781.1
OG0000228	WP_012537058.1	WP_126380386.1
OG0000228	WP_012606556.1	WP_126378318.1
OG0000229	WP_233459570.1	WP_126378283.1
OG0000230	WP_054608848.1	WP_126376561.1
OG0000232	WP_054609073.1	WP_126376907.1, WP_197723452.1
OG0000233	WP_180830512.1	WP_126379699.1
OG0000234	WP_225487654.1	WP_126375880.1, WP_172961661.1, WP_126375783.1
OG0000248	WP_012536050.1	WP_126376690.1
OG0000249	WP_012536114.1, WP_229129773.1, WP_009561020.1, WP_054608738.1	WP_126376424.1
OG0000250	WP_009562194.1	WP_126377694.1, WP_126381114.1, WP_126376970.1
OG0000252	WP_009565424.1	WP_126375668.1
OG0000253	WP_012536020.1	WP_232034747.1
OG0000253	WP_009566305.1	WP_126378732.1
OG0000254	WP_009567060.1	WP_126379613.1, WP_126379617.1
OG0000255	WP_012536293.1	WP_126376715.1
OG0000257	WP_012536012.1	WP_126377805.1
OG0000259	WP_012607080.1	WP_126380949.1
OG0000260	WP_233459567.1, WP_012536828.1	WP_126376736.1
OG0000260	WP_012536397.1	WP_126377383.1
OG0000261	WP_012536559.1, WP_157293185.1	WP_232034914.1
OG0000263	WP_225487436.1	WP_172961789.1
OG0000264	WP_012537655.1	WP_126380686.1
OG0000265	WP_012537657.1	WP_126380688.1
OG0000266	WP_012537658.1	WP_126380663.1
OG0000267	WP_012607294.1, WP_054608871.1, WP_061046412.1	WP_126380945.1
OG0000270	WP_229129792.1	WP_126380933.1
OG0000283	WP_009560879.1	WP_126377400.1
OG0000284	WP_009560923.1	WP_232034785.1
OG0000285	WP_009567365.1, WP_009561385.1, WP_009565301.1, WP_054608740.1, WP_009565762.1	WP_126380954.1
OG0000287	WP_009566245.1, WP_009562362.1	WP_126379943.1
OG0000289	WP_009565770.1	WP_126378287.1, WP_126375897.1
OG0000290	WP_215905594.1, WP_229129783.1, WP_009566370.1, WP_229129815.1	WP_126381196.1
OG0000291	WP_009566445.1	WP_126377018.1
OG0000291	WP_012536500.1	WP_126375792.1
OG0000292	WP_009566482.1	WP_126378090.1, WP_126378757.1
OG0000293	WP_009566650.1	WP_126375664.1
OG0000295	WP_009566924.1	WP_232034907.1
OG0000296	WP_009567461.1	WP_126376968.1
OG0000297	WP_012537564.1, WP_009567888.1	WP_172961716.1, WP_126380746.1
OG0000298	WP_225487432.1	WP_126380478.1
OG0000298	WP_012536508.1	WP_172961668.1
OG0000299	WP_012536067.1	WP_232034802.1
OG0000300	WP_012537695.1, WP_012536306.1	WP_126376664.1
OG0000301	WP_012536440.1	WP_126376077.1, WP_232034778.1
OG0000302	WP_012536450.1	WP_126376779.1, WP_126381011.1
OG0000307	WP_012537295.1	WP_232034834.1
OG0000308	WP_012537299.1	WP_126375669.1
OG0000309	WP_012537406.1	WP_126379200.1
OG0000311	WP_012537568.1	WP_126377668.1, WP_126380177.1
OG0000312	WP_012537595.1	WP_126380979.1
OG0000313	WP_012607392.1	WP_126375836.1
OG0000314	WP_012607483.1	WP_126375671.1
OG0000332	WP_009561368.1	WP_126377537.1
OG0000333	WP_009562239.1	WP_126380825.1
OG0000334	WP_009562307.1	WP_126378606.1
OG0000335	WP_009562964.1	WP_126376726.1, WP_126380917.1
OG0000336	WP_009564610.1	WP_126380948.1
OG0000339	WP_009566369.1, WP_267903947.1	WP_126375542.1
OG0000340	WP_009567235.1	WP_126379916.1
OG0000343	WP_012537004.1, WP_012536021.1, WP_012537460.1	WP_126378734.1
OG0000344	WP_012536229.1	WP_126379008.1, WP_126380833.1
OG0000345	WP_012537234.1	WP_172961637.1
OG0000346	WP_012536451.1	WP_126381013.1, WP_126376777.1
OG0000347	WP_012536483.1	WP_126380129.1
OG0000348	WP_012536538.1, WP_012537571.1	WP_232034790.1
OG0000349	WP_012536555.1, WP_012536560.1	WP_126377264.1
OG0000350	WP_012607533.1, WP_012536601.1	WP_126380698.1
OG0000351	WP_054608863.1, WP_012536857.1	WP_126380946.1
OG0000352	WP_012537130.1	WP_126377336.1
OG0000353	WP_012537240.1	WP_126378808.1, WP_126381186.1
OG0000354	WP_012537335.1	WP_126375853.1
OG0000356	WP_012537427.1, WP_054609053.1	WP_126377915.1
OG0000357	WP_012537553.1	WP_126376942.1
OG0000358	WP_012537707.1	WP_126377529.1
OG0000360	WP_041647474.1	WP_126380696.1, WP_126377079.1
OG0000387	WP_012536014.1	WP_126377103.1, WP_126379591.1
OG0000388	WP_054608986.1, WP_054608972.1, WP_009561355.1	WP_126379499.1
OG0000389	WP_009562205.1	WP_126380280.1
OG0000390	WP_012537476.1, WP_009562421.1	WP_126380496.1
OG0000391	WP_009562662.1, WP_012607056.1	WP_126377020.1
OG0000392	WP_009562813.1	WP_126377803.1
OG0000393	WP_012536777.1, WP_009563800.1	WP_126377464.1
OG0000394	WP_009566268.1	WP_126376132.1
OG0000395	WP_009566884.1	WP_126377729.1
OG0000396	WP_009566949.1	WP_126380788.1
OG0000398	WP_009567323.1	WP_126375829.1
OG0000399	WP_009567484.1	WP_126376541.1
OG0000400	WP_012536000.1, WP_009567581.1	WP_126375999.1
OG0000401	WP_012535766.1	WP_126377286.1
OG0000403	WP_012535991.1	WP_232034756.1
OG0000404	WP_012536024.1	WP_126380502.1
OG0000405	WP_012536030.1	WP_232034904.1
OG0000406	WP_012536078.1	WP_126380117.1
OG0000407	WP_012536131.1	WP_126375697.1
OG0000408	WP_012536140.1	WP_126376130.1
OG0000409	WP_012536144.1	WP_126375727.1
OG0000410	WP_012536254.1	WP_126375949.1
OG0000411	WP_012536280.1	WP_126380543.1
OG0000412	WP_012536319.1	WP_172961686.1
OG0000413	WP_012536392.1	WP_126379336.1
OG0000414	WP_012536519.1	WP_126380931.1
OG0000415	WP_012536558.1	WP_126378136.1
OG0000416	WP_012536683.1	WP_126378666.1, WP_172961784.1
OG0000418	WP_012536949.1	WP_126380654.1
OG0000419	WP_012536955.1	WP_232034936.1, WP_126376652.1
OG0000421	WP_012537025.1	WP_126380975.1
OG0000421	WP_049756713.1	WP_126377166.1, WP_126375708.1
OG0000422	WP_012537502.1	WP_126380163.1, WP_126379072.1
OG0000423	WP_012537562.1	WP_126380506.1
OG0000424	WP_180830455.1, WP_012537590.1	WP_232034868.1
OG0000425	WP_012537653.1	WP_126380914.1
OG0000426	WP_012606589.1	WP_126380760.1
OG0000427	WP_041838681.1	WP_126377181.1
OG0000428	WP_054608948.1	WP_126379265.1
OG0000429	WP_233459593.1	WP_126379605.1
OG0000457	WP_009560820.1, WP_225981995.1	WP_126380273.1
OG0000458	WP_009561363.1	WP_126379457.1
OG0000459	WP_009562654.1	WP_126378236.1
OG0000460	WP_012536691.1, WP_009563102.1	WP_197723457.1
OG0000461	WP_009563301.1	WP_126376122.1
OG0000463	WP_009564129.1	WP_126378471.1, WP_126378644.1
OG0000464	WP_009564443.1	WP_126380647.1
OG0000465	WP_009564605.1	WP_126379779.1
OG0000466	WP_009564692.1	WP_126377342.1
OG0000467	WP_009564855.1, WP_009569804.1	WP_126377723.1
OG0000468	WP_074874161.1	WP_126379910.1
OG0000469	WP_009566207.1	WP_126377360.1
OG0000470	WP_009566477.1	WP_126378919.1
OG0000471	WP_009566480.1	WP_126380492.1
OG0000472	WP_009566574.1	WP_126378642.1, WP_126377824.1
OG0000473	WP_012537697.1, WP_009566904.1	WP_126377396.1
OG0000475	WP_009567364.1	WP_126380674.1
OG0000476	WP_009567490.1	WP_126380693.1
OG0000477	WP_012536151.1	WP_126379238.1
OG0000478	WP_009567595.1	WP_126379010.1
OG0000479	WP_009567656.1	WP_126378348.1
OG0000480	WP_009568282.1	WP_126375801.1
OG0000481	WP_054609023.1	WP_126378435.1
OG0000482	WP_012536288.1, WP_009569191.1	WP_126376547.1
OG0000483	WP_225487666.1, WP_054608809.1, WP_012606678.1, WP_054608884.1, WP_180830411.1, WP_054608629.1, WP_009569877.1	WP_126379810.1
OG0000484	WP_012535750.1	WP_126380284.1
OG0000485	WP_012535768.1	WP_126378350.1
OG0000486	WP_012536028.1	WP_126379287.1
OG0000487	WP_012536755.1, WP_012536063.1	WP_126380961.1
OG0000488	WP_012536103.1	WP_126379525.1
OG0000489	WP_012536116.1	WP_126377067.1
OG0000490	WP_012536127.1	WP_172961760.1
OG0000491	WP_012536128.1	WP_126379485.1
OG0000492	WP_012536132.1	WP_126377713.1
OG0000493	WP_012536143.1	WP_126377410.1
OG0000494	WP_012536155.1	WP_172961673.1, WP_126379453.1
OG0000495	WP_012536160.1	WP_126376099.1
OG0000496	WP_012536161.1	WP_126375923.1
OG0000497	WP_012536181.1	WP_126377812.1
OG0000498	WP_012536182.1	WP_172961654.1
OG0000500	WP_012536209.1	WP_126377826.1
OG0000501	WP_012536214.1	WP_172961582.1
OG0000502	WP_012536243.1	WP_126378238.1
OG0000503	WP_012536253.1	WP_126377195.1
OG0000504	WP_012536255.1	WP_126377731.1
OG0000505	WP_012536257.1	WP_126378085.1
OG0000506	WP_012536330.1	WP_126378242.1
OG0000507	WP_012536336.1	WP_126376835.1
OG0000509	WP_012536979.1, WP_012536352.1	WP_126376116.1
OG0000510	WP_012536360.1	WP_126380646.1
OG0000511	WP_012536394.1	WP_126377183.1
OG0000512	WP_012536421.1	WP_126380757.1
OG0000513	WP_012536460.1	WP_126380673.1
OG0000514	WP_012536532.1	WP_126375935.1
OG0000515	WP_012536533.1	WP_232034909.1
OG0000516	WP_012536759.1	WP_126378465.1
OG0000517	WP_012536767.1	WP_126377799.1
OG0000519	WP_054608908.1, WP_012536797.1, WP_012537678.1	WP_232034888.1
OG0000520	WP_012536816.1	WP_126379338.1
OG0000521	WP_233459598.1, WP_012536827.1	WP_126380820.1
OG0000522	WP_012536840.1	WP_126377013.1
OG0000523	WP_012536878.1	WP_126376393.1
OG0000524	WP_012606471.1, WP_012536920.1	WP_126380396.1
OG0000526	WP_012537089.1	WP_126375981.1
OG0000529	WP_012537162.1	WP_126378081.1
OG0000530	WP_012537306.1	WP_232034793.1
OG0000531	WP_012537317.1	WP_126375893.1
OG0000532	WP_012537323.1	WP_126377676.1
OG0000533	WP_012537326.1	WP_126375945.1
OG0000534	WP_012537330.1	WP_126377444.1
OG0000535	WP_012537356.1	WP_126379224.1
OG0000536	WP_012606641.1	WP_126379271.1
OG0000538	WP_012537428.1	WP_126380854.1
OG0000539	WP_012537483.1	WP_126376287.1, WP_172961816.1
OG0000540	WP_012537544.1	WP_126375989.1
OG0000541	WP_012537546.1	WP_126379308.1
OG0000542	WP_012537556.1	WP_126375953.1
OG0000543	WP_012537673.1	WP_126380762.1
OG0000544	WP_229129766.1, WP_012537696.1	WP_126376662.1
OG0000545	WP_012606542.1	WP_126377049.1
OG0000546	WP_088775915.1	WP_126377155.1
OG0000547	WP_180830382.1	WP_126379146.1
OG0000548	WP_215905524.1	WP_126377086.1
OG0000549	WP_225487409.1	WP_126379236.1
OG0000550	WP_230456331.1	WP_126378469.1
OG0000575	WP_009560683.1	WP_126376941.1
OG0000576	WP_009560685.1	WP_126376937.1
OG0000577	WP_009560747.1	WP_126377364.1
OG0000578	WP_009560802.1	WP_126380394.1
OG0000579	WP_009560813.1	WP_126380745.1
OG0000580	WP_009560843.1	WP_232034916.1
OG0000581	WP_009560851.1	WP_126376006.1
OG0000582	WP_009560861.1	WP_126375633.1
OG0000583	WP_009560911.1	WP_126379507.1
OG0000584	WP_009560912.1	WP_126379759.1
OG0000585	WP_009560913.1	WP_126379757.1
OG0000586	WP_009560916.1	WP_126381445.1
OG0000587	WP_009560917.1	WP_126376883.1
OG0000588	WP_009561052.1	WP_126379697.1
OG0000589	WP_009561081.1	WP_126376001.1
OG0000590	WP_009561185.1	WP_126375878.1
OG0000591	WP_009561191.1	WP_126376962.1
OG0000592	WP_009561285.1	WP_126380852.1
OG0000593	WP_009561698.1	WP_126379359.1
OG0000594	WP_009562201.1	WP_126376270.1
OG0000595	WP_009562382.1	WP_126380213.1
OG0000596	WP_009562410.1	WP_232034872.1
OG0000597	WP_009562411.1	WP_126377437.1
OG0000598	WP_009562424.1	WP_126378738.1
OG0000599	WP_009562432.1	WP_126377651.1
OG0000600	WP_009562611.1	WP_232034783.1
OG0000601	WP_009562807.1	WP_126375798.1
OG0000602	WP_009562815.1	WP_126377009.1
OG0000603	WP_009562818.1	WP_172961647.1
OG0000604	WP_009562823.1	WP_172961633.1
OG0000605	WP_009562824.1	WP_172961652.1
OG0000607	WP_009563107.1	WP_126380956.1
OG0000608	WP_009563302.1	WP_126376126.1
OG0000609	WP_229129790.1, WP_009563706.1	WP_126379577.1
OG0000610	WP_009564018.1	WP_126376379.1
OG0000611	WP_009564109.1	WP_126379531.1
OG0000612	WP_009564128.1	WP_126379314.1
OG0000613	WP_009564594.1	WP_126379316.1
OG0000615	WP_009564727.1	WP_126378874.1
OG0000616	WP_009564729.1	WP_126378878.1
OG0000617	WP_009565432.1	WP_126376041.1
OG0000618	WP_009565434.1	WP_126376046.1
OG0000619	WP_009565435.1	WP_126376048.1
OG0000620	WP_009565436.1	WP_126376050.1
OG0000621	WP_009565437.1	WP_126376052.1
OG0000622	WP_009565541.1	WP_126380448.1
OG0000623	WP_009565749.1	WP_126378477.1
OG0000624	WP_009565803.1	WP_126380959.1
OG0000625	WP_009565805.1	WP_126380958.1
OG0000626	WP_009566208.1	WP_126376462.1
OG0000627	WP_009566247.1	WP_126376381.1
OG0000628	WP_009566444.1	WP_126376976.1
OG0000629	WP_009566467.1	WP_126378083.1
OG0000630	WP_009566572.1	WP_126376751.1
OG0000631	WP_009566573.1	WP_126376746.1
OG0000632	WP_009566576.1	WP_126380336.1
OG0000633	WP_009566620.1	WP_126378790.1
OG0000634	WP_009566635.1	WP_126377709.1
OG0000635	WP_009566647.1	WP_126375827.1
OG0000637	WP_009566798.1	WP_126379493.1
OG0000638	WP_009566813.1	WP_126376107.1
OG0000639	WP_009566882.1	WP_126379579.1
OG0000640	WP_009566883.1	WP_126379219.1
OG0000641	WP_009566950.1	WP_126379074.1
OG0000642	WP_009566960.1	WP_126380125.1
OG0000643	WP_009567014.1	WP_126376704.1
OG0000644	WP_009567059.1	WP_126380824.1
OG0000645	WP_009567097.1	WP_126377725.1
OG0000646	WP_009567098.1	WP_126378721.1
OG0000647	WP_009567099.1	WP_126378723.1
OG0000648	WP_009567102.1	WP_126378730.1
OG0000649	WP_009567132.1	WP_126376706.1
OG0000650	WP_009567136.1	WP_126380766.1
OG0000651	WP_009567143.1	WP_126380763.1
OG0000652	WP_009567229.1	WP_126376389.1
OG0000653	WP_009567236.1	WP_126379918.1
OG0000654	WP_009567244.1	WP_126375634.1
OG0000655	WP_009567300.1	WP_126380776.1
OG0000656	WP_009567336.1	WP_126377580.1
OG0000657	WP_009567337.1	WP_126377582.1
OG0000658	WP_009567340.1	WP_126377595.1
OG0000659	WP_009567341.1	WP_126377597.1
OG0000660	WP_009567384.1	WP_126378777.1
OG0000661	WP_009567386.1	WP_126378775.1
OG0000662	WP_009567445.1	WP_126376545.1
OG0000663	WP_012536312.1, WP_009567477.1	WP_232034830.1
OG0000664	WP_009567486.1	WP_126377673.1
OG0000665	WP_009567513.1	WP_126380819.1
OG0000666	WP_009567572.1	WP_126377885.1
OG0000667	WP_009567579.1	WP_126380844.1
OG0000669	WP_009567649.1, WP_203602227.1	WP_126378115.1
OG0000670	WP_009567690.1	WP_126375751.1
OG0000671	WP_009567983.1	WP_126379487.1
OG0000672	WP_009568056.1	WP_126381098.1
OG0000673	WP_009568262.1	WP_126377442.1
OG0000674	WP_009568264.1	WP_126380965.1
OG0000675	WP_009568267.1	WP_126380265.1
OG0000676	WP_009568268.1	WP_126377491.1
OG0000677	WP_009568279.1	WP_126376083.1
OG0000678	WP_009568280.1	WP_126376081.1
OG0000679	WP_009568284.1	WP_126379325.1
OG0000680	WP_009568607.1	WP_126379512.1
OG0000681	WP_009568779.1	WP_126376017.1
OG0000682	WP_009568780.1	WP_126376015.1
OG0000683	WP_054609092.1, WP_009568883.1, WP_054609085.1	WP_126378380.1
OG0000684	WP_009569104.1	WP_126380685.1
OG0000685	WP_009569276.1	WP_126376070.1
OG0000686	WP_009569543.1	WP_126376811.1
OG0000687	WP_009569556.1	WP_126376060.1
OG0000688	WP_009569558.1	WP_126376057.1
OG0000689	WP_009569559.1	WP_126376056.1
OG0000690	WP_009569795.1	WP_126377431.1
OG0000691	WP_010641426.1	WP_126376033.1
OG0000692	WP_012535739.1	WP_126375760.1
OG0000693	WP_012535749.1	WP_126380282.1
OG0000694	WP_012535756.1	WP_126379585.1
OG0000695	WP_012535765.1	WP_126380278.1
OG0000696	WP_012535802.1	WP_126380221.1
OG0000697	WP_012535804.1	WP_126381541.1
OG0000698	WP_012535974.1	WP_126379312.1
OG0000699	WP_012535976.1	WP_232034758.1
OG0000700	WP_012535994.1	WP_126377348.1
OG0000701	WP_012535997.1	WP_126376440.1
OG0000702	WP_012536008.1	WP_126380769.1
OG0000704	WP_012536016.1	WP_126378715.1
OG0000705	WP_012536017.1	WP_126378717.1
OG0000706	WP_012536018.1	WP_126378719.1
OG0000707	WP_012536019.1	WP_126378725.1
OG0000708	WP_012536023.1	WP_126381395.1
OG0000709	WP_012536040.1	WP_126376199.1
OG0000710	WP_012536051.1	WP_126380733.1
OG0000711	WP_012536059.1	WP_126379305.1
OG0000712	WP_012536064.1	WP_126380960.1
OG0000713	WP_012536070.1	WP_126379503.1
OG0000714	WP_012536072.1	WP_232034765.1
OG0000715	WP_012536073.1	WP_126379510.1
OG0000716	WP_012536074.1	WP_126379514.1
OG0000717	WP_012536079.1	WP_126376008.1
OG0000718	WP_012536080.1	WP_126376010.1
OG0000719	WP_012536081.1	WP_126376013.1
OG0000720	WP_012536082.1	WP_126376019.1
OG0000721	WP_012536084.1	WP_126376035.1
OG0000722	WP_012536086.1	WP_126376039.1
OG0000723	WP_012536087.1	WP_126376043.1
OG0000724	WP_012536088.1	WP_126376054.1
OG0000725	WP_012536089.1	WP_126376059.1
OG0000726	WP_012536090.1	WP_126376062.1
OG0000727	WP_012536093.1	WP_126381242.1
OG0000728	WP_012536094.1	WP_126381245.1
OG0000729	WP_012536095.1	WP_126376072.1
OG0000730	WP_012536096.1	WP_126376074.1
OG0000731	WP_012536098.1	WP_126376085.1
OG0000732	WP_012536099.1	WP_126381247.1
OG0000733	WP_012536100.1	WP_126376087.1
OG0000734	WP_012536101.1	WP_232034918.1
OG0000735	WP_012536102.1	WP_126380307.1
OG0000736	WP_012536109.1	WP_126377932.1
OG0000737	WP_012536117.1	WP_126377586.1
OG0000738	WP_012536126.1	WP_126377160.1
OG0000739	WP_012536147.1	WP_126379518.1
OG0000740	WP_012536153.1	WP_126380527.1
OG0000741	WP_012536187.1	WP_126380649.1
OG0000742	WP_012536192.1, WP_012537512.1	WP_126379625.1
OG0000743	WP_012536204.1	WP_126380537.1
OG0000744	WP_012536208.1	WP_126377678.1
OG0000745	WP_012536222.1	WP_126375831.1
OG0000746	WP_012536225.1	WP_126378358.1
OG0000747	WP_012536268.1	WP_232034867.1
OG0000748	WP_012536269.1	WP_126375995.1
OG0000749	WP_012536279.1	WP_126376115.1
OG0000750	WP_012536303.1	WP_126381375.1
OG0000751	WP_012536305.1	WP_126377721.1
OG0000752	WP_012536329.1	WP_126376760.1
OG0000753	WP_012536389.1	WP_126376827.1
OG0000754	WP_012536390.1	WP_126376933.1
OG0000755	WP_012536391.1	WP_126376935.1
OG0000756	WP_012536396.1	WP_126378177.1
OG0000757	WP_012536417.1	WP_126377543.1
OG0000758	WP_012536418.1	WP_126380398.1
OG0000759	WP_012536424.1	WP_232034803.1
OG0000760	WP_012536425.1	WP_126380911.1
OG0000761	WP_012536427.1	WP_126376105.1
OG0000762	WP_012536445.1	WP_126380748.1
OG0000763	WP_012536446.1	WP_126379573.1
OG0000764	WP_012536447.1	WP_126379571.1
OG0000765	WP_012536465.1	WP_126380406.1
OG0000766	WP_012536494.1	WP_126377288.1
OG0000767	WP_012536497.1	WP_126379398.1
OG0000768	WP_012536498.1	WP_126380338.1
OG0000769	WP_012536522.1	WP_126378876.1
OG0000770	WP_012536523.1	WP_126378880.1
OG0000771	WP_012536524.1	WP_126378882.1
OG0000772	WP_012536525.1	WP_126378884.1
OG0000773	WP_012536526.1	WP_126378886.1
OG0000774	WP_012536527.1	WP_126378888.1
OG0000775	WP_012536528.1	WP_172961585.1
OG0000776	WP_012536530.1	WP_126375931.1
OG0000777	WP_012536531.1	WP_126375933.1
OG0000778	WP_012536536.1, WP_012536946.1	WP_126377921.1
OG0000779	WP_012536537.1	WP_126377051.1
OG0000780	WP_012536544.1	WP_126378872.1
OG0000782	WP_012536740.1	WP_126381297.1
OG0000783	WP_012536744.1	WP_126380651.1
OG0000784	WP_012536750.1	WP_126378393.1
OG0000785	WP_012536751.1	WP_126378391.1
OG0000787	WP_012536820.1	WP_126380223.1
OG0000788	WP_012536823.1	WP_126379581.1
OG0000789	WP_012536833.1	WP_126376442.1
OG0000790	WP_012536836.1	WP_126380747.1
OG0000791	WP_012536839.1	WP_126380754.1
OG0000792	WP_012536841.1	WP_126377846.1
OG0000793	WP_012536842.1	WP_126377658.1
OG0000794	WP_012536843.1	WP_126381500.1
OG0000795	WP_012536849.1	WP_126377541.1
OG0000796	WP_012536879.1	WP_126376391.1
OG0000797	WP_012536883.1	WP_126376385.1
OG0000798	WP_012536938.1	WP_126381370.1
OG0000799	WP_012536939.1	WP_126380311.1
OG0000800	WP_012536943.1	WP_126375951.1
OG0000801	WP_012536945.1	WP_126378492.1
OG0000802	WP_012536950.1	WP_126378225.1
OG0000803	WP_012536951.1	WP_126378234.1
OG0000804	WP_012536952.1	WP_126376555.1
OG0000806	WP_012536992.1	WP_126380721.1
OG0000807	WP_012537005.1	WP_126376702.1
OG0000808	WP_012537045.1	WP_126377189.1
OG0000809	WP_012537049.1	WP_126380818.1
OG0000811	WP_012537051.1	WP_126377284.1
OG0000812	WP_012537054.1	WP_126379597.1
OG0000813	WP_012537060.1	WP_126377433.1
OG0000814	WP_012537085.1	WP_126379739.1
OG0000815	WP_012537086.1	WP_126380225.1
OG0000816	WP_012537134.1	WP_126380913.1
OG0000817	WP_012537138.1	WP_126379259.1
OG0000818	WP_012537146.1	WP_126378183.1
OG0000819	WP_012537147.1	WP_126380450.1
OG0000820	WP_012537152.1	WP_126380865.1
OG0000821	WP_012537254.1	WP_126376769.1, WP_232034775.1
OG0000822	WP_012537259.1	WP_232034801.1
OG0000823	WP_012537260.1	WP_126380692.1
OG0000824	WP_012537272.1	WP_126377036.1
OG0000825	WP_012537273.1	WP_126377038.1
OG0000826	WP_012537274.1	WP_126377887.1
OG0000827	WP_012537289.1	WP_126379835.1
OG0000828	WP_012537290.1	WP_126379837.1
OG0000829	WP_012537291.1	WP_126379839.1
OG0000830	WP_012537292.1	WP_126379841.1
OG0000831	WP_012537293.1	WP_126379843.1
OG0000832	WP_012537294.1	WP_126379845.1
OG0000833	WP_012537296.1	WP_126375675.1
OG0000834	WP_012537304.1	WP_126375821.1
OG0000835	WP_012537357.1	WP_126381353.1
OG0000836	WP_012537368.1	WP_126377439.1
OG0000837	WP_012537371.1	WP_126375997.1
OG0000838	WP_012537372.1	WP_126377055.1
OG0000839	WP_012537374.1	WP_126381271.1
OG0000841	WP_012537408.1	WP_232034887.1
OG0000842	WP_012537409.1	WP_126377655.1
OG0000843	WP_012537411.1	WP_126377649.1
OG0000844	WP_012537432.1	WP_126379318.1
OG0000845	WP_012537433.1	WP_126379321.1
OG0000846	WP_012537434.1	WP_126379327.1
OG0000847	WP_012537472.1, WP_012537469.1	WP_126375875.1
OG0000848	WP_012537494.1	WP_126375728.1
OG0000849	WP_012537497.1	WP_126381363.1
OG0000850	WP_012537550.1	WP_126376950.1
OG0000851	WP_012537552.1	WP_126376944.1
OG0000852	WP_012537563.1	WP_126378181.1
OG0000853	WP_012537565.1	WP_126378386.1
OG0000854	WP_012537569.1	WP_126380504.1
OG0000855	WP_012537583.1	WP_126380773.1
OG0000856	WP_012537589.1	WP_126377187.1
OG0000858	WP_012537630.1	WP_126379599.1
OG0000859	WP_012537654.1	WP_126381514.1
OG0000860	WP_012537656.1	WP_126380687.1
OG0000861	WP_012537661.1	WP_126376444.1
OG0000862	WP_012537662.1	WP_126376989.1
OG0000863	WP_012537664.1	WP_232034806.1
OG0000864	WP_012537675.1	WP_126378925.1
OG0000865	WP_012537690.1	WP_126375800.1
OG0000866	WP_012537704.1	WP_126379777.1
OG0000867	WP_012537706.1	WP_172961830.1
OG0000868	WP_012606529.1	WP_172961655.1
OG0000869	WP_012606540.1	WP_126376021.1
OG0000870	WP_012606545.1	WP_126377026.1
OG0000871	WP_012606548.1	WP_126377599.1
OG0000872	WP_012606567.1	WP_126376972.1
OG0000873	WP_012606584.1	WP_126377268.1
OG0000874	WP_012606634.1	WP_126376758.1
OG0000875	WP_012607057.1	WP_126377682.1
OG0000876	WP_012607261.1	WP_126378786.1
OG0000877	WP_012607268.1	WP_126377032.1
OG0000878	WP_012607327.1	WP_172961613.1
OG0000879	WP_012607345.1	WP_126377191.1
OG0000881	WP_012607515.1	WP_126376618.1
OG0000882	WP_012607615.1	WP_126380705.1
OG0000883	WP_049759457.1	WP_126380291.1, WP_126375689.1
OG0000884	WP_054608903.1	WP_126377296.1
OG0000885	WP_054608955.1	WP_232034913.1
OG0000886	WP_111122623.1	WP_126378449.1
OG0000888	WP_157293193.1	WP_126380615.1
OG0000889	WP_180830472.1	WP_126377483.1
OG0000890	WP_229129742.1, WP_225487046.1	WP_126380941.1
OG0000891	WP_225487353.1	WP_232034770.1
OG0000892	WP_225487354.1	WP_126375752.1
OG0000893	WP_225487399.1	WP_232034746.1
OG0000894	WP_225487425.1	WP_126377527.1
OG0000895	WP_225487673.1	WP_126376964.1
OG0000896	WP_229129796.1	WP_126381232.1
OG0000897	WP_230456312.1	WP_126376766.1, WP_126380002.1
OG0000898	WP_230959348.1	WP_126378339.1
OG0000899	WP_233459568.1	WP_126377535.1
OG0000900	WP_233459589.1	WP_126376111.1
OG0000961	WP_012536435.1, WP_009560716.1	WP_126379751.1
OG0000962	WP_009560842.1	WP_126376448.1
OG0000963	WP_009561112.1	WP_126380689.1
OG0000964	WP_009562365.1	WP_126378245.1
OG0000966	WP_009562392.1	WP_126379977.1
OG0000967	WP_009562412.1	WP_126377822.1
OG0000968	WP_009562431.1	WP_126377653.1
OG0000969	WP_009562478.1	WP_172961822.1
OG0000971	WP_009562810.1	WP_126375796.1
OG0000972	WP_009562817.1	WP_126379334.1
OG0000974	WP_009563457.1	WP_126377744.1
OG0000976	WP_009564598.1	WP_126379222.1
OG0000977	WP_009565186.1	WP_126379206.1
OG0000978	WP_009565431.1	WP_126381240.1
OG0000979	WP_009565766.1	WP_126377746.1
OG0000980	WP_009566066.1	WP_126376929.1
OG0000981	WP_009566150.1	WP_126380293.1
OG0000983	WP_009566310.1	WP_126376452.1
OG0000984	WP_009566634.1	WP_126377069.1
OG0000985	WP_009566652.1	WP_126375666.1
OG0000987	WP_009566940.1	WP_126376688.1
OG0000988	WP_009567245.1	WP_126375636.1
OG0000989	WP_009567470.1	WP_126377040.1
OG0000990	WP_009567611.1	WP_126379256.1
OG0000991	WP_009567628.1	WP_126376837.1
OG0000992	WP_009567692.1	WP_126375753.1
OG0000993	WP_012537098.1, WP_012537701.1, WP_012537116.1, WP_151528216.1, WP_009567937.1, WP_012607241.1	WP_126378648.1
OG0000994	WP_009568281.1	WP_126376079.1
OG0000995	WP_009568793.1	WP_126376066.1
OG0000996	WP_009569413.1	WP_126378463.1
OG0000998	WP_012536029.1	WP_126379281.1
OG0000999	WP_012536037.1	WP_126380838.1
OG0001000	WP_012536092.1	WP_126376068.1
OG0001002	WP_012536118.1	WP_126377590.1
OG0001003	WP_012536142.1	WP_126380935.1
OG0001004	WP_012536177.1	WP_126376817.1
OG0001005	WP_012536178.1	WP_126376815.1
OG0001006	WP_012536194.1	WP_126380845.1
OG0001007	WP_012536202.1	WP_126377270.1
OG0001008	WP_012536223.1	WP_126380704.1
OG0001009	WP_012536260.1	WP_126378169.1
OG0001010	WP_012536315.1	WP_232034879.1
OG0001014	WP_012536428.1	WP_126380452.1
OG0001015	WP_012536429.1	WP_126377525.1
OG0001016	WP_012536430.1	WP_126377523.1
OG0001017	WP_012536443.1	WP_126380938.1
OG0001018	WP_012536499.1	WP_126377034.1
OG0001020	WP_012536567.1	WP_126378132.1
OG0001022	WP_012536747.1	WP_126377149.1
OG0001024	WP_012536778.1	WP_126377406.1
OG0001025	WP_012536779.1	WP_126380092.1, WP_126380157.1, WP_126380609.1
OG0001027	WP_012536830.1	WP_126381126.1
OG0001028	WP_230456346.1, WP_012536832.1	WP_126379491.1
OG0001029	WP_012536838.1	WP_126377533.1
OG0001030	WP_012536846.1	WP_126380276.1
OG0001031	WP_012536875.1	WP_126375710.1
OG0001033	WP_012536948.1	WP_126380764.1
OG0001034	WP_012536978.1	WP_126377545.1
OG0001035	WP_012536980.1	WP_126376118.1
OG0001037	WP_012537016.1	WP_126376422.1
OG0001038	WP_012537145.1	WP_126376931.1
OG0001040	WP_012537235.1	WP_172961699.1
OG0001043	WP_012537303.1	WP_126377088.1
OG0001044	WP_012537325.1	WP_126376004.1
OG0001045	WP_012537366.1	WP_126376692.1
OG0001046	WP_012537373.1	WP_126377495.1
OG0001047	WP_012537401.1, WP_012537634.1	WP_126375973.1
OG0001048	WP_012537412.1	WP_126376301.1
OG0001049	WP_012537425.1	WP_126376533.1
OG0001050	WP_012537436.1	WP_126380894.1
OG0001051	WP_012537462.1	WP_126380709.1
OG0001053	WP_012537699.1, WP_012537517.1	WP_126380164.1
OG0001054	WP_012537558.1	WP_126380173.1
OG0001055	WP_012537572.1	WP_126380500.1
OG0001056	WP_012537679.1	WP_126377503.1
OG0001057	WP_012537685.1	WP_126377209.1
OG0001058	WP_012607518.1	WP_126376694.1
OG0001059	WP_012607606.1	WP_126375734.1
OG0001060	WP_012607619.1	WP_126377446.1, WP_232034875.1
OG0001063	WP_054609074.1	WP_126376905.1
OG0001064	WP_074874141.1	WP_126378515.1, WP_126378984.1
OG0001065	WP_111122554.1	WP_126377603.1
OG0001066	WP_180830462.1	WP_126375754.1
OG0001067	WP_180830476.1	WP_126377134.1
OG0001068	WP_215905492.1	WP_126377609.1
OG0001069	WP_225487418.1	WP_126375884.1
OG0001070	WP_225487646.1	WP_126376974.1
OG0001142	WP_009561097.1	WP_126375750.1
OG0001144	WP_009562409.1	WP_126377011.1
OG0001147	WP_009563004.1, WP_012537369.1, WP_012536861.1	WP_126376399.1, WP_172961700.1
OG0001149	WP_012537680.1, WP_009564866.1	WP_126377081.1
OG0001150	WP_009566070.1	WP_126377172.1
OG0001152	WP_009567032.1	WP_126379833.1
OG0001153	WP_009567147.1	WP_126378118.1
OG0001154	WP_009567191.1	WP_126380644.1
OG0001156	WP_009567345.1	WP_126378011.1, WP_126380853.1
OG0001157	WP_009567494.1	WP_126378131.1
OG0001159	WP_009569566.1	WP_126381275.1
OG0001160	WP_012535973.1, WP_012536304.1	WP_126379781.1
OG0001163	WP_012536091.1	WP_126376064.1
OG0001164	WP_012536188.1	WP_126378226.1
OG0001167	WP_012536339.1, WP_012536388.1	WP_126379882.1
OG0001171	WP_012536576.1	WP_126378114.1
OG0001172	WP_012536579.1	WP_126378122.1
OG0001173	WP_012536580.1	WP_126378125.1
OG0001174	WP_012536582.1	WP_126378110.1
OG0001175	WP_012536763.1	WP_126377807.1
OG0001176	WP_261989780.1, WP_012536859.1	WP_126379346.1
OG0001178	WP_012537133.1	WP_126377696.1
OG0001180	WP_012537263.1	WP_126376096.1
OG0001181	WP_012537264.1	WP_126376097.1
OG0001187	WP_012537666.1	WP_126378992.1
OG0001188	WP_012606530.1	WP_126376819.1
OG0001191	WP_054608826.1	WP_126380417.1
OG0001194	WP_225487413.1	WP_126380823.1
OG0001196	WP_226834138.1	WP_126375788.1
OG0001329	WP_009561009.1	WP_126379451.1
OG0001333	WP_009563432.1	WP_126377240.1
OG0001334	WP_009566618.1	WP_126380821.1
OG0001336	WP_009566995.1	WP_126378802.1
OG0001337	WP_009567546.1	WP_126377958.1
OG0001338	WP_012535780.1	WP_126380613.1
OG0001343	WP_012536185.1	WP_126378364.1
OG0001346	WP_012536242.1	WP_126380198.1, WP_126379623.1
OG0001352	WP_012536324.1	WP_126380724.1
OG0001356	WP_012536480.1	WP_126378333.1
OG0001358	WP_012536542.1	WP_126380926.1
OG0001359	WP_012536575.1	WP_126378112.1
OG0001361	WP_012536831.1	WP_126379489.1
OG0001365	WP_054609095.1	WP_126380671.1
OG0001368	WP_012537132.1	WP_126377340.1
OG0001369	WP_012537151.1	WP_126380867.1
OG0001372	WP_012537352.1	WP_126380969.1, WP_232034939.1
OG0001374	WP_012537419.1	WP_172961646.1
OG0001375	WP_233459586.1	WP_126375718.1
OG0001377	WP_012537566.1	WP_197723437.1
OG0001380	WP_012607505.1	WP_172961834.1, WP_232034919.1
OG0001381	WP_012607506.1	WP_126377982.1
OG0001382	WP_041645355.1	WP_126377073.1
OG0001387	WP_081033195.1	WP_126380175.1
OG0001392	WP_226834140.1	WP_126380816.1
OG0001393	WP_230456313.1	WP_126377965.1
OG0001568	WP_009560719.1	WP_126381094.1, WP_126378134.1
OG0001569	WP_009560928.1	WP_126380849.1
OG0001570	WP_009561084.1, WP_012536248.1	WP_126375600.1
OG0001571	WP_009561085.1	WP_126375603.1
OG0001575	WP_009565304.1	WP_126380851.1
OG0001577	WP_009565537.1	WP_126379872.1
OG0001580	WP_009566740.1	WP_126381009.1
OG0001581	WP_009567476.1	WP_126378419.1
OG0001583	WP_054609006.1	WP_126380340.1
OG0001584	WP_012535764.1, WP_012607602.1	WP_126379101.1
OG0001590	WP_233459584.1, WP_012536251.1	WP_232034827.1
OG0001592	WP_012536449.1	WP_232034815.1
OG0001593	WP_012536479.1	WP_126378331.1
OG0001596	WP_012536743.1	WP_126378445.1
OG0001602	WP_012536895.1	WP_126380962.1
OG0001604	WP_012536910.1	WP_126375596.1
OG0001605	WP_012536915.1	WP_126380672.1
OG0001607	WP_012537007.1	WP_126380585.1
OG0001612	WP_012537342.1	WP_126377975.1
OG0001613	WP_012537343.1	WP_126377973.1
OG0001616	WP_012606527.1	WP_126379459.1
OG0001617	WP_012606628.1	WP_126378094.1, WP_126380025.1
OG0001619	WP_012607393.1	WP_126381305.1
OG0001620	WP_054608831.1, WP_157293188.1, WP_054608652.1	WP_126381578.1
OG0001622	WP_054609027.1, WP_151528207.1, WP_233459588.1	WP_172961805.1
OG0001623	WP_080513197.1	WP_172961675.1
OG0001625	WP_180830481.1	WP_126375741.1
OG0001820	WP_054608962.1, WP_009560954.1	WP_126376375.1
OG0001821	WP_009560977.1	WP_126377435.1
OG0001823	WP_009561155.1	WP_126376946.1
OG0001828	WP_012535747.1	WP_232034759.1
OG0001832	WP_012535988.1	WP_126375993.1
OG0001835	WP_012536129.1	WP_126379162.1
OG0001841	WP_012536249.1	WP_126375601.1
OG0001843	WP_054608883.1, WP_012536281.1	WP_126378517.1
OG0001844	WP_012536310.1	WP_232034772.1
OG0001845	WP_012536332.1	WP_126378931.1
OG0001846	WP_012536416.1	WP_126380269.1
OG0001848	WP_012536667.1	WP_126378285.1
OG0001849	WP_054608931.1, WP_054608810.1, WP_070807681.1, WP_054608643.1, WP_054608930.1, WP_012536711.1	WP_126381652.1
OG0001854	WP_012537136.1	WP_126380468.1
OG0001856	WP_012537345.1	WP_126377969.1
OG0001859	WP_012537547.1	WP_126379310.1
OG0002103	WP_009560818.1	WP_126376490.1
OG0002109	WP_009564525.1	WP_126377185.1
OG0002112	WP_009566952.1	WP_126377164.1
OG0002114	WP_054608695.1, WP_012535917.1, WP_111122603.1, WP_054608805.1	WP_126381670.1
OG0002116	WP_012536301.1, WP_012535965.1	WP_126379483.1
OG0002117	WP_012536115.1	WP_126375838.1
OG0002129	WP_012536708.1, WP_054608927.1, WP_054608702.1, WP_146235816.1	WP_126381658.1
OG0002130	WP_054608864.1, WP_012536858.1	WP_172961802.1
OG0002137	WP_012537353.1	WP_126375551.1
OG0002140	WP_041646660.1, WP_012537511.1	WP_172961607.1
OG0002142	WP_012537551.1	WP_126376948.1
OG0002146	WP_012537692.1	WP_126378051.1, WP_126378060.1, WP_126381174.1
OG0002147	WP_012537693.1	WP_126381171.1, WP_126378058.1, WP_126378049.1
OG0002148	WP_012607592.1	WP_126377992.1
OG0002150	WP_151528200.1	WP_126380835.1
OG0002431	WP_009560940.1	WP_126378240.1
OG0002440	WP_009562842.1	WP_126380476.1
OG0002442	WP_009565421.1	WP_126377016.1
OG0002445	WP_009567100.1	WP_126378727.1
OG0002447	WP_009568900.1	WP_126380859.1
OG0002454	WP_012536009.1	WP_126377366.1
OG0002455	WP_012536111.1	WP_126379234.1
OG0002456	WP_012536159.1	WP_126377642.1
OG0002458	WP_012536211.1	WP_126380456.1
OG0002459	WP_012536326.1, WP_012537131.1	WP_126377338.1
OG0002462	WP_012536804.1, WP_012536458.1	WP_126381090.1
OG0002473	WP_012537044.1	WP_197723433.1
OG0002476	WP_012537458.1	WP_126380858.1
OG0002479	WP_012537516.1, WP_012537698.1	WP_126380211.1
OG0002480	WP_012537567.1	WP_126378382.1
OG0002485	WP_012607473.1	WP_126378433.1
OG0002488	WP_041838730.1	WP_126380274.1
OG0002494	WP_054609056.1, WP_157293195.1	WP_126381586.1
OG0002825	WP_009562838.1	WP_126380759.1
OG0002838	WP_009569544.1	WP_126376809.1
OG0002848	WP_012536541.1	WP_126379006.1
OG0002870	WP_012537324.1	WP_126376128.1
OG0002876	WP_012537549.1	WP_126376952.1
OG0002877	WP_012537573.1	WP_126378447.1
OG0002881	WP_012606555.1	WP_126377944.1
OG0002882	WP_012606683.1	WP_126377143.1
OG0002887	WP_054609024.1	WP_126381372.1
OG0002888	WP_054609025.1, WP_151528209.1	WP_126379693.1
OG0002898	WP_225487040.1	WP_126380014.1
OG0002899	WP_225487408.1	WP_126378273.1
OG0002900	WP_226833834.1	WP_126378263.1
OG0002903	WP_226834201.1	WP_126381641.1
OG0003342	WP_009562304.1, WP_009562368.1	WP_126378043.1
OG0003362	WP_009566687.1	WP_126377664.1
OG0003379	WP_012536191.1	WP_126375785.1
OG0003396	WP_012536545.1	WP_126377326.1
OG0003408	WP_012536772.1	WP_126379973.1
OG0003439	WP_012537632.1, WP_041646089.1	WP_126376480.1
OG0003451	WP_054609021.1	WP_126378259.1
OG0003455	WP_070807678.1	WP_126381621.1
OG0004245	WP_009562839.1	WP_126380898.1
OG0004278	WP_009567324.1	WP_126380650.1
OG0004293	WP_009569363.1	WP_126380415.1
OG0004295	WP_009569596.1	WP_126376626.1
OG0004316	WP_012536217.1	WP_126380758.1
OG0004389	WP_012537248.1	WP_126378041.1
OG0004411	WP_012606562.1	WP_126380794.1
OG0004451	WP_054609032.1	WP_126380873.1
