Orthogroup	Desulforhopalus vacuolatus DSM 9700	Geobacter sulfurreducens PCA
OG0000000	WP_205218903.1	WP_010941477.1
OG0000000	WP_275888964.1, WP_205218029.1	WP_010943217.1
OG0000000	WP_205219514.1	WP_010943546.1
OG0000000	WP_205218773.1	WP_275450044.1
OG0000000	WP_205219382.1	WP_010941668.1, WP_010942297.1
OG0000000	WP_205220319.1	WP_010942684.1
OG0000000	WP_205219819.1	WP_010942141.1
OG0000000	WP_205218473.1, WP_240192009.1	WP_010941027.1
OG0000001	WP_205220029.1	WP_010942201.1
OG0000001	WP_205217623.1	WP_010942302.1, WP_010942515.1, WP_235044972.1, WP_010943962.1, WP_010943987.1, WP_010942950.1, WP_010942288.1, WP_010942315.1
OG0000001	WP_205217330.1	WP_238525143.1
OG0000001	WP_205217806.1	WP_010941210.1
OG0000002	WP_205218052.1	WP_010943324.1
OG0000002	WP_205220147.1	WP_010943450.1, WP_010943451.1
OG0000005	WP_205220331.1, WP_205219789.1, WP_275889005.1, WP_240192106.1	WP_010943211.1, WP_010941570.1
OG0000006	WP_205219511.1	WP_235044977.1, WP_010942572.1
OG0000007	WP_240192033.1	WP_010942419.1
OG0000007	WP_205217665.1	WP_010942909.1
OG0000007	WP_205219793.1	WP_010943050.1
OG0000007	WP_205219899.1	WP_010941823.1, WP_010942828.1
OG0000007	WP_205218938.1	WP_010941615.1
OG0000008	WP_205218335.1	WP_010941163.1
OG0000008	WP_205219114.1	WP_010941060.1
OG0000008	WP_205218627.1	WP_010943335.1
OG0000009	WP_240192111.1, WP_205217584.1, WP_240192132.1	WP_010943210.1
OG0000010	WP_205219586.1	WP_010942493.1, WP_010942893.1, WP_010942620.1, WP_010942158.1, WP_010942601.1, WP_235044891.1, WP_010941657.1
OG0000011	WP_205219423.1	WP_010942699.1
OG0000012	WP_205218774.1	WP_010943547.1
OG0000013	WP_240191996.1, WP_205218303.1, WP_205218476.1, WP_205218471.1	WP_010941970.1, WP_010941778.1
OG0000014	WP_205218288.1	WP_010943740.1
OG0000014	WP_205219411.1	WP_010941119.1, WP_010943578.1
OG0000015	WP_205217767.1	WP_010943443.1
OG0000015	WP_205218648.1	WP_010943159.1
OG0000017	WP_205220326.1, WP_205219770.1	WP_010942680.1
OG0000017	WP_275889003.1	WP_010942420.1, WP_010942421.1
OG0000019	WP_205217874.1	WP_010941763.1
OG0000019	WP_205218289.1	WP_010943739.1
OG0000021	WP_205218500.1	WP_010943261.1
OG0000022	WP_205218149.1	WP_010942550.1, WP_010941573.1, WP_010941244.1, WP_010940866.1, WP_010940882.1
OG0000023	WP_205217319.1	WP_045667546.1
OG0000024	WP_205218703.1	WP_010940864.1
OG0000024	WP_205218933.1	WP_010941582.1
OG0000026	WP_240192012.1, WP_240191995.1	WP_010943263.1, WP_010941067.1
OG0000027	WP_240192067.1	WP_010941441.1, WP_010941177.1
OG0000028	WP_205218835.1, WP_205218475.1, WP_205218307.1	WP_010941609.1
OG0000030	WP_205220225.1, WP_205218797.1	WP_010943289.1
OG0000033	WP_205218725.1	WP_010943225.1
OG0000033	WP_205217574.1	WP_010943085.1
OG0000033	WP_205219469.1	WP_010941969.1
OG0000034	WP_205218628.1	WP_010943334.1
OG0000038	WP_205218672.1	WP_010940700.1
OG0000038	WP_205219654.1	WP_010943808.1
OG0000038	WP_205219655.1	WP_010941445.1, WP_010941452.1
OG0000039	WP_205217373.1	WP_010943224.1, WP_010942129.1
OG0000040	WP_205219588.1	WP_010942495.1
OG0000041	WP_205218629.1	WP_153304094.1
OG0000042	WP_240192126.1	WP_010943811.1
OG0000042	WP_205217331.1	WP_010941591.1
OG0000042	WP_205218976.1	WP_010942434.1
OG0000043	WP_205218478.1	WP_010941851.1, WP_010942192.1
OG0000044	WP_205219513.1	WP_235045025.1, WP_010941704.1, WP_010941143.1, WP_235044883.1, WP_010941489.1, WP_010940687.1, WP_010940929.1, WP_010941354.1, WP_235044900.1, WP_010943968.1, WP_010943441.1, WP_010944047.1, WP_010941544.1, WP_010942925.1, WP_010943621.1, WP_010943770.1, WP_235044903.1, WP_010943307.1, WP_010940779.1, WP_010943202.1, WP_010941024.1, WP_010943020.1, WP_010943024.1, WP_010941698.1, WP_235044983.1, WP_010943203.1, WP_010943083.1
OG0000045	WP_205219978.1	WP_010942953.1
OG0000045	WP_205218812.1	WP_010942204.1
OG0000048	WP_205220104.1	WP_010942268.1
OG0000048	WP_205218354.1	WP_010943908.1
OG0000053	WP_205219828.1	WP_010941160.1
OG0000053	WP_205219575.1	WP_010942464.1
OG0000054	WP_205217689.1, WP_205219669.1	WP_010940843.1
OG0000055	WP_205219062.1	WP_010942902.1
OG0000057	WP_205217536.1, WP_205218283.1	WP_010943773.1
OG0000058	WP_205217357.1	WP_010942454.1
OG0000058	WP_205219380.1	WP_010941840.1
OG0000060	WP_205219391.1	WP_041913993.1
OG0000060	WP_205218162.1	WP_010942427.1
OG0000061	WP_205220106.1	WP_010942269.1
OG0000061	WP_205218219.1	WP_010943909.1
OG0000062	WP_205218096.1, WP_205218468.1	WP_010942081.1
OG0000063	WP_205217751.1	WP_010942168.1, WP_010942767.1
OG0000064	WP_205218680.1	WP_010941276.1
OG0000064	WP_205219039.1	WP_010943894.1
OG0000065	WP_205217314.1	WP_010941490.1, WP_010941029.1, WP_010942716.1, WP_010943066.1, WP_010940694.1
OG0000065	WP_205217454.1	WP_010942732.1
OG0000067	WP_205218467.1, WP_275888956.1	WP_010942082.1
OG0000069	WP_240192079.1	WP_010943436.1, WP_010943903.1
OG0000070	WP_240192170.1	WP_235045000.1
OG0000073	WP_205218014.1	WP_235045002.1
OG0000074	WP_205218276.1, WP_205217575.1	WP_010940892.1
OG0000075	WP_205217847.1	WP_010941466.1
OG0000077	WP_205219095.1	WP_010942316.1
OG0000078	WP_205219761.1	WP_010942352.1
OG0000079	WP_205217405.1	WP_010942999.1
OG0000082	WP_205219215.1	WP_010941678.1, WP_010943655.1
OG0000084	WP_205217368.1	WP_010943981.1
OG0000087	WP_205219845.1, WP_205217731.1	WP_010942653.1
OG0000089	WP_205217537.1, WP_205220139.1, WP_205219346.1, WP_205220284.1, WP_240192176.1, WP_205219946.1, WP_205219636.1, WP_205217559.1	WP_010943038.1, WP_010942202.1
OG0000091	WP_205218848.1	WP_010941129.1
OG0000092	WP_205218658.1	WP_010942735.1, WP_010941590.1
OG0000093	WP_240191946.1	WP_010941779.1
OG0000094	WP_205218401.1	WP_010943189.1
OG0000094	WP_275888993.1	WP_010941286.1
OG0000095	WP_205219361.1, WP_205218407.1	WP_010940777.1
OG0000095	WP_205218965.1	WP_010942900.1
OG0000097	WP_205217730.1, WP_240191918.1	WP_010941879.1
OG0000098	WP_240192130.1	WP_010942650.1
OG0000101	WP_240192163.1, WP_205219783.1	WP_010943782.1, WP_010943090.1
OG0000102	WP_205218756.1	WP_010941459.1
OG0000102	WP_205217638.1	WP_010941507.1
OG0000103	WP_205218404.1, WP_205218456.1	WP_010941607.1, WP_010942480.1
OG0000104	WP_205219195.1	WP_262421275.1
OG0000105	WP_240191944.1	WP_010942250.1
OG0000105	WP_240192046.1	WP_010941127.1, WP_010941128.1
OG0000106	WP_205218448.1	WP_010943341.1
OG0000108	WP_205220065.1, WP_205220063.1, WP_205220062.1, WP_205217815.1	WP_010940958.1
OG0000109	WP_275889033.1, WP_205220419.1, WP_240192190.1, WP_205217993.1, WP_205217997.1, WP_205218000.1, WP_205218978.1, WP_205219309.1, WP_205218981.1, WP_205220422.1, WP_205218867.1, WP_205220387.1, WP_205220248.1	WP_010942188.1
OG0000110	WP_205220030.1	WP_235044926.1
OG0000112	WP_205218422.1	WP_010942274.1
OG0000113	WP_205219581.1	WP_010942320.1
OG0000114	WP_205217943.1	WP_010943165.1
OG0000115	WP_205217489.1	WP_010943892.1
OG0000115	WP_205219679.1	WP_010944056.1
OG0000116	WP_205218587.1	WP_010943682.1
OG0000117	WP_205217876.1	WP_010941759.1
OG0000118	WP_240191957.1	WP_010941758.1
OG0000119	WP_205220193.1	WP_010943592.1
OG0000120	WP_205217586.1	WP_010942080.1
OG0000121	WP_275888929.1	WP_010942597.1
OG0000122	WP_205220332.1	WP_010943368.1, WP_010943370.1
OG0000123	WP_205220031.1	WP_010943384.1
OG0000125	WP_240192143.1, WP_205220097.1	WP_010942746.1
OG0000126	WP_205219649.1	WP_010943126.1
OG0000126	WP_205218524.1	WP_010943898.1
OG0000128	WP_205219057.1	WP_010941589.1
OG0000128	WP_205218118.1	WP_010943853.1
OG0000129	WP_205218969.1	WP_010941713.1
OG0000129	WP_205220177.1	WP_010943266.1, WP_010943778.1
OG0000130	WP_205218402.1	WP_010942861.1
OG0000131	WP_240192135.1	WP_010942881.1
OG0000132	WP_205218326.1	WP_010942113.1
OG0000132	WP_205219939.1, WP_205218314.1	WP_010943057.1
OG0000133	WP_205217878.1	WP_010941757.1
OG0000134	WP_205218809.1	WP_010942241.1
OG0000136	WP_240191980.1	WP_010941670.1
OG0000140	WP_205220453.1, WP_205218003.1, WP_205220379.1, WP_205220472.1, WP_205220486.1, WP_240192169.1, WP_205220474.1, WP_205220483.1, WP_205220485.1, WP_205220487.1, WP_205220437.1, WP_205220287.1, WP_205220407.1, WP_205220415.1, WP_205220251.1, WP_205220477.1, WP_205220480.1, WP_205220476.1, WP_205220484.1, WP_205220448.1, WP_240191969.1	WP_010941815.1
OG0000142	WP_205219982.1	WP_010942899.1
OG0000143	WP_205219037.1	WP_010943891.1
OG0000144	WP_205217734.1	WP_010941482.1
OG0000145	WP_205218440.1	WP_010942949.1
OG0000146	WP_205220184.1, WP_205217851.1	WP_010940761.1
OG0000147	WP_205217752.1	WP_010942139.1
OG0000150	WP_240192129.1	WP_010943710.1
OG0000151	WP_205219293.1	WP_010942629.1
OG0000151	WP_240192019.1	WP_010942486.1
OG0000152	WP_205219848.1	WP_010942382.1
OG0000152	WP_205219850.1	WP_010942374.1
OG0000153	WP_205219644.1, WP_275888937.1	WP_010943806.1, WP_010941511.1
OG0000154	WP_205217327.1	WP_010943751.1
OG0000155	WP_240192148.1	WP_010943603.1, WP_010943552.1
OG0000155	WP_205219521.1	WP_010943023.1
OG0000156	WP_205220095.1	WP_010942747.1
OG0000160	WP_240191992.1, WP_205217391.1	WP_010941051.1, WP_010940903.1
OG0000161	WP_205218217.1	WP_010942875.1
OG0000163	WP_205218549.1, WP_205219249.1	WP_010940702.1, WP_010942942.1
OG0000164	WP_205218605.1	WP_010941317.1
OG0000165	WP_240192087.1	WP_010942470.1
OG0000166	WP_205219180.1	WP_010943267.1
OG0000167	WP_205219005.1	WP_010943983.1
OG0000169	WP_205220075.1	WP_010942556.1
OG0000170	WP_205218419.1	WP_010942052.1
OG0000171	WP_205220364.1	WP_010941390.1
OG0000172	WP_205217862.1	WP_235045029.1, WP_010941991.1, WP_010943091.1
OG0000173	WP_205219412.1	WP_010943577.1, WP_010941118.1
OG0000174	WP_205217656.1	WP_010944064.1
OG0000176	WP_205219026.1	WP_010941450.1
OG0000180	WP_205220263.1, WP_205220264.1	WP_010941864.1
OG0000181	WP_205218461.1, WP_205219295.1	WP_010942627.1
OG0000183	WP_205218585.1, WP_240191953.1	WP_010941007.1
OG0000184	WP_205219494.1	WP_010943067.1
OG0000185	WP_205218823.1	WP_041914029.1
OG0000186	WP_205217642.1	WP_010941475.1, WP_010942088.1
OG0000187	WP_205217955.1, WP_205217942.1	WP_010943488.1
OG0000190	WP_205218562.1	WP_010943251.1
OG0000191	WP_205220111.1	WP_010940707.1
OG0000192	WP_205220299.1	WP_010940935.1, WP_010941861.1
OG0000192	WP_205219236.1, WP_205219235.1	WP_010943387.1
OG0000196	WP_205217764.1	WP_010941009.1
OG0000196	WP_205218584.1	WP_010944054.1
OG0000197	WP_205218369.1	WP_010941767.1
OG0000198	WP_240192026.1, WP_275888971.1	WP_010942442.1
OG0000199	WP_205218113.1	WP_010940692.1
OG0000199	WP_205217464.1	WP_010943043.1
OG0000201	WP_205217441.1	WP_010942481.1, WP_010941167.1
OG0000202	WP_205219316.1, WP_205220037.1	WP_010944059.1, WP_010943805.1, WP_010941512.1
OG0000207	WP_205218036.1, WP_205219126.1, WP_205218366.1	WP_010942266.1
OG0000208	WP_205218367.1	WP_010942265.1
OG0000209	WP_205219630.1	WP_010942096.1
OG0000210	WP_205220183.1, WP_205218604.1	WP_010941518.1
OG0000211	WP_205219629.1, WP_205219339.1	WP_010940834.1
OG0000212	WP_205219475.1	WP_010940796.1
OG0000212	WP_205219027.1	WP_010941451.1
OG0000213	WP_205219979.1	WP_010943935.1
OG0000214	WP_205220148.1	WP_010943452.1
OG0000214	WP_205218051.1	WP_010943323.1
OG0000214	WP_205220149.1	WP_010943453.1
OG0000215	WP_240192049.1	WP_010942713.1
OG0000217	WP_205218771.1	WP_010942056.1
OG0000218	WP_205218878.1	WP_010941105.1
OG0000219	WP_240191915.1	WP_010942171.1
OG0000221	WP_205219290.1, WP_275888997.1	WP_010942604.1
OG0000222	WP_205219254.1	WP_010942108.1
OG0000223	WP_205218711.1	WP_010942050.1
OG0000225	WP_205217392.1	WP_010943944.1
OG0000226	WP_205217492.1	WP_010943255.1
OG0000227	WP_205219130.1, WP_205217886.1	WP_010943010.1
OG0000228	WP_205220231.1	WP_010941331.1
OG0000228	WP_205219809.1	WP_010940759.1
OG0000229	WP_205217476.1	WP_010942321.1
OG0000233	WP_240192116.1	WP_010941266.1
OG0000234	WP_205218677.1	WP_010943824.1, WP_010940956.1
OG0000235	WP_240192153.1	WP_010942669.1
OG0000239	WP_240192164.1, WP_205218936.1	WP_010943048.1
OG0000243	WP_240192155.1	WP_010942936.1, WP_010942841.1
OG0000245	WP_205217699.1	WP_010943105.1
OG0000248	WP_205219321.1	WP_010940826.1
OG0000252	WP_205218581.1	WP_010944046.1
OG0000252	WP_205217763.1	WP_010941013.1
OG0000253	WP_205217628.1	WP_010943698.1
OG0000256	WP_205218053.1	WP_010943325.1
OG0000256	WP_205220146.1	WP_010943449.1
OG0000257	WP_205218346.1	WP_010941115.1
OG0000258	WP_205219289.1	WP_235044999.1
OG0000259	WP_205218163.1	WP_010942654.1
OG0000262	WP_205218569.1	WP_010943062.1
OG0000263	WP_205219912.1	WP_010941522.1, WP_235044914.1
OG0000264	WP_275888954.1, WP_205218431.1	WP_010940789.1
OG0000265	WP_205218056.1, WP_205218429.1	WP_010940787.1
OG0000266	WP_205218059.1, WP_205217485.1	WP_010941002.1
OG0000270	WP_205217873.1	WP_010941762.1
OG0000271	WP_205217707.1	WP_010943344.1
OG0000272	WP_205219285.1, WP_205219287.1	WP_010942075.1
OG0000273	WP_205218287.1	WP_010941196.1
OG0000274	WP_205219965.1, WP_205220226.1, WP_205218796.1	WP_010943288.1
OG0000277	WP_205220291.1	WP_010940802.1, WP_010943774.1
OG0000278	WP_205217759.1	WP_010942980.1
OG0000282	WP_205219859.1	WP_010943444.1
OG0000283	WP_275888985.1	WP_010940799.1, WP_010941447.1
OG0000285	WP_205218739.1	WP_010941784.1
OG0000288	WP_205217354.1	WP_010943065.1
OG0000290	WP_205219839.1	WP_010944031.1
OG0000291	WP_205218886.1	WP_010942921.1, WP_010942449.1
OG0000292	WP_240192117.1	WP_010941250.1
OG0000293	WP_205218586.1	WP_010944055.1
OG0000293	WP_240191945.1	WP_010941006.1
OG0000296	WP_205218418.1	WP_010943239.1, WP_010942391.1
OG0000297	WP_205220467.1, WP_205218547.1	WP_010943720.1
OG0000299	WP_205219229.1, WP_205217776.1	WP_010941531.1
OG0000300	WP_205218591.1	WP_010941042.1
OG0000302	WP_205219478.1	WP_010940762.1
OG0000303	WP_205220325.1	WP_235044981.1
OG0000307	WP_205217755.1	WP_010944039.1
OG0000307	WP_205218575.1	WP_010941019.1
OG0000308	WP_205218580.1, WP_205217762.1	WP_010941014.1, WP_010944044.1
OG0000309	WP_205217461.1	WP_010942664.1
OG0000310	WP_205218613.1	WP_010942151.1
OG0000311	WP_205219196.1	WP_010943716.1
OG0000312	WP_205217647.1	WP_010944022.1
OG0000314	WP_205218578.1	WP_010944042.1
OG0000314	WP_205217760.1	WP_010941016.1
OG0000316	WP_205218588.1	WP_010943683.1
OG0000316	WP_205220128.1	WP_010942400.1
OG0000320	WP_205217581.1	WP_010942929.1
OG0000321	WP_205220266.1	WP_010942347.1
OG0000321	WP_205219893.1	WP_010942710.1
OG0000322	WP_205219598.1	WP_010942886.1
OG0000325	WP_205219843.1	WP_010941180.1
OG0000326	WP_205217341.1, WP_240192136.1	WP_010941340.1
OG0000327	WP_205219777.1	WP_010944012.1
OG0000328	WP_205219902.1, WP_205219089.1, WP_205219094.1, WP_205219092.1, WP_275888965.1, WP_205218329.1, WP_205218553.1, WP_205218530.1	WP_235044973.1
OG0000331	WP_240192075.1	WP_010942832.1
OG0000332	WP_205219138.1	WP_010940771.1
OG0000333	WP_205217404.1	WP_010942670.1
OG0000335	WP_240192018.1	WP_010942466.1
OG0000336	WP_205218164.1	WP_010942655.1
OG0000337	WP_205217681.1	WP_010942393.1
OG0000338	WP_205217490.1	WP_010941156.1
OG0000339	WP_205220081.1	WP_010941334.1
OG0000340	WP_205218789.1	WP_010941922.1
OG0000343	WP_205217627.1	WP_010943700.1
OG0000344	WP_205218262.1	WP_010943614.1
OG0000345	WP_205217480.1	WP_010942401.1
OG0000347	WP_205219230.1	WP_010941557.1
OG0000347	WP_205219468.1	WP_010943859.1
OG0000348	WP_205218791.1	WP_010941927.1
OG0000352	WP_205217504.1	WP_010943711.1
OG0000353	WP_205218764.1	WP_010943880.1
OG0000354	WP_205220253.1	WP_010940949.1
OG0000355	WP_205218649.1	WP_010941203.1
OG0000356	WP_205218114.1	WP_010942796.1, WP_010943738.1
OG0000357	WP_205219318.1	WP_010942533.1
OG0000358	WP_205218079.1	WP_010941267.1
OG0000359	WP_205218171.1	WP_010944058.1, WP_010943345.1
OG0000360	WP_205217452.1	WP_010942731.1
OG0000361	WP_205217741.1	WP_010940962.1
OG0000363	WP_205217706.1	WP_010940854.1
OG0000364	WP_205219523.1	WP_010941270.1
OG0000365	WP_205218267.1	WP_010943250.1
OG0000366	WP_275888945.1	WP_010941660.1
OG0000370	WP_240192102.1, WP_205217374.1	WP_010940937.1
OG0000371	WP_205219934.1	WP_235044970.1, WP_010942091.1
OG0000378	WP_205217728.1, WP_205217714.1	WP_275450045.1
OG0000381	WP_205217576.1	WP_010943166.1
OG0000384	WP_205218413.1	WP_010942061.1, WP_010943430.1
OG0000385	WP_205220324.1	WP_235044980.1
OG0000387	WP_275888961.1	WP_010940853.1
OG0000388	WP_205217746.1	WP_010942249.1
OG0000389	WP_205217531.1	WP_010944066.1, WP_010940805.1
OG0000390	WP_240192167.1	WP_010941122.1
OG0000391	WP_205219766.1	WP_010942461.1
OG0000392	WP_205218215.1	WP_010940827.1
OG0000393	WP_205218954.1	WP_010943825.1
OG0000394	WP_205218909.1	WP_010943002.1
OG0000395	WP_205218155.1, WP_205219981.1	WP_010942541.1
OG0000396	WP_205218452.1	WP_010942725.1
OG0000397	WP_205220277.1	WP_010943018.1
OG0000398	WP_205219765.1	WP_010941523.1
OG0000399	WP_240192074.1	WP_010943768.1
OG0000400	WP_205219816.1	WP_010943724.1
OG0000401	WP_205219368.1	WP_010940699.1
OG0000403	WP_205217733.1	WP_010941483.1
OG0000404	WP_205217616.1	WP_010942824.1
OG0000406	WP_205217506.1	WP_010941749.1
OG0000407	WP_205217713.1	WP_010941720.1
OG0000408	WP_205218451.1	WP_010943001.1
OG0000409	WP_205218129.1	WP_010943829.1
OG0000410	WP_205217356.1	WP_010941931.1
OG0000411	WP_240192044.1	WP_010940979.1
OG0000413	WP_205217469.1	WP_010942923.1
OG0000414	WP_205217875.1	WP_010941756.1
OG0000415	WP_205220192.1	WP_010943593.1
OG0000416	WP_205219432.1	WP_010941182.1, WP_010943730.1, WP_010942989.1, WP_010941733.1
OG0000418	WP_205217768.1	WP_010943506.1
OG0000419	WP_205219837.1	WP_010941890.1, WP_010941487.1
OG0000420	WP_240191999.1	WP_010943328.1
OG0000422	WP_205218454.1	WP_010943000.1
OG0000423	WP_205218959.1	WP_010942177.1
OG0000425	WP_205220198.1	WP_010940943.1
OG0000426	WP_205220276.1	WP_010943019.1
OG0000427	WP_240191961.1	WP_010943733.1
OG0000428	WP_205217735.1	WP_010941481.1, WP_010942544.1, WP_010941594.1
OG0000430	WP_205217883.1	WP_010941255.1, WP_010942639.1, WP_010942850.1
OG0000433	WP_205219208.1	WP_010941430.1
OG0000435	WP_205217363.1	WP_010941462.1
OG0000438	WP_205219696.1	WP_010941116.1
OG0000439	WP_205219736.1	WP_010943881.1
OG0000440	WP_205218572.1	WP_010941436.1
OG0000443	WP_205217439.1	WP_010943783.1
OG0000444	WP_240192150.1	WP_010940703.1
OG0000445	WP_205219058.1	WP_010941856.1
OG0000447	WP_205220334.1, WP_205218746.1	WP_010942329.1
OG0000448	WP_205219778.1	WP_010944005.1
OG0000449	WP_205220150.1	WP_010942222.1
OG0000457	WP_240192041.1	WP_010942557.1
OG0000458	WP_205218916.1	WP_010943913.1, WP_010942869.1
OG0000459	WP_205218112.1	WP_010942547.1
OG0000460	WP_205219183.1	WP_010942228.1
OG0000461	WP_205217709.1	WP_010940711.1
OG0000462	WP_205217736.1	WP_010941479.1
OG0000463	WP_205219782.1	WP_010942901.1
OG0000465	WP_205219553.1	WP_010943901.1
OG0000466	WP_205219574.1	WP_010943714.1, WP_010941574.1
OG0000467	WP_275888973.1	WP_010940977.1
OG0000468	WP_205218748.1	WP_010941157.1
OG0000469	WP_205217491.1	WP_235045036.1, WP_010941169.1
OG0000470	WP_205218902.1	WP_010940811.1
OG0000471	WP_205218800.1	WP_010942071.1
OG0000472	WP_205218167.1	WP_010943177.1
OG0000473	WP_205218594.1	WP_010940976.1
OG0000474	WP_240192159.1	WP_010941000.1
OG0000475	WP_240191922.1	WP_010942285.1
OG0000476	WP_205217449.1	WP_010942721.1, WP_010943097.1
OG0000477	WP_205218449.1	WP_010941662.1
OG0000478	WP_205218261.1	WP_010943615.1
OG0000479	WP_275889017.1	WP_010940705.1
OG0000480	WP_205217922.1	WP_010942395.1
OG0000483	WP_205218016.1	WP_010943418.1
OG0000484	WP_205217459.1	WP_010943984.1
OG0000485	WP_240192151.1	WP_010940706.1
OG0000486	WP_240192058.1	WP_010942693.1
OG0000487	WP_205218131.1	WP_010943830.1
OG0000488	WP_205218506.1	WP_010941054.1
OG0000489	WP_205219267.1	WP_010942709.1
OG0000490	WP_205219099.1	WP_010941675.1
OG0000491	WP_205219120.1	WP_010941876.1
OG0000492	WP_205219754.1	WP_010941312.1, WP_010941313.1
OG0000493	WP_205217497.1	WP_010942580.1
OG0000494	WP_205218563.1	WP_010942170.1
OG0000495	WP_205218729.1	WP_010943252.1
OG0000496	WP_205217666.1	WP_010942910.1
OG0000497	WP_240192032.1	WP_010941636.1, WP_010942416.1
OG0000498	WP_205218691.1	WP_010942417.1
OG0000499	WP_205218654.1	WP_010942708.1
OG0000500	WP_205217905.1	WP_010942876.1
OG0000502	WP_205218110.1	WP_010942548.1
OG0000504	WP_205217355.1	WP_010941928.1
OG0000505	WP_205219666.1	WP_010941251.1
OG0000507	WP_205217438.1	WP_010941554.1
OG0000508	WP_205218825.1	WP_010940877.1
OG0000509	WP_205218546.1	WP_010943992.1
OG0000510	WP_205218853.1	WP_010940919.1
OG0000511	WP_205218437.1	WP_010941133.1, WP_010942396.1
OG0000512	WP_205219193.1	WP_010943245.1
OG0000513	WP_205217560.1	WP_010942286.1
OG0000514	WP_205218175.1	WP_010942904.1, WP_010941664.1
OG0000515	WP_205219781.1	WP_010942903.1
OG0000516	WP_205217710.1	WP_010942477.1
OG0000517	WP_205220396.1	WP_010941039.1
OG0000518	WP_205218820.1	WP_010942917.1, WP_010941533.1
OG0000520	WP_205220133.1	WP_010941526.1, WP_010940890.1
OG0000521	WP_205219612.1	WP_010942403.1
OG0000522	WP_205218124.1	WP_010942447.1
OG0000523	WP_205219825.1	WP_010941346.1, WP_010942408.1
OG0000526	WP_205220125.1	WP_010942399.1
OG0000527	WP_205218165.1	WP_010943934.1, WP_010942656.1
OG0000529	WP_205218420.1	WP_010941106.1, WP_010942647.1
OG0000530	WP_205218899.1	WP_010942516.1
OG0000531	WP_205219838.1	WP_010942261.1, WP_010940720.1
OG0000532	WP_205218675.1	WP_010940712.1, WP_010940981.1
OG0000533	WP_205217510.1	WP_010942872.1
OG0000534	WP_205219402.1	WP_010942487.1
OG0000535	WP_205219617.1	WP_010943192.1
OG0000537	WP_205218142.1	WP_010941663.1
OG0000538	WP_205218780.1	WP_010943938.1, WP_275450053.1
OG0000539	WP_205217783.1	WP_010942181.1
OG0000540	WP_205219210.1	WP_010942258.1
OG0000541	WP_205219886.1	WP_010941826.1, WP_010942526.1
OG0000542	WP_205217495.1	WP_010942538.1
OG0000543	WP_205220278.1	WP_010943017.1
OG0000544	WP_205218590.1	WP_010940974.1
OG0000545	WP_205217421.1	WP_010943465.1
OG0000546	WP_205219329.1	WP_010943608.1
OG0000547	WP_205219929.1	WP_010941434.1
OG0000548	WP_205217478.1	WP_010942272.1
OG0000549	WP_205220069.1	WP_010941832.1
OG0000550	WP_240192054.1	WP_235045013.1
OG0000555	WP_205219625.1	WP_010941961.1
OG0000561	WP_205219465.1	WP_010943631.1, WP_010941936.1
OG0000562	WP_205217553.1	WP_010942208.1
OG0000564	WP_205218994.1	WP_010943575.1
OG0000565	WP_205218993.1	WP_010943576.1
OG0000568	WP_205219610.1	WP_010943959.1
OG0000569	WP_205219985.1	WP_010941600.1
OG0000570	WP_205217437.1	WP_010942880.1
OG0000571	WP_205217567.1	WP_010941269.1
OG0000573	WP_205220024.1	WP_010941979.1
OG0000575	WP_205219319.1	WP_010942534.1
OG0000576	WP_205220238.1	WP_010942537.1
OG0000577	WP_205219226.1	WP_010942510.1
OG0000578	WP_205218542.1	WP_010940679.1
OG0000579	WP_205218548.1	WP_010943242.1
OG0000580	WP_205219652.1	WP_010943827.1
OG0000581	WP_205217953.1	WP_010943499.1
OG0000582	WP_205217424.1	WP_010944070.1
OG0000584	WP_205218446.1	WP_010944075.1
OG0000585	WP_205218445.1	WP_010944076.1
OG0000586	WP_205218444.1	WP_010944078.1
OG0000587	WP_205219068.1	WP_010942289.1
OG0000588	WP_205218441.1	WP_010942073.1
OG0000589	WP_205219775.1	WP_010941392.1
OG0000590	WP_205218457.1	WP_010942465.1
OG0000591	WP_205219327.1	WP_010940835.1
OG0000592	WP_205219066.1	WP_010941272.1
OG0000593	WP_205218486.1	WP_010942349.1
OG0000594	WP_205217503.1	WP_010943186.1
OG0000595	WP_205218673.1	WP_010943920.1
OG0000596	WP_205218108.1	WP_235044854.1
OG0000597	WP_205218730.1	WP_010942643.1
OG0000598	WP_205217625.1	WP_010943702.1
OG0000599	WP_205218140.1	WP_010941327.1
OG0000600	WP_205217588.1	WP_010942136.1
OG0000601	WP_205219323.1	WP_010940829.1
OG0000603	WP_240191991.1	WP_010942707.1
OG0000604	WP_205219036.1	WP_010940693.1
OG0000605	WP_205219056.1	WP_010943003.1
OG0000606	WP_240192025.1	WP_010941673.1
OG0000607	WP_240191928.1	WP_010940800.1
OG0000608	WP_205217708.1	WP_010940710.1
OG0000610	WP_205217907.1	WP_010942105.1
OG0000611	WP_205219064.1	WP_010941932.1
OG0000612	WP_205218918.1	WP_010941310.1
OG0000613	WP_205218919.1	WP_010941309.1
OG0000614	WP_205217712.1	WP_010941719.1
OG0000615	WP_205217915.1	WP_010942566.1
OG0000616	WP_205217914.1	WP_010942564.1
OG0000617	WP_205217940.1	WP_010943485.1
OG0000618	WP_205217938.1	WP_010943483.1
OG0000619	WP_205217937.1	WP_010943482.1
OG0000620	WP_205217936.1	WP_010943481.1
OG0000621	WP_205217935.1	WP_010943480.1
OG0000622	WP_205219259.1	WP_010941527.1
OG0000623	WP_205219817.1	WP_010943723.1
OG0000624	WP_205218135.1	WP_010943850.1
OG0000625	WP_205218136.1	WP_010943851.1
OG0000626	WP_205219413.1	WP_010940760.1
OG0000627	WP_205217906.1	WP_010942106.1
OG0000628	WP_240191905.1	WP_010942919.1
OG0000629	WP_205219678.1, WP_205219665.1	WP_010941252.1
OG0000630	WP_205217508.1	WP_041914001.1
OG0000631	WP_205217509.1	WP_276524825.1
OG0000632	WP_205219650.1	WP_010943180.1
OG0000633	WP_205218065.1	WP_010942373.1
OG0000634	WP_205219197.1	WP_010943241.1
OG0000635	WP_205219807.1	WP_010942450.1
OG0000636	WP_205218583.1	WP_010944053.1
OG0000637	WP_205217740.1	WP_010942245.1
OG0000638	WP_205219253.1	WP_010942878.1
OG0000639	WP_205219776.1	WP_010942898.1
OG0000640	WP_205218166.1	WP_010942897.1
OG0000642	WP_205219556.1	WP_010940715.1
OG0000643	WP_205219124.1	WP_010941323.1
OG0000644	WP_205220191.1	WP_010941325.1
OG0000645	WP_205219573.1	WP_010943691.1
OG0000646	WP_205217633.1	WP_010943692.1
OG0000647	WP_240191938.1	WP_010943693.1
OG0000648	WP_205217629.1	WP_010943697.1
OG0000649	WP_205219123.1	WP_010941322.1
OG0000650	WP_205219129.1	WP_010943006.1
OG0000651	WP_205220279.1	WP_010943016.1
OG0000652	WP_205219827.1	WP_010942410.1
OG0000653	WP_205219060.1	WP_010941921.1
OG0000654	WP_205217423.1	WP_010942463.1
OG0000655	WP_205217444.1	WP_010941209.1
OG0000656	WP_205217793.1	WP_010942230.1
OG0000657	WP_205217794.1	WP_010942231.1
OG0000658	WP_205217799.1	WP_010942236.1
OG0000659	WP_205217800.1	WP_010942237.1
OG0000660	WP_205217770.1	WP_010943504.1
OG0000661	WP_205217771.1	WP_010943505.1
OG0000663	WP_205218622.1	WP_010943737.1
OG0000664	WP_205218676.1	WP_010943342.1
OG0000665	WP_275888932.1	WP_010943897.1
OG0000666	WP_205219657.1	WP_276524820.1
OG0000667	WP_205218606.1	WP_010943951.1
OG0000670	WP_205217618.1	WP_010941735.1
OG0000671	WP_205218683.1	WP_010942874.1
OG0000672	WP_205217501.1	WP_010941965.1
OG0000673	WP_240192152.1	WP_010941900.1
OG0000674	WP_205218740.1	WP_010941793.1
OG0000675	WP_205218692.1	WP_010942418.1
OG0000676	WP_205219061.1	WP_010941316.1
OG0000677	WP_205217919.1	WP_010943461.1
OG0000678	WP_205217920.1	WP_010943462.1
OG0000679	WP_205218924.1	WP_164930419.1
OG0000680	WP_205217962.1	WP_010942334.1
OG0000681	WP_205217948.1	WP_010943494.1
OG0000682	WP_205217949.1	WP_010943495.1
OG0000684	WP_205218432.1	WP_010940790.1
OG0000685	WP_205217925.1	WP_010943470.1
OG0000686	WP_205217901.1	WP_010941171.1
OG0000687	WP_205217930.1	WP_010943475.1
OG0000688	WP_205217932.1	WP_010943477.1
OG0000689	WP_205217933.1	WP_010943478.1
OG0000690	WP_205219394.1	WP_010943978.1
OG0000691	WP_205217945.1	WP_010943491.1
OG0000692	WP_205217519.1	WP_010940678.1
OG0000693	WP_205217532.1	WP_010940806.1
OG0000694	WP_240192014.1	WP_010944074.1
OG0000695	WP_205220187.1	WP_010942109.1
OG0000696	WP_205218821.1	WP_010941175.1
OG0000697	WP_205217482.1	WP_010943823.1
OG0000698	WP_205218917.1	WP_010941311.1
OG0000699	WP_205218967.1	WP_010941314.1
OG0000700	WP_205219191.1	WP_010942509.1
OG0000701	WP_205218997.1	WP_010942457.1
OG0000702	WP_205219051.1	WP_010942686.1
OG0000703	WP_205217726.1	WP_010943912.1
OG0000704	WP_205217636.1	WP_010943688.1
OG0000705	WP_205217635.1	WP_010943689.1
OG0000706	WP_205217634.1	WP_010943690.1
OG0000707	WP_205217631.1	WP_010943694.1
OG0000708	WP_205217624.1	WP_010943703.1
OG0000709	WP_205218732.1	WP_010941854.1
OG0000710	WP_240192073.1	WP_010942229.1
OG0000711	WP_205219390.1	WP_010942353.1
OG0000712	WP_205218133.1	WP_010943831.1
OG0000713	WP_205219117.1	WP_010942252.1
OG0000714	WP_205217749.1	WP_010942331.1
OG0000715	WP_205217963.1	WP_010942333.1
OG0000716	WP_205217961.1	WP_010942335.1
OG0000717	WP_205217952.1	WP_010943498.1
OG0000718	WP_205217951.1	WP_010943497.1
OG0000719	WP_205217950.1	WP_010943496.1
OG0000720	WP_205217947.1	WP_010943493.1
OG0000721	WP_205217944.1	WP_010943490.1
OG0000722	WP_240191960.1	WP_010943487.1
OG0000723	WP_205217939.1	WP_010943484.1
OG0000724	WP_205217934.1	WP_010943479.1
OG0000725	WP_205217931.1	WP_010943476.1
OG0000726	WP_205217929.1	WP_010943474.1
OG0000727	WP_205218008.1	WP_010943469.1
OG0000728	WP_205217924.1	WP_010943468.1
OG0000729	WP_240191959.1	WP_010943467.1
OG0000730	WP_205217923.1	WP_010943466.1
OG0000731	WP_205217918.1	WP_010943460.1
OG0000732	WP_205217917.1	WP_010943459.1
OG0000733	WP_205217916.1	WP_010943458.1
OG0000734	WP_205219096.1	WP_010942240.1
OG0000735	WP_205219189.1	WP_010941785.1
OG0000736	WP_205220122.1	WP_010941773.1
OG0000737	WP_205217796.1	WP_010942233.1
OG0000738	WP_205219331.1	WP_010943606.1
OG0000739	WP_205218143.1	WP_010942849.1
OG0000740	WP_275888967.1	WP_010942479.1
OG0000741	WP_205217496.1	WP_010942525.1
OG0000743	WP_205217968.1	WP_010942133.1
OG0000744	WP_205218674.1	WP_010942877.1
OG0000745	WP_205218152.1	WP_010940804.1
OG0000746	WP_205218726.1	WP_010942838.1
OG0000747	WP_205219812.1	WP_010943729.1
OG0000748	WP_205219814.1	WP_010943728.1
OG0000749	WP_205219618.1	WP_010943205.1
OG0000750	WP_205218595.1	WP_010940975.1
OG0000751	WP_240192028.1	WP_010940978.1
OG0000752	WP_205218564.1	WP_010942554.1
OG0000753	WP_205218989.1	WP_010943874.1
OG0000754	WP_205220236.1	WP_010942540.1
OG0000755	WP_205220237.1	WP_010942539.1
OG0000756	WP_205219133.1	WP_010943890.1
OG0000757	WP_205218455.1	WP_010943990.1
OG0000758	WP_240192022.1	WP_010940682.1
OG0000759	WP_205219052.1	WP_010943243.1
OG0000760	WP_205218807.1	WP_010943240.1
OG0000761	WP_205218558.1	WP_010942107.1
OG0000762	WP_205219620.1	WP_010940819.1
OG0000763	WP_205219621.1	WP_010940821.1
OG0000764	WP_205218425.1	WP_010940824.1
OG0000765	WP_205219073.1	WP_010941053.1, WP_010940752.1
OG0000766	WP_205220395.1	WP_010942471.1
OG0000767	WP_205218656.1	WP_010942868.1
OG0000768	WP_205218690.1	WP_193360270.1
OG0000769	WP_275888946.1	WP_010942565.1
OG0000770	WP_205217913.1	WP_010942563.1
OG0000771	WP_205217912.1	WP_010942562.1
OG0000772	WP_205217911.1	WP_010942561.1
OG0000773	WP_205217910.1	WP_010942560.1
OG0000774	WP_205217909.1	WP_010942559.1
OG0000775	WP_240191916.1	WP_010942908.1
OG0000776	WP_205218177.1	WP_010942906.1
OG0000777	WP_205218176.1	WP_010942905.1
OG0000779	WP_205218735.1	WP_010942455.1
OG0000780	WP_205218094.1	WP_010941248.1
OG0000781	WP_205217743.1	WP_010943501.1, WP_010943424.1
OG0000782	WP_205218434.1	WP_010942467.1
OG0000783	WP_205218487.1	WP_010942350.1
OG0000784	WP_205218810.1	WP_010942835.1
OG0000785	WP_205218811.1	WP_010942834.1
OG0000787	WP_205219764.1	WP_010941674.1
OG0000788	WP_205220268.1	WP_010942131.1
OG0000789	WP_205219178.1	WP_010942247.1
OG0000790	WP_205217512.1	WP_010942870.1
OG0000791	WP_205218403.1	WP_010941878.1
OG0000792	WP_205219179.1	WP_010942227.1
OG0000793	WP_205220169.1	WP_010942644.1
OG0000794	WP_205218734.1	WP_010941772.1
OG0000795	WP_205218172.1	WP_010942865.1
OG0000796	WP_205219826.1	WP_010942409.1
OG0000797	WP_205219772.1	WP_010942411.1
OG0000798	WP_205218814.1	WP_010943257.1, WP_010941835.1
OG0000799	WP_205219260.1	WP_010943258.1
OG0000800	WP_205219395.1	WP_010942281.1
OG0000801	WP_205217648.1	WP_010943004.1
OG0000802	WP_205220123.1	WP_010943507.1
OG0000803	WP_205217659.1	WP_010943508.1
OG0000804	WP_205219572.1	WP_010943769.1
OG0000805	WP_205217347.1	WP_010941347.1
OG0000806	WP_205218541.1	WP_010940684.1
OG0000807	WP_205219808.1	WP_010941324.1
OG0000808	WP_275888952.1	WP_010942568.1
OG0000809	WP_205219281.1	WP_010942688.1
OG0000810	WP_205218840.1	WP_010942940.1
OG0000811	WP_205219367.1	WP_010942581.1
OG0000812	WP_205219470.1	WP_010942021.1, WP_010943943.1
OG0000813	WP_205219801.1	WP_010943976.1
OG0000815	WP_205219613.1	WP_010941271.1
OG0000816	WP_205218540.1	WP_010942438.1
OG0000817	WP_205218505.1	WP_010940708.1
OG0000818	WP_205219800.1	WP_010942733.1
OG0000819	WP_205218728.1	WP_010942277.1
OG0000820	WP_205219113.1	WP_010941062.1
OG0000822	WP_205217451.1	WP_010942723.1
OG0000823	WP_205217448.1	WP_010942720.1
OG0000824	WP_205218778.1	WP_010941241.1
OG0000825	WP_205218679.1	WP_010941242.1
OG0000827	WP_205218948.1	WP_010942167.1
OG0000828	WP_205218949.1	WP_010942166.1
OG0000829	WP_205218950.1	WP_010942165.1
OG0000830	WP_205218951.1	WP_010942164.1
OG0000831	WP_205218952.1	WP_010942163.1
OG0000832	WP_205218953.1	WP_193360261.1
OG0000833	WP_205217756.1	WP_010941018.1
OG0000834	WP_205217358.1	WP_235044855.1
OG0000835	WP_205220188.1	WP_010942522.1
OG0000836	WP_205220071.1	WP_010941899.1
OG0000837	WP_205219815.1	WP_010943725.1
OG0000838	WP_205219040.1	WP_010943895.1
OG0000839	WP_205219122.1	WP_010941321.1
OG0000841	WP_205218340.1	WP_010940957.1
OG0000842	WP_205218996.1	WP_010941268.1
OG0000843	WP_205218141.1	WP_010941329.1
OG0000844	WP_205218921.1	WP_010941307.1
OG0000845	WP_275888983.1	WP_200858943.1
OG0000846	WP_205218925.1	WP_010941303.1
OG0000848	WP_240191979.1	WP_010943828.1
OG0000849	WP_240191947.1	WP_010943181.1
OG0000850	WP_205217326.1	WP_010942529.1
OG0000851	WP_205219317.1	WP_010942532.1
OG0000852	WP_205217657.1	WP_010943721.1
OG0000853	WP_205217772.1	WP_010943719.1
OG0000854	WP_205218958.1	WP_010942178.1
OG0000855	WP_205217769.1	WP_010943503.1
OG0000856	WP_205218960.1	WP_010943641.1
OG0000857	WP_205218681.1	WP_010941275.1
OG0000858	WP_205217517.1	WP_010943026.1
OG0000859	WP_205219545.1	WP_010940944.1
OG0000860	WP_205218430.1	WP_010940788.1
OG0000861	WP_205217658.1	WP_010944072.1
OG0000862	WP_205218442.1	WP_010944073.1
OG0000863	WP_205220211.1	WP_010943343.1
OG0000864	WP_205217502.1	WP_010943985.1
OG0000865	WP_205219324.1	WP_010940832.1
OG0000866	WP_205219407.1	WP_010943896.1
OG0000867	WP_205217488.1	WP_010941005.1
OG0000868	WP_205219182.1	WP_010943265.1
OG0000869	WP_205217946.1	WP_010943492.1
OG0000870	WP_205217521.1	WP_010940695.1
OG0000871	WP_205217801.1	WP_041914012.1
OG0000872	WP_240191904.1	WP_010942918.1
OG0000873	WP_205219176.1	WP_010943758.1
OG0000874	WP_205220074.1	WP_010942555.1
OG0000875	WP_205217774.1	WP_010940803.1
OG0000876	WP_205220208.1	WP_010942402.1
OG0000877	WP_205219035.1	WP_010941776.1
OG0000878	WP_205220135.1	WP_010941797.1
OG0000879	WP_205218122.1	WP_010942567.1
OG0000881	WP_205220014.1	WP_010941168.1
OG0000882	WP_205219246.1	WP_010941800.1
OG0000884	WP_205218815.1	WP_010943256.1
OG0000885	WP_205217479.1	WP_010942273.1
OG0000886	WP_275889010.1	WP_010941176.1
OG0000889	WP_205218536.1	WP_010941682.1
OG0000890	WP_205218159.1	WP_010942994.1
OG0000891	WP_240192013.1	WP_010944077.1
OG0000892	WP_240191934.1	WP_010941736.1
OG0000893	WP_205217630.1	WP_010943696.1
OG0000894	WP_205218892.1	WP_010942437.1
OG0000895	WP_205219326.1	WP_193360259.1
OG0000896	WP_205217667.1	WP_010942911.1
OG0000898	WP_275888936.1	WP_010940818.1
OG0000899	WP_205219137.1	WP_010940772.1
OG0000900	WP_205219251.1	WP_010942879.1
OG0000902	WP_205219847.1	WP_010942383.1
OG0000903	WP_205219846.1	WP_010942384.1
OG0000904	WP_205218653.1	WP_010943253.1
OG0000905	WP_205218151.1	WP_010942398.1
OG0000906	WP_205219038.1	WP_010943893.1
OG0000913	WP_205217455.1	WP_010943338.1
OG0000920	WP_240192146.1	WP_010942885.1
OG0000921	WP_205218751.1	WP_010942587.1
OG0000922	WP_205220011.1	WP_010942658.1
OG0000924	WP_240192029.1	WP_010942150.1
OG0000930	WP_205218380.1	WP_010943684.1
OG0000931	WP_205220385.1, WP_205218075.1	WP_010943639.1
OG0000932	WP_205219024.1	WP_010941448.1
OG0000935	WP_205219071.1	WP_010943604.1
OG0000937	WP_205218286.1	WP_235044965.1
OG0000940	WP_205218831.1	WP_010943154.1
OG0000941	WP_205219442.1	WP_275450052.1
OG0000943	WP_205218074.1, WP_205220386.1	WP_010943638.1
OG0000944	WP_205218943.1	WP_010940881.1
OG0000946	WP_205217980.1	WP_010941361.1
OG0000950	WP_205218390.1	WP_010941052.1, WP_010942195.1
OG0000958	WP_275889013.1	WP_010942026.1
OG0000962	WP_205218157.1	WP_010943826.1
OG0000964	WP_205220073.1	WP_010942553.1
OG0000967	WP_205218071.1	WP_010941771.1
OG0000968	WP_205218139.1	WP_010941326.1
OG0000969	WP_240191933.1	WP_010942661.1, WP_010941044.1
OG0000970	WP_205217447.1	WP_010943924.1
OG0000972	WP_205218721.1	WP_010942579.1
OG0000976	WP_205220108.1	WP_010942094.1
OG0000978	WP_205217941.1	WP_010943486.1
OG0000979	WP_240192011.1	WP_010941686.1, WP_010943869.1
OG0000981	WP_205218246.1	WP_010940783.1
OG0000982	WP_205217514.1	WP_010944067.1
OG0000983	WP_205218904.1	WP_010941478.1
OG0000984	WP_205218347.1	WP_010941114.1
OG0000985	WP_205217765.1	WP_010941008.1
OG0000987	WP_205219611.1	WP_010941925.1
OG0000988	WP_205217422.1	WP_010942336.1
OG0000990	WP_205218539.1	WP_010941742.1
OG0000992	WP_205217619.1	WP_010941737.1
OG0000994	WP_205217921.1	WP_010943463.1
OG0000995	WP_205217927.1	WP_010943472.1
OG0000996	WP_205219580.1	WP_010942478.1
OG0000998	WP_205219006.1	WP_010942692.1
OG0001000	WP_205217926.1	WP_010943471.1
OG0001001	WP_205218631.1	WP_197714222.1
OG0001002	WP_205217797.1	WP_010942234.1
OG0001003	WP_205219272.1	WP_010942706.1
OG0001006	WP_205218607.1	WP_010943952.1
OG0001008	WP_205219798.1	WP_010941108.1
OG0001009	WP_205219797.1	WP_010941109.1
OG0001010	WP_205217410.1	WP_010944060.1
OG0001012	WP_205218851.1	WP_010940916.1
OG0001013	WP_205218845.1	WP_010941123.1
OG0001015	WP_205218893.1	WP_010942436.1
OG0001016	WP_205218894.1	WP_010942435.1
OG0001018	WP_205219034.1	WP_010941240.1
OG0001019	WP_205217744.1	WP_010943423.1
OG0001020	WP_205217316.1	WP_010941605.1
OG0001022	WP_205219577.1	WP_010942226.1
OG0001023	WP_205220189.1	WP_010943862.1
OG0001024	WP_205218063.1	WP_010941469.1
OG0001026	WP_205219199.1	WP_010940973.1
OG0001027	WP_205219238.1	WP_010943098.1
OG0001028	WP_205217739.1	WP_010942244.1
OG0001029	WP_205219136.1	WP_010940773.1
OG0001031	WP_205220262.1	WP_010941319.1
OG0001033	WP_205220280.1	WP_010943014.1
OG0001034	WP_205218507.1	WP_010943991.1
OG0001035	WP_205218545.1	WP_010943994.1
OG0001036	WP_205218424.1	WP_010941667.1
OG0001039	WP_205218908.1	WP_010940814.1
OG0001041	WP_205219647.1	WP_010940776.1
OG0001042	WP_240192027.1	WP_010941011.1, WP_010943356.1, WP_010944051.1
OG0001043	WP_205217477.1	WP_010942271.1
OG0001044	WP_205217954.1	WP_010943500.1
OG0001046	WP_205218915.1	WP_010942079.1
OG0001050	WP_205220040.1	WP_010943584.1
OG0001051	WP_205219548.1	WP_010941971.1
OG0001052	WP_205217782.1	WP_010942180.1
OG0001053	WP_205219767.1	WP_010941289.1
OG0001055	WP_205218790.1	WP_010941926.1
OG0001057	WP_240191907.1	WP_010940846.1
OG0001065	WP_205218067.1	WP_010942474.1
OG0001066	WP_205217620.1	WP_010941738.1
OG0001068	WP_240192112.1	WP_010941152.1
OG0001073	WP_205219270.1, WP_205217389.1	WP_010941065.1
OG0001074	WP_205217321.1	WP_010940885.1
OG0001076	WP_205219619.1	WP_010943204.1
OG0001080	WP_205218033.1	WP_235045026.1
OG0001081	WP_205217896.1	WP_010943771.1
OG0001083	WP_205219467.1	WP_010941934.1, WP_010943634.1
OG0001084	WP_205219466.1	WP_010943632.1, WP_010941935.1
OG0001085	WP_205218232.1	WP_010943586.1
OG0001086	WP_205218233.1	WP_010943587.1
OG0001088	WP_205219393.1	WP_010943706.1
OG0001089	WP_205218824.1	WP_010940878.1
OG0001092	WP_205219348.1, WP_205220084.1	WP_010943906.1
OG0001093	WP_205219209.1	WP_010941431.1
OG0001096	WP_205217900.1	WP_010942440.1
OG0001097	WP_205219354.1, WP_205218281.1	WP_010943581.1
OG0001098	WP_205218439.1	WP_010943628.1
OG0001100	WP_205219119.1	WP_010943977.1
OG0001101	WP_205217747.1	WP_010942251.1
OG0001102	WP_205220079.1	WP_010943298.1, WP_010943860.1
OG0001104	WP_205218137.1	WP_010941834.1
OG0001105	WP_205218324.1	WP_010942115.1
OG0001106	WP_205218325.1	WP_010942114.1
OG0001108	WP_205218072.1	WP_010943620.1
OG0001109	WP_205218073.1	WP_010943619.1
OG0001110	WP_205218076.1	WP_010943640.1
OG0001111	WP_205220052.1	WP_010942343.1, WP_010940704.1
OG0001112	WP_205219025.1	WP_010941443.1, WP_010941449.1
OG0001113	WP_205217643.1	WP_010940774.1
OG0001116	WP_205218749.1	WP_010941299.1
OG0001118	WP_205219984.1	WP_010941601.1
OG0001119	WP_205219854.1, WP_205218906.1	WP_010942058.1
OG0001120	WP_205217775.1	WP_010941817.1
OG0001121	WP_205218876.1	WP_010943980.1
OG0001124	WP_205218323.1	WP_010942116.1
OG0001125	WP_205219983.1	WP_010941213.1
OG0001125	WP_205220333.1	WP_010944018.1
OG0001126	WP_205220194.1	WP_010943591.1
OG0001127	WP_205219194.1	WP_010941204.1
OG0001128	WP_205218416.1, WP_205218388.1	WP_010942570.1
OG0001130	WP_205220140.1	WP_010941950.1
OG0001136	WP_205217366.1	WP_010944006.1
OG0001143	WP_205218381.1	WP_010943899.1
OG0001145	WP_205219811.1	WP_010941181.1
OG0001148	WP_205219310.1	WP_010943075.1
OG0001152	WP_205218946.1	WP_041914011.1
OG0001154	WP_240192097.1	WP_010942520.1
OG0001155	WP_205218651.1	WP_010943078.1
OG0001157	WP_205217590.1	WP_010943447.1
OG0001159	WP_205219280.1	WP_010941902.1
OG0001161	WP_205217748.1	WP_010942330.1
OG0001163	WP_205217928.1	WP_010943473.1
OG0001165	WP_205217655.1	WP_010944063.1
OG0001166	WP_205218669.1	WP_010942668.1
OG0001169	WP_205218846.1	WP_010941125.1
OG0001171	WP_205217298.1	WP_010943433.1
OG0001172	WP_205217310.1	WP_010943445.1
OG0001173	WP_205217311.1	WP_010943446.1
OG0001174	WP_205217296.1	WP_010943426.1
OG0001175	WP_240192166.1	WP_193360272.1
OG0001179	WP_205218693.1	WP_010942439.1
OG0001182	WP_205219128.1	WP_010942518.1
OG0001183	WP_205218555.1, WP_205219551.1	WP_010941787.1
OG0001185	WP_205219480.1	WP_010943972.1
OG0001186	WP_205219658.1	WP_235044885.1
OG0001189	WP_205217785.1	WP_010942182.1
OG0001190	WP_205219672.1	WP_235044993.1
OG0001192	WP_205218397.1	WP_010942370.1
OG0001193	WP_205220242.1, WP_205217990.1, WP_205220398.1, WP_205217868.1, WP_205220317.1	WP_010942751.1
OG0001194	WP_205220267.1	WP_010942121.1
OG0001197	WP_205217798.1	WP_010942235.1
OG0001198	WP_205217818.1	WP_010943183.1
OG0001200	WP_205219849.1	WP_010942381.1
OG0001204	WP_240192133.1	WP_010943052.1
OG0001205	WP_205219792.1	WP_010943051.1
OG0001209	WP_205217566.1	WP_010943158.1
OG0001214	WP_205218599.1	WP_010942387.1
OG0001217	WP_205218248.1	WP_010942067.1
OG0001219	WP_205218068.1	WP_010941429.1
OG0001221	WP_205218779.1	WP_010942259.1
OG0001230	WP_205218508.1	WP_010940809.1
OG0001232	WP_240192095.1	WP_235044919.1
OG0001233	WP_205219763.1	WP_041914028.1
OG0001239	WP_205218179.1	WP_010941096.1
OG0001240	WP_205217716.1	WP_010941020.1
OG0001241	WP_205217456.1	WP_010941193.1
OG0001242	WP_205217511.1	WP_010942871.1
OG0001244	WP_205217493.1	WP_193360256.1
OG0001245	WP_205217487.1	WP_010941004.1
OG0001246	WP_205218426.1	WP_010940784.1
OG0001247	WP_205217403.1	WP_010943502.1
OG0001248	WP_205218450.1	WP_010943712.1
OG0001249	WP_205220007.1	WP_010940985.1
OG0001252	WP_205219245.1	WP_010941798.1
OG0001253	WP_205219247.1	WP_010941550.1
OG0001254	WP_205219250.1	WP_010942907.1
OG0001256	WP_205218742.1	WP_010941722.1
OG0001257	WP_205218738.1	WP_010940778.1
OG0001258	WP_205219805.1	WP_010942452.1
OG0001259	WP_205219806.1	WP_010942451.1
OG0001262	WP_205220033.1	WP_010943865.1
OG0001264	WP_275888999.1	WP_010941103.1
OG0001269	WP_205219757.1	WP_010941842.1
OG0001273	WP_205219430.1	WP_235044901.1
OG0001274	WP_205219714.1	WP_010942443.1
OG0001276	WP_205219744.1	WP_010943629.1
OG0001277	WP_205219745.1	WP_010943636.1
OG0001278	WP_205219739.1	WP_010943622.1
OG0001279	WP_275889009.1	WP_010943623.1
OG0001281	WP_205220050.1	WP_010940701.1
OG0001282	WP_240192149.1	WP_010942068.1
OG0001293	WP_205220212.1	WP_010942578.1
OG0001295	WP_205218750.1	WP_010942365.1
OG0001298	WP_205218923.1	WP_010941305.1
OG0001303	WP_205218912.1	WP_010943854.1
OG0001304	WP_205218657.1	WP_010942867.1
OG0001305	WP_205219550.1	WP_010943918.1
OG0001308	WP_205218427.1	WP_010940785.1
OG0001314	WP_205217407.1	WP_010943404.1
OG0001330	WP_205219098.1	WP_010941918.1
OG0001333	WP_205218224.1	WP_010941967.1
OG0001334	WP_205218066.1	WP_010941768.1
OG0001339	WP_275888943.1	WP_010942712.1
OG0001341	WP_205218652.1	WP_010943101.1
OG0001343	WP_205219987.1	WP_010941774.1, WP_010941353.1
OG0001344	WP_205217518.1	WP_010940690.1
OG0001350	WP_240192040.1	WP_010942673.1
OG0001351	WP_205218787.1	WP_010942674.1
OG0001354	WP_205218852.1	WP_010940917.1
OG0001356	WP_205217577.1	WP_010941046.1
OG0001357	WP_205218368.1	WP_010943960.1
OG0001361	WP_205217738.1	WP_235045009.1
OG0001367	WP_205218543.1	WP_010942690.1
OG0001368	WP_205217563.1	WP_010943713.1
OG0001370	WP_205219115.1	WP_010941618.1, WP_235044950.1
OG0001371	WP_205217317.1	WP_010941604.1
OG0001375	WP_205218258.1	WP_010943191.1
OG0001379	WP_205218788.1	WP_010942675.1
OG0001382	WP_205217580.1	WP_010941043.1
OG0001389	WP_240192109.1	WP_010941031.1
OG0001390	WP_205219818.1	WP_010942140.1
OG0001395	WP_205219653.1	WP_010942338.1
OG0001397	WP_205217754.1	WP_010940986.1
OG0001399	WP_205217809.1	WP_010940946.1
OG0001408	WP_240191903.1	WP_010941752.1
OG0001411	WP_240191973.1	WP_010941021.1
OG0001417	WP_240191906.1	WP_010941287.1
OG0001418	WP_205218803.1	WP_010942847.1
OG0001428	WP_240192023.1	WP_010943707.1
OG0001430	WP_205219288.1	WP_010942074.1
OG0001434	WP_205219276.1	WP_010941197.1
OG0001435	WP_205219074.1	WP_010942956.1
OG0001440	WP_205218095.1	WP_010941351.1
OG0001441	WP_205217343.1	WP_010942482.1
OG0001442	WP_205219869.1	WP_010941964.1
OG0001443	WP_205219626.1	WP_010941381.1
OG0001445	WP_205217522.1	WP_010942337.1
OG0001450	WP_205218423.1	WP_010941243.1
OG0001451	WP_205218436.1	WP_235044987.1
OG0001453	WP_205219878.1	WP_235044969.1
OG0001457	WP_205218625.1, WP_205219140.1, WP_205219640.1	WP_010942433.1
OG0001460	WP_205218668.1	WP_010943904.1
OG0001463	WP_205218717.1, WP_205219871.1	WP_235044882.1
OG0001464	WP_205219256.1	WP_010941857.1
OG0001465	WP_275888998.1	WP_010941120.1
OG0001466	WP_205219262.1	WP_010941121.1
OG0001467	WP_240192093.1	WP_010942998.1
OG0001472	WP_205217397.1	WP_010942123.1
OG0001476	WP_275888992.1, WP_205219155.1, WP_205219144.1	WP_010942685.1
OG0001477	WP_205219768.1	WP_010941290.1
OG0001481	WP_205217732.1	WP_010941112.1
OG0001486	WP_205219760.1	WP_235044953.1
OG0001487	WP_205219799.1	WP_235044902.1, WP_010941333.1
OG0001488	WP_205218719.1	WP_010941376.1
OG0001514	WP_205219741.1	WP_010943624.1
OG0001515	WP_205219742.1	WP_010943626.1
OG0001516	WP_205219200.1	WP_010943558.1, WP_010943394.1
OG0001524	WP_205219554.1	WP_010942459.1
OG0001525	WP_205220282.1	WP_010943565.1, WP_010943759.1
OG0001527	WP_205219759.1	WP_010941110.1
OG0001528	WP_205220200.1	WP_010941132.1
OG0001529	WP_205219743.1	WP_010943627.1
OG0001530	WP_205218443.1	WP_010942220.1
OG0001532	WP_205219796.1	WP_010942660.1
OG0001535	WP_275888941.1	WP_010942914.1
OG0001542	WP_205219255.1	WP_010941437.1
OG0001546	WP_205217565.1	WP_010943708.1
OG0001547	WP_205217513.1	WP_010941783.1
OG0001554	WP_205217817.1	WP_010943514.1, WP_235044912.1, WP_010941637.1, WP_010941485.1, WP_010941413.1, WP_010942590.1
OG0001555	WP_205219682.1, WP_205220433.1, WP_205218193.1, WP_205220411.1, WP_205220410.1, WP_205218194.1, WP_205220432.1, WP_205219681.1	WP_010940736.1
OG0001556	WP_205220227.1, WP_205218265.1	WP_010941249.1, WP_010941035.1
OG0001558	WP_205220153.1, WP_205219607.1	WP_010942351.1
OG0001576	WP_205218579.1	WP_010941015.1
OG0001577	WP_205218837.1	WP_010942947.1
OG0001582	WP_205219007.1	WP_010943199.1
OG0001593	WP_205217578.1	WP_010941045.1
OG0001610	WP_205218577.1	WP_010944041.1, WP_010941017.1
OG0001611	WP_205218582.1	WP_010944049.1, WP_010941012.1
OG0001621	WP_205220345.1	WP_010940982.1, WP_010941877.1
OG0001626	WP_275888944.1	WP_010941517.1
OG0001628	WP_205219097.1	WP_014551636.1
OG0001633	WP_240192052.1	WP_010940912.1
OG0001635	WP_205217525.1	WP_010941195.1
OG0001636	WP_205218664.1	WP_010943197.1
OG0001637	WP_205219282.1	WP_010941113.1
OG0001639	WP_205218688.1	WP_010941034.1
OG0001643	WP_205218838.1	WP_010942948.1
OG0001644	WP_205217342.1	WP_010940888.1
OG0001664	WP_205219632.1	WP_010941194.1
OG0001665	WP_205219330.1	WP_010943607.1
OG0001672	WP_240192016.1	WP_010940770.1
OG0001675	WP_205217877.1	WP_010941760.1
OG0001680	WP_205218806.1	WP_010941190.1
OG0001698	WP_205217564.1	WP_010940851.1
OG0001699	WP_205219493.1	WP_010943068.1
OG0001700	WP_205218371.1	WP_010941234.1
OG0001706	WP_205217486.1	WP_010941003.1
OG0001709	WP_205218438.1	WP_010942397.1
OG0001712	WP_205219879.1	WP_238525120.1
OG0001720	WP_205219241.1	WP_010940830.1
OG0001729	WP_205218348.1	WP_010941848.1
OG0001735	WP_205219648.1	WP_010940775.1
OG0001740	WP_205217593.1	WP_010940886.1
OG0001741	WP_205217320.1	WP_235044939.1
OG0001752	WP_205220067.1	WP_010941748.1
OG0001758	WP_205218747.1	WP_010943704.1
OG0001759	WP_205219206.1	WP_010941565.1
OG0001760	WP_205219204.1	WP_010941836.1
OG0001761	WP_205219203.1	WP_010941837.1
OG0001762	WP_205219202.1	WP_010941838.1
OG0001764	WP_205218920.1	WP_010941308.1
OG0001776	WP_205219142.1	WP_010942499.1
OG0001779	WP_205219325.1	WP_010940833.1
OG0001782	WP_205218704.1	WP_010941782.1
OG0001803	WP_205219116.1	WP_235044938.1, WP_010940860.1
OG0001834	WP_205219836.1	WP_010942032.1
OG0001837	WP_205217719.1	WP_010940698.1
OG0001855	WP_205219019.1	WP_010941047.1
OG0001860	WP_205217334.1	WP_276524823.1
OG0001899	WP_240192008.1	WP_010942407.1
OG0001901	WP_205220028.1	WP_010942961.1
OG0001924	WP_205217724.1	WP_010943915.1
OG0001930	WP_205219168.1	WP_010942078.1
OG0001932	WP_205218435.1	WP_010942345.1
OG0001965	WP_205219277.1	WP_010942125.1
OG0001990	WP_205218727.1	WP_010941562.1
OG0002010	WP_205219198.1	WP_010940837.1
OG0002030	WP_205218785.1	WP_010942672.1
OG0002042	WP_205220000.1	WP_010941297.1
OG0002046	WP_205219443.1	WP_010943996.1
OG0002062	WP_205218754.1	WP_010942963.1
OG0002064	WP_205218360.1	WP_010942211.1
OG0002069	WP_205217870.1, WP_205219722.1	WP_010940902.1
OG0002070	WP_205219944.1	WP_010942064.1
OG0002076	WP_205218272.1	WP_010943413.1, WP_010942513.1
OG0002081	WP_205218311.1	WP_010940801.1
OG0002082	WP_205218322.1	WP_010942209.1
OG0002083	WP_205218702.1	WP_010941681.1
OG0002084	WP_205218926.1	WP_010941766.1
OG0002087	WP_205219622.1	WP_010942645.1
OG0002090	WP_205220107.1	WP_010941050.1
OG0002091	WP_205220136.1	WP_010941684.1
OG0002104	WP_205218939.1	WP_010941824.1, WP_010941616.1
OG0002108	WP_205219311.1	WP_010943076.1
OG0002125	WP_205217468.1	WP_010941639.1
OG0002151	WP_205220043.1	WP_010942011.1
OG0002160	WP_205220424.1	WP_010940938.1
OG0002171	WP_205219349.1	WP_010942997.1
OG0002192	WP_205218058.1	WP_010941001.1
OG0002194	WP_205218365.1	WP_010943536.1
OG0002214	WP_205217723.1	WP_010943914.1
OG0002215	WP_205217722.1	WP_010942224.1
OG0002239	WP_205219165.1	WP_010942159.1
OG0002318	WP_205218896.1	WP_010941705.1
OG0002334	WP_205218659.1	WP_010941514.1
OG0002342	WP_205219996.1	WP_010943937.1
OG0002355	WP_205218935.1	WP_010941217.1
OG0002366	WP_205218895.1	WP_010942927.1
OG0002371	WP_205217668.1	WP_010943966.1
OG0002372	WP_205217701.1	WP_010940848.1
OG0002383	WP_205218552.1	WP_010940871.1
OG0002384	WP_205218792.1, WP_240191963.1	WP_010942304.1
OG0002386	WP_205218798.1	WP_010943656.1
OG0002388	WP_205218842.1	WP_010940913.1
OG0002389	WP_205218961.1	WP_235044996.1
OG0002390	WP_205219030.1	WP_010943752.1
OG0002391	WP_205219104.1	WP_010943986.1, WP_010943780.1
OG0002393	WP_205219234.1	WP_010943388.1
OG0002397	WP_205219856.1, WP_205219862.1	WP_235044986.1
OG0002469	WP_205218663.1	WP_010943936.1
OG0002486	WP_240192086.1	WP_250546393.1
OG0002512	WP_205217805.1	WP_010942982.1
OG0002558	WP_205219284.1	WP_164930429.1
OG0002571	WP_205217351.1	WP_010942148.1
OG0002682	WP_205217729.1	WP_010941435.1
OG0002719	WP_205219616.1	WP_010942926.1
OG0002732	WP_205217830.1	WP_010942055.1
OG0002749	WP_205219421.1	WP_010942697.1
OG0002751	WP_205219592.1	WP_010943659.1
OG0002757	WP_205220119.1	WP_010943861.1
OG0002758	WP_205220327.1	WP_010942621.1
OG0002760	WP_275888976.1	WP_010941659.1
OG0002889	WP_205220351.1, WP_205220218.1	WP_010942750.1
OG0002934	WP_205218940.1	WP_010941617.1
OG0003014	WP_205218293.1	WP_010940735.1
OG0003168	WP_205217467.1	WP_010943999.1
OG0003181	WP_205218415.1	WP_010943600.1
OG0003196	WP_205219135.1	WP_010941416.1
OG0003198	WP_205219174.1	WP_010943579.1
OG0003201	WP_205219691.1, WP_205219531.1, WP_275889020.1	WP_010941839.1
OG0003211	WP_205220155.1	WP_010941256.1
OG0003212	WP_240191998.1	WP_010943329.1
OG0003218	WP_275889036.1	WP_010941999.1
OG0003354	WP_205219891.1	WP_010942120.1
OG0003434	WP_205219786.1	WP_010941761.1
OG0003453	WP_205217989.1	WP_010942753.1
OG0003670	WP_240192003.1	WP_010943193.1
OG0003824	WP_205217515.1	WP_010943605.1
OG0003825	WP_205217547.1	WP_010944007.1
OG0003866	WP_205219519.1	WP_010943022.1
OG0003867	WP_205219549.1	WP_010944014.1, WP_010943916.1
OG0004943	WP_205218400.1	WP_010943190.1
OG0004946	WP_205218514.1	WP_010941022.1
OG0004951	WP_205218753.1	WP_010943454.1
OG0004973	WP_205219452.1	WP_010943530.1
OG0004974	WP_205219454.1	WP_010941302.1
OG0005024	WP_240192177.1	WP_010942749.1
