Orthogroup	Desulforhopalus vacuolatus DSM 9700	Desulfovibrio vulgaris DP4
OG0000000	WP_205218903.1	WP_011791609.1
OG0000000	WP_205219382.1	WP_011793126.1
OG0000000	WP_275888939.1	WP_011791326.1
OG0000000	WP_205218170.1	WP_010938712.1, WP_011791434.1
OG0000000	WP_205218473.1	WP_010940219.1
OG0000000	WP_240192009.1	WP_011792079.1
OG0000000	WP_205220096.1	WP_011791645.1
OG0000000	WP_205217973.1	WP_043629547.1, WP_011787377.1
OG0000001	WP_205220029.1	WP_010937723.1
OG0000001	WP_205220390.1	WP_010938239.1, WP_011791528.1, WP_011791603.1
OG0000001	WP_205217623.1	WP_010939092.1, WP_011792183.1, WP_043629533.1, WP_010937422.1, WP_010939946.1
OG0000001	WP_205219167.1	WP_011791763.1
OG0000001	WP_205219701.1	WP_223294637.1
OG0000001	WP_205217330.1	WP_011793088.1
OG0000002	WP_205220205.1	WP_011793091.1
OG0000002	WP_205219874.1	WP_011793015.1
OG0000002	WP_205217653.1	WP_181409370.1
OG0000002	WP_205218384.1	WP_181409380.1
OG0000002	WP_205217849.1	WP_011792919.1
OG0000005	WP_205220331.1, WP_205219789.1, WP_275889005.1, WP_240192106.1	WP_011791532.1
OG0000007	WP_240192033.1	WP_011791331.1
OG0000007	WP_205217665.1	WP_010939647.1
OG0000007	WP_205218938.1	WP_043629999.1
OG0000008	WP_205218335.1	WP_010939710.1
OG0000008	WP_205218627.1	WP_011791653.1
OG0000010	WP_205219586.1	WP_011792555.1, WP_011787335.1, WP_011791455.1, WP_011787338.1, WP_011792212.1, WP_011792554.1, WP_011791544.1, WP_010937635.1
OG0000011	WP_205220094.1	WP_011791648.1
OG0000012	WP_205218963.1	WP_011791325.1
OG0000012	WP_205217637.1	WP_011791433.1
OG0000013	WP_240191996.1, WP_205218303.1	WP_010937456.1
OG0000013	WP_205218476.1	WP_010937451.1
OG0000014	WP_205219172.1	WP_010939857.1
OG0000015	WP_205218648.1	WP_011792453.1
OG0000018	WP_205218117.1	WP_011787361.1
OG0000019	WP_205217874.1	WP_010938382.1
OG0000021	WP_205218466.1	WP_010937476.1
OG0000021	WP_205218500.1	WP_010937477.1
OG0000022	WP_205219460.1	WP_011791894.1, WP_043629373.1
OG0000024	WP_205218703.1	WP_010940347.1
OG0000024	WP_205218933.1	WP_011792124.1
OG0000026	WP_240191995.1	WP_010938934.1
OG0000027	WP_240192067.1	WP_011791819.1, WP_011792816.1, WP_011791657.1
OG0000028	WP_205218835.1	WP_011791856.1
OG0000028	WP_205218475.1	WP_010940221.1
OG0000028	WP_205218307.1	WP_043629606.1, WP_010940474.1
OG0000029	WP_205219870.1	WP_010939259.1
OG0000030	WP_205220225.1	WP_010938266.1
OG0000030	WP_205218797.1	WP_011792766.1
OG0000030	WP_205217848.1	WP_010937694.1
OG0000031	WP_205217958.1	WP_011792678.1
OG0000033	WP_205218725.1	WP_011792395.1
OG0000033	WP_205219469.1	WP_011792568.1
OG0000034	WP_205218628.1	WP_011791654.1
OG0000036	WP_205217302.1	WP_011793195.1
OG0000036	WP_205220093.1	WP_011791649.1
OG0000037	WP_275889034.1, WP_275889001.1, WP_275889028.1, WP_205220283.1	WP_011787303.1
OG0000038	WP_205218672.1	WP_010938341.1
OG0000038	WP_205219654.1	WP_010938662.1
OG0000039	WP_205217786.1, WP_205219425.1	WP_010940169.1, WP_010940065.1
OG0000039	WP_205217373.1	WP_011793158.1
OG0000040	WP_240192119.1	WP_010937647.1
OG0000040	WP_205219588.1	WP_043629357.1, WP_010937654.1
OG0000041	WP_205218629.1	WP_011791655.1
OG0000041	WP_205218050.1	WP_011791420.1
OG0000042	WP_240192126.1	WP_011792510.1
OG0000042	WP_205217331.1	WP_011791387.1
OG0000042	WP_205218976.1	WP_011792450.1
OG0000043	WP_205218478.1	WP_010938268.1
OG0000045	WP_205219978.1	WP_011792363.1
OG0000047	WP_205220001.1, WP_205219188.1	WP_223294624.1
OG0000048	WP_205220104.1	WP_010940286.1
OG0000048	WP_205217850.1	WP_011792918.1
OG0000050	WP_205218211.1, WP_205218832.1	WP_011792353.1
OG0000052	WP_205218833.1	WP_010939677.1
OG0000053	WP_205219828.1	WP_011792107.1
OG0000053	WP_205219575.1	WP_011792251.1
OG0000054	WP_205219669.1	WP_011792972.1
OG0000055	WP_205218241.1	WP_011791568.1
OG0000055	WP_205220003.1	WP_011787329.1, WP_150100250.1
OG0000055	WP_205219149.1	WP_011792995.1, WP_011791572.1, WP_010937659.1
OG0000058	WP_205217357.1	WP_010938574.1
OG0000059	WP_205218630.1	WP_010937832.1
OG0000060	WP_205219391.1	WP_011792468.1
OG0000061	WP_205220106.1	WP_011791554.1
OG0000062	WP_205218468.1	WP_010937479.1
OG0000063	WP_205217751.1	WP_010937703.1
OG0000064	WP_205218680.1, WP_205219039.1	WP_011792376.1
OG0000065	WP_205217314.1	WP_010938763.1
OG0000065	WP_205217454.1	WP_010938364.1
OG0000067	WP_205218467.1	WP_011791864.1, WP_010937478.1
OG0000067	WP_275888956.1	WP_010939732.1
OG0000069	WP_240192079.1	WP_010940354.1
OG0000070	WP_240192170.1	WP_223294581.1
OG0000071	WP_205219780.1	WP_010937857.1
OG0000072	WP_205219779.1	WP_010937856.1
OG0000074	WP_205218276.1	WP_010939694.1
OG0000075	WP_205217847.1	WP_010937693.1
OG0000077	WP_205219095.1	WP_010938705.1
OG0000078	WP_205219761.1	WP_011791625.1
OG0000079	WP_205217405.1	WP_011792883.1
OG0000080	WP_205220256.1, WP_205220254.1	WP_011791635.1
OG0000082	WP_205219215.1	WP_011793183.1
OG0000084	WP_205217368.1	WP_011791721.1
OG0000085	WP_205217395.1	WP_011791400.1
OG0000086	WP_205217406.1	WP_011792911.1
OG0000091	WP_205217745.1	WP_043629736.1
OG0000092	WP_205218658.1	WP_011791541.1
OG0000093	WP_240191946.1	WP_010938329.1
OG0000093	WP_205219233.1	WP_011787300.1
OG0000094	WP_205218401.1	WP_011792116.1
OG0000094	WP_275888993.1	WP_011791565.1
OG0000095	WP_205218965.1	WP_011792244.1
OG0000097	WP_240191918.1	WP_011792054.1
OG0000098	WP_240192130.1	WP_011792837.1
OG0000101	WP_240192163.1, WP_205219783.1	WP_010939270.1, WP_011792822.1
OG0000102	WP_205218756.1, WP_205217638.1	WP_010940470.1
OG0000103	WP_205218404.1, WP_205218456.1	WP_010938528.1
OG0000105	WP_240191944.1, WP_240192046.1	WP_010938500.1
OG0000106	WP_205218448.1	WP_011792615.1
OG0000107	WP_275889021.1	WP_010937936.1
OG0000110	WP_205220030.1	WP_010939354.1
OG0000112	WP_205218422.1	WP_011792830.1, WP_011792050.1
OG0000113	WP_205219581.1	WP_010940378.1
OG0000114	WP_205217943.1	WP_011792216.1
OG0000114	WP_205217401.1	WP_010938595.1
OG0000115	WP_205217489.1	WP_010939125.1
OG0000116	WP_205218587.1	WP_011791823.1
OG0000117	WP_205219976.1, WP_205219085.1	WP_011791710.1
OG0000117	WP_205217876.1	WP_011791822.1
OG0000118	WP_240191957.1	WP_011791821.1
OG0000118	WP_275888991.1	WP_011791711.1
OG0000119	WP_205220193.1, WP_205220204.1	WP_011793090.1
OG0000120	WP_275888970.1	WP_011793100.1
OG0000120	WP_205217586.1	WP_010939361.1
OG0000121	WP_275888929.1	WP_011791564.1
OG0000122	WP_205218626.1, WP_205220332.1	WP_011792231.1
OG0000125	WP_205220097.1	WP_011791647.1
OG0000126	WP_205219649.1	WP_010940460.1
OG0000127	WP_205219440.1	WP_010937986.1
OG0000127	WP_205219441.1	WP_181409358.1
OG0000128	WP_205219057.1, WP_205218118.1	WP_011791538.1
OG0000129	WP_205220177.1	WP_010937945.1
OG0000131	WP_240192135.1	WP_011791342.1
OG0000132	WP_205218326.1, WP_205219939.1, WP_205218314.1	WP_010939230.1
OG0000133	WP_205217878.1	WP_010938383.1
OG0000133	WP_205219087.1	WP_011791712.1
OG0000134	WP_205219067.1	WP_010938551.1
OG0000135	WP_205219271.1	WP_011792726.1
OG0000136	WP_240191980.1	WP_049758095.1
OG0000136	WP_205220066.1	WP_223294604.1
OG0000137	WP_205219084.1	WP_010939936.1
OG0000141	WP_205219914.1, WP_205219915.1	WP_011791661.1
OG0000142	WP_205219982.1	WP_011792996.1
OG0000143	WP_205219037.1	WP_011792337.1
OG0000145	WP_205218440.1	WP_043629618.1
OG0000146	WP_205218266.1	WP_011792250.1, WP_010938190.1
OG0000146	WP_205217851.1	WP_010937699.1
OG0000150	WP_240192129.1	WP_010939076.1
OG0000151	WP_205219293.1	WP_011787325.1
OG0000152	WP_205219848.1	WP_011792323.1
OG0000152	WP_205219850.1	WP_010940001.1
OG0000153	WP_275888937.1	WP_010940352.1
OG0000154	WP_205217327.1	WP_011792501.1
OG0000155	WP_240192148.1	WP_010938876.1
OG0000156	WP_205220095.1	WP_011791646.1
OG0000160	WP_240191992.1, WP_205217391.1	WP_010939839.1
OG0000161	WP_205218217.1	WP_011791997.1
OG0000162	WP_205218379.1	WP_010938840.1, WP_011792479.1, WP_011791513.1
OG0000163	WP_205218549.1, WP_205219249.1	WP_010940363.1
OG0000164	WP_205218897.1	WP_011791543.1
OG0000164	WP_205218605.1	WP_011791450.1
OG0000166	WP_205219180.1	WP_011791768.1
OG0000167	WP_205219005.1	WP_010937731.1
OG0000169	WP_205220075.1	WP_011792420.1
OG0000170	WP_205218419.1	WP_011792245.1
OG0000172	WP_205217862.1	WP_011791666.1, WP_011791356.1, WP_011791937.1
OG0000173	WP_205219412.1	WP_010939858.1
OG0000174	WP_205217656.1	WP_011792674.1
OG0000180	WP_205220263.1, WP_205220264.1	WP_011792418.1, WP_010937666.1, WP_010938677.1
OG0000181	WP_205218461.1, WP_205219295.1	WP_043629990.1
OG0000183	WP_240191953.1	WP_011791957.1
OG0000184	WP_205219494.1	WP_010940610.1
OG0000185	WP_205218077.1	WP_081428874.1
OG0000185	WP_205218823.1	WP_011791484.1
OG0000187	WP_205217955.1, WP_205217942.1	WP_010940180.1
OG0000190	WP_205218562.1	WP_010939066.1, WP_011793101.1
OG0000192	WP_205220299.1	WP_011791950.1
OG0000193	WP_205219213.1	WP_011793185.1
OG0000193	WP_240191910.1	WP_010939362.1
OG0000194	WP_240191899.1	WP_011787414.1
OG0000194	WP_205218538.1	WP_010939235.1
OG0000195	WP_205219651.1	WP_011791944.1
OG0000196	WP_205217764.1	WP_011791954.1
OG0000199	WP_205218113.1, WP_205217464.1	WP_011792175.1
OG0000201	WP_205217441.1	WP_011791421.1, WP_011792846.1
OG0000202	WP_205219316.1, WP_205220037.1	WP_011793009.1
OG0000204	WP_240191983.1	WP_011793045.1
OG0000204	WP_205218304.1	WP_011791698.1, WP_011793107.1, WP_011791422.1, WP_011791438.1
OG0000207	WP_205218036.1, WP_205219126.1	WP_011792220.1
OG0000207	WP_205218366.1	WP_010940291.1
OG0000208	WP_205218367.1	WP_011791552.1
OG0000208	WP_205218037.1, WP_205219125.1	WP_010939070.1
OG0000209	WP_205219630.1	WP_011792598.1
OG0000210	WP_205220183.1, WP_205218604.1	WP_010937439.1, WP_014524330.1
OG0000211	WP_205219629.1	WP_011787346.1
OG0000212	WP_205219475.1	WP_011792153.1
OG0000213	WP_205219979.1	WP_010939854.1
OG0000214	WP_205220148.1	WP_011793117.1
OG0000214	WP_205218051.1, WP_205220149.1	WP_011793116.1
OG0000215	WP_240192049.1	WP_010937992.1
OG0000216	WP_205218263.1	WP_010938636.1
OG0000217	WP_205218771.1	WP_010939133.1
OG0000218	WP_205218878.1	WP_010938558.1
OG0000219	WP_240191915.1	WP_014524381.1
OG0000221	WP_205218650.1, WP_205219290.1, WP_275888997.1	WP_011792772.1
OG0000222	WP_205219254.1	WP_011791920.1, WP_223294689.1
OG0000223	WP_205218711.1	WP_010938648.1
OG0000225	WP_205217392.1	WP_010939784.1
OG0000226	WP_205217492.1	WP_010939106.1
OG0000227	WP_205219130.1	WP_011792871.1
OG0000227	WP_205217886.1	WP_011793143.1
OG0000228	WP_205220231.1	WP_011791456.1
OG0000228	WP_205219809.1	WP_011792579.1
OG0000230	WP_205219065.1	WP_010939852.1
OG0000232	WP_205218345.1	WP_011791500.1, WP_011791499.1
OG0000233	WP_240192116.1	WP_010938704.1
OG0000234	WP_205218677.1	WP_014524184.1, WP_010939427.1
OG0000235	WP_240192153.1	WP_010939791.1
OG0000237	WP_205218378.1, WP_205217881.1	WP_011792782.1, WP_011792427.1
OG0000239	WP_205218936.1	WP_010937469.1
OG0000243	WP_240192155.1	WP_010940402.1
OG0000248	WP_205219321.1	WP_010938759.1
OG0000252	WP_205218581.1	WP_011791958.1
OG0000253	WP_205217628.1	WP_011791802.1
OG0000256	WP_205218053.1	WP_011787314.1
OG0000256	WP_205220146.1	WP_011793118.1
OG0000257	WP_205218346.1	WP_011791929.1
OG0000258	WP_205219289.1	WP_010939337.1
OG0000259	WP_205218163.1	WP_011792770.1
OG0000261	WP_205219746.1	WP_011792785.1
OG0000263	WP_205219912.1	WP_011791860.1
OG0000264	WP_275888954.1, WP_205218431.1	WP_010938076.1
OG0000265	WP_205218056.1, WP_205218429.1	WP_010938078.1
OG0000266	WP_205218059.1, WP_205217485.1	WP_010938217.1
OG0000268	WP_205220292.1, WP_205219054.1	WP_011792764.1
OG0000270	WP_205217873.1	WP_010937324.1
OG0000271	WP_205217707.1	WP_010940288.1
OG0000272	WP_205219285.1, WP_205219287.1	WP_010938742.1
OG0000273	WP_205218287.1	WP_010938516.1
OG0000274	WP_205220226.1	WP_010938265.1
OG0000274	WP_205218796.1	WP_043629524.1
OG0000275	WP_205218614.1	WP_011176658.1
OG0000277	WP_205220291.1	WP_011791810.1
OG0000278	WP_205217759.1	WP_011791959.1
OG0000283	WP_275888985.1	WP_011791794.1, WP_010939207.1
OG0000285	WP_205218739.1	WP_010940031.1
OG0000286	WP_205219747.1	WP_011792784.1
OG0000288	WP_205217354.1	WP_011792198.1
OG0000290	WP_205219839.1	WP_011791783.1
OG0000291	WP_205218886.1	WP_010939194.1
OG0000292	WP_240192117.1	WP_011792092.1
OG0000296	WP_205218418.1	WP_010940232.1, WP_010939150.1
OG0000297	WP_205220467.1, WP_205218547.1	WP_011792575.1
OG0000299	WP_205219229.1, WP_205217776.1	WP_011791465.1
OG0000300	WP_205218591.1	WP_010939567.1, WP_010939601.1
OG0000302	WP_205219478.1	WP_011791854.1
OG0000309	WP_205217461.1	WP_010937603.1
OG0000310	WP_205218613.1	WP_011787359.1
OG0000311	WP_205219196.1	WP_010937595.1
OG0000312	WP_205217647.1	WP_011793105.1
OG0000313	WP_205219525.1	WP_011792492.1
OG0000316	WP_205218588.1	WP_010939745.1
OG0000316	WP_205220128.1	WP_043629054.1
OG0000320	WP_205217581.1	WP_011792826.1
OG0000321	WP_205219893.1	WP_011792110.1
OG0000326	WP_205217341.1, WP_240192136.1	WP_011792611.1
OG0000327	WP_205219777.1	WP_011792744.1, WP_010937853.1
OG0000331	WP_240192075.1	WP_043629609.1
OG0000332	WP_205219138.1	WP_011791449.1
OG0000333	WP_205217404.1	WP_011792647.1
OG0000335	WP_240192018.1	WP_011791909.1
OG0000336	WP_205218164.1	WP_010937968.1
OG0000338	WP_205217490.1	WP_011793021.1, WP_010939124.1
OG0000339	WP_205220081.1	WP_011791786.1
OG0000340	WP_205218789.1	WP_010938005.1
OG0000343	WP_205217627.1	WP_011791800.1
OG0000344	WP_205218262.1	WP_011792447.1
OG0000345	WP_205217480.1	WP_010938967.1
OG0000348	WP_205218791.1	WP_011791623.1
OG0000349	WP_205219748.1	WP_011792783.1
OG0000352	WP_205217504.1	WP_010939077.1
OG0000353	WP_205218764.1	WP_010939841.1
OG0000354	WP_205220253.1	WP_010938317.1
OG0000355	WP_205218649.1	WP_011792771.1
OG0000356	WP_205218114.1	WP_010939497.1
OG0000357	WP_205219318.1, WP_205217812.1	WP_011792314.1
OG0000358	WP_205218079.1	WP_011792626.1
OG0000359	WP_205218171.1	WP_011791553.1
OG0000360	WP_205217452.1	WP_010938090.1
OG0000361	WP_205217741.1	WP_010938503.1
OG0000363	WP_205217706.1	WP_011792691.1
OG0000364	WP_205219523.1	WP_011792640.1
OG0000365	WP_205218267.1	WP_010939592.1, WP_010937330.1
OG0000366	WP_275888945.1	WP_011791409.1, WP_011791408.1
OG0000367	WP_240191917.1	WP_011791518.1
OG0000369	WP_205218202.1, WP_205218200.1, WP_205218199.1, WP_205218201.1	WP_010940010.1
OG0000376	WP_240192120.1	WP_011792547.1
OG0000380	WP_205220206.1	WP_010939093.1
OG0000381	WP_205217576.1	WP_011791991.1
OG0000384	WP_205218413.1	WP_010937551.1
OG0000388	WP_205217746.1	WP_010938501.1
OG0000389	WP_205217531.1	WP_010940621.1
OG0000390	WP_240192167.1	WP_010937704.1, WP_010937714.1
OG0000391	WP_205219766.1	WP_010939193.1
OG0000392	WP_275889000.1, WP_205218215.1	WP_011791927.1
OG0000393	WP_205218954.1	WP_011792321.1
OG0000394	WP_205218909.1	WP_011792428.1
OG0000395	WP_205219981.1	WP_011791505.1
OG0000396	WP_205218452.1	WP_011792627.1
OG0000398	WP_205219765.1	WP_011792462.1
OG0000399	WP_240192074.1	WP_010937883.1
OG0000400	WP_205219816.1	WP_011791616.1
OG0000401	WP_205219368.1	WP_010939095.1
OG0000403	WP_205217733.1	WP_011792485.1
OG0000407	WP_205217713.1	WP_011792056.1
OG0000408	WP_205218451.1	WP_011792429.1
OG0000409	WP_205218129.1	WP_011792140.1
OG0000410	WP_205217356.1	WP_010937473.1
OG0000411	WP_240192044.1	WP_043629982.1
OG0000413	WP_205217469.1	WP_010937629.1
OG0000414	WP_205217875.1	WP_010938768.1, WP_011792538.1
OG0000415	WP_205220192.1	WP_011793093.1
OG0000418	WP_205217768.1	WP_011792638.1
OG0000419	WP_205219837.1	WP_011791482.1
OG0000420	WP_240191999.1	WP_011791475.1
OG0000420	WP_205217661.1	WP_011792487.1
OG0000422	WP_205218454.1	WP_011792752.1
OG0000423	WP_205218959.1	WP_011793124.1
OG0000424	WP_205218567.1	WP_011792329.1
OG0000425	WP_205220198.1	WP_010940414.1
OG0000427	WP_240191961.1	WP_258312758.1
OG0000428	WP_205217735.1	WP_010938540.1
OG0000433	WP_205219208.1	WP_011793177.1
OG0000435	WP_205217363.1	WP_010937470.1
OG0000438	WP_205219696.1	WP_043629227.1
OG0000439	WP_205219736.1	WP_010939842.1
OG0000440	WP_205218572.1	WP_011791680.1
OG0000441	WP_205218891.1	WP_043629623.1
OG0000444	WP_240192150.1	WP_014524613.1
OG0000445	WP_205219058.1	WP_223294686.1
OG0000447	WP_205220334.1	WP_011792504.1
OG0000448	WP_205219778.1	WP_010937854.1
OG0000449	WP_205219769.1, WP_205220150.1	WP_011792406.1
OG0000451	WP_205218646.1	WP_011792624.1
OG0000451	WP_205219345.1	WP_011792582.1, WP_011793115.1
OG0000457	WP_240192041.1	WP_011791333.1
OG0000458	WP_205218916.1	WP_011792053.1
OG0000459	WP_205218112.1	WP_010940242.1
OG0000460	WP_205219183.1	WP_043629230.1
OG0000461	WP_205217709.1	WP_010938112.1
OG0000462	WP_205217736.1	WP_011792486.1
OG0000463	WP_205219782.1	WP_011792431.1
OG0000464	WP_205218619.1	WP_223294644.1
OG0000465	WP_205219553.1	WP_010938458.1, WP_011792597.1, WP_014524374.1
OG0000466	WP_205219574.1	WP_010939080.1
OG0000467	WP_275888973.1	WP_010937632.1
OG0000468	WP_205218748.1	WP_011792746.1
OG0000469	WP_205217491.1	WP_011792195.1
OG0000470	WP_205218902.1	WP_011792673.1
OG0000471	WP_205218800.1	WP_010937702.1
OG0000472	WP_205218167.1	WP_011791932.1
OG0000473	WP_205218594.1	WP_010939210.1
OG0000474	WP_240192159.1	WP_043629567.1
OG0000475	WP_240191922.1	WP_011791402.1
OG0000476	WP_205217449.1	WP_011792707.1
OG0000477	WP_205218449.1	WP_011791415.1
OG0000478	WP_205218261.1	WP_011792446.1
OG0000479	WP_275889017.1	WP_011791861.1, WP_010940359.1
OG0000480	WP_205217922.1	WP_010937325.1, WP_010939491.1
OG0000484	WP_205217459.1	WP_011791338.1
OG0000485	WP_240192151.1	WP_011791862.1, WP_010940358.1
OG0000486	WP_240192058.1	WP_011792689.1
OG0000487	WP_205218131.1	WP_010938229.1
OG0000488	WP_205218506.1	WP_010938489.1
OG0000489	WP_205219267.1	WP_010938975.1
OG0000490	WP_205219099.1	WP_010937352.1
OG0000491	WP_205219120.1	WP_011791780.1
OG0000492	WP_205219754.1	WP_011792326.1
OG0000493	WP_205217497.1	WP_011791776.1, WP_011792197.1
OG0000494	WP_205218563.1	WP_011792051.1
OG0000495	WP_205218729.1	WP_043629742.1
OG0000496	WP_205217666.1	WP_011791907.1
OG0000497	WP_240192032.1	WP_011791930.1
OG0000498	WP_205218691.1	WP_223294660.1
OG0000500	WP_205217905.1	WP_011792097.1
OG0000501	WP_240192165.1	WP_010938312.1
OG0000502	WP_205218110.1	WP_011791592.1
OG0000503	WP_205220151.1	WP_011792249.1
OG0000504	WP_205217355.1	WP_010940372.1
OG0000505	WP_205219666.1	WP_011792089.1
OG0000507	WP_205217438.1	WP_011792008.1, WP_011792327.1
OG0000508	WP_205218825.1	WP_011792359.1
OG0000509	WP_205218546.1	WP_011792698.1
OG0000510	WP_205218853.1	WP_011787353.1
OG0000511	WP_205218437.1	WP_010938955.1
OG0000512	WP_205219193.1	WP_010937769.1
OG0000513	WP_205217560.1	WP_011791403.1
OG0000514	WP_205218175.1	WP_011791911.1
OG0000516	WP_205217710.1	WP_011793110.1
OG0000517	WP_205220396.1	WP_010939622.1
OG0000518	WP_205218820.1	WP_223294635.1, WP_014524349.1
OG0000520	WP_205220133.1	WP_010937630.1
OG0000521	WP_205219612.1	WP_010938037.1
OG0000522	WP_205218124.1	WP_011792155.1
OG0000523	WP_205219825.1	WP_010938645.1
OG0000526	WP_205220125.1	WP_011791368.1
OG0000528	WP_205217332.1	WP_011791718.1
OG0000529	WP_205218420.1	WP_011791940.1
OG0000530	WP_205218899.1	WP_164561900.1
OG0000531	WP_205219838.1	WP_011793151.1
OG0000532	WP_205218675.1	WP_010940501.1
OG0000533	WP_205217510.1	WP_011792113.1
OG0000534	WP_205219402.1	WP_010938822.1
OG0000535	WP_205219617.1	WP_011792779.1
OG0000536	WP_240191994.1	WP_010940049.1
OG0000537	WP_205218142.1	WP_010938258.1
OG0000538	WP_205218780.1	WP_010939273.1
OG0000539	WP_205217783.1	WP_011792109.1
OG0000540	WP_205219210.1	WP_043629788.1
OG0000541	WP_205219886.1	WP_011792686.1, WP_011792602.1
OG0000542	WP_205217495.1	WP_011793103.1, WP_011792943.1
OG0000543	WP_205220278.1	WP_011792874.1
OG0000544	WP_205218590.1	WP_010939602.1
OG0000545	WP_205217421.1	WP_010939218.1
OG0000546	WP_205219329.1	WP_081428870.1
OG0000548	WP_205217478.1	WP_010938966.1
OG0000549	WP_205220069.1	WP_011792519.1
OG0000550	WP_240192054.1	WP_011791414.1
OG0000555	WP_205219625.1	WP_010938859.1
OG0000558	WP_205219892.1	WP_010938694.1
OG0000561	WP_205219465.1	WP_011792559.1
OG0000562	WP_205217553.1	WP_011792500.1
OG0000568	WP_205219610.1	WP_010940570.1
OG0000569	WP_205219985.1	WP_010938457.1
OG0000570	WP_205217437.1	WP_011792432.1
OG0000571	WP_205217567.1	WP_011792452.1
OG0000573	WP_205220024.1	WP_010939702.1, WP_010939490.1, WP_010938553.1
OG0000575	WP_205219319.1	WP_011792315.1
OG0000576	WP_205220238.1	WP_010938916.1
OG0000577	WP_205219226.1	WP_010939126.1
OG0000578	WP_205218542.1	WP_011791317.1
OG0000579	WP_205218548.1	WP_011792576.1
OG0000580	WP_205219652.1	WP_010938909.1
OG0000581	WP_205217953.1	WP_010940182.1
OG0000582	WP_205217424.1	WP_010938185.1
OG0000584	WP_205218446.1	WP_010938376.1
OG0000585	WP_205218445.1	WP_010938375.1
OG0000586	WP_205218444.1	WP_010938373.1
OG0000587	WP_205219068.1	WP_011791757.1
OG0000588	WP_205218441.1	WP_011793193.1
OG0000589	WP_205219775.1	WP_010940177.1
OG0000590	WP_205218457.1	WP_011792493.1
OG0000591	WP_205219327.1	WP_010939154.1
OG0000592	WP_205219066.1	WP_010937795.1
OG0000593	WP_205218486.1	WP_010939717.1
OG0000594	WP_205217503.1	WP_011792105.1
OG0000595	WP_205218673.1	WP_043629095.1
OG0000596	WP_205218108.1	WP_010939198.1
OG0000597	WP_205218730.1	WP_010938825.1
OG0000598	WP_205217625.1	WP_010939782.1
OG0000599	WP_205218140.1	WP_010938256.1
OG0000600	WP_205217588.1	WP_011793123.1
OG0000601	WP_205219323.1	WP_011792532.1
OG0000603	WP_240191991.1	WP_010939174.1
OG0000604	WP_205219036.1	WP_223294672.1
OG0000605	WP_205219056.1	WP_011792614.1
OG0000606	WP_240192025.1	WP_010938095.1
OG0000607	WP_240191928.1	WP_043629197.1
OG0000608	WP_205217708.1	WP_010938113.1
OG0000609	WP_240192100.1	WP_010939740.1
OG0000610	WP_205217907.1	WP_043629734.1
OG0000611	WP_205219064.1	WP_010940503.1
OG0000612	WP_205218918.1	WP_011792682.1
OG0000613	WP_205218919.1	WP_010938136.1
OG0000615	WP_205217915.1	WP_010938173.1
OG0000616	WP_205217914.1	WP_010938170.1
OG0000617	WP_205217940.1	WP_010938599.1
OG0000618	WP_205217938.1	WP_010938601.1
OG0000619	WP_205217937.1	WP_010938602.1
OG0000620	WP_205217936.1	WP_010938603.1
OG0000621	WP_205217935.1	WP_010938604.1
OG0000622	WP_205219259.1	WP_010940201.1
OG0000623	WP_205219817.1	WP_011791413.1
OG0000624	WP_205218135.1	WP_010938227.1
OG0000625	WP_205218136.1	WP_010938226.1
OG0000626	WP_205219413.1	WP_011792978.1
OG0000627	WP_205217906.1	WP_011792444.1
OG0000628	WP_240191905.1	WP_011792199.1
OG0000629	WP_205219678.1, WP_205219665.1	WP_011792088.1
OG0000630	WP_205217508.1	WP_010938669.1
OG0000631	WP_205217509.1	WP_010938667.1
OG0000632	WP_205219650.1	WP_010937362.1
OG0000633	WP_205218065.1	WP_181409338.1
OG0000634	WP_205219197.1	WP_011793164.1
OG0000635	WP_205219807.1	WP_010938578.1
OG0000637	WP_205217740.1	WP_010938504.1
OG0000638	WP_205219253.1	WP_010938199.1
OG0000639	WP_205219776.1	WP_043629256.1
OG0000640	WP_205218166.1	WP_010937959.1
OG0000641	WP_205218910.1	WP_010938000.1
OG0000642	WP_205219556.1	WP_011793050.1
OG0000643	WP_205219124.1	WP_010938865.1
OG0000644	WP_205220191.1	WP_011792392.1
OG0000645	WP_205219573.1	WP_011792997.1
OG0000646	WP_205217633.1	WP_011791805.1
OG0000647	WP_240191938.1	WP_010939773.1
OG0000648	WP_205217629.1	WP_010939777.1
OG0000649	WP_205219123.1	WP_010938866.1
OG0000650	WP_205219129.1	WP_011792870.1
OG0000651	WP_205220279.1	WP_011792873.1
OG0000652	WP_205219827.1	WP_010938643.1
OG0000653	WP_205219060.1	WP_043629518.1
OG0000654	WP_205217423.1	WP_011792650.1
OG0000655	WP_205217444.1	WP_011792855.1
OG0000656	WP_205217793.1	WP_010937817.1
OG0000657	WP_205217794.1	WP_010937816.1
OG0000658	WP_205217799.1	WP_011792851.1
OG0000659	WP_205217800.1	WP_181409373.1
OG0000660	WP_205217770.1	WP_010939789.1
OG0000661	WP_205217771.1	WP_010939788.1
OG0000662	WP_205219263.1	WP_011792821.1
OG0000663	WP_205218622.1	WP_010938977.1
OG0000664	WP_205218676.1	WP_223294688.1
OG0000665	WP_275888932.1	WP_010938035.1
OG0000667	WP_205218606.1	WP_010939263.1
OG0000670	WP_205217618.1	WP_011791970.1
OG0000671	WP_205218683.1	WP_010938507.1
OG0000672	WP_205217501.1	WP_011791432.1
OG0000673	WP_240192152.1	WP_010938823.1
OG0000674	WP_205218740.1	WP_011791534.1
OG0000675	WP_205218692.1	WP_011791332.1
OG0000676	WP_205219061.1	WP_010938875.1
OG0000677	WP_205217919.1	WP_010938622.1
OG0000678	WP_205217920.1	WP_010938621.1
OG0000679	WP_205218924.1	WP_010938140.1
OG0000680	WP_205217962.1	WP_010938494.1
OG0000681	WP_205217948.1	WP_010940187.1
OG0000682	WP_205217949.1	WP_043629159.1
OG0000684	WP_205218432.1	WP_010938075.1
OG0000685	WP_205217925.1	WP_010938614.1
OG0000686	WP_205217901.1	WP_010938890.1
OG0000687	WP_205217930.1	WP_010938609.1
OG0000688	WP_205217932.1	WP_010938607.1
OG0000689	WP_205217933.1	WP_010938606.1
OG0000690	WP_205219394.1	WP_010938747.1
OG0000691	WP_205217945.1	WP_010938593.1
OG0000692	WP_205217519.1	WP_049758104.1
OG0000693	WP_205217532.1	WP_011791337.1
OG0000694	WP_240192014.1	WP_011792542.1
OG0000695	WP_205220187.1	WP_011791336.1
OG0000696	WP_205218821.1	WP_011791441.1
OG0000697	WP_205217482.1	WP_011791481.1
OG0000698	WP_205218917.1	WP_010938134.1
OG0000699	WP_205218967.1	WP_011792683.1
OG0000700	WP_205219191.1	WP_011792217.1
OG0000701	WP_205218997.1	WP_011792484.1
OG0000702	WP_205219051.1	WP_011792477.1
OG0000704	WP_205217636.1	WP_010939769.1
OG0000705	WP_205217635.1	WP_010939770.1
OG0000706	WP_205217634.1	WP_223294677.1
OG0000707	WP_205217631.1	WP_011791804.1
OG0000708	WP_205217624.1	WP_010939783.1
OG0000709	WP_205218732.1	WP_043629306.1
OG0000710	WP_240192073.1	WP_011791775.1
OG0000711	WP_205219390.1	WP_010938129.1
OG0000712	WP_205218133.1	WP_010938228.1
OG0000713	WP_205219117.1	WP_010938499.1
OG0000714	WP_205217749.1	WP_011792505.1
OG0000715	WP_205217963.1	WP_010938495.1
OG0000716	WP_205217961.1	WP_010938493.1
OG0000717	WP_205217952.1	WP_010940183.1
OG0000718	WP_205217951.1	WP_010940184.1
OG0000719	WP_205217950.1	WP_010940185.1
OG0000720	WP_205217947.1	WP_011791613.1
OG0000721	WP_205217944.1	WP_010938594.1
OG0000722	WP_240191960.1	WP_010938597.1
OG0000723	WP_205217939.1	WP_011792455.1
OG0000724	WP_205217934.1	WP_010938605.1
OG0000725	WP_205217931.1	WP_010938608.1
OG0000726	WP_205217929.1	WP_010938610.1
OG0000727	WP_205218008.1	WP_010938615.1
OG0000728	WP_205217924.1	WP_010938616.1
OG0000729	WP_240191959.1	WP_010938617.1
OG0000730	WP_205217923.1	WP_010938618.1
OG0000731	WP_205217918.1	WP_010938623.1
OG0000732	WP_205217917.1	WP_010938624.1
OG0000733	WP_205217916.1	WP_010938625.1
OG0000734	WP_205219096.1	WP_011791926.1
OG0000735	WP_205219189.1	WP_011791344.1
OG0000736	WP_205220122.1	WP_011791987.1
OG0000737	WP_205217796.1	WP_011792849.1
OG0000738	WP_205219331.1	WP_010938947.1
OG0000739	WP_205218143.1	WP_011792507.1
OG0000740	WP_275888967.1	WP_010940646.1
OG0000741	WP_205217496.1	WP_010939720.1
OG0000742	WP_205219631.1	WP_014524672.1
OG0000743	WP_205217968.1	WP_010937757.1
OG0000744	WP_205218674.1	WP_010940500.1
OG0000745	WP_205218152.1	WP_011792461.1
OG0000746	WP_205218726.1	WP_043629470.1
OG0000747	WP_205219812.1	WP_049758073.1
OG0000748	WP_205219814.1	WP_010940172.1
OG0000749	WP_205219618.1	WP_011792699.1
OG0000750	WP_205218595.1	WP_043629133.1
OG0000751	WP_240192028.1	WP_010937633.1
OG0000752	WP_205218564.1	WP_010938673.1
OG0000753	WP_205218989.1	WP_011792330.1
OG0000754	WP_205220236.1	WP_010938914.1
OG0000755	WP_205220237.1	WP_011792317.1
OG0000756	WP_205219133.1	WP_011792702.1
OG0000757	WP_205218455.1	WP_010937395.1
OG0000758	WP_240192022.1	WP_014524181.1
OG0000759	WP_205219052.1	WP_011792877.1
OG0000760	WP_205218807.1	WP_010940408.1
OG0000761	WP_205218558.1	WP_010938200.1
OG0000762	WP_205219620.1	WP_011792572.1
OG0000763	WP_205219621.1	WP_010938389.1
OG0000764	WP_205218425.1	WP_011792535.1
OG0000765	WP_205219073.1	WP_010937393.1
OG0000766	WP_205220395.1	WP_010939096.1
OG0000767	WP_205218656.1	WP_081428877.1
OG0000768	WP_205218690.1	WP_010937363.1
OG0000769	WP_275888946.1	WP_010938172.1
OG0000770	WP_205217913.1	WP_011792660.1
OG0000771	WP_205217912.1	WP_011792661.1
OG0000772	WP_205217911.1	WP_010938167.1
OG0000773	WP_205217910.1	WP_011792663.1
OG0000774	WP_205217909.1	WP_011792664.1
OG0000775	WP_240191916.1	WP_011791908.1
OG0000776	WP_205218177.1	WP_011791910.1
OG0000777	WP_205218176.1	WP_010939641.1
OG0000779	WP_205218735.1	WP_011792378.1
OG0000780	WP_205218094.1	WP_011792658.1
OG0000782	WP_205218434.1	WP_011792254.1
OG0000783	WP_205218487.1	WP_010939719.1
OG0000784	WP_205218810.1	WP_010938343.1
OG0000785	WP_205218811.1	WP_010938342.1
OG0000787	WP_205219764.1	WP_011791423.1
OG0000788	WP_205220268.1	WP_011791827.1
OG0000789	WP_205219178.1	WP_011792483.1
OG0000790	WP_205217512.1	WP_011791446.1
OG0000792	WP_205219179.1	WP_011791774.1
OG0000793	WP_205220169.1	WP_011792862.1
OG0000794	WP_205218734.1	WP_011791622.1
OG0000795	WP_205218172.1	WP_011791453.1
OG0000796	WP_205219826.1	WP_011792441.1
OG0000797	WP_205219772.1	WP_043629431.1
OG0000798	WP_205218814.1	WP_011792740.1
OG0000799	WP_205219260.1	WP_011791345.1
OG0000800	WP_205219395.1	WP_010937472.1
OG0000801	WP_205217648.1	WP_043629175.1
OG0000802	WP_205220123.1	WP_010940307.1
OG0000803	WP_205217659.1	WP_011791590.1
OG0000804	WP_205219572.1	WP_010937892.1
OG0000806	WP_205218541.1	WP_011791474.1
OG0000807	WP_205219808.1	WP_010938864.1
OG0000808	WP_275888952.1	WP_010938952.1
OG0000809	WP_205219281.1	WP_011792736.1
OG0000811	WP_205219367.1	WP_010939094.1
OG0000813	WP_205219801.1	WP_011792341.1
OG0000814	WP_205218306.1	WP_011793113.1
OG0000815	WP_205219613.1	WP_011791424.1
OG0000816	WP_205218540.1	WP_011791479.1
OG0000817	WP_205218505.1	WP_011791536.1
OG0000818	WP_205219800.1	WP_011792705.1
OG0000819	WP_205218728.1	WP_010940202.1
OG0000822	WP_205217451.1	WP_010938089.1
OG0000823	WP_205217448.1	WP_010938086.1
OG0000824	WP_205218778.1	WP_010939184.1
OG0000825	WP_205218679.1	WP_011792161.1
OG0000827	WP_205218948.1	WP_011791788.1
OG0000828	WP_205218949.1	WP_010939804.1
OG0000829	WP_205218950.1	WP_010939805.1
OG0000830	WP_205218951.1	WP_010939806.1
OG0000831	WP_205218952.1	WP_010939807.1
OG0000832	WP_205218953.1	WP_010939808.1
OG0000834	WP_205217358.1	WP_011792463.1
OG0000835	WP_205220188.1	WP_010939342.1
OG0000836	WP_205220071.1	WP_010938824.1
OG0000837	WP_205219815.1	WP_010940174.1
OG0000838	WP_205219040.1	WP_011792377.1
OG0000839	WP_205219122.1	WP_011792343.1
OG0000841	WP_205218340.1	WP_010938881.1
OG0000842	WP_205218996.1	WP_011792613.1
OG0000843	WP_205218141.1	WP_010938257.1
OG0000844	WP_205218921.1	WP_010938137.1
OG0000845	WP_275888983.1	WP_010938138.1
OG0000846	WP_205218925.1	WP_011792681.1
OG0000848	WP_240191979.1	WP_011792139.1
OG0000849	WP_240191947.1	WP_010937833.1
OG0000850	WP_205217326.1	WP_010938922.1
OG0000851	WP_205219317.1	WP_010938919.1
OG0000852	WP_205217657.1	WP_011792704.1
OG0000853	WP_205217772.1	WP_011792566.1
OG0000854	WP_205218958.1	WP_010937424.1
OG0000855	WP_205217769.1	WP_010937798.1
OG0000856	WP_205218960.1	WP_011792247.1
OG0000858	WP_205217517.1	WP_010939912.1
OG0000859	WP_205219545.1	WP_011791709.1
OG0000860	WP_205218430.1	WP_010938077.1
OG0000861	WP_205217658.1	WP_010938546.1
OG0000862	WP_205218442.1	WP_011792201.1
OG0000863	WP_205220211.1	WP_081428900.1
OG0000864	WP_205217502.1	WP_011791790.1
OG0000865	WP_205219324.1	WP_010938393.1
OG0000866	WP_205219407.1	WP_011792165.1
OG0000867	WP_205217488.1	WP_011791469.1
OG0000869	WP_205217946.1	WP_010940189.1
OG0000870	WP_205217521.1	WP_011792158.1
OG0000871	WP_205217801.1	WP_010937809.1
OG0000872	WP_240191904.1	WP_010939147.1
OG0000873	WP_205219176.1	WP_011792149.1
OG0000874	WP_205220074.1	WP_010938672.1
OG0000875	WP_205217774.1	WP_010940499.1
OG0000876	WP_205220208.1	WP_010938699.1
OG0000877	WP_205219035.1	WP_010939186.1
OG0000878	WP_205220135.1	WP_011792977.1
OG0000879	WP_205218122.1	WP_258312757.1
OG0000881	WP_205220014.1	WP_010939506.1
OG0000882	WP_205219246.1	WP_010938252.1
OG0000884	WP_205218815.1	WP_010939107.1
OG0000885	WP_205217479.1	WP_011791792.1
OG0000886	WP_275889010.1	WP_011791527.1
OG0000889	WP_205218536.1	WP_010938879.1
OG0000890	WP_205218159.1	WP_011791978.1
OG0000891	WP_240192013.1	WP_014524309.1
OG0000892	WP_240191934.1	WP_011791971.1
OG0000893	WP_205217630.1	WP_010939776.1
OG0000894	WP_205218892.1	WP_011792451.1
OG0000895	WP_205219326.1	WP_011792181.1
OG0000896	WP_205217667.1	WP_011791906.1
OG0000898	WP_275888936.1	WP_011792843.1
OG0000899	WP_205219137.1	WP_011791448.1
OG0000900	WP_205219251.1	WP_010938197.1
OG0000902	WP_205219847.1	WP_010939236.1
OG0000903	WP_205219846.1	WP_011792142.1
OG0000904	WP_205218653.1	WP_010939849.1
OG0000906	WP_205219038.1	WP_011792375.1
OG0000907	WP_205218271.1, WP_205217453.1	WP_010940042.1
OG0000909	WP_205219473.1	WP_010938537.1
OG0000910	WP_205217530.1	WP_011791981.1
OG0000913	WP_205217455.1	WP_011792729.1
OG0000921	WP_205218751.1	WP_010940434.1
OG0000922	WP_205220011.1	WP_010939520.1
OG0000923	WP_205219602.1	WP_010937348.1
OG0000924	WP_240192029.1	WP_223294698.1
OG0000928	WP_205220137.1	WP_011792891.1
OG0000931	WP_205220385.1, WP_205218075.1	WP_011791399.1
OG0000932	WP_205219024.1	WP_011792842.1
OG0000935	WP_205219071.1	WP_010938927.1
OG0000937	WP_205218286.1	WP_011791842.1
OG0000939	WP_205219299.1	WP_011791844.1
OG0000940	WP_205218831.1	WP_011792354.1
OG0000941	WP_205219442.1	WP_223294582.1
OG0000943	WP_205218074.1, WP_205220386.1	WP_011792636.1
OG0000944	WP_205218943.1	WP_011793146.1
OG0000946	WP_205217980.1	WP_223294697.1
OG0000950	WP_205218390.1	WP_010939670.1
OG0000952	WP_205218336.1	WP_010940285.1, WP_011791833.1
OG0000959	WP_205220091.1	WP_223294594.1
OG0000962	WP_205218157.1	WP_010938550.1
OG0000964	WP_205220073.1	WP_011791593.1
OG0000967	WP_205218071.1	WP_010939606.1
OG0000968	WP_205218139.1	WP_010938255.1
OG0000969	WP_240191933.1	WP_010938719.1
OG0000972	WP_205218721.1	WP_010937628.1
OG0000976	WP_205220108.1	WP_011792778.1
OG0000978	WP_205217941.1	WP_010938598.1
OG0000979	WP_240192011.1	WP_011791977.1
OG0000981	WP_205218246.1	WP_011791340.1
OG0000983	WP_205218904.1	WP_010940191.1
OG0000984	WP_205218347.1	WP_011792238.1
OG0000985	WP_205217765.1	WP_011791955.1
OG0000987	WP_205219611.1	WP_010938679.1
OG0000988	WP_205217422.1	WP_011792649.1
OG0000990	WP_205218539.1	WP_011791537.1
OG0000992	WP_205217619.1	WP_011791972.1
OG0000994	WP_205217921.1	WP_010938620.1
OG0000995	WP_205217927.1	WP_010938612.1
OG0000996	WP_205219580.1	WP_010937452.1
OG0000998	WP_205219006.1	WP_011792690.1
OG0000999	WP_240191974.1	WP_011793046.1
OG0001000	WP_205217926.1	WP_010938613.1
OG0001001	WP_205218631.1	WP_043629039.1
OG0001003	WP_205219272.1	WP_010939733.1
OG0001004	WP_205218801.1	WP_011792332.1
OG0001005	WP_205218802.1	WP_010938892.1
OG0001006	WP_205218607.1	WP_010939262.1
OG0001008	WP_205219798.1	WP_011792606.1
OG0001009	WP_205219797.1	WP_010940563.1
OG0001015	WP_205218893.1	WP_010938630.1
OG0001016	WP_205218894.1	WP_010938631.1
OG0001018	WP_205219034.1	WP_010939185.1
OG0001020	WP_205217316.1	WP_011787310.1
OG0001022	WP_205219577.1	WP_011792252.1
OG0001023	WP_205220189.1	WP_011792196.1
OG0001024	WP_205218063.1	WP_010939119.1
OG0001028	WP_205217739.1	WP_010938505.1
OG0001029	WP_205219136.1	WP_010940458.1
OG0001031	WP_205220262.1	WP_011792176.1
OG0001033	WP_205220280.1	WP_011792872.1
OG0001034	WP_205218507.1	WP_010939171.1
OG0001035	WP_205218545.1	WP_010938110.1
OG0001039	WP_205218908.1	WP_010940375.1
OG0001043	WP_205217477.1	WP_010938965.1
OG0001044	WP_205217954.1	WP_010940181.1
OG0001045	WP_205219830.1	WP_011792372.1
OG0001046	WP_205218915.1	WP_011792338.1
OG0001048	WP_205217646.1	WP_010939514.1
OG0001050	WP_205220040.1	WP_011792256.1
OG0001051	WP_205219548.1	WP_011791463.1
OG0001053	WP_205219767.1	WP_011792885.1
OG0001055	WP_205218790.1	WP_011791624.1
OG0001056	WP_205218713.1	WP_010938831.1
OG0001058	WP_205219829.1	WP_010938868.1
OG0001063	WP_205218344.1	WP_011791498.1
OG0001065	WP_205218067.1	WP_011791629.1
OG0001066	WP_205217620.1	WP_010939530.1
OG0001067	WP_240192064.1	WP_011792243.1
OG0001068	WP_240192112.1	WP_043629168.1
OG0001070	WP_205217344.1	WP_010939146.1
OG0001075	WP_205218414.1	WP_010939385.1
OG0001076	WP_205219619.1	WP_011792646.1
OG0001080	WP_205218033.1	WP_010937870.1
OG0001081	WP_205217896.1	WP_010940509.1
OG0001082	WP_205218761.1	WP_011791611.1
OG0001083	WP_205219467.1	WP_011792557.1
OG0001084	WP_205219466.1	WP_011792558.1
OG0001085	WP_205218232.1	WP_011792257.1
OG0001088	WP_205219393.1	WP_011792380.1
OG0001089	WP_205218824.1	WP_043629731.1
OG0001090	WP_205220222.1	WP_011792548.1
OG0001092	WP_205219348.1, WP_205220084.1	WP_011791460.1
OG0001093	WP_205219209.1	WP_011793176.1
OG0001094	WP_205219667.1	WP_011792090.1
OG0001096	WP_205217900.1	WP_010937763.1
OG0001097	WP_205219354.1	WP_010939573.1
OG0001098	WP_205218439.1	WP_011791374.1, WP_011792631.1
OG0001100	WP_205219119.1	WP_011791602.1
OG0001101	WP_205217747.1	WP_010938871.1
OG0001102	WP_205220079.1	WP_010939814.1
OG0001104	WP_205218137.1	WP_011792513.1
OG0001105	WP_205218324.1	WP_011792143.1
OG0001106	WP_205218325.1	WP_010939231.1
OG0001108	WP_205218072.1	WP_011791983.1
OG0001109	WP_205218073.1	WP_011792694.1
OG0001110	WP_205218076.1	WP_010938306.1
OG0001111	WP_205220052.1	WP_010940360.1
OG0001112	WP_205219025.1	WP_010937840.1
OG0001113	WP_205217643.1	WP_010940284.1
OG0001115	WP_205218647.1, WP_240192161.1	WP_011792562.1
OG0001116	WP_205218749.1	WP_223294612.1
OG0001117	WP_205218752.1	WP_011793095.1
OG0001118	WP_205219984.1	WP_010938324.1
OG0001120	WP_205217775.1	WP_011791315.1
OG0001121	WP_205218876.1	WP_043629650.1
OG0001122	WP_205218126.1	WP_223294614.1
OG0001124	WP_205218323.1	WP_010939233.1
OG0001127	WP_205219194.1	WP_011791607.1
OG0001130	WP_205219957.1, WP_205218091.1, WP_205220140.1	WP_223294641.1
OG0001131	WP_205219088.1	WP_011793025.1
OG0001132	WP_205217979.1	WP_010939281.1
OG0001136	WP_205217366.1	WP_011791366.1
OG0001150	WP_205219258.1	WP_010938957.1
OG0001152	WP_205218946.1	WP_011791789.1
OG0001153	WP_205217308.1	WP_011787307.1
OG0001154	WP_240192097.1	WP_010937910.1
OG0001155	WP_205218651.1	WP_011791562.1
OG0001157	WP_205217590.1	WP_011176593.1
OG0001158	WP_205219231.1	WP_011791493.1
OG0001163	WP_205217928.1	WP_010938611.1
OG0001164	WP_205219342.1	WP_010938296.1
OG0001167	WP_205218642.1	WP_011792456.1
OG0001171	WP_205217298.1	WP_011787306.1
OG0001172	WP_205217310.1	WP_011787308.1
OG0001173	WP_205217311.1	WP_011787309.1
OG0001174	WP_205217296.1	WP_011787304.1
OG0001175	WP_240192166.1	WP_010939611.1
OG0001188	WP_205220271.1	WP_010938894.1
OG0001194	WP_205220267.1	WP_010940003.1
OG0001195	WP_205217682.1	WP_223294667.1
OG0001196	WP_205218887.1	WP_011792172.1
OG0001197	WP_205217798.1	WP_011792850.1
OG0001198	WP_205217818.1	WP_011791925.1
OG0001200	WP_205219849.1	WP_010938903.1
OG0001202	WP_205219047.1	WP_010938583.1, WP_010937996.1
OG0001203	WP_205217393.1	WP_011791984.1
OG0001204	WP_240192133.1	WP_011792151.1
OG0001206	WP_205218412.1	WP_011792081.1
OG0001207	WP_240192010.1	WP_010939380.1
OG0001209	WP_205217566.1	WP_010938959.1
OG0001215	WP_205217558.1	WP_223294587.1
OG0001216	WP_205218030.1	WP_011793044.1
OG0001221	WP_205218779.1	WP_011792591.1
OG0001228	WP_205220154.1	WP_011791323.1
OG0001230	WP_205218508.1	WP_011791831.1
OG0001232	WP_240192095.1	WP_010938748.1
OG0001233	WP_205219763.1	WP_011792786.1
OG0001240	WP_205217716.1	WP_010938524.1
OG0001241	WP_205217456.1	WP_010938745.1
OG0001242	WP_205217511.1	WP_011792112.1
OG0001243	WP_205217498.1	WP_010937711.1
OG0001244	WP_205217493.1	WP_010938666.1
OG0001245	WP_205217487.1	WP_011792632.1
OG0001246	WP_205218426.1	WP_011792709.1
OG0001247	WP_205217403.1	WP_011791848.1
OG0001248	WP_205218450.1	WP_010938481.1
OG0001252	WP_205219245.1	WP_010939940.1
OG0001253	WP_205219247.1	WP_011792403.1
OG0001254	WP_205219250.1	WP_010939643.1
OG0001256	WP_205218742.1	WP_010938142.1
OG0001257	WP_205218738.1	WP_010937806.1
OG0001258	WP_205219805.1	WP_010938576.1
OG0001259	WP_205219806.1	WP_010938577.1
OG0001260	WP_205219771.1	WP_010938590.1
OG0001261	WP_205218671.1	WP_011791573.1
OG0001262	WP_205220033.1	WP_010937569.1
OG0001263	WP_205219749.1	WP_011792781.1, WP_010937994.1
OG0001264	WP_275888999.1	WP_011792534.1
OG0001266	WP_205219820.1	WP_081428952.1
OG0001269	WP_205219757.1	WP_011791483.1
OG0001271	WP_205218119.1	WP_011792191.1
OG0001272	WP_205218078.1	WP_011792498.1, WP_011791995.1
OG0001274	WP_205219714.1	WP_010939200.1
OG0001275	WP_205218955.1	WP_010938274.1
OG0001276	WP_205219744.1	WP_011791515.1
OG0001277	WP_205219745.1	WP_011791516.1
OG0001278	WP_205219739.1	WP_011791467.1
OG0001279	WP_275889009.1	WP_011791468.1
OG0001281	WP_205220050.1	WP_011792104.1
OG0001282	WP_240192149.1	WP_010940171.1
OG0001283	WP_205218145.1	WP_011792342.1
OG0001292	WP_205220207.1	WP_010940433.1
OG0001293	WP_205220212.1	WP_010938180.1
OG0001295	WP_205218750.1	WP_011792439.1
OG0001298	WP_205218923.1	WP_010938139.1
OG0001300	WP_205219583.1	WP_011792711.1
OG0001303	WP_205218912.1	WP_011792389.1
OG0001304	WP_205218657.1	WP_011792915.1
OG0001305	WP_205219550.1	WP_010940448.1
OG0001306	WP_205217773.1	WP_011792567.1
OG0001308	WP_205218427.1	WP_011792710.1
OG0001309	WP_205218154.1	WP_011792536.1
OG0001311	WP_205219264.1	WP_011791669.1
OG0001312	WP_205217978.1	WP_011787398.1
OG0001314	WP_205217407.1	WP_010937896.1
OG0001334	WP_205218066.1	WP_010938040.1
OG0001343	WP_205219987.1	WP_010938287.1
OG0001346	WP_205218705.1	WP_010938652.1
OG0001356	WP_205217577.1	WP_010938717.1
OG0001359	WP_205217297.1	WP_011787305.1
OG0001360	WP_205219306.1	WP_011792303.1, WP_011792258.1
OG0001361	WP_205217738.1	WP_010938506.1
OG0001368	WP_205217563.1	WP_010939079.1
OG0001374	WP_205218861.1	WP_011791946.1
OG0001375	WP_205218258.1	WP_010938510.1
OG0001382	WP_205217580.1	WP_011792239.1
OG0001387	WP_205217692.1	WP_010940624.1
OG0001401	WP_205217654.1	WP_010937640.1
OG0001403	WP_205219048.1	WP_011792459.1
OG0001404	WP_205219046.1	WP_010938584.1
OG0001405	WP_205219044.1	WP_010938586.1
OG0001406	WP_205219043.1	WP_010938587.1
OG0001414	WP_205220113.1	WP_011793010.1
OG0001416	WP_205219021.1	WP_011791841.1
OG0001419	WP_205218034.1	WP_011793041.1
OG0001420	WP_205218031.1	WP_010937557.1
OG0001427	WP_240192037.1	WP_011791846.1
OG0001429	WP_205218509.1	WP_010939729.1
OG0001434	WP_205219276.1	WP_011792497.1
OG0001435	WP_205219074.1	WP_010939853.1
OG0001436	WP_205220221.1	WP_010938368.1
OG0001441	WP_205217343.1	WP_223294574.1
OG0001442	WP_205219869.1	WP_011792129.1
OG0001443	WP_205219626.1	WP_010940441.1
OG0001446	WP_205217500.1	WP_010937709.1
OG0001447	WP_205217499.1	WP_010937710.1
OG0001448	WP_205217484.1	WP_011792634.1
OG0001452	WP_205218447.1	WP_010938377.1
OG0001453	WP_205219878.1	WP_011792163.1
OG0001454	WP_205218453.1	WP_011792758.1
OG0001456	WP_205218474.1	WP_010940220.1
OG0001458	WP_205217960.1	WP_010938146.1
OG0001459	WP_205217959.1	WP_011792679.1
OG0001461	WP_205219239.1	WP_010939487.1
OG0001462	WP_205219252.1	WP_010938198.1
OG0001464	WP_205219256.1	WP_010938762.1
OG0001465	WP_275888998.1	WP_011791464.1
OG0001466	WP_205219262.1	WP_043629201.1
OG0001470	WP_240192034.1	WP_010940431.1
OG0001477	WP_205219768.1	WP_011793139.1
OG0001479	WP_205219121.1	WP_010937799.1
OG0001484	WP_205220078.1	WP_223294610.1
OG0001485	WP_205218991.1	WP_011792912.1
OG0001486	WP_205219760.1	WP_011791686.1
OG0001489	WP_205218744.1	WP_011791365.1
OG0001507	WP_205220199.1	WP_010940608.1
OG0001508	WP_205219069.1	WP_010940144.1
OG0001510	WP_205218158.1	WP_010938301.1
OG0001514	WP_205219741.1	WP_011791695.1
OG0001515	WP_205219742.1	WP_011791694.1
OG0001517	WP_275888982.1	WP_011791682.1
OG0001518	WP_205218689.1	WP_011791442.1
OG0001519	WP_205218174.1	WP_011791912.1
OG0001524	WP_205219554.1	WP_010939130.1
OG0001527	WP_205219759.1	WP_011791687.1
OG0001529	WP_205219743.1	WP_043629654.1
OG0001531	WP_205218905.1	WP_011791612.1
OG0001532	WP_205219796.1	WP_010940024.1
OG0001536	WP_205219045.1	WP_010938585.1
OG0001540	WP_205217325.1	WP_011791324.1
OG0001542	WP_205219255.1	WP_010939181.1
OG0001547	WP_205217513.1	WP_043629705.1
OG0001551	WP_205218621.1	WP_223294648.1
OG0001553	WP_205217582.1	WP_011792742.1
OG0001556	WP_205220227.1, WP_205218265.1	WP_010938091.1
OG0001557	WP_205219015.1	WP_010940039.1, WP_011791673.1
OG0001558	WP_205220153.1	WP_011792662.1
OG0001577	WP_205218837.1	WP_011792366.1
OG0001579	WP_205218979.1	WP_043629411.1, WP_011792270.1
OG0001591	WP_205218698.1	WP_011791876.1
OG0001593	WP_205217578.1	WP_011792394.1
OG0001596	WP_205218190.1	WP_011791526.1
OG0001602	WP_240191993.1	WP_011792223.1
OG0001619	WP_205218574.1	WP_010940552.1
OG0001625	WP_205217381.1	WP_010939886.1
OG0001626	WP_275888944.1	WP_011792047.1
OG0001640	WP_240192065.1	WP_223294595.1
OG0001643	WP_205218838.1	WP_010938827.1
OG0001649	WP_152943676.1	WP_011176592.1
OG0001650	WP_205217312.1	WP_011176591.1
OG0001681	WP_240192024.1	WP_011791796.1
OG0001682	WP_205218795.1	WP_010937979.1
OG0001687	WP_205218343.1	WP_011792914.1
OG0001696	WP_205220223.1	WP_011792549.1
OG0001698	WP_205217564.1	WP_010940617.1
OG0001701	WP_205217462.1	WP_010938753.1
OG0001703	WP_205217457.1	WP_011792619.1
OG0001712	WP_205219879.1	WP_011792164.1
OG0001713	WP_205219008.1	WP_011792430.1
OG0001715	WP_205219546.1	WP_011791443.1
OG0001716	WP_240192115.1	WP_011792091.1, WP_011787321.1
OG0001717	WP_205220261.1	WP_010939234.1
OG0001718	WP_205217957.1	WP_011792677.1
OG0001719	WP_205217956.1	WP_010938150.1
OG0001721	WP_205219353.1	WP_010939574.1
OG0001729	WP_205218348.1	WP_011792828.1
OG0001768	WP_240191939.1	WP_011792235.1
OG0001772	WP_205218477.1	WP_010940223.1
OG0001776	WP_205219142.1	WP_011792831.1
OG0001777	WP_205217420.1	WP_010940333.1
OG0001778	WP_205217671.1	WP_011791998.1
OG0001788	WP_205219699.1	WP_011792550.1
OG0001799	WP_205218362.1	WP_223294678.1
OG0001812	WP_205220300.1, WP_205220241.1	WP_010938391.1
OG0001827	WP_205220195.1	WP_011792533.1
OG0001829	WP_205220088.1, WP_205219307.1, WP_205218980.1	WP_043629397.1
OG0001843	WP_205218697.1	WP_011791872.1
OG0001899	WP_240192008.1	WP_011792590.1
OG0001904	WP_205219301.1	WP_011791902.1
OG0001924	WP_205217724.1	WP_011792956.1
OG0001925	WP_205219274.1	WP_010937339.1
OG0001932	WP_205218435.1	WP_014524404.1
OG0001942	WP_205218197.1	WP_043629506.1
OG0001990	WP_205218727.1	WP_223294687.1
OG0002023	WP_205219479.1	WP_011792388.1
OG0002027	WP_240192060.1	WP_011792130.1
OG0002042	WP_205220000.1	WP_011787334.1
OG0002051	WP_205220159.1	WP_223294573.1
OG0002058	WP_205218836.1	WP_010939668.1
OG0002059	WP_205218834.1	WP_011791857.1
OG0002064	WP_205218360.1	WP_043629570.1, WP_043629277.1, WP_014524464.1
OG0002075	WP_205217470.1, WP_205217472.1	WP_010938320.1
OG0002078	WP_205217670.1	WP_011791945.1
OG0002081	WP_205218311.1	WP_011792055.1
OG0002082	WP_205218322.1	WP_043629474.1
OG0002084	WP_205218926.1	WP_011792592.1
OG0002085	WP_275889006.1, WP_205219471.1	WP_010937974.1
OG0002086	WP_205219512.1	WP_011793040.1
OG0002087	WP_205219622.1	WP_010937940.1
OG0002089	WP_205220009.1	WP_010939914.1, WP_011792127.1
OG0002091	WP_205220136.1	WP_011792073.1
OG0002104	WP_205218939.1	WP_011176601.1
OG0002125	WP_205217468.1	WP_011793080.1
OG0002152	WP_205219676.1, WP_205220185.1	WP_011793051.1, WP_011791891.1
OG0002166	WP_205218389.1	WP_043629184.1
OG0002202	WP_205218264.1	WP_011792322.1
OG0002239	WP_205219165.1	WP_011793012.1
OG0002307	WP_205220329.1	WP_011791584.1
OG0002329	WP_205218305.1	WP_010937444.1
OG0002344	WP_240191926.1	WP_011792719.1, WP_011791732.1
OG0002346	WP_205218410.1	WP_011792078.1
OG0002354	WP_205218328.1	WP_263053287.1
OG0002357	WP_275888949.1	WP_010937696.1
OG0002365	WP_205220092.1	WP_011791651.1
OG0002366	WP_205218895.1	WP_010937344.1
OG0002369	WP_205218249.1, WP_205219880.1, WP_205217871.1, WP_205217411.1	WP_011791380.1, WP_011792621.1
OG0002370	WP_205217544.1	WP_011791951.1
OG0002372	WP_205217701.1	WP_011792221.1
OG0002374	WP_205218081.1	WP_011791914.1
OG0002376	WP_205219584.1, WP_205218087.1, WP_205218245.1	WP_011791874.1
OG0002379	WP_205218273.1	WP_011793141.1
OG0002380	WP_205219937.1, WP_205218312.1, WP_205219228.1	WP_011791507.1
OG0002385	WP_205218793.1	WP_011791813.1
OG0002387	WP_205218813.1	WP_011792754.1, WP_011791700.1
OG0002389	WP_205218961.1	WP_011791539.1
OG0002392	WP_205219207.1	WP_010937660.1
OG0002395	WP_205219526.1	WP_081428999.1
OG0002397	WP_205219856.1, WP_205219862.1	WP_010938651.1
OG0002398	WP_205219875.1	WP_043629190.1
OG0002400	WP_240192138.1	WP_223294680.1
OG0002401	WP_275888938.1	WP_010939689.1
OG0002440	WP_205217338.1	WP_011793173.1
OG0002486	WP_240192086.1	WP_011792259.1
OG0002686	WP_205219993.1	WP_011791897.1
OG0002729	WP_205217669.1	WP_011792993.1
OG0002751	WP_205219592.1	WP_011792384.1
OG0002753	WP_205219720.1	WP_010939111.1
OG0002756	WP_205220026.1	WP_011792349.1
OG0002758	WP_205220327.1	WP_043629985.1
OG0002819	WP_205218829.1	WP_011792356.1
OG0002895	WP_205220044.1	WP_011791873.1
OG0003014	WP_205218293.1	WP_011787407.1
OG0003158	WP_205217471.1	WP_010938321.1
OG0003166	WP_205217433.1, WP_205219216.1	WP_011793182.1
OG0003167	WP_205217466.1	WP_011791377.1
OG0003169	WP_205217549.1	WP_011792898.1
OG0003171	WP_205219638.1, WP_205217784.1	WP_010939679.1
OG0003181	WP_205218415.1	WP_010940377.1
OG0003196	WP_205219135.1	WP_010939138.1
OG0003200	WP_205219520.1	WP_011791662.1
OG0003210	WP_205220085.1	WP_011793065.1, WP_011792278.1
OG0003211	WP_205220155.1	WP_010940403.1
OG0003212	WP_240191998.1	WP_011791476.1
OG0003217	WP_275888981.1	WP_010937615.1
OG0003632	WP_205218292.1	WP_011787408.1
OG0003633	WP_205218294.1	WP_011787406.1
OG0003634	WP_205218295.1	WP_011787405.1
OG0003635	WP_205218296.1	WP_011787404.1
OG0003636	WP_205218297.1	WP_011787403.1
OG0003637	WP_205218298.1	WP_011787402.1
OG0003787	WP_205218643.1	WP_190275046.1
OG0003827	WP_205217663.1	WP_011792923.1
OG0003855	WP_205218827.1	WP_011792357.1
OG0003856	WP_205218828.1	WP_010938847.1
OG0003857	WP_205218830.1	WP_011792355.1
OG0003863	WP_205219403.1	WP_010937909.1
OG0003874	WP_205220098.1	WP_011791964.1
OG0003881	WP_275888979.1	WP_011792358.1
OG0004927	WP_205217872.1	WP_011792150.1
OG0004938	WP_205218274.1	WP_011793142.1
OG0004940	WP_205218285.1	WP_011792714.1
OG0004965	WP_205219283.1	WP_011791938.1
OG0004987	WP_205219873.1	WP_011793014.1
OG0004988	WP_205219877.1	WP_223294674.1
OG0004990	WP_205219887.1	WP_010938279.1
OG0004991	WP_205219888.1	WP_011792603.1
OG0005010	WP_205220258.1	WP_011791644.1
OG0005011	WP_205220259.1	WP_011791643.1
OG0005012	WP_205220260.1	WP_011791641.1
