Orthogroup	Desulforhopalus vacuolatus DSM 9700	Desulfosediminicola ganghwensis IMCC35004
OG0000000	WP_205218903.1	WP_136797951.1
OG0000000	WP_275888964.1	WP_228721414.1, WP_136796704.1
OG0000000	WP_205218029.1	WP_136798351.1
OG0000000	WP_205219382.1	WP_136798833.1
OG0000000	WP_205220319.1	WP_217907585.1
OG0000000	WP_205219819.1	WP_136797758.1
OG0000000	WP_205219336.1, WP_205220180.1	WP_136795330.1
OG0000000	WP_275888939.1	WP_275942930.1
OG0000000	WP_205218170.1	WP_136795862.1
OG0000000	WP_205218473.1	WP_136797028.1, WP_136799931.1
OG0000000	WP_240192009.1	WP_136795637.1
OG0000000	WP_205220096.1	WP_136796349.1, WP_136796152.1
OG0000001	WP_205220029.1, WP_205218534.1, WP_205218203.1	WP_136796374.1
OG0000001	WP_205220390.1	WP_136798931.1
OG0000001	WP_205217623.1	WP_136798799.1, WP_136799195.1, WP_136799410.1
OG0000001	WP_205217330.1	WP_136796562.1
OG0000002	WP_205217673.1	WP_136795903.1
OG0000002	WP_205219874.1	WP_136798151.1
OG0000002	WP_205220297.1	WP_136795245.1
OG0000002	WP_205217653.1	WP_275942949.1, WP_167495633.1
OG0000002	WP_205218384.1	WP_136799606.1, WP_136799805.1
OG0000002	WP_205217849.1	WP_136796899.1
OG0000004	WP_240192173.1	WP_167495700.1
OG0000005	WP_205220331.1, WP_205219789.1, WP_275889005.1, WP_240192106.1	WP_136799362.1
OG0000006	WP_205218839.1	WP_136797886.1
OG0000007	WP_240192033.1	WP_228721345.1
OG0000007	WP_205217665.1	WP_136796543.1
OG0000007	WP_205219793.1	WP_136795639.1
OG0000008	WP_205218335.1	WP_136796499.1
OG0000008	WP_205219114.1	WP_167495786.1
OG0000008	WP_205218627.1	WP_228721405.1
OG0000009	WP_240192111.1	WP_136799743.1
OG0000009	WP_205217584.1, WP_240192132.1	WP_136796828.1
OG0000010	WP_205219586.1	WP_136799911.1, WP_136795772.1
OG0000011	WP_205219955.1	WP_136796520.1, WP_136796063.1
OG0000011	WP_205219423.1	WP_136799658.1
OG0000011	WP_205219705.1, WP_205219709.1	WP_136797104.1
OG0000011	WP_240191925.1	WP_136798870.1
OG0000011	WP_205220094.1	WP_167495681.1
OG0000011	WP_205217300.1	WP_136798603.1, WP_136798211.1, WP_217907688.1
OG0000012	WP_205218963.1	WP_136799858.1
OG0000012	WP_205217637.1	WP_228721381.1
OG0000013	WP_205218476.1	WP_228721392.1, WP_136799928.1
OG0000013	WP_205218471.1	WP_136797029.1, WP_136799932.1, WP_136797031.1
OG0000014	WP_205219172.1	WP_176360024.1, WP_136795895.1
OG0000014	WP_205218288.1	WP_136795319.1, WP_167495771.1
OG0000014	WP_205219411.1	WP_136795451.1
OG0000015	WP_205217767.1	WP_136798539.1
OG0000015	WP_205218648.1	WP_228721502.1
OG0000017	WP_205220326.1	WP_167495642.1, WP_136796609.1
OG0000018	WP_205218117.1	WP_136795787.1
OG0000018	WP_205219840.1	WP_136798307.1
OG0000019	WP_205217874.1	WP_136796978.1
OG0000019	WP_205218289.1	WP_136795318.1, WP_136797551.1
OG0000020	WP_205217884.1	WP_136796993.1
OG0000021	WP_205218500.1	WP_136797285.1, WP_136796275.1
OG0000021	WP_205218098.1	WP_136799341.1, WP_136799170.1
OG0000022	WP_205218149.1	WP_136795837.1
OG0000023	WP_205217319.1	WP_136796827.1
OG0000024	WP_205218703.1	WP_136797387.1
OG0000024	WP_205218933.1	WP_136798855.1
OG0000026	WP_205218231.1	WP_136795497.1
OG0000026	WP_240192012.1	WP_136795158.1
OG0000026	WP_240191995.1	WP_136796894.1
OG0000027	WP_240192067.1	WP_136795589.1, WP_136796842.1, WP_136795997.1, WP_136797362.1
OG0000028	WP_205218835.1	WP_136798974.1
OG0000028	WP_205218475.1	WP_136799929.1, WP_136797026.1
OG0000029	WP_205219870.1	WP_136797658.1
OG0000030	WP_205220225.1	WP_136797137.1
OG0000030	WP_205218797.1	WP_228721452.1
OG0000030	WP_205217848.1	WP_228721479.1
OG0000031	WP_205217958.1	WP_136798099.1
OG0000033	WP_205218725.1	WP_167495906.1
OG0000033	WP_205217574.1	WP_136795667.1
OG0000033	WP_205219469.1	WP_228721439.1
OG0000034	WP_205218628.1	WP_136795709.1
OG0000036	WP_205217302.1	WP_136796268.1
OG0000036	WP_205220093.1	WP_136796149.1
OG0000038	WP_205218672.1	WP_136796619.1
OG0000038	WP_205219654.1	WP_136795232.1, WP_136797873.1
OG0000038	WP_205219655.1	WP_136797874.1
OG0000039	WP_205217786.1, WP_205219425.1	WP_136795328.1, WP_136797936.1, WP_217907698.1
OG0000039	WP_205217373.1	WP_136798188.1
OG0000040	WP_240192119.1	WP_136796808.1
OG0000040	WP_205219588.1	WP_136799761.1
OG0000041	WP_205218629.1	WP_136795710.1
OG0000041	WP_205218050.1	WP_136798488.1
OG0000041	WP_205217528.1, WP_205219357.1	WP_167495619.1
OG0000042	WP_240192126.1	WP_217907590.1
OG0000042	WP_205217331.1	WP_136795372.1
OG0000042	WP_205218976.1	WP_275942936.1
OG0000043	WP_205218478.1	WP_136799174.1, WP_136799625.1, WP_136795665.1
OG0000045	WP_205219978.1	WP_136797441.1
OG0000045	WP_205218812.1	WP_136797412.1
OG0000047	WP_205219188.1	WP_136798300.1
OG0000048	WP_205220104.1	WP_136798807.1, WP_136797116.1
OG0000048	WP_205218354.1	WP_136795343.1
OG0000050	WP_275888963.1	WP_136798659.1
OG0000052	WP_205218833.1	WP_136798976.1
OG0000053	WP_205219828.1	WP_136797779.1
OG0000053	WP_205219575.1	WP_136795598.1
OG0000055	WP_205219062.1	WP_136796674.1
OG0000055	WP_205219149.1	WP_136799862.1
OG0000057	WP_205218283.1	WP_136798992.1
OG0000058	WP_205217357.1	WP_136796804.1
OG0000058	WP_205219380.1	WP_136799492.1
OG0000059	WP_205218630.1	WP_136799176.1
OG0000060	WP_205219391.1	WP_136799403.1
OG0000060	WP_205218162.1	WP_228721336.1
OG0000061	WP_205220106.1	WP_136797118.1, WP_136798806.1
OG0000061	WP_205218219.1	WP_136798172.1
OG0000062	WP_205218096.1	WP_136797288.1
OG0000062	WP_205218468.1	WP_167495790.1, WP_136799168.1, WP_136796276.1
OG0000063	WP_205218947.1	WP_136799120.1
OG0000063	WP_205217751.1	WP_136798008.1
OG0000064	WP_205218680.1	WP_136796630.1
OG0000064	WP_205219039.1	WP_136796784.1
OG0000065	WP_205217454.1	WP_136799671.1
OG0000066	WP_205219715.1	WP_136795280.1, WP_136797085.1
OG0000067	WP_205218467.1	WP_217907707.1, WP_136797988.1, WP_217907645.1
OG0000067	WP_275888956.1	WP_136797286.1
OG0000069	WP_240192079.1	WP_228721441.1, WP_228721419.1, WP_136796966.1
OG0000070	WP_240192170.1	WP_136799869.1
OG0000071	WP_205219780.1	WP_136799261.1
OG0000072	WP_205219779.1	WP_136799262.1
OG0000074	WP_205218276.1	WP_136795215.1, WP_136796902.1
OG0000074	WP_205217575.1	WP_136795663.1
OG0000075	WP_205217847.1	WP_136796898.1
OG0000075	WP_205218385.1	WP_136799800.1
OG0000077	WP_205219095.1	WP_136799204.1
OG0000079	WP_205217405.1	WP_136798159.1
OG0000084	WP_205217368.1	WP_136798213.1, WP_136798627.1, WP_136798215.1, WP_136799479.1, WP_136798998.1, WP_167495810.1
OG0000085	WP_205217395.1	WP_136796338.1
OG0000086	WP_205217406.1	WP_136799066.1
OG0000087	WP_205219845.1	WP_136796508.1
OG0000087	WP_205217731.1	WP_136798368.1
OG0000089	WP_205219500.1	WP_217907676.1
OG0000089	WP_205217537.1, WP_205220139.1, WP_205219346.1, WP_205220284.1, WP_240192176.1, WP_205219946.1, WP_205219636.1, WP_205217559.1	WP_136797612.1
OG0000091	WP_205218848.1	WP_136795688.1
OG0000091	WP_205217745.1	WP_267314029.1
OG0000092	WP_205218658.1	WP_136796868.1, WP_136796490.1
OG0000093	WP_240191946.1	WP_136798528.1
OG0000094	WP_205219153.1	WP_136799863.1
OG0000094	WP_275888993.1	WP_136798304.1
OG0000095	WP_205218407.1	WP_136795641.1
OG0000095	WP_205218965.1	WP_136799860.1
OG0000097	WP_205217730.1	WP_228721358.1
OG0000097	WP_240191918.1	WP_136798365.1
OG0000098	WP_240192130.1	WP_136799263.1
OG0000100	WP_205218334.1	WP_228721316.1, WP_136796501.1
OG0000101	WP_240192163.1	WP_136796133.1
OG0000102	WP_205218756.1	WP_136799374.1
OG0000102	WP_205217638.1	WP_136795201.1, WP_136799936.1, WP_136798740.1
OG0000103	WP_205218404.1	WP_136795457.1
OG0000104	WP_205219195.1	WP_136796697.1
OG0000105	WP_240191944.1	WP_167495799.1
OG0000105	WP_240192046.1	WP_136795700.1
OG0000106	WP_205218448.1	WP_136797460.1
OG0000107	WP_275889021.1	WP_136797882.1
OG0000108	WP_205220065.1, WP_205220063.1, WP_205220062.1	WP_136795821.1
OG0000108	WP_205217815.1	WP_136797888.1
OG0000109	WP_275889033.1, WP_205220419.1, WP_240192190.1, WP_205217993.1, WP_205217997.1, WP_205218000.1, WP_205218978.1, WP_205219309.1, WP_205218981.1, WP_205220422.1, WP_205218867.1, WP_205220387.1, WP_205220248.1	WP_217907575.1, WP_217907576.1
OG0000110	WP_205220030.1	WP_176359997.1
OG0000111	WP_205217361.1	WP_136798869.1
OG0000111	WP_205217301.1	WP_136798212.1
OG0000112	WP_205218422.1	WP_136795162.1
OG0000113	WP_205219581.1	WP_136795601.1
OG0000114	WP_205217943.1	WP_136798085.1
OG0000114	WP_205217401.1	WP_136796322.1
OG0000115	WP_205217489.1	WP_136795176.1
OG0000116	WP_205217409.1	WP_136796906.1
OG0000116	WP_205218587.1	WP_136799062.1
OG0000117	WP_205219976.1	WP_136796855.1
OG0000117	WP_205217876.1	WP_136796980.1
OG0000118	WP_205219975.1	WP_136796854.1
OG0000118	WP_240191957.1	WP_136796981.1
OG0000119	WP_205220193.1	WP_228721364.1
OG0000120	WP_275888970.1	WP_136796277.1, WP_136797907.1, WP_217907646.1
OG0000125	WP_240192143.1	WP_136798440.1, WP_136799327.1
OG0000125	WP_205220097.1	WP_228721433.1
OG0000126	WP_205219649.1	WP_228721374.1
OG0000126	WP_205218524.1	WP_136797840.1
OG0000127	WP_205219440.1	WP_136799486.1
OG0000127	WP_205219441.1	WP_136798113.1, WP_136799487.1
OG0000128	WP_205219057.1	WP_136796763.1
OG0000128	WP_205218118.1	WP_136795788.1
OG0000129	WP_205218969.1	WP_136797946.1
OG0000130	WP_205218402.1	WP_136795478.1
OG0000131	WP_240192135.1	WP_136797768.1
OG0000132	WP_205219939.1, WP_205218314.1	WP_136795253.1
OG0000133	WP_205217878.1	WP_228721521.1
OG0000133	WP_205219974.1, WP_205219087.1	WP_136796853.1
OG0000134	WP_205218809.1	WP_136797419.1
OG0000134	WP_205219067.1	WP_136796679.1
OG0000135	WP_205219271.1	WP_136797121.1
OG0000136	WP_240191980.1	WP_136795808.1
OG0000136	WP_205220066.1	WP_136795820.1
OG0000141	WP_205219914.1, WP_205219915.1	WP_136798914.1
OG0000142	WP_205219982.1	WP_167495789.1
OG0000142	WP_205218882.1	WP_167495869.1
OG0000143	WP_205219037.1	WP_136796789.1
OG0000144	WP_205217734.1	WP_136797990.1
OG0000145	WP_205218440.1	WP_136795140.1
OG0000146	WP_205218266.1	WP_136795918.1
OG0000147	WP_205217752.1	WP_136798009.1
OG0000148	WP_205219628.1	WP_176360048.1
OG0000150	WP_240192129.1	WP_136795891.1
OG0000151	WP_240192019.1	WP_228721372.1
OG0000152	WP_205219848.1	WP_136796510.1
OG0000152	WP_205219850.1	WP_136796511.1
OG0000153	WP_205219644.1	WP_136795927.1
OG0000153	WP_275888937.1	WP_136795650.1, WP_136799344.1
OG0000154	WP_205217327.1	WP_136796369.1
OG0000155	WP_240192148.1	WP_136799056.1, WP_136798259.1
OG0000155	WP_205219521.1	WP_136798260.1
OG0000156	WP_205220095.1	WP_136796151.1
OG0000160	WP_240191992.1, WP_205217391.1	WP_136795678.1, WP_136797909.1, WP_136796341.1
OG0000162	WP_205218379.1	WP_136795728.1
OG0000163	WP_205218549.1	WP_136796117.1
OG0000163	WP_205219249.1	WP_136796962.1
OG0000164	WP_205218897.1	WP_136795354.1
OG0000164	WP_205218605.1	WP_136798769.1
OG0000165	WP_240192087.1	WP_136796042.1
OG0000166	WP_205219180.1	WP_136796654.1
OG0000167	WP_205217846.1, WP_205218645.1	WP_136799493.1
OG0000167	WP_205219005.1	WP_136797693.1
OG0000169	WP_205220075.1	WP_136799778.1
OG0000170	WP_205218419.1	WP_136795168.1
OG0000171	WP_205220364.1	WP_136798343.1
OG0000172	WP_205217862.1	WP_136796611.1
OG0000173	WP_205219412.1	WP_136795452.1
OG0000174	WP_205217656.1	WP_136796534.1
OG0000176	WP_205219026.1	WP_136795439.1
OG0000180	WP_205220263.1, WP_205220264.1	WP_267314032.1, WP_136798149.1, WP_136799735.1
OG0000181	WP_205218461.1	WP_136799823.1
OG0000182	WP_205217742.1	WP_136798335.1, WP_136796291.1, WP_136797999.1
OG0000183	WP_205218585.1	WP_136797010.1
OG0000183	WP_240191953.1	WP_228721515.1
OG0000184	WP_205219494.1	WP_136799103.1
OG0000184	WP_205218375.1	WP_136795383.1
OG0000185	WP_205218077.1	WP_136799282.1
OG0000185	WP_205218823.1	WP_167495634.1
OG0000186	WP_205217642.1	WP_136795139.1, WP_136796574.1
OG0000187	WP_205217955.1, WP_205217942.1	WP_136798096.1, WP_136798084.1
OG0000188	WP_205217562.1	WP_167495832.1, WP_136797034.1
OG0000190	WP_205218562.1	WP_136795971.1
OG0000191	WP_205220111.1	WP_136799623.1
OG0000192	WP_205219236.1, WP_205219235.1	WP_136797191.1
OG0000193	WP_240191910.1	WP_136799672.1
OG0000194	WP_240191899.1	WP_228721422.1
OG0000194	WP_205218538.1	WP_275942947.1
OG0000195	WP_205219651.1	WP_136797868.1
OG0000196	WP_205217764.1	WP_136798543.1
OG0000196	WP_205218584.1	WP_228721391.1
OG0000197	WP_205218369.1	WP_136795984.1
OG0000198	WP_240192026.1, WP_275888971.1	WP_167495725.1
OG0000198	WP_205218731.1	WP_136796222.1
OG0000199	WP_205218113.1	WP_136799295.1
OG0000199	WP_205217464.1	WP_136799491.1
OG0000201	WP_205217441.1	WP_167495912.1
OG0000202	WP_205219316.1	WP_136796191.1
OG0000204	WP_240191983.1	WP_136798353.1
OG0000207	WP_205218036.1, WP_205219126.1	WP_136795970.1
OG0000207	WP_205218366.1	WP_136798652.1
OG0000208	WP_205218367.1	WP_136798653.1
OG0000208	WP_205218037.1, WP_205219125.1	WP_136795969.1
OG0000209	WP_205219630.1	WP_136795947.1
OG0000210	WP_205220183.1	WP_136796173.1
OG0000210	WP_205218604.1	WP_228721446.1
OG0000211	WP_205219629.1	WP_136795944.1
OG0000212	WP_205219027.1	WP_136795445.1
OG0000215	WP_240192049.1	WP_136797400.1
OG0000216	WP_205218263.1	WP_136796319.1, WP_136796305.1
OG0000217	WP_205218771.1	WP_136798268.1
OG0000218	WP_205218878.1	WP_136799185.1
OG0000219	WP_240191915.1	WP_136795256.1
OG0000220	WP_205219103.1	WP_136797207.1
OG0000221	WP_205218650.1	WP_136796482.1
OG0000222	WP_205219254.1	WP_136799627.1, WP_136796957.1
OG0000223	WP_205218711.1	WP_136797786.1
OG0000224	WP_205218600.1	WP_136798675.1
OG0000225	WP_205217392.1	WP_136796339.1
OG0000226	WP_205217492.1	WP_136795182.1
OG0000227	WP_205219130.1	WP_136795610.1
OG0000227	WP_205217886.1	WP_136799637.1
OG0000228	WP_205219809.1	WP_136797734.1
OG0000229	WP_205217476.1	WP_136797844.1
OG0000230	WP_205219065.1	WP_136796677.1
OG0000231	WP_275888948.1, WP_205219596.1, WP_205220378.1, WP_205218002.1, WP_205219147.1, WP_205219959.1, WP_205219488.1	WP_136799483.1, WP_167495883.1, WP_136799302.1, WP_136799011.1, WP_167495813.1, WP_217907702.1, WP_136799228.1
OG0000232	WP_205218345.1	WP_167495833.1
OG0000233	WP_240192116.1	WP_136798459.1
OG0000234	WP_205218677.1	WP_136795549.1, WP_136796624.1
OG0000235	WP_240192153.1	WP_136795881.1
OG0000237	WP_205218378.1	WP_136795455.1
OG0000237	WP_205217881.1	WP_136799333.1
OG0000238	WP_205219359.1, WP_205217607.1	WP_228721413.1
OG0000239	WP_240192164.1	WP_136796129.1
OG0000239	WP_205218936.1	WP_228721463.1
OG0000243	WP_240192155.1	WP_136795705.1
OG0000245	WP_205217699.1	WP_136796580.1
OG0000248	WP_205219321.1	WP_136796054.1
OG0000252	WP_205218581.1	WP_136797006.1
OG0000252	WP_205217763.1	WP_136798544.1
OG0000253	WP_205217628.1	WP_136798729.1
OG0000256	WP_205218053.1	WP_136797940.1
OG0000257	WP_205218346.1	WP_136796084.1
OG0000258	WP_205219185.1	WP_136798303.1
OG0000259	WP_205218163.1	WP_136795856.1
OG0000261	WP_205219746.1	WP_228721335.1
OG0000262	WP_205218569.1	WP_136796483.1
OG0000264	WP_275888954.1	WP_136797181.1
OG0000264	WP_205218431.1	WP_136795150.1
OG0000265	WP_205218056.1	WP_136797172.1
OG0000265	WP_205218429.1	WP_136795152.1
OG0000266	WP_205218059.1	WP_136797177.1
OG0000266	WP_205217485.1	WP_136795173.1
OG0000268	WP_205220292.1	WP_217907614.1
OG0000268	WP_205219054.1	WP_136796766.1
OG0000269	WP_205217898.1	WP_228721394.1
OG0000269	WP_205217899.1	WP_136798040.1
OG0000270	WP_205217873.1	WP_136796977.1
OG0000271	WP_205217707.1	WP_136799331.1
OG0000271	WP_205218394.1	WP_136795486.1
OG0000273	WP_205218287.1	WP_136799640.1
OG0000274	WP_205220226.1	WP_136797139.1
OG0000274	WP_205218796.1	WP_136798962.1
OG0000275	WP_205218614.1	WP_136798312.1
OG0000276	WP_205219963.1	WP_176360008.1, WP_176360001.1, WP_176360014.1
OG0000278	WP_205217759.1	WP_136798548.1
OG0000279	WP_205217882.1	WP_167495739.1, WP_136796994.1, WP_136796988.1
OG0000283	WP_275888985.1	WP_136795438.1, WP_136798939.1, WP_136798938.1
OG0000285	WP_205218739.1	WP_275942935.1
OG0000286	WP_205219747.1	WP_136795871.1
OG0000288	WP_205217354.1	WP_136796288.1
OG0000290	WP_205219839.1	WP_136795867.1
OG0000291	WP_205218886.1	WP_136799698.1
OG0000292	WP_205218080.1	WP_136799710.1
OG0000293	WP_205218586.1	WP_136797011.1
OG0000293	WP_240191945.1	WP_136798540.1
OG0000295	WP_240192031.1	WP_136796618.1
OG0000296	WP_205218418.1	WP_136795169.1
OG0000297	WP_205218547.1	WP_136796115.1
OG0000299	WP_205219229.1	WP_136800019.1
OG0000299	WP_205217776.1	WP_228721361.1
OG0000300	WP_205218591.1	WP_136795446.1
OG0000302	WP_205219478.1	WP_217907611.1
OG0000303	WP_205220325.1	WP_136796608.1, WP_136795723.1
OG0000307	WP_205217755.1	WP_136798552.1
OG0000307	WP_205218575.1	WP_136797001.1
OG0000308	WP_205218580.1	WP_136797005.1
OG0000308	WP_205217762.1	WP_136798545.1
OG0000309	WP_205217461.1	WP_136795359.1
OG0000310	WP_205218613.1	WP_217907591.1
OG0000311	WP_205219196.1	WP_136796702.1
OG0000312	WP_205217647.1	WP_136798752.1
OG0000313	WP_205219525.1	WP_136796153.1
OG0000314	WP_205218578.1	WP_136797004.1
OG0000314	WP_205217760.1	WP_136798547.1
OG0000316	WP_205218588.1	WP_136799061.1
OG0000316	WP_205220128.1	WP_136796772.1
OG0000317	WP_205220116.1	WP_136799216.1, WP_136795878.1
OG0000319	WP_205218517.1	WP_228721436.1
OG0000321	WP_205220266.1	WP_136798133.1
OG0000321	WP_205218968.1	WP_136799105.1
OG0000322	WP_205219598.1, WP_205220004.1	WP_136799817.1
OG0000326	WP_205217341.1	WP_136798691.1
OG0000327	WP_205219777.1	WP_136799265.1
OG0000328	WP_205219902.1, WP_205219089.1, WP_205219094.1, WP_205219092.1, WP_275888965.1, WP_205218329.1, WP_205218553.1, WP_205218530.1	WP_136797205.1
OG0000329	WP_205217971.1	WP_136795225.1
OG0000331	WP_240192075.1	WP_136796720.1
OG0000332	WP_205219138.1	WP_136799111.1
OG0000333	WP_205217404.1	WP_136798161.1
OG0000335	WP_240192018.1	WP_136795148.1
OG0000336	WP_205218164.1	WP_136795857.1
OG0000337	WP_205217681.1	WP_136796546.1
OG0000338	WP_205217490.1	WP_136795177.1, WP_136795371.1
OG0000339	WP_205220081.1	WP_136797650.1
OG0000340	WP_205218789.1	WP_136798577.1
OG0000343	WP_205217627.1	WP_136798728.1
OG0000344	WP_205218262.1	WP_136796304.1
OG0000345	WP_205217480.1	WP_136798582.1
OG0000347	WP_205219623.1, WP_205219230.1, WP_205219468.1	WP_228721417.1
OG0000348	WP_205218791.1	WP_136798579.1
OG0000349	WP_205219748.1	WP_136795870.1
OG0000352	WP_205217504.1	WP_136795198.1
OG0000353	WP_205218764.1	WP_136797713.1
OG0000355	WP_205218649.1	WP_136796481.1
OG0000356	WP_205218114.1	WP_136795786.1
OG0000357	WP_205219318.1	WP_136796056.1
OG0000358	WP_205218079.1	WP_136799323.1
OG0000359	WP_205218171.1	WP_136799330.1
OG0000360	WP_205217452.1	WP_136798124.1
OG0000361	WP_205217741.1	WP_176360071.1
OG0000362	WP_205217652.1	WP_136796345.1, WP_136796936.1
OG0000362	WP_205218942.1	WP_136798622.1
OG0000363	WP_205217706.1	WP_136799379.1, WP_136795394.1
OG0000364	WP_205219523.1	WP_136799030.1
OG0000365	WP_205218267.1	WP_136799028.1
OG0000366	WP_275888945.1	WP_136799525.1, WP_136799524.1, WP_136795920.1
OG0000367	WP_240191917.1	WP_136795270.1
OG0000369	WP_205218202.1, WP_205218200.1, WP_205218199.1, WP_205218201.1	WP_136795951.1, WP_167495667.1, WP_167495760.1, WP_136799363.1
OG0000370	WP_205217374.1	WP_136796262.1
OG0000372	WP_205218561.1	WP_136796218.1
OG0000373	WP_205218559.1	WP_136796172.1
OG0000374	WP_205217711.1	WP_136795485.1, WP_136798325.1
OG0000376	WP_240192120.1	WP_136797126.1
OG0000378	WP_205217728.1	WP_136798369.1
OG0000378	WP_205217714.1	WP_136798498.1, WP_136795265.1
OG0000380	WP_205220206.1	WP_167495861.1, WP_136795812.1
OG0000381	WP_205217576.1	WP_228721444.1
OG0000383	WP_240191982.1, WP_205219660.1	WP_136795342.1
OG0000383	WP_205219427.1	WP_136799135.1
OG0000384	WP_205218413.1	WP_136797954.1, WP_136795632.1
OG0000385	WP_205220324.1	WP_136796607.1, WP_136795722.1
OG0000386	WP_205219719.1	WP_136797084.1, WP_136799332.1
OG0000386	WP_205218041.1	WP_136799313.1, WP_167495663.1
OG0000387	WP_275888961.1	WP_136799716.1
OG0000388	WP_205217746.1	WP_136798003.1
OG0000389	WP_205217531.1	WP_136799133.1
OG0000390	WP_240192167.1	WP_136799223.1
OG0000391	WP_205219766.1	WP_136798011.1
OG0000392	WP_275889000.1	WP_136796053.1
OG0000393	WP_205218954.1	WP_217907665.1, WP_136799201.1
OG0000394	WP_205218909.1	WP_136797957.1
OG0000395	WP_205218155.1	WP_136795845.1
OG0000396	WP_205218452.1	WP_136795747.1
OG0000397	WP_205220277.1	WP_136799219.1
OG0000398	WP_205219765.1	WP_136797241.1
OG0000399	WP_240192074.1	WP_136796872.1
OG0000400	WP_205219816.1	WP_136797743.1
OG0000401	WP_205219368.1	WP_136798295.1
OG0000403	WP_205217733.1	WP_136797989.1
OG0000404	WP_205217616.1	WP_167495839.1
OG0000406	WP_205217506.1	WP_136795200.1
OG0000407	WP_205217713.1	WP_136798289.1, WP_136798499.1
OG0000408	WP_205218451.1	WP_136795748.1
OG0000409	WP_205218129.1	WP_136795796.1
OG0000410	WP_205217356.1	WP_136796803.1
OG0000411	WP_240192044.1	WP_136795653.1
OG0000413	WP_205217469.1	WP_136799397.1, WP_136798200.1
OG0000414	WP_205217875.1	WP_136796979.1
OG0000415	WP_205220192.1	WP_136799099.1
OG0000416	WP_205219432.1	WP_136799500.1
OG0000418	WP_205217768.1	WP_136798538.1
OG0000419	WP_205219837.1	WP_136795869.1
OG0000420	WP_205217661.1	WP_136797992.1
OG0000422	WP_205218454.1	WP_136795745.1
OG0000423	WP_205218959.1	WP_136799855.1
OG0000425	WP_205220198.1	WP_136798280.1
OG0000426	WP_205220276.1	WP_167495870.1
OG0000427	WP_240191961.1	WP_136798102.1
OG0000428	WP_205217735.1	WP_136797991.1
OG0000429	WP_205218395.1	WP_136797960.1
OG0000430	WP_205217883.1	WP_136796992.1
OG0000433	WP_205219208.1	WP_217907637.1
OG0000435	WP_205220182.1	WP_136795407.1
OG0000438	WP_205219696.1	WP_167495617.1
OG0000439	WP_205219736.1	WP_136797715.1
OG0000440	WP_205218572.1	WP_167495880.1
OG0000441	WP_205218891.1	WP_136799700.1
OG0000443	WP_205217439.1	WP_176360012.1
OG0000444	WP_240192150.1	WP_136795830.1
OG0000445	WP_205219058.1	WP_136799851.1
OG0000447	WP_205218746.1	WP_136799250.1
OG0000448	WP_205219778.1	WP_136799264.1
OG0000449	WP_205219769.1	WP_136799022.1
OG0000449	WP_205220150.1	WP_136799207.1
OG0000451	WP_205218646.1	WP_136799001.1
OG0000457	WP_240192041.1	WP_217907739.1
OG0000458	WP_205218916.1	WP_136797971.1
OG0000459	WP_205218112.1	WP_136799294.1
OG0000460	WP_205219183.1	WP_136796657.1
OG0000461	WP_205217709.1	WP_136796552.1
OG0000462	WP_205217736.1	WP_228721518.1
OG0000463	WP_205219782.1	WP_136799259.1
OG0000464	WP_205220375.1	WP_217907710.1
OG0000465	WP_205219553.1	WP_136797917.1, WP_167495636.1
OG0000466	WP_205219574.1	WP_136795597.1
OG0000467	WP_275888973.1	WP_136795443.1
OG0000468	WP_205218748.1	WP_136799254.1
OG0000469	WP_205217491.1	WP_136795178.1
OG0000470	WP_205218902.1	WP_136797950.1
OG0000471	WP_205218800.1	WP_136799592.1
OG0000472	WP_205218167.1	WP_136798286.1
OG0000473	WP_205218594.1	WP_136795442.1
OG0000474	WP_240192159.1	WP_136795809.1
OG0000475	WP_240191922.1	WP_136798639.1, WP_136796321.1
OG0000476	WP_205217449.1	WP_136798121.1
OG0000477	WP_205218449.1	WP_136795752.1
OG0000478	WP_205218261.1	WP_136796303.1
OG0000479	WP_275889017.1	WP_136795828.1
OG0000480	WP_205217922.1	WP_136798064.1
OG0000483	WP_205218016.1	WP_136797320.1
OG0000484	WP_205217459.1	WP_167495621.1
OG0000485	WP_240192151.1	WP_136795827.1
OG0000486	WP_240192058.1	WP_136797690.1
OG0000487	WP_205218131.1	WP_136795797.1
OG0000488	WP_205218506.1	WP_136796092.1
OG0000489	WP_205219267.1	WP_136796933.1
OG0000490	WP_205219099.1	WP_167495787.1
OG0000491	WP_205219120.1	WP_136797722.1
OG0000492	WP_205219754.1	WP_136798284.1
OG0000493	WP_205217497.1	WP_136795190.1
OG0000494	WP_205218563.1	WP_136796219.1
OG0000495	WP_205218729.1	WP_136796738.1
OG0000496	WP_205217666.1	WP_136796544.1
OG0000497	WP_240192032.1	WP_136796646.1
OG0000498	WP_205218691.1	WP_167495720.1
OG0000499	WP_205218654.1	WP_136799790.1, WP_136796485.1
OG0000500	WP_205217905.1	WP_136798047.1
OG0000502	WP_205218110.1	WP_136799293.1
OG0000504	WP_205217355.1	WP_136796802.1
OG0000505	WP_205219666.1	WP_136799709.1
OG0000507	WP_205217438.1	WP_136799902.1
OG0000508	WP_205218825.1	WP_136798663.1
OG0000509	WP_205218546.1	WP_136796114.1
OG0000510	WP_205218853.1	WP_136795693.1
OG0000511	WP_205218437.1	WP_275942945.1
OG0000512	WP_205219193.1	WP_136796695.1
OG0000513	WP_205217560.1	WP_136798638.1, WP_136796320.1
OG0000514	WP_205218175.1	WP_136798276.1
OG0000515	WP_205219781.1	WP_136799260.1
OG0000516	WP_205217710.1	WP_136796553.1
OG0000517	WP_205220396.1	WP_176360081.1, WP_176360018.1, WP_228721387.1
OG0000518	WP_205218820.1	WP_136797903.1, WP_217907595.1
OG0000520	WP_205220133.1	WP_136795974.1
OG0000521	WP_205219612.1	WP_136799214.1
OG0000522	WP_205218124.1	WP_136795791.1
OG0000523	WP_205219825.1	WP_136797774.1
OG0000525	WP_205218361.1	WP_136798559.1
OG0000526	WP_205220125.1	WP_136796771.1
OG0000527	WP_205218165.1	WP_136795858.1
OG0000528	WP_205217332.1	WP_136795602.1
OG0000529	WP_205218420.1	WP_136795167.1
OG0000530	WP_205218899.1	WP_136797947.1
OG0000531	WP_205219838.1	WP_136795868.1
OG0000532	WP_205218675.1	WP_136796622.1
OG0000533	WP_205217510.1	WP_136795206.1
OG0000534	WP_205219402.1	WP_136799314.1
OG0000535	WP_205219617.1	WP_228721330.1
OG0000536	WP_240191994.1	WP_136797215.1
OG0000537	WP_205218142.1	WP_136797067.1, WP_136796009.1
OG0000538	WP_205218780.1	WP_136798568.1
OG0000539	WP_205217783.1	WP_167495824.1
OG0000540	WP_205219210.1	WP_136795948.1
OG0000541	WP_205220164.1	WP_136795713.1
OG0000542	WP_205217495.1	WP_136795187.1
OG0000543	WP_205220278.1	WP_136799220.1
OG0000544	WP_205218590.1	WP_136795447.1
OG0000545	WP_205217421.1	WP_136799884.1
OG0000546	WP_205219329.1	WP_136796045.1
OG0000547	WP_205219929.1	WP_136795732.1
OG0000548	WP_205217478.1	WP_136798584.1
OG0000549	WP_205220069.1	WP_228721339.1
OG0000550	WP_240192054.1	WP_136799186.1
OG0000555	WP_205219625.1	WP_136795929.1
OG0000558	WP_205219892.1	WP_136798715.1
OG0000560	WP_205217349.1	WP_136798204.1
OG0000561	WP_205219465.1	WP_136799244.1, WP_136795477.1
OG0000562	WP_205217553.1	WP_136797843.1
OG0000564	WP_205218994.1	WP_136798827.1
OG0000565	WP_205218993.1	WP_136798828.1
OG0000568	WP_205219610.1	WP_136799215.1
OG0000569	WP_205219985.1	WP_136799166.1
OG0000570	WP_205217437.1	WP_136799900.1
OG0000571	WP_205217567.1	WP_136796999.1, WP_136799243.1
OG0000573	WP_205220024.1	WP_136796833.1
OG0000575	WP_205219319.1	WP_136796055.1
OG0000576	WP_205220238.1	WP_228721434.1
OG0000577	WP_205219226.1	WP_136796694.1
OG0000578	WP_205218542.1	WP_136796106.1
OG0000579	WP_205218548.1	WP_136796116.1
OG0000580	WP_205219652.1	WP_136797869.1
OG0000581	WP_205217953.1	WP_136798094.1
OG0000582	WP_205217424.1	WP_136799881.1
OG0000584	WP_205218446.1	WP_136795130.1
OG0000585	WP_205218445.1	WP_267314034.1
OG0000586	WP_205218444.1	WP_136795133.1
OG0000587	WP_205219068.1	WP_136796681.1
OG0000588	WP_205218441.1	WP_136795136.1
OG0000589	WP_205219775.1	WP_136799267.1
OG0000590	WP_205218457.1	WP_136795740.1
OG0000591	WP_205219327.1	WP_136796047.1
OG0000592	WP_205219066.1	WP_136796678.1
OG0000593	WP_205218486.1	WP_136798724.1
OG0000594	WP_205217503.1	WP_136795196.1
OG0000595	WP_205218673.1	WP_136796620.1
OG0000596	WP_205218108.1	WP_136799290.1
OG0000597	WP_205218730.1	WP_228721343.1
OG0000598	WP_205217625.1	WP_136798726.1
OG0000599	WP_205218140.1	WP_136795803.1
OG0000600	WP_205217588.1	WP_136796770.1
OG0000601	WP_205219323.1	WP_136796051.1
OG0000603	WP_240191991.1	WP_136795861.1
OG0000604	WP_205219036.1	WP_136796790.1
OG0000605	WP_205219056.1	WP_167495727.1
OG0000606	WP_240192025.1	WP_136796139.1
OG0000607	WP_240191928.1	WP_167495615.1
OG0000608	WP_205217708.1	WP_136796551.1
OG0000609	WP_240192100.1	WP_136798299.1
OG0000610	WP_205217907.1	WP_136798049.1
OG0000611	WP_205219064.1	WP_136796676.1
OG0000612	WP_205218918.1	WP_136797973.1
OG0000613	WP_205218919.1	WP_136797974.1
OG0000614	WP_205217712.1	WP_136798500.1
OG0000615	WP_205217915.1	WP_136798056.1
OG0000616	WP_205217914.1	WP_136798054.1
OG0000617	WP_205217940.1	WP_136798082.1
OG0000618	WP_205217938.1	WP_136798080.1
OG0000619	WP_205217937.1	WP_136798079.1
OG0000620	WP_205217936.1	WP_136798078.1
OG0000621	WP_205217935.1	WP_136798077.1
OG0000622	WP_205219259.1	WP_136796952.1
OG0000623	WP_205219817.1	WP_136797745.1
OG0000624	WP_205218135.1	WP_136795798.1
OG0000625	WP_205218136.1	WP_136795799.1
OG0000626	WP_205219413.1	WP_136795453.1
OG0000627	WP_205217906.1	WP_136798048.1
OG0000628	WP_240191905.1	WP_136798169.1
OG0000629	WP_205219678.1, WP_205219665.1	WP_136799712.1
OG0000630	WP_205217508.1	WP_136795203.1
OG0000631	WP_205217509.1	WP_136795205.1
OG0000632	WP_205219650.1	WP_136798012.1
OG0000633	WP_205218065.1	WP_228721385.1
OG0000634	WP_205219197.1	WP_136796709.1
OG0000635	WP_205219807.1	WP_136798248.1
OG0000636	WP_205218583.1	WP_136797008.1
OG0000637	WP_205217740.1	WP_136797997.1
OG0000638	WP_205219253.1	WP_136796958.1
OG0000639	WP_205219776.1	WP_136799266.1
OG0000640	WP_205218166.1	WP_136795860.1
OG0000641	WP_205218910.1	WP_136797958.1
OG0000642	WP_205219556.1	WP_136795582.1
OG0000643	WP_205219124.1	WP_136797731.1
OG0000644	WP_205220191.1	WP_136795210.1
OG0000645	WP_205219573.1	WP_136795595.1
OG0000646	WP_205217633.1	WP_136795671.1
OG0000647	WP_240191938.1	WP_136798733.1
OG0000648	WP_205217629.1	WP_136798730.1
OG0000649	WP_205219123.1	WP_136797729.1
OG0000650	WP_205219129.1	WP_136795609.1
OG0000651	WP_205220279.1	WP_136799221.1
OG0000652	WP_205219827.1	WP_136797778.1
OG0000653	WP_205219060.1	WP_136796672.1
OG0000654	WP_205217423.1	WP_136799882.1
OG0000655	WP_205217444.1	WP_136798117.1
OG0000656	WP_205217793.1	WP_136797867.1
OG0000657	WP_205217794.1	WP_136797866.1
OG0000658	WP_205217799.1	WP_228721325.1
OG0000659	WP_205217800.1	WP_136797861.1
OG0000660	WP_205217770.1	WP_136798536.1
OG0000661	WP_205217771.1	WP_136798535.1
OG0000662	WP_205219263.1	WP_136796949.1
OG0000663	WP_205218622.1	WP_136798564.1
OG0000664	WP_205218676.1	WP_136796623.1
OG0000665	WP_275888932.1	WP_136799885.1
OG0000666	WP_205219657.1	WP_136799100.1
OG0000667	WP_205218606.1	WP_136798768.1
OG0000669	WP_240191924.1	WP_136795465.1
OG0000670	WP_205217618.1	WP_136798720.1
OG0000671	WP_205218683.1	WP_136796632.1
OG0000672	WP_205217501.1	WP_136795194.1
OG0000673	WP_240192152.1	WP_136798019.1
OG0000674	WP_205218740.1	WP_136798269.1
OG0000675	WP_205218692.1	WP_136796648.1
OG0000676	WP_205219061.1	WP_136796673.1
OG0000677	WP_205217919.1	WP_136798061.1
OG0000678	WP_205217920.1	WP_136798062.1
OG0000679	WP_205218924.1	WP_136797979.1
OG0000680	WP_205217962.1	WP_136798104.1
OG0000681	WP_205217948.1	WP_275942944.1
OG0000682	WP_205217949.1	WP_136798090.1
OG0000684	WP_205218432.1	WP_136795149.1
OG0000685	WP_205217925.1	WP_136798068.1
OG0000686	WP_205217901.1	WP_136798042.1
OG0000687	WP_205217930.1	WP_136798073.1
OG0000688	WP_205217932.1	WP_136798075.1
OG0000689	WP_205217933.1	WP_136798076.1
OG0000690	WP_205219394.1	WP_136799408.1
OG0000691	WP_205217945.1	WP_136798087.1
OG0000692	WP_205217519.1	WP_136795261.1
OG0000693	WP_205217532.1	WP_136799132.1
OG0000694	WP_240192014.1	WP_136795128.1
OG0000695	WP_205220187.1	WP_136795434.1
OG0000696	WP_205218821.1	WP_136799137.1
OG0000697	WP_205217482.1	WP_136795170.1
OG0000698	WP_205218917.1	WP_136797972.1
OG0000699	WP_205218967.1	WP_228721367.1
OG0000700	WP_205219191.1	WP_136796692.1
OG0000701	WP_205218997.1	WP_136797686.1
OG0000702	WP_205219051.1	WP_136796773.1
OG0000703	WP_205217726.1	WP_136798371.1, WP_136795267.1
OG0000704	WP_205217636.1	WP_136798736.1
OG0000705	WP_205217635.1	WP_136798735.1
OG0000706	WP_205217634.1	WP_136798734.1
OG0000707	WP_205217631.1	WP_136798732.1
OG0000708	WP_205217624.1	WP_136798725.1
OG0000709	WP_205218732.1	WP_136796760.1
OG0000710	WP_240192073.1	WP_136796652.1
OG0000711	WP_205219390.1	WP_136799402.1
OG0000712	WP_205218133.1	WP_275942932.1
OG0000713	WP_205219117.1	WP_136797845.1
OG0000714	WP_205217749.1	WP_228721375.1
OG0000715	WP_205217963.1	WP_136798105.1
OG0000716	WP_205217961.1	WP_136798103.1
OG0000717	WP_205217952.1	WP_136798093.1
OG0000718	WP_205217951.1	WP_136798092.1
OG0000719	WP_205217950.1	WP_136798091.1
OG0000720	WP_205217947.1	WP_136798089.1
OG0000721	WP_205217944.1	WP_136798086.1
OG0000722	WP_240191960.1	WP_176360112.1
OG0000723	WP_205217939.1	WP_136798081.1
OG0000724	WP_205217934.1	WP_136798143.1
OG0000725	WP_205217931.1	WP_136798074.1
OG0000726	WP_205217929.1	WP_136798072.1
OG0000727	WP_205218008.1	WP_136798067.1
OG0000728	WP_205217924.1	WP_136798066.1
OG0000729	WP_240191959.1	WP_136798142.1
OG0000730	WP_205217923.1	WP_136798065.1
OG0000731	WP_205217918.1	WP_136798060.1
OG0000732	WP_205217917.1	WP_136798059.1
OG0000733	WP_205217916.1	WP_136798058.1
OG0000734	WP_205219096.1	WP_136797859.1
OG0000735	WP_205219189.1	WP_136798298.1
OG0000736	WP_205220122.1	WP_136797871.1
OG0000737	WP_205217796.1	WP_136797865.1
OG0000738	WP_205219331.1	WP_136796043.1
OG0000739	WP_205218143.1	WP_136795806.1
OG0000740	WP_275888967.1	WP_136795739.1
OG0000741	WP_205217496.1	WP_136795188.1
OG0000742	WP_205219631.1	WP_228721329.1
OG0000743	WP_205217968.1	WP_136798110.1
OG0000744	WP_205218674.1	WP_136796621.1
OG0000745	WP_205218152.1	WP_136795840.1
OG0000746	WP_205218726.1	WP_136796741.1
OG0000747	WP_205219812.1	WP_136797738.1
OG0000748	WP_205219814.1	WP_136797740.1
OG0000749	WP_205219618.1	WP_167495666.1
OG0000750	WP_205218595.1	WP_167495626.1
OG0000751	WP_240192028.1	WP_136795444.1
OG0000752	WP_205218564.1	WP_136799608.1, WP_136796221.1
OG0000753	WP_205218989.1	WP_136797671.1
OG0000754	WP_205220236.1	WP_136796132.1
OG0000755	WP_205220237.1	WP_136796131.1
OG0000756	WP_205219133.1	WP_136799191.1
OG0000757	WP_205218455.1	WP_217907634.1, WP_136795743.1
OG0000758	WP_240192022.1	WP_136796104.1
OG0000759	WP_205219052.1	WP_136796769.1
OG0000760	WP_205218807.1	WP_136797423.1
OG0000761	WP_205218558.1	WP_136796171.1
OG0000762	WP_205219620.1	WP_136795924.1
OG0000763	WP_205219621.1	WP_136795925.1
OG0000764	WP_205218425.1	WP_136795156.1
OG0000765	WP_205219073.1	WP_136795281.1
OG0000766	WP_205220395.1	WP_136796097.1
OG0000767	WP_205218656.1	WP_136796488.1
OG0000768	WP_205218690.1	WP_228721346.1
OG0000769	WP_275888946.1	WP_136798055.1
OG0000770	WP_205217913.1	WP_136798053.1
OG0000771	WP_205217912.1	WP_228721396.1
OG0000772	WP_205217911.1	WP_136798052.1
OG0000773	WP_205217910.1	WP_136798051.1
OG0000774	WP_205217909.1	WP_136798050.1
OG0000775	WP_240191916.1	WP_228721411.1
OG0000776	WP_205218177.1	WP_136798278.1
OG0000777	WP_205218176.1	WP_136798277.1
OG0000779	WP_205218735.1	WP_136798266.1
OG0000780	WP_205218094.1	WP_136796300.1
OG0000781	WP_205217743.1	WP_136798000.1
OG0000782	WP_205218434.1	WP_136795147.1
OG0000783	WP_205218487.1	WP_136799271.1
OG0000784	WP_205218810.1	WP_136797418.1
OG0000785	WP_205218811.1	WP_136797416.1
OG0000787	WP_205219764.1	WP_228721347.1
OG0000788	WP_205220268.1	WP_136798128.1
OG0000789	WP_205219178.1	WP_136796651.1
OG0000790	WP_205217512.1	WP_136795208.1
OG0000791	WP_205218403.1	WP_136795458.1
OG0000792	WP_205219179.1	WP_136796653.1
OG0000793	WP_205220169.1	WP_136797883.1
OG0000794	WP_205218734.1	WP_136796734.1
OG0000795	WP_205218172.1	WP_136798273.1
OG0000796	WP_205219826.1	WP_136797776.1
OG0000797	WP_205219772.1	WP_167495876.1
OG0000798	WP_205218814.1	WP_136797406.1
OG0000799	WP_205219260.1	WP_275942943.1
OG0000800	WP_205219395.1	WP_275942948.1
OG0000801	WP_205217648.1	WP_228721379.1
OG0000802	WP_205220123.1	WP_136795406.1
OG0000803	WP_205217659.1	WP_136796537.1
OG0000804	WP_205219572.1	WP_136795584.1
OG0000805	WP_205217347.1	WP_167495804.1
OG0000806	WP_205218541.1	WP_136796103.1
OG0000807	WP_205219808.1	WP_136797733.1
OG0000808	WP_275888952.1	WP_136798043.1
OG0000809	WP_205219281.1	WP_136798238.1
OG0000810	WP_205218840.1	WP_136797787.1
OG0000811	WP_205219367.1	WP_136798239.1
OG0000812	WP_205219470.1	WP_136796390.1, WP_136796903.1
OG0000813	WP_205219801.1	WP_136798257.1
OG0000815	WP_205219613.1	WP_136799213.1
OG0000816	WP_205218540.1	WP_136796102.1
OG0000817	WP_205218505.1	WP_136796091.1
OG0000818	WP_205219800.1	WP_136795884.1
OG0000819	WP_205218728.1	WP_136796739.1
OG0000820	WP_205219113.1	WP_136797850.1
OG0000822	WP_205217451.1	WP_167495802.1
OG0000823	WP_205217448.1	WP_136798120.1
OG0000824	WP_205218778.1	WP_136798566.1
OG0000825	WP_205218679.1	WP_136796628.1
OG0000826	WP_205219491.1	WP_136796514.1
OG0000827	WP_205218948.1	WP_136799119.1
OG0000828	WP_205218949.1	WP_136799118.1
OG0000829	WP_205218950.1	WP_136799117.1
OG0000830	WP_205218951.1	WP_136799116.1
OG0000831	WP_205218952.1	WP_228721517.1
OG0000832	WP_205218953.1	WP_136799114.1
OG0000833	WP_205217756.1	WP_136798551.1
OG0000834	WP_205217358.1	WP_136796805.1
OG0000835	WP_205220188.1	WP_136795436.1
OG0000836	WP_205220071.1	WP_136798018.1
OG0000837	WP_205219815.1	WP_136797742.1
OG0000838	WP_205219040.1	WP_136796783.1
OG0000839	WP_205219122.1	WP_136797727.1
OG0000841	WP_205218340.1	WP_136796089.1
OG0000842	WP_205218996.1	WP_136797684.1
OG0000843	WP_205218141.1	WP_136795805.1
OG0000844	WP_205218921.1	WP_136797976.1
OG0000845	WP_275888983.1	WP_136797977.1
OG0000846	WP_205218925.1	WP_136797980.1
OG0000848	WP_240191979.1	WP_136795795.1
OG0000849	WP_240191947.1	WP_136797889.1
OG0000850	WP_205217326.1	WP_136796372.1
OG0000851	WP_205219317.1	WP_136796057.1
OG0000852	WP_205217657.1	WP_136796535.1
OG0000853	WP_205217772.1	WP_217907604.1
OG0000854	WP_205218958.1	WP_267314025.1
OG0000855	WP_205217769.1	WP_136798537.1
OG0000856	WP_205218960.1	WP_136799856.1
OG0000857	WP_205218681.1	WP_136796631.1
OG0000858	WP_205217517.1	WP_136795258.1
OG0000859	WP_205219545.1	WP_136795551.1
OG0000860	WP_205218430.1	WP_136795151.1
OG0000861	WP_205217658.1	WP_136796536.1
OG0000862	WP_205218442.1	WP_176360094.1
OG0000863	WP_205220211.1	WP_136795816.1
OG0000864	WP_205217502.1	WP_136795195.1
OG0000865	WP_205219324.1	WP_136796050.1
OG0000866	WP_205219407.1	WP_136795449.1
OG0000867	WP_205217488.1	WP_136795175.1
OG0000868	WP_205219182.1	WP_136796656.1
OG0000869	WP_205217946.1	WP_136798088.1
OG0000870	WP_205217521.1	WP_228721412.1
OG0000871	WP_205217801.1	WP_136797860.1
OG0000872	WP_240191904.1	WP_136798171.1
OG0000873	WP_205219176.1	WP_136796649.1
OG0000874	WP_205220074.1	WP_136799779.1
OG0000875	WP_205217774.1	WP_136798533.1
OG0000876	WP_205220208.1	WP_136795815.1
OG0000877	WP_205219035.1	WP_136796791.1
OG0000878	WP_205220135.1	WP_136795911.1
OG0000879	WP_205218122.1	WP_136795790.1
OG0000881	WP_205220014.1	WP_136795624.1
OG0000882	WP_205219246.1	WP_136796967.1
OG0000884	WP_205218815.1	WP_136797404.1
OG0000885	WP_205217479.1	WP_176360000.1, WP_136798583.1
OG0000886	WP_275889010.1	WP_228721348.1
OG0000889	WP_205218536.1	WP_136796064.1
OG0000890	WP_205218159.1	WP_136795850.1
OG0000891	WP_240192013.1	WP_228721406.1
OG0000892	WP_240191934.1	WP_136798721.1
OG0000893	WP_205217630.1	WP_136798731.1
OG0000894	WP_205218892.1	WP_136799701.1
OG0000895	WP_205219326.1	WP_136796048.1
OG0000896	WP_205217667.1	WP_136796545.1
OG0000898	WP_275888936.1	WP_228721490.1
OG0000899	WP_205219137.1	WP_136799112.1
OG0000900	WP_205219251.1	WP_136796960.1
OG0000902	WP_205219847.1	WP_136796509.1
OG0000903	WP_205219846.1	WP_228721318.1
OG0000904	WP_205218653.1	WP_136796484.1
OG0000905	WP_205218151.1	WP_136795839.1
OG0000906	WP_205219038.1	WP_136796785.1
OG0000907	WP_205218271.1, WP_205217453.1	WP_136799670.1
OG0000909	WP_205219473.1	WP_136796190.1
OG0000910	WP_205217530.1	WP_136798366.1
OG0000911	WP_205218602.1	WP_136798787.1, WP_136796445.1
OG0000913	WP_205217455.1	WP_136795325.1
OG0000916	WP_205219358.1	WP_136795321.1
OG0000921	WP_205218751.1	WP_136799767.1, WP_167495874.1
OG0000922	WP_205220011.1	WP_136795623.1
OG0000923	WP_205219602.1	WP_136796636.1, WP_136795580.1
OG0000924	WP_240192029.1	WP_136798308.1
OG0000925	WP_205219009.1	WP_136797706.1
OG0000928	WP_205220137.1	WP_136799731.1, WP_136799732.1
OG0000930	WP_205218380.1	WP_136796298.1
OG0000931	WP_205220385.1, WP_205218075.1	WP_136799280.1
OG0000935	WP_205219071.1	WP_136796687.1
OG0000937	WP_205218286.1	WP_136796818.1
OG0000939	WP_205218901.1	WP_228721519.1
OG0000940	WP_205218831.1	WP_136797984.1
OG0000941	WP_205219442.1	WP_136798112.1
OG0000943	WP_205218074.1, WP_205220386.1	WP_136799279.1
OG0000944	WP_205218943.1	WP_136796512.1
OG0000950	WP_205218390.1	WP_136795607.1
OG0000952	WP_205218336.1	WP_136799153.1, WP_136799155.1
OG0000957	WP_240192057.1	WP_176360015.1, WP_228721487.1, WP_176360077.1, WP_176360060.1, WP_176360025.1, WP_176360006.1
OG0000958	WP_205219033.1	WP_136797183.1
OG0000958	WP_275889013.1	WP_228721356.1
OG0000962	WP_205218157.1	WP_136795847.1
OG0000964	WP_205220073.1	WP_136799780.1
OG0000967	WP_205218071.1	WP_136799274.1
OG0000968	WP_205218139.1	WP_136795802.1
OG0000969	WP_240191933.1	WP_136795306.1, WP_176360083.1
OG0000970	WP_205217447.1	WP_136798119.1
OG0000972	WP_205218721.1	WP_136796746.1
OG0000976	WP_205220108.1	WP_136795863.1
OG0000977	WP_240191990.1	WP_136795836.1
OG0000978	WP_205217941.1	WP_136798083.1
OG0000979	WP_240192011.1	WP_228721408.1
OG0000981	WP_205218246.1	WP_228721435.1
OG0000982	WP_205217514.1	WP_136795234.1
OG0000983	WP_205218904.1	WP_136797952.1
OG0000984	WP_205218347.1	WP_136796082.1
OG0000985	WP_205217765.1	WP_136798542.1
OG0000987	WP_205219611.1	WP_267313994.1
OG0000988	WP_205217422.1	WP_136799883.1
OG0000990	WP_205218539.1	WP_136796101.1
OG0000992	WP_205217619.1	WP_136798722.1
OG0000994	WP_205217921.1	WP_136798063.1
OG0000995	WP_205217927.1	WP_136798070.1
OG0000996	WP_205219580.1	WP_136795600.1
OG0000998	WP_205219006.1	WP_136797695.1
OG0000999	WP_240191974.1	WP_136798352.1
OG0001000	WP_205217926.1	WP_136798069.1
OG0001001	WP_205218631.1	WP_136795554.1
OG0001002	WP_205217797.1	WP_136797864.1
OG0001003	WP_205219272.1	WP_136798713.1
OG0001004	WP_205218801.1	WP_136799590.1
OG0001005	WP_205218802.1	WP_136799589.1
OG0001006	WP_205218607.1	WP_136798767.1
OG0001008	WP_205219798.1	WP_136795886.1
OG0001009	WP_205219797.1	WP_136795887.1
OG0001010	WP_205217410.1	WP_136796905.1
OG0001011	WP_205218109.1	WP_136796220.1
OG0001012	WP_205218851.1	WP_136795692.1
OG0001013	WP_205218845.1	WP_136795685.1
OG0001015	WP_205218893.1	WP_136799702.1
OG0001016	WP_205218894.1	WP_136799703.1
OG0001018	WP_205219034.1	WP_136796792.1
OG0001019	WP_205217744.1	WP_136798001.1
OG0001020	WP_205217316.1	WP_167495829.1
OG0001022	WP_205219577.1	WP_136795599.1
OG0001023	WP_205220189.1	WP_136795437.1
OG0001024	WP_205218063.1	WP_136795859.1
OG0001026	WP_205219199.1	WP_136796711.1
OG0001027	WP_205219238.1	WP_228721388.1
OG0001028	WP_205217739.1	WP_136797996.1
OG0001029	WP_205219136.1	WP_136799113.1
OG0001031	WP_205220262.1	WP_136798136.1
OG0001033	WP_205220280.1	WP_136799222.1
OG0001034	WP_205218507.1	WP_136796093.1
OG0001035	WP_205218545.1	WP_136796113.1
OG0001036	WP_205218424.1	WP_167495603.1
OG0001039	WP_205218908.1	WP_136797956.1
OG0001041	WP_205219647.1	WP_136798014.1
OG0001042	WP_240192027.1	WP_228721390.1
OG0001043	WP_205217477.1	WP_136798585.1
OG0001044	WP_205217954.1	WP_136798095.1
OG0001045	WP_205219830.1	WP_136797782.1
OG0001046	WP_205218915.1	WP_136797970.1
OG0001048	WP_205217646.1	WP_136798750.1
OG0001050	WP_205220040.1	WP_228721423.1
OG0001051	WP_205219548.1	WP_136795556.1
OG0001052	WP_205217782.1	WP_136798525.1
OG0001055	WP_205218790.1	WP_136798578.1
OG0001056	WP_205218713.1	WP_136797793.1
OG0001057	WP_240191907.1	WP_136799630.1
OG0001058	WP_205219829.1	WP_136797780.1
OG0001063	WP_205218344.1	WP_136798681.1
OG0001065	WP_205218067.1	WP_136798258.1
OG0001066	WP_205217620.1	WP_136798723.1
OG0001067	WP_240192064.1	WP_136797673.1
OG0001068	WP_240192112.1	WP_136799211.1
OG0001070	WP_205217344.1	WP_136798170.1
OG0001074	WP_205217321.1	WP_136796378.1
OG0001075	WP_205218414.1	WP_136795631.1
OG0001076	WP_205219619.1	WP_136795923.1
OG0001080	WP_205218033.1	WP_136798357.1
OG0001081	WP_205217896.1	WP_136798792.1
OG0001082	WP_205218761.1	WP_136795883.1
OG0001083	WP_205219467.1	WP_136795473.1
OG0001084	WP_205219466.1	WP_167495628.1
OG0001086	WP_205218233.1	WP_136796896.1
OG0001088	WP_205219393.1	WP_136799406.1
OG0001089	WP_205218824.1	WP_136796845.1
OG0001090	WP_205220222.1	WP_136797132.1
OG0001092	WP_205220084.1	WP_136797661.1
OG0001093	WP_205219209.1	WP_136795400.1
OG0001094	WP_205219667.1	WP_136799708.1
OG0001095	WP_205217903.1	WP_136798045.1
OG0001096	WP_205217900.1	WP_136798041.1
OG0001097	WP_205219354.1	WP_136795656.1
OG0001098	WP_205218439.1	WP_136796525.1
OG0001099	WP_205220321.1	WP_136796603.1
OG0001099	WP_205220322.1	WP_136795720.1, WP_136796605.1
OG0001100	WP_205219119.1	WP_136797720.1
OG0001101	WP_205217747.1	WP_136798147.1, WP_136798005.1
OG0001102	WP_205220079.1	WP_136797646.1
OG0001104	WP_205218137.1	WP_136795801.1
OG0001105	WP_205218324.1	WP_136798292.1
OG0001106	WP_205218325.1	WP_136798293.1
OG0001107	WP_205219774.1	WP_136799270.1
OG0001108	WP_205218072.1	WP_136799277.1
OG0001109	WP_205218073.1	WP_136799278.1
OG0001110	WP_205218076.1	WP_136799281.1
OG0001111	WP_205220052.1	WP_136795829.1
OG0001113	WP_205217643.1	WP_136798744.1
OG0001115	WP_240192161.1	WP_136795810.1
OG0001116	WP_205218749.1	WP_136799255.1
OG0001118	WP_205219984.1	WP_136799165.1
OG0001119	WP_205218906.1	WP_136797955.1
OG0001120	WP_205217775.1	WP_275942939.1
OG0001121	WP_205218876.1	WP_136799183.1
OG0001122	WP_205218126.1	WP_136795793.1
OG0001124	WP_205218323.1	WP_136798291.1
OG0001125	WP_205219983.1	WP_136799164.1
OG0001126	WP_205220194.1	WP_136799098.1
OG0001127	WP_205219194.1	WP_136799646.1
OG0001128	WP_205218416.1	WP_136798563.1, WP_136798483.1
OG0001128	WP_205218388.1	WP_136799029.1
OG0001129	WP_205218985.1, WP_205220430.1, WP_205218490.1, WP_205219727.1, WP_205218865.1	WP_136799917.1
OG0001131	WP_205219088.1	WP_136797202.1, WP_136796041.1
OG0001132	WP_205217979.1	WP_136799414.1
OG0001133	WP_205217996.1	WP_176360076.1, WP_176360064.1, WP_176360026.1, WP_267314018.1, WP_228721432.1
OG0001135	WP_205217821.1	WP_136796813.1
OG0001136	WP_205217366.1	WP_136796572.1
OG0001138	WP_205218039.1	WP_217907641.1, WP_136795898.1, WP_136799311.1
OG0001139	WP_205219517.1	WP_136797250.1, WP_136797232.1
OG0001143	WP_205218381.1	WP_136795380.1
OG0001145	WP_205219811.1	WP_136797736.1
OG0001150	WP_205219258.1	WP_136796954.1
OG0001152	WP_205218946.1	WP_136799121.1
OG0001153	WP_205217308.1	WP_136795544.1
OG0001154	WP_240192097.1	WP_136795189.1
OG0001155	WP_205218651.1	WP_176360040.1
OG0001157	WP_205217590.1	WP_136795459.1
OG0001158	WP_205219231.1	WP_136799621.1
OG0001159	WP_205219280.1	WP_136798237.1
OG0001161	WP_205217748.1	WP_136798006.1
OG0001163	WP_205217928.1	WP_136798071.1
OG0001165	WP_205217655.1	WP_136796533.1
OG0001166	WP_205218669.1	WP_136796613.1
OG0001167	WP_205218642.1	WP_167495741.1
OG0001168	WP_205218850.1	WP_136795690.1
OG0001169	WP_205218846.1	WP_167495639.1
OG0001171	WP_205217298.1	WP_136795479.1
OG0001172	WP_205217310.1	WP_136795463.1
OG0001173	WP_205217311.1	WP_136795462.1
OG0001174	WP_205217296.1	WP_136795481.1
OG0001175	WP_240192166.1	WP_136798132.1
OG0001179	WP_205218693.1	WP_136796524.1
OG0001182	WP_205219128.1	WP_136799108.1
OG0001183	WP_205218555.1, WP_205219551.1	WP_136795576.1
OG0001184	WP_205218460.1	WP_136799824.1
OG0001186	WP_205219658.1	WP_136798226.1
OG0001188	WP_205220271.1	WP_136798126.1
OG0001189	WP_205217785.1	WP_136798523.1
OG0001190	WP_205219672.1	WP_136799969.1
OG0001192	WP_205218397.1	WP_136797959.1
OG0001193	WP_205220398.1, WP_205217868.1, WP_205220317.1	WP_136797073.1
OG0001194	WP_205220267.1	WP_136798130.1
OG0001195	WP_205217682.1	WP_136796547.1
OG0001196	WP_205218887.1	WP_136799699.1
OG0001197	WP_205217798.1	WP_136797863.1
OG0001198	WP_205217818.1	WP_136797885.1
OG0001200	WP_205219849.1	WP_275942929.1
OG0001202	WP_205219047.1	WP_136796776.1
OG0001203	WP_205217393.1	WP_136796532.1
OG0001204	WP_240192133.1	WP_217907619.1
OG0001205	WP_205219792.1	WP_136795638.1
OG0001206	WP_205218412.1	WP_136795634.1
OG0001207	WP_240192010.1	WP_136795633.1
OG0001209	WP_205217566.1	WP_136799242.1
OG0001210	WP_205218020.1	WP_136795410.1
OG0001216	WP_205218030.1	WP_136798361.1
OG0001219	WP_205218068.1	WP_136798794.1, WP_136798793.1, WP_167495837.1
OG0001220	WP_205218783.1	WP_136798571.1
OG0001221	WP_205218779.1	WP_136798567.1
OG0001226	WP_205219343.1	WP_136798778.1
OG0001228	WP_205220154.1	WP_228721365.1
OG0001230	WP_205218508.1	WP_136796094.1
OG0001232	WP_240192095.1	WP_136799407.1
OG0001233	WP_205219763.1	WP_136795872.1
OG0001235	WP_205220215.1, WP_205220047.1	WP_167495917.1, WP_136799771.1
OG0001238	WP_205217329.1	WP_136796364.1
OG0001239	WP_205218179.1	WP_136799026.1
OG0001240	WP_205217716.1	WP_136798235.1
OG0001241	WP_205217456.1	WP_136795333.1
OG0001242	WP_205217511.1	WP_136795207.1
OG0001243	WP_205217498.1	WP_136798823.1, WP_136795191.1
OG0001244	WP_205217493.1	WP_136795184.1
OG0001245	WP_205217487.1	WP_275942946.1
OG0001246	WP_205218426.1	WP_228721407.1
OG0001247	WP_205217403.1	WP_136795142.1
OG0001248	WP_205218450.1	WP_136795750.1
OG0001249	WP_205220007.1	WP_136795620.1
OG0001250	WP_205218470.1	WP_136799933.1, WP_136797030.1
OG0001251	WP_205218472.1	WP_136799934.1, WP_136797033.1
OG0001252	WP_205219245.1	WP_136796968.1
OG0001253	WP_205219247.1	WP_136796965.1
OG0001254	WP_205219250.1	WP_136796961.1
OG0001256	WP_205218742.1	WP_136798271.1
OG0001257	WP_205218738.1	WP_136798267.1
OG0001258	WP_205219805.1	WP_136798250.1
OG0001259	WP_205219806.1	WP_136798249.1
OG0001260	WP_205219771.1	WP_136796612.1
OG0001261	WP_205218671.1	WP_136799966.1, WP_136796617.1
OG0001262	WP_205220033.1	WP_136796626.1
OG0001263	WP_205219749.1	WP_167495658.1
OG0001264	WP_275888999.1	WP_136798714.1
OG0001265	WP_205217336.1	WP_136799189.1
OG0001266	WP_205219820.1	WP_136797760.1
OG0001269	WP_205219757.1	WP_136795892.1
OG0001270	WP_275888994.1	WP_136796701.1, WP_136798158.1
OG0001271	WP_205218119.1	WP_136795789.1
OG0001272	WP_205218078.1	WP_136799289.1
OG0001273	WP_205219430.1	WP_136799134.1
OG0001274	WP_205219714.1	WP_136797098.1
OG0001275	WP_205218955.1	WP_136799202.1
OG0001276	WP_205219744.1	WP_136799275.1
OG0001277	WP_205219745.1	WP_136799276.1
OG0001278	WP_205219739.1	WP_136799283.1
OG0001279	WP_275889009.1	WP_167495877.1
OG0001281	WP_205220050.1	WP_176360050.1
OG0001282	WP_240192149.1	WP_136795832.1
OG0001283	WP_205218145.1	WP_136795833.1
OG0001291	WP_205218393.1	WP_136795813.1
OG0001291	WP_205219337.1	WP_136797801.1
OG0001292	WP_205220207.1	WP_167495653.1
OG0001293	WP_205220212.1	WP_136795817.1
OG0001294	WP_205218150.1	WP_136795838.1
OG0001295	WP_205218750.1	WP_136799256.1
OG0001298	WP_205218923.1	WP_136797978.1
OG0001300	WP_205219583.1	WP_136795617.1
OG0001301	WP_205217757.1	WP_136798550.1
OG0001303	WP_205218912.1	WP_136797967.1
OG0001304	WP_205218657.1	WP_136796489.1
OG0001305	WP_205219550.1	WP_136795561.1
OG0001306	WP_205217773.1	WP_136798534.1
OG0001308	WP_205218427.1	WP_136795154.1
OG0001309	WP_205218154.1	WP_136795844.1
OG0001310	WP_205218116.1	WP_228721341.1, WP_228721340.1, WP_228721342.1, WP_136799544.1
OG0001311	WP_205219264.1	WP_136798503.1
OG0001314	WP_205217407.1	WP_136796639.1
OG0001319	WP_205220323.1	WP_167495641.1, WP_167495717.1
OG0001320	WP_205217974.1	WP_136797376.1, WP_176360057.1, WP_167495816.1
OG0001322	WP_205217369.1	WP_136796665.1, WP_136796177.1
OG0001323	WP_205218040.1	WP_136799312.1
OG0001325	WP_205219456.1	WP_136796419.1, WP_167495766.1, WP_136799876.1
OG0001330	WP_205219098.1	WP_136797857.1
OG0001332	WP_205218173.1	WP_136798274.1
OG0001333	WP_205218224.1	WP_167495675.1, WP_228721513.1, WP_167495915.1
OG0001334	WP_205218066.1	WP_167495680.1
OG0001338	WP_205219187.1	WP_136798301.1
OG0001339	WP_275888943.1	WP_136798753.1
OG0001340	WP_205219265.1	WP_136796939.1
OG0001341	WP_205218652.1	WP_267314023.1
OG0001343	WP_205219987.1	WP_136799364.1
OG0001344	WP_205217518.1	WP_136795260.1
OG0001347	WP_275888977.1	WP_136798263.1
OG0001348	WP_240192042.1	WP_136797414.1
OG0001350	WP_240192040.1	WP_136798574.1
OG0001351	WP_205218787.1	WP_136798575.1
OG0001353	WP_205218857.1	WP_136795698.1
OG0001354	WP_205218852.1	WP_228721402.1
OG0001355	WP_205218733.1	WP_136796736.1
OG0001356	WP_205217577.1	WP_136795304.1
OG0001357	WP_205218368.1	WP_136795431.1
OG0001359	WP_205217297.1	WP_136795480.1
OG0001361	WP_205217738.1	WP_136797995.1
OG0001362	WP_240191949.1	WP_136796548.1
OG0001363	WP_205218911.1	WP_136797966.1
OG0001364	WP_205219802.1	WP_136798256.1
OG0001365	WP_205218862.1	WP_136796995.1
OG0001367	WP_205218543.1	WP_167495677.1
OG0001368	WP_205217563.1	WP_136799343.1
OG0001370	WP_205219115.1	WP_136797848.1
OG0001374	WP_205218861.1	WP_136796996.1
OG0001378	WP_240191981.1	WP_136795849.1
OG0001379	WP_205218788.1	WP_136798576.1
OG0001382	WP_205217580.1	WP_136795307.1
OG0001385	WP_205218858.1	WP_136795699.1
OG0001388	WP_205218085.1, WP_205217417.1, WP_205217869.1	WP_136797074.1
OG0001389	WP_240192109.1	WP_136795557.1
OG0001390	WP_205219818.1	WP_136797757.1
OG0001391	WP_205217592.1	WP_136796399.1
OG0001394	WP_205219100.1	WP_136797854.1
OG0001395	WP_205219653.1	WP_136797870.1
OG0001397	WP_205217754.1	WP_136798553.1
OG0001399	WP_205217809.1	WP_136797894.1
OG0001401	WP_205217654.1	WP_228721320.1
OG0001403	WP_205219048.1	WP_136796775.1
OG0001404	WP_205219046.1	WP_136796777.1
OG0001405	WP_205219044.1	WP_136796779.1
OG0001406	WP_205219043.1	WP_136796780.1
OG0001407	WP_205217328.1	WP_176360029.1
OG0001408	WP_240191903.1	WP_228721472.1
OG0001409	WP_205217398.1	WP_136796337.1
OG0001410	WP_205217305.1	WP_136795467.1
OG0001411	WP_240191973.1	WP_136796389.1
OG0001414	WP_205220113.1	WP_136795877.1
OG0001416	WP_205219021.1	WP_275942953.1
OG0001417	WP_240191906.1	WP_136798203.1
OG0001418	WP_205218803.1	WP_136799587.1
OG0001419	WP_205218034.1	WP_136798355.1
OG0001420	WP_205218031.1	WP_136798360.1
OG0001421	WP_205218511.1	WP_136796069.1
OG0001425	WP_205219463.1	WP_136798633.1
OG0001427	WP_240192037.1	WP_136796634.1
OG0001428	WP_240192023.1	WP_136796119.1
OG0001429	WP_205218509.1	WP_136796095.1
OG0001430	WP_205219288.1	WP_136797795.1
OG0001431	WP_205219292.1	WP_136799286.1
OG0001434	WP_205219276.1	WP_136799404.1
OG0001435	WP_205219074.1	WP_228721476.1
OG0001436	WP_205220221.1	WP_136797130.1
OG0001440	WP_205218095.1	WP_136798515.1
OG0001441	WP_205217343.1	WP_136795420.1
OG0001442	WP_205219869.1	WP_136795937.1
OG0001443	WP_205219626.1	WP_136795938.1
OG0001444	WP_205217458.1	WP_136798437.1, WP_136795353.1
OG0001445	WP_205217522.1	WP_136795263.1
OG0001446	WP_205217500.1	WP_136795193.1
OG0001447	WP_205217499.1	WP_136795192.1
OG0001448	WP_205217484.1	WP_136795172.1
OG0001450	WP_205218423.1	WP_136795161.1
OG0001451	WP_205218436.1	WP_136795146.1
OG0001452	WP_205218447.1	WP_136795129.1
OG0001454	WP_205218453.1	WP_136795746.1
OG0001456	WP_205218474.1	WP_136799930.1, WP_136797027.1
OG0001458	WP_205217960.1	WP_136798101.1
OG0001459	WP_205217959.1	WP_136798100.1
OG0001460	WP_205218668.1	WP_275942928.1
OG0001461	WP_205219239.1	WP_136796973.1
OG0001462	WP_205219252.1	WP_136796959.1
OG0001463	WP_205218717.1, WP_205219871.1	WP_136798978.1
OG0001464	WP_205219256.1	WP_136796956.1
OG0001465	WP_275888998.1	WP_136796951.1
OG0001466	WP_205219262.1	WP_136796950.1
OG0001467	WP_240192093.1	WP_136795655.1, WP_228721357.1
OG0001469	WP_205218374.1	WP_167495622.1
OG0001470	WP_240192034.1	WP_136798262.1
OG0001472	WP_205217397.1	WP_136798187.1
OG0001476	WP_275888992.1, WP_205219155.1, WP_205219144.1	WP_136796604.1
OG0001479	WP_205219121.1	WP_136797725.1
OG0001481	WP_205217732.1	WP_136797986.1
OG0001483	WP_205219646.1, WP_205220442.1, WP_205220070.1	WP_136798015.1
OG0001484	WP_205220078.1	WP_136797645.1
OG0001485	WP_205218991.1	WP_136797675.1
OG0001486	WP_205219760.1	WP_136795889.1
OG0001487	WP_205219799.1	WP_167495660.1
OG0001488	WP_205218719.1	WP_136796748.1
OG0001489	WP_205218744.1	WP_136796751.1
OG0001507	WP_205220199.1	WP_136796690.1
OG0001508	WP_205219069.1	WP_167495722.1
OG0001510	WP_205218158.1	WP_136795848.1
OG0001513	WP_205218714.1	WP_136797794.1
OG0001514	WP_205219741.1	WP_136796700.1
OG0001515	WP_205219742.1	WP_167495723.1
OG0001516	WP_205219200.1	WP_136796715.1
OG0001517	WP_275888982.1	WP_136799184.1
OG0001518	WP_205218689.1	WP_136796643.1
OG0001519	WP_205218174.1	WP_136798275.1
OG0001520	WP_240192128.1	WP_136798282.1
OG0001521	WP_205218568.1	WP_136799328.1
OG0001522	WP_205217758.1	WP_136798549.1
OG0001523	WP_205217700.1	WP_136797389.1
OG0001524	WP_205219554.1	WP_136795579.1
OG0001525	WP_205220282.1	WP_136799224.1
OG0001527	WP_205219759.1	WP_136795890.1
OG0001528	WP_205220200.1	WP_136796689.1
OG0001529	WP_205219743.1	WP_136796698.1
OG0001530	WP_205218443.1	WP_136795134.1
OG0001531	WP_205218905.1	WP_136797953.1
OG0001532	WP_205219796.1	WP_136795888.1
OG0001534	WP_205217725.1	WP_136798372.1
OG0001534	WP_205219011.1	WP_136796164.1
OG0001535	WP_275888941.1	WP_228721323.1
OG0001536	WP_205219045.1	WP_136796778.1
OG0001540	WP_205217325.1	WP_136796081.1, WP_136796375.1
OG0001542	WP_205219255.1	WP_136798192.1
OG0001546	WP_205217565.1	WP_136795661.1
OG0001547	WP_205217513.1	WP_136795209.1
OG0001551	WP_205218621.1	WP_136798605.1
OG0001553	WP_205217582.1	WP_136799801.1
OG0001554	WP_205217817.1	WP_136799923.1
OG0001556	WP_205220227.1, WP_205218265.1	WP_136797163.1
OG0001557	WP_205219015.1	WP_136795664.1
OG0001558	WP_205220153.1	WP_136795628.1
OG0001559	WP_205219966.1	WP_136798216.1
OG0001567	WP_205220239.1	WP_136796130.1
OG0001576	WP_205218579.1	WP_228721389.1
OG0001578	WP_205219201.1	WP_136796716.1
OG0001580	WP_205219477.1	WP_136797919.1
OG0001582	WP_205219007.1	WP_136797701.1
OG0001589	WP_205218964.1	WP_136799859.1
OG0001592	WP_205219476.1	WP_136797918.1
OG0001593	WP_205217578.1	WP_136795305.1
OG0001596	WP_205218190.1	WP_136798522.1
OG0001600	WP_205219889.1, WP_205218489.1	WP_167495764.1
OG0001601	WP_205220076.1	WP_136799777.1
OG0001602	WP_240191993.1	WP_167495900.1
OG0001605	WP_205218860.1	WP_136799421.1
OG0001606	WP_205218781.1	WP_136798569.1
OG0001608	WP_205217539.1	WP_136797908.1
OG0001609	WP_205220015.1	WP_136795625.1
OG0001610	WP_205218577.1	WP_136797003.1
OG0001611	WP_205218582.1	WP_136797007.1
OG0001614	WP_205219905.1	WP_167495609.1, WP_176360091.1
OG0001615	WP_205218799.1	WP_136799602.1
OG0001619	WP_205218574.1	WP_136798677.1
OG0001624	WP_205220381.1	WP_136799959.1
OG0001625	WP_205219505.1	WP_136798444.1
OG0001626	WP_275888944.1	WP_136798445.1
OG0001628	WP_205219097.1	WP_136797858.1
OG0001633	WP_240192052.1	WP_136795694.1
OG0001634	WP_205218843.1	WP_136795683.1
OG0001635	WP_205217525.1	WP_136795314.1
OG0001636	WP_205218664.1	WP_167495778.1
OG0001637	WP_205219282.1	WP_136798240.1
OG0001639	WP_205218688.1	WP_136796641.1
OG0001640	WP_240192065.1	WP_136796767.1
OG0001641	WP_205219042.1	WP_228721483.1
OG0001644	WP_205217342.1	WP_217907713.1
OG0001649	WP_152943676.1	WP_136795460.1
OG0001650	WP_205217312.1	WP_136795461.1
OG0001651	WP_205217309.1	WP_167495627.1
OG0001658	WP_205219029.1	WP_136796799.1
OG0001659	WP_205219022.1	WP_228721482.1
OG0001660	WP_205218804.1	WP_136797428.1
OG0001661	WP_205218805.1	WP_136797426.1
OG0001664	WP_205219632.1	WP_136798679.1
OG0001665	WP_205219330.1	WP_136796044.1
OG0001666	WP_205218512.1	WP_136796068.1
OG0001669	WP_205220018.1	WP_136795627.1
OG0001670	WP_205218520.1	WP_136796077.1
OG0001671	WP_205218518.1	WP_136796075.1
OG0001672	WP_240192016.1	WP_136795640.1
OG0001673	WP_205218623.1	WP_167495825.1
OG0001675	WP_205217877.1	WP_136796982.1
OG0001679	WP_205217819.1	WP_136799591.1
OG0001680	WP_205218806.1	WP_228721453.1
OG0001681	WP_240192024.1	WP_136796125.1
OG0001682	WP_205218795.1	WP_136798961.1
OG0001685	WP_240191914.1	WP_136795235.1
OG0001686	WP_205218223.1	WP_217907694.1
OG0001687	WP_205218343.1	WP_136796085.1
OG0001693	WP_240192096.1	WP_136799409.1
OG0001694	WP_205219396.1	WP_136799411.1
OG0001696	WP_205220223.1	WP_136797133.1, WP_136798342.1
OG0001698	WP_205217564.1	WP_136796645.1
OG0001699	WP_205219493.1	WP_217907605.1
OG0001700	WP_205218371.1	WP_136795386.1
OG0001701	WP_205217462.1	WP_136795360.1
OG0001703	WP_205217457.1	WP_136795334.1
OG0001705	WP_205217494.1	WP_167495607.1
OG0001706	WP_205217486.1	WP_167495604.1
OG0001707	WP_205217523.1	WP_136796096.1
OG0001709	WP_205218438.1	WP_136795145.1
OG0001713	WP_205219008.1	WP_136797703.1
OG0001715	WP_205219546.1	WP_136795552.1
OG0001717	WP_205220261.1	WP_136798137.1
OG0001718	WP_205217957.1	WP_136798098.1
OG0001719	WP_205217956.1	WP_136798097.1
OG0001720	WP_205219241.1	WP_136796971.1
OG0001721	WP_205219353.1	WP_136795657.1
OG0001725	WP_205218291.1	WP_136798224.1
OG0001726	WP_205218290.1	WP_136798225.1
OG0001728	WP_205217803.1	WP_136799354.1, WP_136795943.1
OG0001729	WP_205218348.1	WP_176360096.1
OG0001734	WP_205219314.1	WP_136796134.1
OG0001735	WP_205219648.1	WP_136798013.1
OG0001738	WP_205218127.1	WP_136795794.1
OG0001740	WP_205217593.1	WP_136796379.1
OG0001741	WP_205217320.1	WP_136796380.1
OG0001743	WP_205220059.1	WP_136795822.1
OG0001744	WP_240192007.1	WP_136795411.1
OG0001745	WP_205218146.1	WP_136795834.1
OG0001746	WP_205218147.1	WP_136795835.1
OG0001752	WP_205220067.1	WP_136795819.1
OG0001753	WP_205220048.1	WP_136796688.1
OG0001754	WP_205219070.1	WP_136796686.1
OG0001755	WP_205218153.1	WP_136795841.1
OG0001756	WP_205218156.1	WP_136795846.1
OG0001758	WP_205218747.1	WP_136799252.1
OG0001759	WP_205219206.1	WP_136796721.1
OG0001760	WP_205219204.1	WP_136796719.1
OG0001761	WP_205219203.1	WP_136796718.1
OG0001762	WP_205219202.1	WP_136796717.1
OG0001764	WP_205218920.1	WP_136797975.1
OG0001768	WP_240191939.1	WP_136798751.1
OG0001769	WP_205217645.1	WP_136798747.1
OG0001771	WP_205217761.1	WP_136798546.1
OG0001772	WP_205218477.1	WP_136797025.1
OG0001773	WP_205218992.1, WP_205220181.1	WP_136797677.1
OG0001774	WP_205219614.1	WP_136799212.1
OG0001777	WP_205217420.1	WP_136796671.1
OG0001778	WP_205217671.1	WP_136798486.1
OG0001779	WP_205219325.1	WP_136796049.1
OG0001780	WP_205219063.1	WP_136796675.1
OG0001788	WP_205219699.1	WP_136797128.1
OG0001797	WP_205218777.1	WP_136799136.1
OG0001799	WP_205218362.1	WP_136795408.1
OG0001802	WP_205218741.1	WP_136798270.1
OG0001803	WP_205219116.1	WP_136797846.1
OG0001806	WP_205217371.1	WP_136796667.1, WP_217907650.1
OG0001812	WP_205220300.1, WP_205220241.1	WP_136796531.1
OG0001813	WP_240191929.1	WP_136798175.1, WP_136795308.1
OG0001822	WP_205218057.1	WP_167495752.1
OG0001837	WP_205217719.1	WP_136798494.1
OG0001838	WP_205217804.1	WP_136798779.1
OG0001840	WP_205217595.1	WP_136796344.1
OG0001842	WP_205219408.1	WP_136795450.1
OG0001850	WP_205220166.1	WP_136796333.1
OG0001868	WP_205219101.1	WP_136797853.1
OG0001869	WP_240192068.1	WP_136797856.1
OG0001879	WP_205217340.1	WP_136796358.1
OG0001880	WP_205217339.1	WP_136796359.1
OG0001881	WP_205217399.1	WP_136796324.1
OG0001882	WP_205217306.1	WP_136795466.1
OG0001884	WP_205219750.1	WP_136798285.1
OG0001885	WP_205220117.1	WP_136795879.1
OG0001886	WP_205217781.1	WP_136798526.1
OG0001887	WP_205217780.1	WP_136798527.1
OG0001888	WP_205219041.1	WP_136796782.1
OG0001889	WP_205217440.1	WP_136799665.1
OG0001890	WP_240191902.1	WP_228721455.1
OG0001891	WP_205218808.1	WP_136797421.1
OG0001902	WP_205218551.1	WP_136796123.1
OG0001904	WP_205219301.1	WP_136797016.1
OG0001905	WP_205219615.1	WP_136799206.1
OG0001906	WP_240191997.1	WP_267314005.1
OG0001909	WP_205219392.1	WP_136799405.1
OG0001911	WP_205219397.1	WP_136799412.1
OG0001924	WP_205217724.1	WP_136798374.1
OG0001925	WP_205219274.1	WP_136798952.1
OG0001926	WP_205217516.1	WP_136795257.1
OG0001928	WP_205217507.1	WP_167495608.1
OG0001930	WP_205219168.1	WP_136795181.1
OG0001934	WP_205219695.1	WP_136799819.1
OG0001935	WP_205218459.1	WP_167495643.1
OG0001936	WP_205220017.1	WP_136795626.1
OG0001937	WP_205220010.1	WP_136795622.1
OG0001939	WP_205219555.1	WP_136795581.1
OG0001942	WP_205218197.1	WP_136798820.1
OG0001943	WP_205217450.1	WP_136798122.1
OG0001944	WP_240191913.1	WP_136798118.1
OG0001945	WP_205219439.1	WP_136798115.1
OG0001946	WP_240192039.1	WP_136798802.1
OG0001947	WP_205218707.1	WP_136798801.1
OG0001948	WP_205217967.1	WP_136798109.1
OG0001949	WP_205217966.1	WP_136798108.1
OG0001950	WP_205217965.1	WP_136798107.1
OG0001951	WP_205217904.1	WP_167495801.1
OG0001953	WP_205219242.1	WP_136796970.1
OG0001954	WP_205219243.1	WP_136796969.1
OG0001955	WP_205219248.1	WP_136796964.1
OG0001960	WP_205218670.1	WP_275942933.1
OG0001963	WP_205218684.1	WP_136796633.1
OG0001964	WP_205220109.1	WP_136795875.1
OG0001965	WP_205219277.1	WP_136798186.1
OG0001967	WP_205220132.1	WP_136795975.1
OG0001970	WP_240191909.1	WP_136798712.1
OG0001971	WP_205219831.1	WP_136797784.1
OG0001973	WP_205218794.1	WP_136798959.1
OG0001974	WP_205220077.1	WP_136797643.1
OG0001976	WP_240191975.1	WP_136798362.1
OG0001977	WP_205218995.1	WP_136797682.1
OG0001979	WP_205218665.1	WP_136797699.1
OG0001980	WP_205219010.1	WP_167495779.1
OG0001984	WP_240191989.1	WP_228721509.1
OG0001985	WP_205218120.1	WP_153305561.1
OG0001986	WP_205218720.1	WP_136796747.1
OG0001987	WP_205218723.1	WP_136796743.1
OG0001988	WP_205218724.1	WP_136796742.1
OG0001990	WP_205218727.1	WP_167495726.1
OG0001991	WP_205219773.1	WP_136799272.1
OG0001992	WP_205218743.1	WP_136796750.1
OG0001994	WP_205220060.1	WP_228721338.1
OG0001995	WP_205220058.1	WP_136795823.1
OG0001996	WP_205220057.1	WP_136795824.1
OG0001997	WP_205220056.1	WP_136795825.1
OG0001999	WP_205218957.1	WP_136799853.1
OG0002004	WP_205218962.1	WP_136799857.1
OG0002005	WP_205219190.1	WP_228721349.1
OG0002006	WP_205218745.1	WP_136799249.1
OG0002009	WP_205220082.1	WP_136797652.1
OG0002010	WP_205219198.1	WP_136796710.1
OG0002011	WP_205218883.1	WP_136799188.1
OG0002012	WP_205219131.1	WP_136799107.1
OG0002013	WP_205218914.1	WP_136797969.1
OG0002014	WP_205218913.1	WP_136797968.1
OG0002015	WP_205218900.1	WP_136797948.1
OG0002016	WP_205217644.1	WP_136798746.1
OG0002017	WP_205217641.1	WP_228721380.1
OG0002018	WP_205217640.1	WP_136798742.1
OG0002019	WP_205217639.1	WP_136798741.1
OG0002020	WP_205217615.1	WP_136798717.1
OG0002021	WP_205218178.1	WP_136798279.1
OG0002024	WP_205217400.1	WP_136796323.1
OG0002025	WP_205220055.1	WP_136795826.1
OG0002026	WP_205219240.1	WP_136796972.1
OG0002028	WP_205219181.1	WP_136796655.1
OG0002029	WP_205218318.1	WP_136796381.1
OG0002030	WP_205218785.1	WP_167495826.1
OG0002033	WP_205218755.1	WP_217907719.1
OG0002036	WP_205218934.1	WP_136795618.1
OG0002037	WP_205220168.1	WP_136797884.1
OG0002042	WP_205220000.1	WP_136799813.1, WP_136799919.1
OG0002046	WP_205219443.1	WP_136798111.1
OG0002047	WP_205217983.1	WP_136797263.1
OG0002051	WP_205220159.1	WP_136797582.1
OG0002054	WP_205218661.1	WP_136799375.1
OG0002057	WP_205220328.1	WP_136795471.1
OG0002058	WP_205218836.1	WP_136798973.1
OG0002059	WP_205218834.1	WP_136798975.1
OG0002060	WP_205218315.1	WP_176359996.1, WP_136797547.1
OG0002061	WP_205219112.1, WP_205219105.1	WP_136796154.1
OG0002062	WP_205218754.1	WP_136799147.1
OG0002068	WP_205217303.1	WP_136797402.1
OG0002071	WP_205220298.1	WP_136798934.1, WP_217907630.1
OG0002072	WP_205217975.1	WP_136798414.1, WP_167495920.1
OG0002074	WP_240192103.1	WP_167495691.1, WP_228721319.1
OG0002076	WP_205217473.1, WP_205218272.1	WP_136798407.1
OG0002078	WP_205217670.1	WP_136795500.1
OG0002079	WP_205217675.1	WP_136795468.1
OG0002081	WP_205218311.1	WP_136799304.1
OG0002082	WP_205218322.1	WP_136798288.1
OG0002083	WP_205218702.1	WP_136799620.1
OG0002084	WP_205218926.1	WP_136798331.1
OG0002085	WP_275889006.1, WP_205219471.1	WP_275942952.1
OG0002086	WP_205219512.1	WP_136796935.1
OG0002087	WP_205219622.1	WP_136795926.1
OG0002088	WP_205219876.1	WP_136798841.1
OG0002089	WP_205220009.1	WP_136798591.1
OG0002090	WP_205220107.1	WP_136795287.1
OG0002092	WP_240192088.1	WP_136796157.1
OG0002119	WP_205219716.1	WP_167495811.1
OG0002124	WP_205219977.1	WP_136797086.1, WP_136796856.1
OG0002126	WP_205219219.1	WP_136795540.1
OG0002127	WP_205219351.1	WP_136796479.1
OG0002128	WP_205220130.1	WP_136798493.1
OG0002139	WP_205220041.1	WP_136796578.1
OG0002151	WP_205220043.1	WP_136799965.1
OG0002155	WP_240191955.1	WP_136797887.1
OG0002158	WP_205218859.1	WP_136795701.1
OG0002161	WP_205218687.1	WP_136796640.1
OG0002162	WP_205219055.1	WP_136796765.1
OG0002163	WP_205218535.1	WP_228721484.1
OG0002167	WP_205217304.1	WP_136798668.1
OG0002178	WP_240192141.1	WP_136796890.1
OG0002179	WP_205218523.1	WP_136796080.1
OG0002180	WP_205218522.1	WP_136796079.1
OG0002181	WP_205218521.1	WP_136796078.1
OG0002182	WP_205218519.1	WP_136796076.1
OG0002184	WP_205217481.1	WP_136798581.1
OG0002185	WP_205218784.1	WP_136798572.1
OG0002186	WP_205218782.1	WP_136798570.1
OG0002189	WP_205217551.1	WP_136798428.1
OG0002192	WP_205218058.1	WP_136797175.1
OG0002193	WP_240192021.1	WP_136796099.1
OG0002194	WP_205218365.1	WP_228721421.1
OG0002195	WP_205218342.1	WP_136796086.1
OG0002202	WP_205218264.1	WP_136798252.1
OG0002204	WP_205218070.1	WP_136798185.1
OG0002210	WP_205218373.1, WP_205218372.1	WP_136795385.1
OG0002211	WP_275888969.1	WP_136795382.1
OG0002212	WP_205218589.1	WP_136799305.1
OG0002213	WP_205217460.1	WP_136795358.1
OG0002214	WP_205217723.1	WP_136798375.1
OG0002215	WP_205217722.1	WP_136798376.1
OG0002216	WP_205217561.1	WP_228721429.1
OG0002217	WP_205220083.1	WP_136797656.1
OG0002220	WP_205217483.1	WP_136795171.1
OG0002225	WP_205218463.1	WP_136799822.1
OG0002226	WP_205218464.1	WP_136799821.1
OG0002235	WP_205220265.1	WP_136798134.1
OG0002236	WP_205220270.1	WP_228721398.1
OG0002237	WP_205217613.1	WP_136798125.1
OG0002240	WP_205219355.1	WP_217907621.1
OG0002243	WP_205219803.1	WP_136798253.1
OG0002252	WP_240191952.1	WP_136797994.1
OG0002253	WP_205217750.1	WP_136798007.1
OG0002259	WP_205218998.1	WP_136797688.1
OG0002265	WP_205217353.1	WP_136796289.1
OG0002273	WP_240192137.1	WP_136795680.1
OG0002290	WP_205217660.1	WP_136796538.1
OG0002292	WP_205217753.1	WP_136798554.1
OG0002293	WP_205218709.1	WP_136798803.1
OG0002301	WP_205220269.1	WP_136798127.1
OG0002308	WP_240192043.1	WP_136795363.1
OG0002309	WP_205218339.1	WP_136796090.1
OG0002318	WP_205218896.1	WP_228721461.1
OG0002319	WP_205217534.1	WP_136797807.1
OG0002321	WP_275888933.1	WP_136799893.1
OG0002324	WP_205218662.1	WP_228721477.1
OG0002328	WP_205219492.1	WP_136796513.1
OG0002345	WP_205218411.1	WP_136795635.1
OG0002346	WP_205218410.1	WP_136795636.1
OG0002353	WP_240192048.1	WP_136797168.1
OG0002355	WP_205218935.1	WP_136796005.1
OG0002357	WP_275888949.1	WP_167495734.1
OG0002362	WP_205219998.1	WP_136797637.1
OG0002365	WP_205220092.1	WP_136796148.1
OG0002366	WP_205218895.1	WP_136798630.1
OG0002367	WP_205218160.1	WP_228721337.1
OG0002371	WP_205217668.1	WP_136797832.1
OG0002372	WP_205217701.1	WP_136799299.1
OG0002374	WP_205218081.1	WP_136796832.1
OG0002375	WP_205218083.1, WP_205218409.1	WP_136797023.1
OG0002380	WP_205219228.1	WP_136797540.1
OG0002381	WP_205218364.1	WP_136799376.1
OG0002382	WP_205218383.1	WP_136795717.1, WP_136797933.1, WP_136800005.1
OG0002383	WP_205218552.1	WP_136796866.1
OG0002384	WP_205218792.1, WP_240191963.1	WP_136797234.1
OG0002385	WP_205218793.1	WP_136798164.1
OG0002386	WP_205218798.1	WP_136798977.1
OG0002388	WP_205218842.1	WP_136795682.1
OG0002390	WP_205219030.1	WP_136796798.1
OG0002391	WP_205219104.1	WP_136795279.1
OG0002392	WP_205219207.1	WP_136795957.1
OG0002393	WP_205219234.1	WP_136797190.1
OG0002394	WP_205219472.1	WP_136796668.1
OG0002395	WP_205219526.1	WP_136797347.1
OG0002396	WP_205219633.1	WP_167495685.1, WP_136799336.1
OG0002398	WP_205219875.1	WP_136795313.1
OG0002399	WP_205219953.1	WP_136796522.1
OG0002399	WP_205219952.1	WP_136796523.1
OG0002400	WP_240192138.1	WP_136798656.1, WP_136797259.1
OG0002401	WP_275888938.1	WP_136795662.1
OG0002439	WP_240192050.1	WP_136797397.1
OG0002446	WP_205217322.1	WP_176360031.1
OG0002457	WP_205218694.1	WP_136799642.1
OG0002469	WP_205218663.1	WP_136798671.1
OG0002483	WP_205219865.1	WP_136799920.1
OG0002497	WP_205219313.1	WP_136797772.1
OG0002506	WP_205219589.1	WP_228721501.1
OG0002509	WP_205219489.1	WP_136796515.1
OG0002520	WP_240192147.1	WP_228721458.1
OG0002524	WP_205218061.1	WP_136797179.1
OG0002531	WP_205218660.1	WP_136799035.1
OG0002535	WP_205217318.1	WP_136796826.1
OG0002571	WP_205217351.1	WP_136797530.1
OG0002580	WP_205219841.1	WP_136798306.1
OG0002581	WP_205219278.1, WP_205219416.1	WP_136795919.1
OG0002584	WP_205219004.1	WP_136797691.1
OG0002622	WP_205218510.1	WP_136795647.1
OG0002636	WP_205219312.1	WP_136797770.1
OG0002641	WP_205218566.1	WP_136797012.1
OG0002656	WP_275888950.1	WP_136799027.1
OG0002675	WP_205217810.1	WP_136797890.1
OG0002708	WP_205219844.1	WP_136798451.1
OG0002712	WP_205220296.1	WP_136795246.1
OG0002717	WP_205217540.1	WP_228721409.1
OG0002718	WP_205219118.1	WP_167495719.1
OG0002719	WP_205219616.1	WP_136798631.1
OG0002725	WP_205220392.1	WP_267314027.1
OG0002727	WP_205217367.1	WP_136796669.1
OG0002729	WP_205217669.1	WP_136799643.1
OG0002730	WP_205217680.1	WP_136798843.1, WP_136795904.1
OG0002731	WP_205217814.1, WP_205220230.1	WP_136795427.1
OG0002732	WP_205217830.1	WP_275942941.1
OG0002733	WP_205217976.1	WP_136797374.1, WP_136799785.1
OG0002736	WP_205218332.1	WP_167495671.1
OG0002737	WP_205218370.1	WP_136795237.1
OG0002738	WP_205218382.1	WP_136795963.1
OG0002739	WP_205218398.1	WP_167495784.1
OG0002741	WP_205218556.1	WP_136795244.1
OG0002742	WP_205218601.1	WP_217907582.1
OG0002743	WP_205218710.1	WP_136798882.1
OG0002744	WP_205219031.1	WP_136796797.1
OG0002745	WP_205219032.1	WP_136796796.1
OG0002746	WP_205219356.1	WP_275942940.1, WP_136797634.1
OG0002747	WP_205219399.1	WP_136797965.1
OG0002748	WP_205219401.1	WP_136799303.1
OG0002750	WP_205219516.1	WP_136799612.1
OG0002752	WP_205219703.1, WP_240192121.1	WP_136797106.1
OG0002753	WP_205219720.1	WP_136797080.1
OG0002754	WP_205219858.1	WP_136798614.1, WP_136798612.1
OG0002755	WP_205219927.1	WP_136798699.1, WP_136799973.1
OG0002756	WP_205220026.1	WP_136797101.1
OG0002757	WP_205220119.1	WP_136795882.1
OG0002758	WP_205220327.1	WP_136795771.1
OG0002760	WP_275888976.1	WP_136799389.1
OG0002822	WP_205218417.1	WP_136796272.1
OG0002837	WP_205218560.1	WP_136799370.1
OG0002861	WP_205219794.1	WP_136799963.1
OG0002907	WP_205219415.1	WP_136795499.1
OG0002908	WP_205218299.1	WP_136797465.1
OG0002981	WP_205219842.1	WP_153305556.1
OG0003057	WP_205218722.1	WP_136796744.1
OG0003076	WP_205218907.1	WP_136797516.1
OG0003138	WP_205217360.1	WP_136798868.1, WP_136799660.1
OG0003152	WP_205218576.1	WP_136797002.1
OG0003162	WP_205217359.1	WP_136796819.1
OG0003163	WP_205217390.1	WP_136799724.1
OG0003165	WP_205217402.1	WP_217907695.1
OG0003167	WP_205217466.1	WP_136797481.1
OG0003168	WP_205217467.1	WP_228721353.1
OG0003170	WP_205217571.1	WP_167495638.1
OG0003172	WP_205217856.1	WP_136795965.1
OG0003173	WP_205218025.1	WP_136799516.1
OG0003177	WP_205218228.1	WP_136797258.1
OG0003178	WP_205218313.1, WP_205219938.1	WP_136797542.1
OG0003179	WP_205218341.1	WP_136796088.1
OG0003180	WP_205218406.1	WP_136795644.1
OG0003182	WP_205218484.1	WP_136797433.1
OG0003183	WP_205218565.1	WP_136796232.1
OG0003184	WP_205218596.1	WP_136799315.1
OG0003185	WP_205218597.1	WP_228721442.1
OG0003186	WP_205218686.1	WP_228721378.1
OG0003187	WP_205218772.1	WP_136797243.1
OG0003188	WP_205218841.1	WP_136795681.1
OG0003189	WP_205218844.1	WP_136795684.1
OG0003190	WP_205218847.1	WP_136795687.1
OG0003191	WP_205218849.1	WP_136795689.1
OG0003192	WP_205218855.1	WP_136795696.1
OG0003193	WP_205218856.1	WP_228721403.1
OG0003194	WP_205218885.1	WP_136797493.1
OG0003195	WP_205218988.1	WP_136797663.1
OG0003199	WP_205219426.1	WP_136799844.1
OG0003202	WP_205219639.1	WP_136795218.1
OG0003203	WP_205219677.1, WP_205219664.1, WP_205220377.1	WP_136799540.1
OG0003204	WP_205219717.1	WP_136797083.1
OG0003205	WP_205219718.1	WP_217907674.1
OG0003206	WP_205219733.1	WP_136795707.1
OG0003209	WP_205219986.1	WP_136799173.1
OG0003213	WP_240192045.1	WP_136795691.1
OG0003214	WP_240192104.1	WP_136798690.1
OG0003215	WP_240192118.1	WP_136797105.1
OG0003216	WP_240192156.1	WP_136799234.1, WP_136795646.1
OG0003219	WP_275889038.1	WP_136796397.1
OG0003488	WP_205217387.1	WP_136797330.1
OG0003562	WP_205219279.1	WP_217907701.1
OG0003822	WP_205217370.1	WP_136796666.1
OG0003828	WP_205217672.1	WP_136795902.1
OG0003829	WP_205217674.1	WP_228721332.1
OG0003831	WP_205217715.1	WP_136798495.1
OG0003832	WP_205217727.1	WP_136798370.1
OG0003834	WP_205217778.1	WP_167495662.1
OG0003837	WP_205217972.1	WP_136797236.1
OG0003838	WP_205218022.1	WP_136796175.1
OG0003839	WP_205218082.1	WP_136795679.1
OG0003840	WP_205218099.1	WP_136797290.1
OG0003844	WP_205218222.1	WP_136798517.1
OG0003845	WP_205218278.1	WP_136796859.1
OG0003846	WP_205218284.1	WP_136795676.1
OG0003849	WP_205218377.1	WP_136798877.1
OG0003850	WP_205218386.1	WP_228721351.1
OG0003851	WP_205218387.1	WP_136799799.1
OG0003852	WP_205218573.1	WP_136796226.1
OG0003853	WP_205218715.1	WP_136799205.1
OG0003858	WP_205218966.1	WP_136799861.1
OG0003859	WP_205219275.1	WP_136798184.1
OG0003864	WP_205219422.1, WP_205219704.1	WP_167495910.1
OG0003868	WP_205219908.1	WP_136798883.1
OG0003872	WP_205219954.1	WP_136796521.1
OG0003873	WP_205219956.1	WP_136796519.1
OG0003880	WP_240192131.1	WP_136796915.1
OG0004914	WP_205217385.1	WP_136798479.1
OG0004917	WP_205217465.1	WP_136796875.1
OG0004942	WP_205218399.1	WP_136798636.1
OG0004952	WP_205218760.1	WP_136798941.1
OG0004954	WP_205218775.1	WP_136798822.1
OG0004959	WP_205219134.1	WP_136795377.1
OG0004976	WP_205219524.1	WP_167495848.1
OG0004980	WP_205219673.1	WP_136799953.1
OG0004986	WP_205219855.1	WP_176360085.1
OG0004996	WP_205219973.1	WP_136796852.1
OG0005003	WP_205220129.1	WP_136799655.1
OG0005014	WP_205220295.1	WP_136799870.1
