Orthogroup	Geobacter sulfurreducens PCA	Desulfovibrio ferrophilus IS5
OG0000000	WP_010941477.1	WP_126376458.1
OG0000000	WP_010943217.1	WP_126376149.1, WP_126379949.1
OG0000000	WP_010941668.1, WP_010942297.1	WP_126379731.1
OG0000000	WP_010943144.1, WP_010941701.1	WP_172961679.1
OG0000000	WP_010941027.1	WP_126377754.1, WP_126380558.1
OG0000000	WP_010943112.1, WP_232008971.1	WP_172961667.1
OG0000000	WP_010943974.1	WP_126377909.1
OG0000000	WP_010941040.1, WP_010941138.1	WP_126377956.1
OG0000001	WP_010942201.1	WP_126376510.1, WP_172961810.1
OG0000001	WP_010942515.1, WP_235044972.1	WP_126375573.1, WP_126379609.1
OG0000001	WP_010943962.1, WP_010943987.1, WP_010942950.1, WP_010942288.1, WP_010942315.1	WP_172961793.1, WP_126380918.1, WP_126377950.1
OG0000001	WP_010941474.1	WP_126376869.1
OG0000001	WP_010943599.1, WP_010942049.1	WP_197723432.1
OG0000001	WP_010941210.1	WP_172961701.1
OG0000002	WP_010942002.1	WP_197723458.1
OG0000002	WP_010943582.1	WP_126377640.1
OG0000002	WP_165443456.1	WP_126376855.1
OG0000002	WP_010943290.1	WP_126378098.1
OG0000003	WP_010943291.1, WP_010941584.1, WP_010943573.1, WP_010943215.1, WP_010942023.1, WP_010941692.1, WP_010941415.1, WP_010941693.1, WP_010941068.1, WP_262421270.1, WP_010941696.1, WP_010941069.1, WP_010941695.1, WP_010941697.1, WP_010941408.1, WP_010941603.1, WP_010941245.1, WP_010943777.1	WP_126378962.1, WP_269471680.1, WP_126378451.1, WP_126375592.1, WP_232034903.1, WP_126377874.1, WP_126375919.1, WP_172961665.1, WP_126377852.1, WP_126380591.1, WP_172961734.1, WP_126378859.1, WP_126377940.1, WP_232034842.1, WP_126378861.1, WP_126380680.1, WP_172961561.1, WP_126379689.1, WP_126378840.1, WP_126380863.1
OG0000003	WP_010941702.1	WP_126377796.1
OG0000004	WP_010941506.1	WP_126379990.1
OG0000005	WP_010941379.1	WP_172961757.1, WP_126376141.1, WP_126378870.1, WP_126378672.1, WP_126380638.1, WP_126377858.1, WP_126379076.1, WP_126376307.1
OG0000005	WP_010941920.1	WP_126379727.1, WP_172961688.1
OG0000005	WP_010943211.1, WP_010941570.1, WP_235044858.1, WP_235044992.1	WP_172961730.1
OG0000007	WP_010942419.1	WP_126381476.1
OG0000007	WP_010942909.1	WP_126375925.1
OG0000007	WP_010943050.1	WP_126381411.1
OG0000007	WP_010941994.1	WP_126375605.1, WP_126379380.1
OG0000008	WP_010941163.1	WP_126379377.1
OG0000008	WP_010941060.1	WP_126380866.1
OG0000008	WP_010943303.1	WP_126376430.1
OG0000009	WP_010943210.1	WP_126376614.1
OG0000009	WP_010941672.1	WP_126381017.1
OG0000009	WP_010943260.1, WP_010942584.1	WP_126381118.1
OG0000009	WP_010942298.1	WP_126380358.1
OG0000010	WP_010942493.1	WP_126380086.1, WP_172961677.1
OG0000010	WP_010942893.1	WP_172961672.1
OG0000010	WP_010942620.1	WP_126380060.1
OG0000010	WP_010942601.1	WP_232034795.1
OG0000010	WP_235044891.1	WP_172961742.1
OG0000010	WP_010941657.1	WP_126375855.1
OG0000011	WP_010942699.1	WP_126381100.1, WP_126380384.1
OG0000012	WP_010941439.1, WP_010941262.1, WP_010941254.1, WP_144011898.1, WP_010941041.1, WP_010941630.1, WP_010943129.1	WP_126380912.1
OG0000013	WP_235044968.1, WP_010943331.1, WP_010942065.1	WP_126376628.1
OG0000013	WP_010941970.1, WP_010941778.1	WP_126381347.1, WP_232034900.1, WP_126378023.1, WP_126378033.1, WP_126379737.1, WP_126376569.1, WP_126379729.1, WP_126376573.1
OG0000015	WP_010943159.1	WP_126376089.1
OG0000015	WP_010940939.1, WP_010943414.1	WP_126377238.1
OG0000015	WP_010941995.1	WP_172961650.1, WP_126376871.1
OG0000016	WP_010941944.1	WP_126376801.1
OG0000016	WP_010942863.1, WP_010942852.1	WP_126376256.1
OG0000016	WP_010941569.1	WP_126376356.1, WP_172961559.1
OG0000016	WP_010942859.1, WP_010942689.1	WP_126378703.1
OG0000018	WP_010942615.1, WP_010941284.1	WP_232034885.1
OG0000018	WP_010944069.1	WP_126378455.1
OG0000019	WP_010941763.1	WP_126380934.1
OG0000021	WP_010943262.1	WP_126380735.1
OG0000021	WP_010943261.1	WP_126379959.1, WP_126381453.1, WP_126379546.1
OG0000023	WP_010943047.1	WP_126379217.1
OG0000024	WP_010940864.1	WP_126381489.1
OG0000024	WP_010941582.1	WP_126380860.1
OG0000026	WP_010943583.1	WP_126380892.1
OG0000026	WP_010942793.1	WP_126379565.1
OG0000026	WP_010943263.1, WP_010941067.1	WP_126379060.1, WP_126380889.1
OG0000027	WP_010941441.1	WP_126376537.1, WP_126377878.1
OG0000028	WP_010941609.1	WP_126381116.1, WP_126376567.1, WP_126378035.1, WP_126379735.1, WP_126378025.1
OG0000029	WP_010941460.1	WP_126380700.1
OG0000030	WP_010944016.1	WP_126375863.1
OG0000030	WP_010943289.1	WP_126376853.1, WP_232034763.1
OG0000031	WP_010940767.1	WP_126376771.1
OG0000032	WP_010943846.1	WP_232034896.1
OG0000033	WP_010943225.1	WP_232034906.1
OG0000033	WP_010941969.1	WP_126380666.1
OG0000035	WP_010943212.1, WP_010941571.1	WP_232034774.1, WP_126381133.1, WP_172961635.1
OG0000038	WP_010940700.1	WP_232034908.1
OG0000038	WP_010943808.1	WP_126376738.1
OG0000039	WP_010943224.1	WP_126378255.1
OG0000040	WP_010942495.1	WP_172961731.1
OG0000042	WP_010943811.1	WP_126379529.1
OG0000042	WP_010942434.1	WP_126377521.1
OG0000043	WP_010941851.1	WP_126380936.1
OG0000045	WP_010942953.1	WP_126378830.1
OG0000045	WP_010942993.1, WP_010942278.1, WP_010942368.1	WP_232034928.1
OG0000045	WP_010942204.1	WP_126379890.1
OG0000046	WP_010941543.1	WP_126379445.1
OG0000047	WP_010942630.1	WP_172961739.1
OG0000047	WP_262421271.1	WP_172961741.1
OG0000048	WP_010942268.1	WP_126381030.1
OG0000051	WP_010940766.1	WP_126376773.1, WP_126379995.1
OG0000053	WP_010941160.1	WP_126381249.1
OG0000053	WP_010942464.1	WP_126377151.1
OG0000055	WP_010942902.1	WP_126379655.1
OG0000057	WP_010943773.1	WP_172961733.1
OG0000058	WP_010942454.1	WP_126375819.1
OG0000060	WP_041913993.1	WP_126379040.1, WP_232034744.1
OG0000061	WP_010942269.1	WP_126381032.1
OG0000062	WP_010942081.1	WP_126380870.1, WP_126379963.1, WP_126379859.1
OG0000063	WP_010942168.1, WP_010942767.1	WP_126380494.1
OG0000064	WP_010941366.1, WP_010943519.1, WP_010943509.1, WP_010941276.1, WP_010943894.1	WP_126377057.1
OG0000064	WP_010943928.1	WP_232034920.1
OG0000065	WP_010941490.1	WP_126379932.1
OG0000065	WP_010942732.1	WP_126379160.1
OG0000067	WP_010942082.1	WP_126379961.1, WP_126379861.1, WP_126380869.1
OG0000069	WP_010943436.1, WP_010943903.1, WP_010943616.1	WP_126379705.1
OG0000069	WP_010942028.1	WP_126381140.1
OG0000070	WP_010942896.1	WP_126378422.1, WP_232034886.1
OG0000070	WP_010943652.1	WP_126376492.1
OG0000071	WP_010942652.1	WP_126379791.1, WP_126376680.1
OG0000071	WP_010942375.1	WP_126381068.1
OG0000071	WP_010944002.1	WP_126378395.1
OG0000072	WP_010942651.1	WP_126379789.1, WP_126376668.1
OG0000072	WP_010942376.1, WP_010944003.1	WP_126381070.1
OG0000074	WP_010943161.1	WP_126380953.1
OG0000074	WP_010940892.1	WP_126379593.1
OG0000075	WP_010944017.1	WP_126375865.1
OG0000075	WP_010941466.1	WP_126380626.1
OG0000076	WP_010941344.1, WP_010941953.1, WP_010941955.1, WP_010941803.1	WP_126375693.1, WP_126381049.1
OG0000076	WP_010940969.1, WP_010943214.1, WP_010943053.1	WP_126377024.1
OG0000076	WP_010942860.1, WP_010942858.1	WP_172961659.1
OG0000077	WP_010942316.1	WP_126379711.1
OG0000077	WP_010941855.1	WP_126377449.1
OG0000078	WP_010942352.1	WP_172961764.1
OG0000079	WP_010942999.1	WP_232034839.1
OG0000081	WP_010940930.1	WP_126380364.1
OG0000081	WP_010943560.1, WP_010943273.1, WP_010941703.1	WP_126376897.1
OG0000081	WP_010941070.1	WP_126375794.1
OG0000082	WP_010941678.1, WP_010943655.1	WP_172961569.1, WP_232034762.1, WP_126379022.1, WP_126377927.1, WP_126380332.1, WP_126380330.1
OG0000084	WP_010943981.1	WP_172961782.1, WP_126379819.1
OG0000085	WP_010940999.1, WP_010940757.1	WP_126381273.1
OG0000087	WP_010942653.1	WP_126376666.1, WP_126379228.1
OG0000088	WP_010941945.1	WP_126376803.1
OG0000088	WP_010940968.1, WP_010942862.1, WP_010943817.1	WP_126376259.1
OG0000091	WP_010942248.1	WP_126379497.1
OG0000092	WP_010942735.1, WP_010941590.1	WP_126378232.1
OG0000093	WP_010941779.1	WP_126377889.1, WP_126380751.1
OG0000094	WP_010943189.1	WP_126379747.1
OG0000095	WP_010942900.1	WP_232034876.1
OG0000097	WP_010941879.1	WP_126379277.1, WP_126380356.1
OG0000098	WP_010942377.1	WP_126381073.1
OG0000098	WP_010944004.1	WP_126376676.1, WP_126379787.1
OG0000098	WP_010942650.1	WP_126381415.1, WP_126378399.1
OG0000100	WP_010941165.1	WP_126380829.1, WP_232034760.1
OG0000101	WP_010943782.1	WP_126380553.1
OG0000101	WP_010943090.1	WP_126376877.1
OG0000102	WP_010941507.1	WP_126375587.1
OG0000103	WP_010941607.1, WP_010942480.1	WP_126375876.1
OG0000104	WP_262421275.1	WP_126377346.1, WP_126377988.1
OG0000105	WP_010942250.1, WP_010941127.1, WP_010941128.1	WP_126379501.1
OG0000106	WP_010943341.1	WP_126380444.1
OG0000110	WP_010941804.1	WP_232034912.1
OG0000110	WP_235044926.1, WP_010942855.1, WP_010940967.1	WP_126379985.1, WP_126376245.1
OG0000112	WP_010942274.1	WP_126377306.1, WP_126379449.1
OG0000114	WP_010943165.1	WP_126377356.1
OG0000115	WP_010943892.1	WP_126377362.1
OG0000115	WP_010944056.1	WP_126376861.1
OG0000116	WP_010943682.1	WP_126376215.1
OG0000117	WP_010941759.1	WP_126380925.1
OG0000118	WP_010941758.1	WP_126381543.1
OG0000119	WP_010942000.1, WP_010942001.1	WP_126377868.1
OG0000120	WP_010942080.1	WP_126377828.1
OG0000123	WP_010941806.1	WP_126376807.1
OG0000126	WP_010943126.1	WP_126379210.1
OG0000128	WP_010941589.1, WP_010943853.1	WP_232034755.1
OG0000129	WP_010943266.1, WP_010943778.1	WP_126376839.1
OG0000130	WP_235044863.1	WP_126380098.1
OG0000130	WP_010942184.1	WP_126379042.1
OG0000131	WP_010942881.1	WP_126380299.1
OG0000132	WP_010942507.1	WP_126380313.1
OG0000132	WP_010942113.1	WP_126378656.1
OG0000132	WP_010943057.1	WP_126375702.1
OG0000133	WP_010941757.1	WP_232034812.1
OG0000136	WP_010941670.1	WP_126377707.1
OG0000138	WP_010941764.1	WP_232034766.1
OG0000142	WP_010942899.1	WP_126377727.1
OG0000143	WP_010943891.1	WP_126376543.1, WP_126377487.1, WP_126375622.1
OG0000144	WP_010941482.1	WP_126379267.1
OG0000145	WP_010942949.1	WP_126376563.1
OG0000146	WP_010940761.1	WP_126375706.1, WP_126380631.1
OG0000147	WP_010942428.1	WP_126378684.1
OG0000149	WP_010941535.1, WP_010943114.1	WP_126379665.1
OG0000150	WP_010943710.1	WP_126377334.1
OG0000152	WP_010942382.1	WP_126377470.1
OG0000152	WP_010942374.1	WP_126381066.1, WP_172961651.1
OG0000153	WP_010943806.1, WP_010941511.1	WP_126377256.1, WP_126380676.1, WP_126379795.1
OG0000154	WP_164930455.1	WP_126375840.1
OG0000154	WP_010943751.1	WP_126380855.1
OG0000155	WP_010943603.1	WP_126378376.1
OG0000155	WP_010943552.1	WP_126377489.1
OG0000158	WP_010941382.1	WP_126379801.1, WP_126378159.1
OG0000159	WP_010943532.1	WP_126380841.1
OG0000160	WP_010941051.1, WP_010940903.1	WP_126379093.1
OG0000161	WP_010942875.1	WP_232034768.1, WP_126378650.1
OG0000163	WP_010940702.1, WP_010942942.1	WP_126378343.1
OG0000164	WP_010941317.1	WP_126377539.1
OG0000165	WP_010940970.1, WP_010942130.1, WP_010943009.1	WP_232034880.1
OG0000166	WP_010943267.1	WP_126377850.1, WP_126376718.1
OG0000167	WP_010943983.1, WP_010941150.1	WP_126380541.1
OG0000168	WP_010942284.1, WP_010941998.1, WP_010943207.1, WP_010941202.1	WP_126381182.1, WP_126381180.1, WP_126375657.1, WP_126375553.1
OG0000169	WP_010942556.1	WP_126376755.1, WP_126376344.1
OG0000170	WP_010942052.1	WP_126377170.1
OG0000174	WP_010944064.1	WP_126378921.1
OG0000174	WP_235044909.1	WP_126378915.1
OG0000176	WP_010940798.1	WP_126377398.1
OG0000179	WP_010943665.1	WP_126379401.1, WP_126379755.1, WP_126377123.1, WP_126377121.1, WP_126378894.1, WP_126375971.1, WP_126379261.1
OG0000180	WP_010941864.1	WP_126376686.1, WP_126376684.1
OG0000181	WP_010942627.1	WP_126380072.1, WP_172961740.1, WP_126380100.1
OG0000183	WP_010941007.1	WP_126380586.1, WP_126375665.1
OG0000184	WP_010943067.1	WP_126380301.1
OG0000185	WP_041914029.1	WP_126378072.1
OG0000186	WP_010941475.1, WP_010942088.1	WP_126376620.1
OG0000187	WP_010943488.1	WP_126376003.1
OG0000188	WP_010942212.1, WP_193360263.1	WP_126380802.1
OG0000189	WP_010943971.1, WP_010942239.1, WP_010941595.1, WP_010941596.1	WP_126379679.1
OG0000190	WP_010943251.1	WP_126377864.1
OG0000191	WP_010941690.1	WP_172961744.1
OG0000192	WP_010940935.1	WP_232034818.1
OG0000192	WP_010941861.1	WP_126379340.1
OG0000196	WP_010941009.1	WP_126380588.1, WP_126375667.1
OG0000199	WP_010940692.1, WP_010943043.1	WP_126375709.1
OG0000200	WP_010940782.1	WP_126376251.1, WP_126381637.1, WP_126380297.1
OG0000201	WP_010942481.1, WP_010941167.1	WP_126377684.1
OG0000202	WP_010944059.1, WP_010943805.1, WP_010941512.1	WP_126376358.1, WP_126375680.1
OG0000205	WP_275450049.1	WP_172961692.1, WP_126380899.1
OG0000207	WP_010942266.1	WP_126380263.1, WP_126381038.1
OG0000208	WP_010942265.1	WP_126381041.1
OG0000209	WP_010942096.1	WP_126378432.1
OG0000210	WP_010941518.1	WP_126379481.1
OG0000211	WP_010940834.1	WP_126378828.1, WP_197723434.1, WP_126377139.1
OG0000213	WP_010942048.1	WP_126379561.1
OG0000215	WP_010942713.1	WP_126379387.1
OG0000216	WP_010943613.1	WP_126380832.1
OG0000217	WP_010942056.1	WP_126377388.1, WP_126376654.1
OG0000218	WP_010941105.1	WP_126377380.1
OG0000219	WP_010942171.1	WP_126377392.1
OG0000220	WP_010941820.1	WP_126378751.1
OG0000221	WP_010943208.1, WP_010942604.1	WP_232034814.1
OG0000222	WP_010942108.1	WP_126377752.1, WP_126380413.1
OG0000223	WP_010942050.1	WP_126379433.1
OG0000224	WP_010942022.1, WP_010942097.1	WP_126375687.1
OG0000225	WP_010943944.1	WP_126381110.1
OG0000226	WP_010943254.1	WP_232034915.1
OG0000227	WP_010943010.1	WP_126380765.1, WP_126380781.1
OG0000228	WP_010941331.1	WP_126380386.1
OG0000228	WP_010940759.1	WP_126378318.1
OG0000229	WP_268741945.1	WP_126378283.1
OG0000230	WP_010943336.1	WP_126376561.1
OG0000233	WP_010943635.1, WP_010941266.1	WP_126379699.1
OG0000234	WP_010943824.1	WP_126375880.1
OG0000234	WP_010940956.1	WP_172961661.1, WP_126375783.1
OG0000235	WP_010942669.1	WP_126379765.1, WP_126375707.1
OG0000236	WP_010943847.1	WP_126377990.1
OG0000239	WP_010943048.1	WP_126380937.1
OG0000240	WP_010941505.1	WP_126381024.1, WP_126379988.1, WP_126381060.1
OG0000241	WP_010942954.1, WP_010941508.1	WP_197723440.1
OG0000242	WP_235044978.1	WP_172961595.1
OG0000243	WP_010942936.1, WP_010942841.1	WP_152034911.1
OG0000246	WP_010943032.1	WP_126378633.1
OG0000248	WP_010940826.1	WP_126376690.1
OG0000249	WP_010943406.1, WP_010943405.1	WP_126376424.1
OG0000250	WP_010943679.1	WP_126377694.1, WP_126381114.1, WP_126376970.1
OG0000252	WP_010944046.1, WP_010941013.1	WP_126375668.1
OG0000253	WP_010943698.1	WP_232034747.1
OG0000253	WP_010943699.1	WP_126378732.1
OG0000254	WP_010943910.1	WP_126379613.1
OG0000257	WP_010943933.1, WP_010941115.1	WP_126377805.1
OG0000259	WP_010942654.1	WP_126380949.1
OG0000260	WP_010942469.1	WP_126377383.1
OG0000264	WP_010940789.1	WP_126380686.1
OG0000265	WP_010940787.1	WP_126380688.1
OG0000266	WP_010941002.1	WP_126380663.1
OG0000267	WP_010944011.1, WP_010942780.1, WP_010941497.1, WP_010941986.1	WP_126380945.1
OG0000270	WP_010941762.1	WP_126380933.1
OG0000271	WP_010943344.1	WP_126381034.1
OG0000272	WP_010942075.1	WP_126379423.1
OG0000273	WP_010941196.1	WP_126380880.1, WP_126376722.1
OG0000274	WP_010943288.1	WP_126376851.1, WP_126379464.1
OG0000277	WP_010940802.1, WP_010943774.1	WP_232034831.1
OG0000278	WP_010942980.1	WP_126380584.1, WP_126375672.1, WP_126377776.1, WP_126377774.1
OG0000280	WP_010941072.1, WP_010940808.1	WP_126379987.1, WP_232034773.1, WP_126376296.1
OG0000282	WP_010943444.1	WP_126377832.1, WP_126375738.1
OG0000283	WP_010941447.1	WP_126377400.1
OG0000284	WP_010941575.1	WP_232034785.1
OG0000285	WP_010941784.1	WP_126380954.1
OG0000287	WP_010941183.1	WP_126379943.1
OG0000288	WP_010943065.1	WP_126377408.1
OG0000289	WP_010941147.1	WP_126378287.1
OG0000290	WP_010944031.1	WP_126381196.1
OG0000291	WP_010942921.1, WP_010942449.1	WP_126377018.1
OG0000292	WP_010941250.1	WP_126378090.1, WP_126378757.1
OG0000293	WP_010944055.1, WP_010941006.1	WP_126375664.1
OG0000295	WP_010942132.1	WP_232034907.1
OG0000296	WP_010943239.1, WP_010942391.1	WP_126376968.1
OG0000297	WP_010943720.1	WP_172961716.1, WP_126380746.1
OG0000299	WP_010941531.1	WP_232034802.1
OG0000300	WP_010941042.1	WP_126376664.1
OG0000301	WP_010943464.1	WP_126376077.1
OG0000302	WP_010940762.1	WP_126376779.1
OG0000307	WP_010944039.1	WP_232034834.1
OG0000308	WP_010941014.1, WP_010944044.1	WP_126375669.1
OG0000309	WP_010942664.1	WP_126379200.1
OG0000311	WP_010943716.1	WP_126377668.1, WP_126380177.1
OG0000312	WP_010944022.1	WP_126380979.1
OG0000314	WP_010944042.1, WP_010941016.1	WP_126375671.1
OG0000316	WP_010943683.1	WP_126376218.1
OG0000316	WP_010942400.1	WP_126375979.1
OG0000318	WP_235045030.1	WP_126376184.1
OG0000320	WP_010942929.1	WP_126380370.1
OG0000321	WP_010942710.1	WP_232034945.1
OG0000322	WP_010942886.1	WP_126380599.1
OG0000325	WP_010941180.1	WP_172961723.1, WP_126376600.1
OG0000326	WP_010941340.1	WP_126375696.1
OG0000327	WP_010944012.1	WP_126378401.1, WP_126379184.1
OG0000332	WP_010940771.1	WP_126377537.1
OG0000333	WP_010942670.1	WP_126380825.1
OG0000335	WP_010942466.1	WP_126376726.1, WP_126380917.1
OG0000336	WP_010942655.1	WP_126380948.1
OG0000337	WP_010942098.1	WP_126380785.1
OG0000339	WP_010941334.1	WP_126375542.1
OG0000340	WP_010941922.1	WP_126379916.1
OG0000343	WP_010943700.1	WP_126378734.1
OG0000344	WP_010943614.1	WP_126379008.1
OG0000345	WP_010942401.1	WP_172961637.1
OG0000346	WP_010940764.1	WP_126376777.1
OG0000347	WP_010941557.1	WP_126380129.1
OG0000348	WP_010941927.1	WP_232034790.1
OG0000350	WP_235044984.1	WP_126380698.1
OG0000351	WP_010941822.1, WP_010942781.1, WP_010941496.1, WP_235044931.1, WP_010941985.1	WP_126380946.1
OG0000352	WP_010942812.1, WP_010943711.1	WP_126377336.1
OG0000353	WP_010943880.1	WP_126378808.1, WP_126381186.1
OG0000354	WP_010940949.1	WP_126375853.1
OG0000355	WP_010941203.1	WP_126381547.1
OG0000356	WP_010942796.1, WP_010943738.1	WP_126377915.1
OG0000357	WP_010942533.1	WP_126376942.1
OG0000358	WP_010941267.1	WP_126377529.1
OG0000359	WP_010944058.1, WP_010943345.1	WP_126381036.1
OG0000360	WP_010942731.1	WP_126380696.1
OG0000360	WP_010941394.1	WP_126377079.1
OG0000361	WP_010940962.1	WP_126379495.1
OG0000363	WP_010940854.1	WP_126379097.1, WP_126377101.1
OG0000364	WP_010941270.1	WP_232034851.1
OG0000365	WP_010943250.1	WP_126379797.1
OG0000366	WP_010941660.1	WP_126376476.1, WP_126376478.1
OG0000370	WP_010940937.1	WP_126380722.1
OG0000379	WP_010941568.1	WP_126380632.1
OG0000379	WP_010941941.1	WP_126378328.1, WP_126378217.1
OG0000381	WP_010943166.1	WP_126376913.1
OG0000382	WP_010943654.1	WP_126380334.1, WP_126379024.1
OG0000384	WP_010942061.1, WP_010943430.1	WP_126379878.1
OG0000387	WP_010940853.1	WP_126377103.1, WP_126379591.1
OG0000388	WP_010942249.1	WP_126379499.1
OG0000389	WP_010940805.1	WP_126380280.1
OG0000391	WP_010942461.1	WP_126377020.1
OG0000392	WP_010940827.1	WP_126377803.1
OG0000393	WP_010943825.1	WP_126377464.1
OG0000394	WP_010943002.1	WP_126376132.1
OG0000395	WP_010942541.1	WP_126377729.1
OG0000396	WP_010942725.1	WP_126380788.1
OG0000398	WP_010941523.1	WP_126375829.1
OG0000399	WP_010943768.1	WP_126376541.1
OG0000400	WP_010943724.1	WP_126375999.1
OG0000401	WP_010940699.1	WP_126377286.1
OG0000403	WP_010941483.1, WP_010941592.1, WP_010942545.1	WP_232034756.1
OG0000404	WP_010941863.1	WP_126380502.1
OG0000404	WP_010942824.1	WP_232034883.1
OG0000406	WP_010941749.1	WP_126380117.1
OG0000407	WP_010941720.1	WP_126375697.1
OG0000408	WP_010943001.1	WP_126376130.1
OG0000409	WP_010943829.1	WP_126375727.1
OG0000410	WP_010941931.1	WP_126375949.1
OG0000411	WP_010940979.1	WP_126380543.1
OG0000412	WP_010940997.1	WP_126379030.1
OG0000412	WP_010942671.1	WP_172961686.1
OG0000413	WP_010942923.1	WP_126379336.1
OG0000414	WP_010941756.1	WP_126380931.1
OG0000415	WP_010943593.1	WP_126378136.1
OG0000416	WP_010941182.1, WP_010943730.1, WP_010942989.1, WP_010941733.1	WP_126378666.1, WP_172961784.1
OG0000418	WP_010943506.1	WP_126380654.1
OG0000419	WP_010941890.1	WP_232034936.1
OG0000419	WP_010941487.1	WP_126376652.1
OG0000421	WP_010943179.1	WP_126380975.1
OG0000421	WP_164930432.1	WP_126380183.1
OG0000421	WP_010942103.1	WP_126377166.1, WP_126375708.1
OG0000422	WP_010943000.1	WP_126380163.1, WP_126379072.1
OG0000423	WP_010942177.1	WP_126380506.1
OG0000425	WP_010940943.1	WP_126380914.1
OG0000427	WP_010943733.1	WP_126377181.1
OG0000428	WP_010941481.1, WP_010942544.1, WP_010941594.1	WP_126379265.1
OG0000429	WP_010942369.1, WP_010942069.1	WP_126379605.1
OG0000431	WP_010942742.1	WP_126380348.1
OG0000433	WP_010941430.1	WP_232034808.1, WP_126380900.1
OG0000434	WP_010943321.1	WP_126378271.1
OG0000435	WP_010941462.1	WP_126381045.1
OG0000436	WP_235044860.1	WP_126380186.1, WP_172961771.1, WP_126380205.1, WP_126377737.1
OG0000438	WP_010941116.1	WP_197723444.1, WP_126375743.1
OG0000439	WP_010943881.1	WP_126378807.1, WP_126381188.1
OG0000440	WP_010941436.1	WP_126380955.1
OG0000442	WP_235044932.1, WP_010941904.1	WP_126379906.1
OG0000443	WP_010944019.1	WP_126380919.1
OG0000444	WP_010940703.1	WP_126378345.1
OG0000446	WP_010941087.1	WP_126377113.1, WP_126379389.1, WP_126379406.1
OG0000447	WP_010942329.1	WP_126379793.1, WP_126379505.1
OG0000448	WP_010944005.1	WP_126379786.1, WP_126379186.1
OG0000452	WP_010943275.1	WP_126376762.1
OG0000454	WP_010943060.1, WP_010941949.1, WP_010941801.1, WP_010941802.1, WP_010941957.1	WP_126381051.1
OG0000454	WP_010941958.1	WP_126380902.1
OG0000457	WP_010942557.1	WP_126380273.1
OG0000458	WP_010943913.1, WP_010942869.1	WP_126379457.1
OG0000459	WP_010942547.1	WP_126378236.1
OG0000460	WP_010942228.1	WP_197723457.1
OG0000461	WP_010940711.1	WP_126376122.1
OG0000463	WP_010942901.1	WP_126378471.1, WP_126378644.1
OG0000465	WP_010943901.1	WP_126379779.1
OG0000466	WP_010943714.1, WP_010941574.1	WP_126377342.1
OG0000467	WP_010940977.1	WP_126377723.1
OG0000468	WP_010941157.1	WP_126379910.1
OG0000469	WP_235045036.1, WP_010941169.1	WP_126377360.1
OG0000470	WP_010940811.1	WP_126378919.1
OG0000471	WP_010942071.1	WP_126380492.1
OG0000472	WP_010943177.1	WP_126378642.1, WP_126377824.1
OG0000473	WP_010940976.1	WP_126377396.1
OG0000475	WP_010942285.1	WP_126380674.1
OG0000476	WP_010942721.1, WP_010943097.1	WP_126380693.1
OG0000477	WP_010941662.1	WP_126379238.1
OG0000478	WP_010943615.1	WP_126379010.1
OG0000479	WP_010940705.1	WP_126378348.1
OG0000480	WP_010942395.1	WP_126375801.1
OG0000481	WP_010942262.1, WP_010940718.1	WP_126378435.1
OG0000482	WP_010941444.1	WP_126376547.1
OG0000483	WP_010943418.1	WP_126379810.1
OG0000484	WP_010943984.1	WP_126380284.1
OG0000485	WP_010940706.1	WP_126378350.1
OG0000486	WP_010942693.1	WP_126379287.1
OG0000487	WP_010943830.1	WP_126380961.1
OG0000488	WP_010941054.1	WP_126379525.1
OG0000489	WP_010942709.1	WP_126377067.1
OG0000490	WP_010941675.1	WP_172961760.1
OG0000491	WP_010941876.1	WP_126379485.1
OG0000492	WP_010941312.1, WP_010941313.1	WP_126377713.1
OG0000493	WP_010942580.1	WP_126377410.1
OG0000494	WP_010942170.1	WP_172961673.1, WP_126379453.1
OG0000495	WP_010943252.1	WP_126376099.1
OG0000496	WP_010942910.1	WP_126375923.1
OG0000497	WP_010941636.1, WP_010942416.1	WP_126377812.1
OG0000498	WP_010942417.1	WP_172961654.1
OG0000500	WP_010942876.1	WP_126377826.1
OG0000502	WP_010942548.1	WP_126378238.1
OG0000504	WP_010941928.1	WP_126377731.1
OG0000505	WP_010941251.1	WP_126378085.1
OG0000506	WP_010942552.1	WP_126378242.1
OG0000507	WP_010941554.1	WP_126376835.1
OG0000509	WP_010943992.1	WP_126376116.1
OG0000510	WP_010940919.1	WP_126380646.1
OG0000511	WP_010941133.1, WP_010942396.1	WP_126377183.1
OG0000512	WP_010943245.1, WP_010942472.1	WP_126380757.1
OG0000513	WP_010942286.1	WP_126380673.1
OG0000514	WP_010941664.1	WP_126375935.1
OG0000515	WP_010942903.1	WP_232034909.1
OG0000516	WP_010942477.1	WP_126378465.1
OG0000517	WP_010941039.1	WP_126377799.1
OG0000519	WP_010943550.1, WP_010943549.1, WP_010944033.1	WP_232034888.1
OG0000520	WP_010941526.1, WP_010940890.1	WP_126379338.1
OG0000521	WP_010942403.1	WP_126380820.1
OG0000522	WP_010942447.1	WP_126377013.1
OG0000523	WP_010941346.1, WP_010942408.1	WP_126376393.1
OG0000524	WP_010940681.1	WP_126380396.1
OG0000526	WP_010942399.1	WP_126375981.1
OG0000529	WP_010941106.1, WP_010942647.1	WP_126378081.1
OG0000530	WP_010942516.1	WP_232034793.1
OG0000531	WP_010942261.1, WP_010940720.1	WP_126375893.1
OG0000532	WP_010940712.1, WP_010940981.1	WP_126377676.1
OG0000533	WP_010942872.1	WP_126375945.1
OG0000534	WP_010942487.1	WP_126377444.1
OG0000535	WP_010943192.1	WP_126379224.1
OG0000538	WP_010943938.1, WP_275450053.1	WP_126380854.1
OG0000539	WP_010942181.1	WP_126376287.1, WP_172961816.1
OG0000540	WP_010942258.1	WP_126375989.1
OG0000541	WP_010942526.1	WP_126379308.1
OG0000542	WP_010942538.1	WP_126375953.1
OG0000543	WP_010943017.1	WP_126380762.1
OG0000544	WP_010940974.1	WP_126376662.1
OG0000545	WP_010943465.1	WP_126377049.1
OG0000546	WP_010943608.1	WP_126377155.1
OG0000547	WP_010941434.1	WP_126379018.1
OG0000548	WP_010942272.1	WP_126377086.1
OG0000549	WP_010941832.1	WP_126379236.1
OG0000550	WP_235045013.1	WP_126378469.1
OG0000553	WP_010943440.1	WP_126380678.1
OG0000555	WP_010941961.1	WP_126377511.1
OG0000561	WP_010941936.1	WP_126377792.1
OG0000562	WP_010942208.1	WP_126375568.1
OG0000564	WP_010943575.1	WP_126379555.1
OG0000565	WP_010943576.1	WP_126381437.1
OG0000566	WP_010941728.1, WP_010941185.1	WP_126380739.1
OG0000567	WP_010941905.1	WP_126379908.1
OG0000568	WP_010943959.1	WP_126381234.1
OG0000569	WP_010941600.1	WP_126378372.1
OG0000570	WP_010942880.1	WP_126377743.1
OG0000571	WP_010941269.1	WP_126376091.1
OG0000573	WP_010941979.1	WP_126377199.1, WP_126376885.1, WP_126378211.1, WP_126376234.1, WP_126375560.1
OG0000575	WP_010942534.1	WP_126376941.1
OG0000576	WP_010942537.1	WP_126376937.1
OG0000577	WP_010942510.1	WP_126377364.1
OG0000578	WP_010940679.1	WP_126380394.1
OG0000579	WP_010943242.1	WP_126380745.1
OG0000580	WP_010943827.1	WP_232034916.1
OG0000581	WP_010943499.1	WP_126376006.1
OG0000582	WP_010944070.1	WP_126375633.1
OG0000583	WP_010942332.1	WP_126379507.1
OG0000584	WP_010944075.1	WP_126379759.1
OG0000585	WP_010944076.1	WP_126379757.1
OG0000586	WP_010944078.1	WP_126381445.1
OG0000587	WP_010942289.1	WP_126376883.1
OG0000588	WP_010942073.1	WP_126379697.1
OG0000589	WP_010941392.1	WP_126376001.1
OG0000590	WP_010942465.1	WP_126375878.1
OG0000591	WP_010940835.1	WP_126376962.1
OG0000592	WP_010941272.1	WP_126380852.1
OG0000593	WP_010942349.1	WP_126379359.1
OG0000594	WP_010943186.1	WP_126376270.1
OG0000595	WP_010943920.1	WP_126380213.1
OG0000596	WP_235044854.1	WP_232034872.1
OG0000597	WP_010942643.1	WP_126377437.1
OG0000598	WP_010943702.1	WP_126378738.1
OG0000599	WP_010941327.1	WP_126377651.1
OG0000600	WP_010942136.1	WP_232034783.1
OG0000601	WP_010940829.1	WP_126375798.1
OG0000602	WP_010942444.1	WP_126377009.1
OG0000603	WP_010942707.1	WP_172961647.1
OG0000604	WP_010940693.1	WP_172961633.1
OG0000605	WP_010943003.1	WP_172961652.1
OG0000607	WP_010940800.1	WP_126380956.1
OG0000608	WP_010940710.1	WP_126376126.1
OG0000610	WP_010942105.1	WP_126376379.1
OG0000611	WP_010941932.1	WP_126379531.1
OG0000612	WP_010941310.1	WP_126379314.1
OG0000613	WP_010941309.1	WP_126379316.1
OG0000615	WP_010942566.1	WP_126378874.1
OG0000616	WP_010942564.1	WP_126378878.1
OG0000617	WP_010943485.1	WP_126376041.1
OG0000618	WP_010943483.1	WP_126376046.1
OG0000619	WP_010943482.1	WP_126376048.1
OG0000620	WP_010943481.1	WP_126376050.1
OG0000621	WP_010943480.1	WP_126376052.1
OG0000622	WP_010941527.1	WP_126380448.1
OG0000623	WP_010943723.1	WP_126378477.1
OG0000624	WP_010943850.1	WP_126380959.1
OG0000625	WP_010943851.1	WP_126380958.1
OG0000626	WP_010940760.1	WP_126376462.1
OG0000627	WP_010942106.1	WP_126376381.1
OG0000628	WP_010942919.1	WP_126376976.1
OG0000629	WP_010941252.1	WP_126378083.1
OG0000630	WP_041914001.1	WP_126376751.1
OG0000631	WP_276524825.1	WP_126376746.1
OG0000632	WP_010943180.1	WP_126380336.1
OG0000633	WP_010942373.1	WP_126378790.1
OG0000634	WP_010943241.1	WP_126377709.1
OG0000635	WP_010942450.1	WP_126375827.1
OG0000637	WP_010942245.1	WP_126379493.1
OG0000638	WP_010942878.1	WP_126376107.1
OG0000639	WP_010942898.1	WP_126379579.1
OG0000640	WP_010942897.1	WP_126379219.1
OG0000642	WP_010940715.1	WP_126380125.1
OG0000643	WP_010941323.1	WP_126376704.1
OG0000644	WP_010941325.1	WP_126380824.1
OG0000645	WP_010943691.1	WP_126377725.1
OG0000646	WP_010943692.1	WP_126378721.1
OG0000647	WP_010943693.1	WP_126378723.1
OG0000648	WP_010943697.1	WP_126378730.1
OG0000649	WP_010941322.1	WP_126376706.1
OG0000650	WP_010943006.1	WP_126380766.1
OG0000651	WP_010943016.1	WP_126380763.1
OG0000652	WP_010942410.1	WP_126376389.1
OG0000653	WP_010941921.1	WP_126379918.1
OG0000654	WP_010942463.1	WP_126375634.1
OG0000655	WP_010941209.1	WP_126380776.1
OG0000656	WP_010942230.1	WP_126377580.1
OG0000657	WP_010942231.1	WP_126377582.1
OG0000658	WP_010942236.1	WP_126377595.1
OG0000659	WP_010942237.1	WP_126377597.1
OG0000660	WP_010943504.1	WP_126378777.1
OG0000661	WP_010943505.1	WP_126378775.1
OG0000663	WP_010943737.1	WP_232034830.1
OG0000664	WP_010943342.1	WP_126377673.1
OG0000665	WP_010943897.1	WP_126380819.1
OG0000666	WP_276524820.1	WP_126377885.1
OG0000667	WP_010943951.1	WP_126380844.1
OG0000670	WP_010941735.1	WP_126375751.1
OG0000671	WP_010942874.1	WP_126379487.1
OG0000672	WP_010941965.1	WP_126381098.1
OG0000673	WP_010941900.1	WP_126377442.1
OG0000674	WP_010941793.1	WP_126380965.1
OG0000675	WP_010942418.1	WP_126380265.1
OG0000676	WP_010941316.1	WP_126377491.1
OG0000677	WP_010943461.1	WP_126376083.1
OG0000678	WP_010943462.1	WP_126376081.1
OG0000679	WP_164930419.1	WP_126379325.1
OG0000680	WP_010942334.1	WP_126379512.1
OG0000681	WP_010943494.1	WP_126376017.1
OG0000682	WP_010943495.1	WP_126376015.1
OG0000684	WP_010940790.1	WP_126380685.1
OG0000685	WP_010943470.1	WP_126376070.1
OG0000686	WP_010941171.1	WP_126376811.1
OG0000687	WP_010943475.1	WP_126376060.1
OG0000688	WP_010943477.1	WP_126376057.1
OG0000689	WP_010943478.1	WP_126376056.1
OG0000690	WP_010943978.1	WP_126377431.1
OG0000691	WP_010943491.1	WP_126376033.1
OG0000692	WP_010940678.1	WP_126375760.1
OG0000693	WP_010940806.1	WP_126380282.1
OG0000694	WP_010944074.1	WP_126379585.1
OG0000695	WP_010942109.1	WP_126380278.1
OG0000696	WP_010941175.1	WP_126380221.1
OG0000697	WP_010943823.1	WP_126381541.1
OG0000698	WP_010941311.1	WP_126379312.1
OG0000699	WP_010941314.1	WP_232034758.1
OG0000700	WP_010942509.1	WP_126377348.1
OG0000701	WP_010942457.1	WP_126376440.1
OG0000702	WP_010942686.1	WP_126380769.1
OG0000704	WP_010943688.1	WP_126378715.1
OG0000705	WP_010943689.1	WP_126378717.1
OG0000706	WP_010943690.1	WP_126378719.1
OG0000707	WP_010943694.1	WP_126378725.1
OG0000708	WP_010943703.1	WP_126381395.1
OG0000709	WP_010941854.1	WP_126376199.1
OG0000710	WP_010942229.1	WP_126380733.1
OG0000711	WP_010942353.1	WP_126379305.1
OG0000712	WP_010943831.1	WP_126380960.1
OG0000713	WP_010942252.1	WP_126379503.1
OG0000714	WP_010942331.1	WP_232034765.1
OG0000715	WP_010942333.1	WP_126379510.1
OG0000716	WP_010942335.1	WP_126379514.1
OG0000717	WP_010943498.1	WP_126376008.1
OG0000718	WP_010943497.1	WP_126376010.1
OG0000719	WP_010943496.1	WP_126376013.1
OG0000720	WP_010943493.1	WP_126376019.1
OG0000721	WP_010943490.1	WP_126376035.1
OG0000722	WP_010943487.1	WP_126376039.1
OG0000723	WP_010943484.1	WP_126376043.1
OG0000724	WP_010943479.1	WP_126376054.1
OG0000725	WP_010943476.1	WP_126376059.1
OG0000726	WP_010943474.1	WP_126376062.1
OG0000727	WP_010943469.1	WP_126381242.1
OG0000728	WP_010943468.1	WP_126381245.1
OG0000729	WP_010943467.1	WP_126376072.1
OG0000730	WP_010943466.1	WP_126376074.1
OG0000731	WP_010943460.1	WP_126376085.1
OG0000732	WP_010943459.1	WP_126381247.1
OG0000733	WP_010943458.1	WP_126376087.1
OG0000734	WP_010942240.1	WP_232034918.1
OG0000735	WP_010941785.1	WP_126380307.1
OG0000736	WP_010941773.1	WP_126377932.1
OG0000737	WP_010942233.1	WP_126377586.1
OG0000738	WP_010943606.1	WP_126377160.1
OG0000739	WP_010942849.1	WP_126379518.1
OG0000740	WP_010942479.1	WP_126380527.1
OG0000741	WP_010942525.1	WP_126380649.1
OG0000743	WP_010942133.1	WP_126380537.1
OG0000744	WP_010942877.1	WP_126377678.1
OG0000745	WP_010940804.1	WP_126375831.1
OG0000746	WP_010942838.1	WP_126378358.1
OG0000747	WP_010943729.1	WP_232034867.1
OG0000748	WP_010943728.1	WP_126375995.1
OG0000749	WP_010943205.1	WP_126376115.1
OG0000750	WP_010940975.1	WP_126381375.1
OG0000751	WP_010940978.1	WP_126377721.1
OG0000752	WP_010942554.1	WP_126376760.1
OG0000753	WP_010943874.1	WP_126376827.1
OG0000754	WP_010942540.1	WP_126376933.1
OG0000755	WP_010942539.1	WP_126376935.1
OG0000756	WP_010943890.1	WP_126378177.1
OG0000757	WP_010943990.1	WP_126377543.1
OG0000758	WP_010940682.1	WP_126380398.1
OG0000759	WP_010943243.1	WP_232034803.1
OG0000760	WP_010943240.1	WP_126380911.1
OG0000761	WP_010942107.1	WP_126376105.1
OG0000762	WP_010940819.1	WP_126380748.1
OG0000763	WP_010940821.1	WP_126379573.1
OG0000764	WP_010940824.1	WP_126379571.1
OG0000765	WP_010941053.1, WP_010940752.1	WP_126380406.1
OG0000766	WP_010942471.1	WP_126377288.1
OG0000767	WP_010942868.1	WP_126379398.1
OG0000768	WP_193360270.1	WP_126380338.1
OG0000769	WP_010942565.1	WP_126378876.1
OG0000770	WP_010942563.1	WP_126378880.1
OG0000771	WP_010942562.1	WP_126378882.1
OG0000772	WP_010942561.1	WP_126378884.1
OG0000773	WP_010942560.1	WP_126378886.1
OG0000774	WP_010942559.1	WP_126378888.1
OG0000775	WP_010942908.1	WP_172961585.1
OG0000776	WP_010942906.1	WP_126375931.1
OG0000777	WP_010942905.1	WP_126375933.1
OG0000778	WP_010942051.1, WP_010943005.1	WP_126377921.1
OG0000779	WP_010942455.1	WP_126377051.1
OG0000780	WP_010941248.1	WP_126378872.1
OG0000782	WP_010942467.1	WP_126381297.1
OG0000783	WP_010942350.1	WP_126380651.1
OG0000784	WP_010942835.1	WP_126378393.1
OG0000785	WP_010942834.1	WP_126378391.1
OG0000787	WP_010941674.1	WP_126380223.1
OG0000788	WP_010942131.1	WP_126379581.1
OG0000789	WP_010942247.1	WP_126376442.1
OG0000790	WP_010942870.1	WP_126380747.1
OG0000791	WP_010941878.1	WP_126380754.1
OG0000792	WP_010942227.1	WP_126377846.1
OG0000793	WP_010942644.1	WP_126377658.1
OG0000794	WP_010941772.1	WP_126381500.1
OG0000795	WP_010942865.1	WP_126377541.1
OG0000796	WP_010942409.1	WP_126376391.1
OG0000797	WP_010942411.1	WP_126376385.1
OG0000798	WP_010943257.1, WP_010941835.1	WP_126381370.1
OG0000799	WP_010943258.1	WP_126380311.1
OG0000800	WP_010942281.1	WP_126375951.1
OG0000801	WP_010943004.1	WP_126378492.1
OG0000802	WP_010943507.1	WP_126378225.1
OG0000803	WP_010943508.1	WP_126378234.1
OG0000804	WP_010943769.1	WP_126376555.1
OG0000806	WP_010940684.1	WP_126380721.1
OG0000807	WP_010941324.1	WP_126376702.1
OG0000808	WP_010942568.1	WP_126377189.1
OG0000809	WP_010942688.1	WP_126380818.1
OG0000811	WP_010942581.1	WP_126377284.1
OG0000812	WP_010942021.1, WP_010943943.1	WP_126379597.1
OG0000813	WP_010943976.1	WP_126377433.1
OG0000815	WP_010941271.1	WP_126380225.1
OG0000816	WP_010942438.1	WP_126380913.1
OG0000817	WP_010940708.1	WP_126379259.1
OG0000818	WP_010942733.1	WP_126378183.1
OG0000819	WP_010942277.1	WP_126380450.1
OG0000820	WP_010941062.1	WP_126380865.1
OG0000821	WP_010940768.1	WP_126376769.1
OG0000822	WP_010942723.1	WP_232034801.1
OG0000823	WP_010942720.1	WP_126380692.1
OG0000824	WP_010941241.1	WP_126377036.1
OG0000825	WP_010941242.1	WP_126377038.1
OG0000827	WP_010942167.1	WP_126379835.1
OG0000828	WP_010942166.1	WP_126379837.1
OG0000829	WP_010942165.1	WP_126379839.1
OG0000830	WP_010942164.1	WP_126379841.1
OG0000831	WP_010942163.1	WP_126379843.1
OG0000832	WP_193360261.1	WP_126379845.1
OG0000833	WP_010941018.1	WP_126375675.1
OG0000834	WP_235044855.1	WP_126375821.1
OG0000835	WP_010942522.1	WP_126381353.1
OG0000836	WP_010941899.1	WP_126377439.1
OG0000837	WP_010943725.1	WP_126375997.1
OG0000838	WP_010943895.1	WP_126377055.1
OG0000839	WP_010941321.1	WP_126381271.1
OG0000841	WP_010940957.1	WP_232034887.1
OG0000842	WP_010941268.1	WP_126377655.1
OG0000843	WP_010941329.1	WP_126377649.1
OG0000844	WP_010941307.1	WP_126379318.1
OG0000845	WP_200858943.1	WP_126379321.1
OG0000846	WP_010941303.1	WP_126379327.1
OG0000847	WP_010941608.1	WP_126375875.1
OG0000848	WP_010943828.1	WP_126375728.1
OG0000849	WP_010943181.1	WP_126381363.1
OG0000850	WP_010942529.1	WP_126376950.1
OG0000851	WP_010942532.1	WP_126376944.1
OG0000852	WP_010943721.1	WP_126378181.1
OG0000853	WP_010943719.1	WP_126378386.1
OG0000854	WP_010942178.1	WP_126380504.1
OG0000855	WP_010943503.1	WP_126380773.1
OG0000856	WP_010943641.1	WP_126377187.1
OG0000858	WP_010943026.1	WP_126379599.1
OG0000859	WP_010940944.1	WP_126381514.1
OG0000860	WP_010940788.1	WP_126380687.1
OG0000861	WP_010944072.1	WP_126376444.1
OG0000862	WP_010944073.1	WP_126376989.1
OG0000863	WP_010943343.1	WP_232034806.1
OG0000864	WP_010943985.1	WP_126378925.1
OG0000865	WP_010940832.1	WP_126375800.1
OG0000866	WP_010943896.1	WP_126379777.1
OG0000867	WP_010941005.1	WP_172961830.1
OG0000868	WP_010943265.1	WP_172961655.1
OG0000869	WP_010943492.1	WP_126376021.1
OG0000870	WP_010940695.1	WP_126377026.1
OG0000871	WP_041914012.1	WP_126377599.1
OG0000872	WP_010942918.1	WP_126376972.1
OG0000873	WP_010943758.1	WP_126377268.1
OG0000874	WP_010942555.1	WP_126376758.1
OG0000875	WP_010940803.1	WP_126377682.1
OG0000876	WP_010942402.1	WP_126378786.1
OG0000877	WP_010941776.1	WP_126377032.1
OG0000878	WP_010941797.1	WP_172961613.1
OG0000879	WP_010942567.1	WP_126377191.1
OG0000881	WP_010941168.1	WP_126376618.1
OG0000882	WP_010941800.1	WP_126380705.1
OG0000883	WP_010942727.1	WP_126375689.1
OG0000884	WP_010943256.1	WP_126377296.1
OG0000885	WP_010942273.1	WP_232034913.1
OG0000886	WP_010941176.1	WP_126378449.1
OG0000887	WP_010940850.1	WP_172961612.1, WP_126380828.1
OG0000888	WP_010940920.1, WP_010942624.1	WP_126380615.1
OG0000889	WP_010941682.1	WP_126377483.1
OG0000890	WP_010942994.1	WP_126380941.1
OG0000891	WP_010944077.1	WP_232034770.1
OG0000892	WP_010941736.1	WP_126375752.1
OG0000893	WP_010943696.1	WP_232034746.1
OG0000894	WP_010942437.1	WP_126377527.1
OG0000895	WP_193360259.1	WP_126376964.1
OG0000896	WP_010942911.1	WP_126381232.1
OG0000897	WP_010940769.1	WP_126376766.1
OG0000898	WP_010940818.1	WP_126378339.1
OG0000899	WP_010940772.1	WP_126377535.1
OG0000900	WP_010942879.1	WP_126376111.1
OG0000901	WP_010942380.1, WP_010942379.1	WP_126376678.1, WP_126381077.1, WP_126381081.1
OG0000902	WP_010942383.1	WP_126375724.1
OG0000903	WP_010942384.1	WP_126375725.1
OG0000905	WP_010942398.1	WP_126377900.1, WP_126378794.1
OG0000906	WP_010943893.1	WP_126377059.1
OG0000908	WP_010941810.1	WP_126380772.1, WP_126380771.1, WP_126380868.1
OG0000913	WP_010943338.1	WP_126381261.1
OG0000917	WP_010941186.1, WP_010941729.1, WP_010942987.1, WP_010941731.1	WP_126380740.1
OG0000920	WP_010942885.1	WP_126380597.1
OG0000921	WP_010942587.1	WP_126380712.1
OG0000922	WP_010942658.1	WP_126377748.1
OG0000927	WP_010942616.1	WP_197723436.1, WP_126380200.1, WP_126380192.1, WP_126379437.1, WP_126380612.1
OG0000929	WP_010941058.1	WP_172961643.1
OG0000930	WP_010943684.1	WP_126379707.1
OG0000931	WP_010943639.1	WP_126380800.1
OG0000932	WP_010941448.1	WP_126381558.1
OG0000933	WP_010943669.1	WP_126377115.1, WP_126377562.1
OG0000934	WP_010943664.1	WP_126378896.1, WP_126377119.1
OG0000935	WP_010943604.1	WP_126376958.1
OG0000936	WP_010943877.1, WP_010942004.1	WP_126380862.1
OG0000937	WP_235044965.1	WP_126379821.1
OG0000938	WP_010943070.1	WP_126379806.1
OG0000940	WP_010943154.1	WP_126375977.1
OG0000941	WP_275450052.1	WP_126378988.1
OG0000943	WP_010943638.1	WP_172961775.1
OG0000944	WP_010940881.1	WP_126380258.1
OG0000946	WP_010941361.1	WP_126378201.1
OG0000951	WP_010941232.1	WP_126378341.1, WP_126380787.1
OG0000955	WP_010941480.1, WP_010942128.1	WP_126380942.1
OG0000956	WP_235044856.1, WP_010942502.1, WP_010942488.1, WP_010941635.1, WP_010943350.1, WP_010943223.1	WP_126378692.1
OG0000961	WP_010942484.1	WP_126375719.1
OG0000962	WP_010943826.1	WP_126376448.1
OG0000963	WP_010940786.1	WP_126380689.1
OG0000964	WP_010942553.1	WP_126378245.1
OG0000966	WP_010943173.1	WP_126379977.1
OG0000967	WP_010941771.1	WP_126377822.1
OG0000968	WP_010941326.1	WP_126377653.1
OG0000969	WP_010942661.1, WP_010941044.1	WP_172961822.1
OG0000971	WP_010940828.1	WP_126375796.1
OG0000972	WP_010942579.1	WP_126379334.1
OG0000974	WP_010940791.1	WP_126377744.1
OG0000976	WP_010942094.1	WP_126379222.1
OG0000978	WP_010943486.1	WP_126381240.1
OG0000979	WP_010941686.1, WP_010943869.1	WP_126377746.1
OG0000980	WP_010940742.1	WP_126376929.1
OG0000981	WP_010940783.1	WP_126380293.1
OG0000983	WP_010941478.1	WP_126376452.1
OG0000984	WP_010941114.1	WP_126377069.1
OG0000985	WP_010941008.1	WP_126375666.1
OG0000987	WP_010941925.1	WP_126376688.1
OG0000988	WP_010942336.1	WP_126375636.1
OG0000989	WP_010942846.1	WP_126377040.1
OG0000990	WP_010941742.1	WP_126379256.1
OG0000991	WP_010940836.1	WP_126376837.1
OG0000992	WP_010941737.1	WP_126375753.1
OG0000994	WP_010943463.1	WP_126376079.1
OG0000995	WP_010943472.1	WP_126376066.1
OG0000996	WP_010942478.1	WP_126378463.1
OG0000998	WP_010942692.1	WP_126379281.1
OG0001000	WP_010943471.1	WP_126376068.1
OG0001002	WP_010942234.1	WP_126377590.1
OG0001003	WP_010942706.1	WP_126380935.1
OG0001006	WP_010943952.1	WP_126380845.1
OG0001007	WP_010943757.1	WP_126377270.1
OG0001008	WP_010941108.1	WP_126380704.1
OG0001009	WP_010941109.1	WP_126378169.1
OG0001010	WP_010944060.1	WP_232034879.1
OG0001014	WP_010942282.1	WP_126380452.1
OG0001015	WP_010942436.1	WP_126377525.1
OG0001016	WP_010942435.1	WP_126377523.1
OG0001017	WP_010943812.1	WP_126380938.1
OG0001018	WP_010941240.1	WP_126377034.1
OG0001020	WP_010941605.1	WP_126378132.1
OG0001022	WP_010942226.1	WP_126377149.1
OG0001024	WP_010941469.1	WP_126377406.1
OG0001027	WP_010943098.1	WP_126381126.1
OG0001028	WP_010942244.1	WP_126379491.1
OG0001029	WP_010940773.1	WP_126377533.1
OG0001030	WP_010942303.1	WP_126380276.1
OG0001031	WP_010941319.1	WP_126375710.1
OG0001032	WP_010941558.1, WP_010943932.1	WP_269471686.1
OG0001033	WP_010943014.1	WP_126380764.1
OG0001034	WP_010943991.1	WP_126377545.1
OG0001035	WP_010943994.1	WP_126376118.1
OG0001037	WP_010941788.1, WP_010944048.1	WP_126376422.1
OG0001038	WP_010942280.1	WP_126376931.1
OG0001040	WP_010942558.1	WP_172961699.1
OG0001043	WP_010942271.1	WP_126377088.1
OG0001044	WP_010943500.1	WP_126376004.1
OG0001046	WP_010942079.1	WP_126377495.1
OG0001049	WP_010943554.1	WP_126376533.1
OG0001050	WP_010943584.1	WP_126380894.1
OG0001051	WP_010941971.1	WP_126380709.1
OG0001053	WP_010941289.1	WP_126380164.1
OG0001054	WP_010942612.1	WP_126380173.1
OG0001055	WP_010941926.1	WP_126380500.1
OG0001057	WP_010940846.1	WP_126377209.1
OG0001059	WP_010940872.1	WP_126375734.1
OG0001060	WP_010942549.1	WP_126377446.1, WP_232034875.1
OG0001065	WP_010942474.1	WP_126377603.1
OG0001066	WP_010941738.1	WP_126375754.1
OG0001068	WP_010941152.1	WP_126377609.1
OG0001072	WP_010941057.1	WP_126380927.1
OG0001073	WP_010941065.1	WP_126380905.1
OG0001074	WP_010940885.1	WP_126377816.1
OG0001076	WP_010943204.1	WP_126376113.1
OG0001080	WP_235045026.1	WP_126377304.1
OG0001080	WP_010942853.1	WP_126376397.1
OG0001083	WP_010941934.1, WP_010943634.1	WP_126376338.1
OG0001084	WP_010943632.1, WP_010941935.1	WP_126377790.1
OG0001086	WP_010943587.1	WP_126380887.1
OG0001088	WP_010943706.1	WP_126377429.1
OG0001092	WP_010943906.1	WP_126380675.1
OG0001093	WP_010941431.1	WP_126380901.1
OG0001096	WP_010942440.1	WP_126380777.1
OG0001097	WP_010943581.1	WP_126375904.1, WP_126377639.1
OG0001098	WP_010943628.1	WP_126380797.1
OG0001100	WP_010943977.1	WP_126379955.1
OG0001101	WP_010942251.1	WP_126377501.1
OG0001102	WP_010943298.1, WP_010943860.1	WP_126375548.1
OG0001103	WP_010942582.1	WP_126380752.1
OG0001104	WP_010941834.1	WP_126380743.1
OG0001105	WP_010942115.1	WP_126375700.1
OG0001106	WP_010942114.1	WP_126375701.1
OG0001108	WP_010943620.1	WP_232034854.1
OG0001109	WP_010943619.1	WP_126380846.1
OG0001110	WP_010943640.1	WP_126380778.1
OG0001111	WP_010942343.1, WP_010940704.1	WP_126378346.1
OG0001112	WP_010941443.1, WP_010941449.1	WP_126381176.1
OG0001113	WP_010940774.1	WP_126381026.1
OG0001114	WP_010941088.1	WP_126380328.1
OG0001116	WP_010941299.1	WP_126379232.1
OG0001118	WP_010941601.1	WP_126378370.1
OG0001120	WP_010941817.1	WP_126380966.1
OG0001121	WP_010943980.1	WP_126378490.1
OG0001123	WP_010941279.1	WP_126376161.1
OG0001124	WP_010942116.1	WP_126375699.1
OG0001125	WP_010941213.1	WP_126379637.1
OG0001126	WP_010943591.1	WP_126378140.1
OG0001127	WP_010941204.1	WP_126380388.1
OG0001130	WP_010941950.1	WP_172961597.1, WP_126379435.1
OG0001136	WP_010944006.1	WP_126375590.1
OG0001144	WP_010942446.1	WP_126377011.1
OG0001147	WP_010943346.1	WP_126376399.1, WP_172961700.1
OG0001149	WP_010941610.1	WP_126377081.1
OG0001152	WP_041914011.1	WP_126379833.1
OG0001154	WP_010942520.1	WP_126380644.1
OG0001156	WP_010941291.1	WP_126378011.1, WP_126380853.1
OG0001157	WP_010943447.1	WP_126378131.1
OG0001159	WP_010941902.1	WP_126381275.1
OG0001160	WP_010942729.1	WP_126379781.1
OG0001163	WP_010943473.1	WP_126376064.1
OG0001171	WP_010943433.1	WP_126378114.1
OG0001172	WP_010943445.1	WP_126378122.1
OG0001173	WP_010943446.1	WP_126378125.1
OG0001174	WP_010943426.1	WP_126378110.1
OG0001175	WP_193360272.1	WP_126377807.1
OG0001178	WP_010943678.1	WP_126377696.1
OG0001180	WP_010943071.1	WP_126376096.1
OG0001181	WP_010941048.1	WP_126376097.1
OG0001187	WP_010940869.1	WP_126378992.1
OG0001191	WP_010943351.1	WP_126380417.1
OG0001194	WP_010942121.1	WP_126380823.1
OG0001197	WP_010942235.1	WP_126377592.1
OG0001198	WP_010943183.1	WP_126379542.1
OG0001199	WP_010943761.1	WP_172961711.1
OG0001200	WP_010942381.1	WP_126377472.1
OG0001204	WP_010943052.1	WP_232034754.1
OG0001205	WP_010943051.1	WP_126379095.1
OG0001209	WP_010943158.1	WP_126377168.1
OG0001212	WP_010943175.1	WP_126379979.1
OG0001213	WP_010943174.1	WP_126379981.1
OG0001214	WP_010942387.1	WP_232034930.1
OG0001219	WP_010941429.1	WP_126376557.1
OG0001221	WP_010942259.1	WP_126378299.1
OG0001223	WP_010940817.1	WP_126379226.1
OG0001227	WP_010943863.1	WP_126380404.1
OG0001229	WP_010941716.1	WP_126378604.1
OG0001230	WP_010940809.1	WP_126379695.1
OG0001232	WP_235044919.1	WP_126381311.1
OG0001233	WP_041914028.1	WP_126377258.1
OG0001240	WP_010941020.1	WP_126380510.1
OG0001241	WP_010941193.1	WP_126379429.1
OG0001242	WP_010942871.1	WP_126375943.1
OG0001244	WP_193360256.1	WP_126376744.1
OG0001245	WP_010941004.1	WP_126380665.1
OG0001246	WP_010940784.1	WP_126380690.1
OG0001248	WP_010943712.1	WP_126380742.1
OG0001252	WP_010941798.1	WP_126380682.1
OG0001253	WP_010941550.1	WP_126378779.1
OG0001254	WP_010942907.1	WP_172961586.1
OG0001256	WP_010941722.1	WP_126379192.1
OG0001257	WP_010940778.1	WP_126378483.1
OG0001258	WP_010942452.1	WP_126375823.1
OG0001259	WP_010942451.1	WP_126375825.1
OG0001262	WP_010943865.1	WP_126378461.1
OG0001264	WP_010941103.1	WP_126379575.1
OG0001268	WP_010942294.1	WP_126378616.1
OG0001269	WP_010941842.1	WP_126380523.1, WP_126381545.1
OG0001273	WP_235044901.1	WP_126377998.1
OG0001274	WP_010942443.1	WP_126377007.1
OG0001276	WP_010943629.1	WP_126375554.1
OG0001277	WP_010943636.1	WP_126380727.1
OG0001278	WP_010943622.1	WP_126380717.1
OG0001279	WP_010943623.1	WP_126380718.1
OG0001281	WP_010940701.1	WP_126376267.1
OG0001282	WP_010942068.1	WP_126377626.1
OG0001284	WP_010941079.1	WP_126380238.1
OG0001285	WP_010941080.1	WP_126380240.1
OG0001286	WP_010941081.1	WP_126381474.1
OG0001287	WP_010941084.1	WP_126379412.1
OG0001288	WP_010941085.1	WP_172961639.1, WP_126379409.1
OG0001289	WP_010941095.1	WP_126377688.1
OG0001290	WP_010943681.1	WP_126377690.1
OG0001293	WP_010942578.1	WP_126375613.1
OG0001295	WP_010942365.1	WP_126379431.1
OG0001296	WP_010943339.1	WP_126376551.1
OG0001297	WP_010943340.1	WP_126376553.1
OG0001298	WP_010941305.1	WP_126379323.1
OG0001302	WP_010940816.1	WP_126379196.1
OG0001303	WP_010943854.1	WP_126379681.1
OG0001304	WP_010942867.1	WP_126380490.1
OG0001305	WP_010943918.1	WP_126380380.1
OG0001308	WP_010940785.1	WP_232034800.1
OG0001314	WP_010943404.1	WP_126380008.1
OG0001318	WP_010941174.1	WP_126376529.1, WP_126377620.1, WP_232034821.1
OG0001324	WP_010941238.1	WP_126376764.1, WP_126375647.1
OG0001333	WP_010941967.1	WP_126377240.1
OG0001334	WP_010941768.1	WP_126380821.1
OG0001336	WP_010941819.1	WP_126378802.1
OG0001343	WP_010941774.1, WP_010941353.1	WP_126378364.1
OG0001352	WP_010941717.1	WP_126380724.1
OG0001356	WP_010941046.1	WP_126378333.1
OG0001358	WP_010942511.1	WP_126380926.1
OG0001361	WP_235045009.1	WP_126379489.1
OG0001368	WP_010943713.1	WP_126377340.1
OG0001369	WP_010941064.1	WP_126380867.1
OG0001375	WP_010943191.1	WP_126375718.1
OG0001377	WP_010943718.1	WP_197723437.1
OG0001382	WP_010941043.1	WP_126377073.1
OG0001392	WP_010942641.1	WP_126380816.1
OG0001393	WP_010942422.1	WP_126377965.1
OG0001397	WP_010940986.1	WP_126380435.1
OG0001398	WP_010941162.1	WP_126378439.1
OG0001412	WP_010940959.1, WP_010941360.1	WP_126380903.1
OG0001413	WP_010942174.1	WP_126375914.1
OG0001417	WP_010941287.1	WP_172961770.1
OG0001423	WP_010943456.1	WP_197723467.1
OG0001424	WP_010943609.1	WP_126377611.1
OG0001428	WP_010943707.1	WP_126380425.1
OG0001432	WP_010942957.1	WP_172961684.1
OG0001435	WP_010942956.1	WP_126379827.1
OG0001437	WP_010941968.1	WP_126380667.1
OG0001442	WP_010941964.1	WP_126380372.1
OG0001443	WP_010941381.1	WP_126380677.1
OG0001451	WP_235044987.1	WP_126379263.1
OG0001453	WP_235044969.1	WP_126380799.1
OG0001455	WP_010942460.1	WP_126378374.1, WP_126381108.1
OG0001465	WP_010941120.1	WP_126380711.1
OG0001466	WP_010941121.1	WP_126380710.1
OG0001468	WP_010940909.1	WP_126379085.1
OG0001474	WP_010943727.1	WP_126375756.1
OG0001475	WP_235044870.1	WP_126380744.1, WP_126375817.1
OG0001477	WP_010941290.1	WP_126379649.1
OG0001478	WP_010942741.1	WP_126380346.1
OG0001482	WP_010942657.1	WP_126376993.1
OG0001486	WP_235044953.1	WP_126378297.1
OG0001487	WP_235044902.1, WP_010941333.1	WP_126375662.1
OG0001490	WP_010941075.1	WP_126380229.1
OG0001491	WP_010941076.1	WP_126380231.1
OG0001492	WP_010941077.1	WP_126380233.1
OG0001493	WP_010941078.1	WP_126380235.1
OG0001494	WP_010941089.1	WP_126379014.1
OG0001495	WP_010941090.1	WP_126380325.1
OG0001496	WP_010941092.1	WP_126380323.1
OG0001497	WP_010941093.1	WP_126380321.1
OG0001498	WP_010941094.1	WP_126377686.1
OG0001499	WP_010943677.1	WP_126377576.1
OG0001500	WP_010943676.1	WP_126377574.1
OG0001501	WP_010943675.1	WP_126377572.1
OG0001502	WP_010943674.1	WP_126377570.1
OG0001503	WP_010943673.1	WP_126377568.1
OG0001504	WP_010943667.1	WP_126377558.1
OG0001505	WP_010943663.1	WP_126378898.1
OG0001514	WP_010943624.1	WP_126381021.1
OG0001515	WP_010943626.1	WP_126380725.1
OG0001524	WP_010942459.1	WP_126377372.1
OG0001525	WP_010943565.1, WP_010943759.1	WP_126378614.1
OG0001527	WP_010941110.1	WP_126380909.1
OG0001529	WP_010943627.1	WP_126380726.1
OG0001532	WP_010942660.1	WP_172961634.1
OG0001533	WP_010943767.1	WP_126377670.1
OG0001539	WP_010942084.1	WP_126375629.1
OG0001542	WP_010941437.1	WP_126375570.1
OG0001546	WP_010943708.1	WP_126378352.1
OG0001547	WP_010941783.1	WP_126379455.1
OG0001552	WP_010941295.1, WP_010943649.1, WP_010941293.1	WP_126377255.1
OG0001556	WP_010941249.1, WP_010941035.1	WP_126380697.1
OG0001563	WP_010941542.1	WP_126377711.1, WP_126377742.1
OG0001564	WP_010942404.1, WP_010941032.1, WP_010941274.1, WP_010941033.1, WP_010941687.1	WP_126378047.1, WP_126378056.1
OG0001570	WP_010940894.1	WP_126375600.1
OG0001571	WP_010940897.1	WP_126375603.1
OG0001575	WP_010941273.1, WP_010942943.1	WP_126380851.1
OG0001577	WP_010942947.1	WP_126379872.1
OG0001581	WP_010942726.1	WP_126378419.1
OG0001584	WP_010941463.1	WP_126379101.1
OG0001590	WP_010940898.1	WP_232034827.1
OG0001593	WP_010941045.1	WP_126378331.1
OG0001607	WP_010941400.1	WP_126380585.1
OG0001616	WP_010942894.1	WP_126379459.1
OG0001631	WP_010941230.1	WP_126380897.1
OG0001632	WP_010942378.1	WP_126381075.1, WP_126376674.1
OG0001643	WP_010942948.1	WP_126379874.1
OG0001652	WP_010943566.1	WP_126378621.1
OG0001653	WP_010943025.1	WP_126379926.1
OG0001654	WP_010941707.1	WP_232034809.1
OG0001663	WP_010943836.1, WP_235044958.1	WP_126376180.1
OG0001664	WP_010941194.1	WP_126376696.1
OG0001689	WP_010943410.1	WP_126381129.1
OG0001690	WP_010943588.1	WP_232034811.1
OG0001691	WP_010943589.1	WP_126380885.1
OG0001698	WP_010940851.1	WP_126380289.1
OG0001699	WP_010943068.1	WP_126380303.1
OG0001712	WP_238525120.1	WP_126380798.1
OG0001727	WP_164930460.1	WP_172961645.1
OG0001733	WP_010943982.1	WP_126380462.1
OG0001740	WP_010940886.1	WP_126377818.1
OG0001741	WP_235044939.1	WP_126377820.1
OG0001747	WP_010941082.1	WP_126380656.1
OG0001748	WP_010943672.1	WP_126377566.1
OG0001750	WP_010943666.1	WP_126377556.1
OG0001751	WP_010943643.1	WP_126379404.1
OG0001770	WP_010943687.1	WP_126378711.1
OG0001783	WP_010941553.1	WP_126379527.1
OG0001790	WP_010940765.1	WP_126379998.1, WP_126376775.1
OG0001800	WP_010943585.1	WP_126380893.1
OG0001801	WP_010940713.1	WP_172961780.1
OG0001810	WP_010942743.1	WP_126375649.1
OG0001816	WP_010943390.1	WP_126380033.1
OG0001820	WP_010941492.1	WP_126376375.1
OG0001821	WP_010943172.1	WP_126377435.1
OG0001823	WP_010942531.1	WP_126376946.1
OG0001832	WP_010942257.1	WP_126375993.1
OG0001835	WP_010943084.1	WP_126379162.1
OG0001841	WP_010940895.1	WP_126375601.1
OG0001846	WP_010943766.1, WP_010943264.1	WP_126380269.1
OG0001848	WP_010942952.1	WP_126378285.1
OG0001859	WP_010942527.1	WP_126379310.1
OG0001899	WP_010942407.1	WP_126378303.1
OG0001918	WP_010941367.1	WP_126379248.1
OG0001932	WP_010942345.1	WP_126377147.1
OG0001966	WP_010943127.1	WP_126376504.1
OG0001978	WP_010942702.1	WP_126377485.1
OG0001990	WP_010941562.1	WP_126379202.1
OG0002008	WP_010943269.1	WP_126376310.1
OG0002040	WP_010942087.1	WP_126379058.1
OG0002042	WP_010941297.1	WP_126380600.1
OG0002044	WP_010941567.1, WP_010941386.1	WP_126380877.1
OG0002045	WP_010942829.1	WP_126376360.1, WP_126378076.1
OG0002055	WP_010944061.1, WP_010941380.1	WP_232034884.1
OG0002066	WP_010943743.1	WP_126376841.1
OG0002070	WP_010942064.1	WP_126378740.1, WP_126377222.1
OG0002073	WP_010940980.1, WP_010941849.1	WP_126378940.1
OG0002081	WP_010940801.1	WP_126379753.1
OG0002082	WP_010942209.1	WP_126375695.1
OG0002084	WP_010941766.1	WP_126378281.1
OG0002087	WP_010942645.1	WP_126378846.1
OG0002090	WP_010941050.1	WP_126380431.1
OG0002091	WP_010941684.1	WP_172961754.1
OG0002095	WP_010943315.1	WP_126378646.1, WP_126376290.1
OG0002096	WP_010941337.1, WP_010941825.1, WP_010941993.1	WP_126375606.1
OG0002098	WP_010941789.1	WP_126377942.1
OG0002103	WP_010942344.1	WP_126376490.1
OG0002109	WP_010942665.1	WP_126377185.1
OG0002112	WP_010944030.1	WP_126377164.1
OG0002116	WP_010941148.1	WP_126379483.1
OG0002117	WP_010941679.1	WP_126375838.1
OG0002140	WP_010942362.1	WP_172961607.1
OG0002142	WP_010941396.1	WP_126376948.1
OG0002150	WP_010941871.1	WP_126380835.1
OG0002170	WP_010941831.1	WP_172961602.1
OG0002171	WP_010942997.1	WP_126380525.1
OG0002173	WP_010940947.1	WP_126378854.1
OG0002234	WP_010942413.1	WP_126377814.1
OG0002238	WP_010942594.1, WP_010942599.1	WP_126380201.1
OG0002330	WP_262421263.1	WP_269471685.1
OG0002335	WP_193360266.1	WP_126380529.1
OG0002359	WP_010943123.1	WP_126377862.1
OG0002360	WP_010943125.1	WP_126377854.1
OG0002363	WP_010941599.1	WP_172961794.1
OG0002364	WP_010941992.1	WP_232034829.1
OG0002389	WP_235044996.1	WP_172961712.1
OG0002390	WP_010943752.1	WP_126378167.1
OG0002397	WP_235044986.1	WP_172961676.1
OG0002402	WP_010943961.1	WP_197723442.1, WP_126376823.1
OG0002413	WP_010940933.1	WP_126375558.1
OG0002415	WP_010942506.1	WP_126380315.1, WP_126378662.1
OG0002416	WP_010942505.1	WP_126378660.1, WP_126380317.1
OG0002417	WP_010942504.1	WP_126378658.1, WP_126380319.1
OG0002425	WP_010943872.1	WP_126380775.1
OG0002431	WP_010942551.1	WP_126378240.1
OG0002442	WP_010942448.1	WP_126377016.1
OG0002445	WP_010943695.1	WP_126378727.1
OG0002447	WP_010943822.1	WP_126380859.1
OG0002454	WP_010942295.1	WP_126377366.1
OG0002459	WP_010941215.1	WP_126377338.1
OG0002473	WP_010942915.1	WP_197723433.1
OG0002476	WP_010941581.1	WP_126380858.1
OG0002479	WP_010942619.1	WP_126380211.1
OG0002480	WP_010943717.1	WP_126378382.1
OG0002485	WP_010942873.1	WP_126378433.1
OG0002513	WP_010943299.1	WP_172961600.1
OG0002591	WP_010942974.1	WP_126377768.1
OG0002592	WP_010942979.1	WP_126377772.1
OG0002593	WP_010942978.1	WP_126381331.1
OG0002654	WP_010943878.1	WP_126380780.1
OG0002678	WP_010941350.1	WP_232034899.1
OG0002687	WP_010943134.1, WP_010943135.1	WP_172961592.1
OG0002722	WP_010942232.1	WP_126377584.1
OG0002723	WP_010941805.1	WP_126380633.1, WP_172961724.1
OG0002749	WP_010942697.1	WP_232034786.1, WP_126381104.1
OG0002751	WP_010943659.1	WP_126379823.1, WP_126379415.1
OG0002758	WP_010942621.1	WP_126380064.1
OG0002771	WP_010940896.1	WP_126375602.1
OG0002777	WP_010942628.1	WP_126380101.1
OG0002784	WP_010941418.1	WP_126377320.1
OG0002787	WP_010940893.1	WP_232034825.1
OG0002806	WP_010941814.1	WP_126378639.1
OG0002809	WP_010943317.1	WP_126375985.1
OG0002838	WP_010941172.1	WP_126376809.1
OG0002870	WP_010940709.1	WP_126376128.1
OG0002876	WP_010942528.1	WP_126376952.1
OG0002906	WP_235045011.1	WP_126378598.1
OG0002909	WP_010941216.1	WP_126376236.1
OG0003085	WP_010941642.1	WP_126378547.1
OG0003109	WP_235044894.1	WP_126376166.1
OG0003110	WP_010943133.1	WP_172961594.1
OG0003111	WP_010943130.1	WP_126376187.1
OG0003120	WP_010941677.1	WP_126376624.1
OG0003181	WP_010943600.1	WP_126381047.1
OG0003211	WP_010941256.1	WP_232034832.1
OG0003226	WP_010943596.1	WP_172961800.1, WP_126380985.1
OG0003228	WP_010941866.1	WP_126376710.1
OG0003233	WP_010941987.1	WP_126380943.1
OG0003266	WP_010941807.1, WP_235044982.1	WP_126381001.1
OG0003292	WP_010943876.1	WP_126378960.1
OG0003297	WP_010941515.1	WP_126378316.1
OG0003301	WP_010942694.1	WP_126380770.1
OG0003311	WP_235044898.1	WP_126376155.1
OG0003311	WP_010941330.1	WP_126376152.1
OG0003313	WP_010942825.1	WP_172961566.1, WP_126377554.1
OG0003317	WP_010941471.1	WP_126378986.1
OG0003318	WP_010941355.1	WP_126379627.1
OG0003319	WP_010943378.1	WP_126380378.1
OG0003451	WP_010940717.1	WP_126378259.1
OG0003543	WP_010943124.1	WP_126377860.1
OG0003708	WP_010941652.1	WP_126378557.1
OG0003825	WP_010944007.1	WP_126381092.1
OG0003884	WP_164930425.1	WP_172961693.1
OG0004106	WP_010941989.1	WP_126377474.1
OG0004121	WP_010943884.1	WP_126375562.1
OG0004122	WP_010943734.1	WP_126375616.1
OG0004126	WP_010941521.1	WP_126375787.1
OG0004127	WP_010942922.1	WP_126375790.1
OG0004128	WP_010940868.1	WP_126375917.1
OG0004130	WP_010942856.1	WP_126376242.1
OG0004132	WP_010943661.1	WP_126376494.1
OG0004134	WP_010941529.1	WP_126376749.1
OG0004135	WP_235044990.1	WP_126376797.1
OG0004136	WP_010941943.1	WP_126376799.1
OG0004143	WP_010943089.1	WP_126377416.1
OG0004144	WP_010943347.1	WP_126377482.1
OG0004145	WP_010941818.1	WP_126377588.1
OG0004147	WP_010941235.1	WP_126378247.1
OG0004148	WP_010942837.1	WP_126378356.1
OG0004153	WP_010942308.1	WP_126379099.1
OG0004157	WP_010942995.1	WP_126379536.1
OG0004160	WP_010942070.1	WP_126379603.1
OG0004162	WP_010941300.1	WP_126380642.1
OG0004163	WP_010942279.1	WP_126380707.1
OG0004165	WP_010942283.1	WP_126380805.1
OG0004166	WP_010942698.1	WP_126381102.1, WP_172961759.1
OG0004168	WP_010943726.1	WP_126381236.1
OG0004169	WP_010940807.1	WP_126381478.1
OG0004170	WP_010941786.1	WP_172961601.1
OG0004172	WP_235044866.1	WP_172961644.1
OG0004178	WP_235044916.1	WP_232034873.1
OG0005508	WP_010941845.1	WP_126375612.1
OG0005570	WP_010942973.1	WP_126377350.1
OG0005598	WP_010943425.1	WP_126378013.1
OG0005609	WP_010941977.1	WP_126378485.1
OG0005617	WP_010943617.1	WP_126378781.1
OG0005672	WP_010943309.1	WP_126380535.1
OG0005704	WP_010942768.1	WP_126381650.1
OG0005706	WP_010943270.1	WP_172961575.1
OG0005722	WP_010940899.1	WP_197723443.1
