Orthogroup	Geobacter sulfurreducens PCA	Desulfocapsa_13_biocide
OG0000000	WP_010941477.1	Utg858432_110
OG0000000	WP_010943217.1	Utg860814_23, Utg859236_95, Utg857152_211
OG0000000	WP_010942684.1	Utg860006_151
OG0000000	WP_010942141.1	Utg857994_144
OG0000000	WP_010941440.1	Utg857046_151
OG0000000	WP_164930426.1	Utg863716_60, Utg857046_66
OG0000000	WP_010942633.1	Utg864866_108
OG0000000	WP_010943144.1, WP_010941701.1	Utg859098_130, Utg866558_41, Utg859098_137
OG0000000	WP_010941027.1	Utg859098_426
OG0000000	WP_010943112.1, WP_232008971.1	Utg859750_35
OG0000000	WP_010943974.1	Utg857076_7
OG0000001	WP_010942201.1	Utg863716_50
OG0000001	WP_010942515.1, WP_235044972.1	Utg857152_206
OG0000001	WP_010943962.1, WP_010943987.1, WP_010942950.1, WP_010942288.1, WP_010942315.1	Utg857300_46
OG0000001	WP_238525143.1	Utg857994_39
OG0000002	WP_010943324.1, WP_010943450.1, WP_010943451.1	Utg862138_35
OG0000002	WP_010942147.1	Utg860006_9
OG0000003	WP_010941702.1	Utg861744_3
OG0000004	WP_010941506.1	Utg859098_372
OG0000004	WP_010942299.1, WP_081461260.1, WP_235044997.1	Utg857994_124, Utg859982_119
OG0000005	WP_010943211.1, WP_010941570.1	Utg858432_84, Utg863716_116, Utg857076_41, Utg857994_89, Utg859388_141, Utg863716_9
OG0000005	WP_235044858.1	Utg857152_2, Utg859388_48
OG0000006	WP_235044977.1, WP_010942572.1	Utg859388_140
OG0000006	WP_010942659.1, WP_010942687.1, WP_010943149.1, WP_010941142.1, WP_010941614.1, WP_010941205.1	Utg863716_22
OG0000006	WP_010943170.1	Utg858432_72
OG0000007	WP_010942419.1	Utg858432_132
OG0000007	WP_010941916.1	Utg859750_38
OG0000007	WP_010942909.1	Utg862138_39
OG0000007	WP_010941823.1, WP_010942828.1	Utg857076_16
OG0000007	WP_010941994.1	Utg857152_200
OG0000008	WP_010941060.1	Utg861744_12, Utg857076_45
OG0000008	WP_010943303.1	Utg857152_123
OG0000008	WP_010943335.1	Utg859098_370
OG0000009	WP_010942536.1	Utg860006_74
OG0000009	WP_010943210.1	Utg860814_183, Utg858432_86, Utg864866_20, Utg857152_209
OG0000009	WP_010941672.1	Utg860814_199, Utg860814_198
OG0000010	WP_010942493.1	Utg857046_180
OG0000010	WP_010942893.1	Utg857046_174, Utg859236_8
OG0000012	WP_010941973.1	Utg857046_67
OG0000012	WP_010941439.1	Utg857046_150
OG0000013	WP_235044968.1, WP_010943331.1, WP_010942065.1	Utg863716_117
OG0000013	WP_010941970.1, WP_010941778.1	Utg860814_26, Utg860814_31
OG0000014	WP_010943740.1	Utg857682_136
OG0000014	WP_010941119.1, WP_010943578.1	Utg861744_121, Utg861744_120
OG0000015	WP_010943443.1	Utg859388_25, Utg862138_18
OG0000015	WP_010943159.1	Utg864866_65
OG0000016	WP_010941071.1	Utg859098_114
OG0000016	WP_010941944.1, WP_010942863.1, WP_010942852.1	Utg859236_123
OG0000016	WP_010942859.1, WP_010942689.1	Utg857152_131
OG0000017	WP_010942680.1	Utg860006_13, Utg860006_18
OG0000017	WP_049786599.1	Utg860006_11
OG0000018	WP_235044879.1	Utg859098_43
OG0000018	WP_010942157.1	Utg860006_169
OG0000019	WP_010941763.1	Utg864866_31
OG0000019	WP_010943739.1	Utg857682_135
OG0000020	WP_010943745.1	Utg857300_36
OG0000022	WP_010942550.1, WP_010941573.1, WP_010941244.1, WP_010940866.1, WP_010940882.1	Utg859098_220, Utg863716_101, Utg859236_119, Utg859388_124
OG0000023	WP_010943046.1	Utg860814_168
OG0000023	WP_010941206.1	Utg859388_168
OG0000024	WP_010941582.1	Utg859098_279
OG0000026	WP_010943263.1, WP_010941067.1	Utg857152_94
OG0000027	WP_010941441.1	Utg863716_17, Utg857300_35, Utg857300_34, Utg857046_152, Utg857046_153
OG0000028	WP_010941609.1	Utg857076_67, Utg864866_101, Utg860006_30, Utg864866_102, Utg860814_34
OG0000029	WP_010941460.1	Utg859750_95
OG0000030	WP_010944016.1	Utg861744_16
OG0000031	WP_010940767.1	Utg857076_58
OG0000033	WP_010943085.1	Utg857682_66
OG0000033	WP_010941969.1	Utg860814_171
OG0000034	WP_010943334.1	Utg859098_369
OG0000035	WP_010942933.1, WP_010940966.1, WP_010943642.1	Utg861448_17
OG0000035	WP_010943212.1, WP_010941571.1, WP_010942704.1	Utg857152_33
OG0000037	WP_164930422.1	Utg858494_24, Utg858494_27, Utg858494_13
OG0000038	WP_010940700.1	Utg860006_50
OG0000038	WP_010943808.1	Utg860814_278
OG0000038	WP_010941445.1, WP_010941452.1	Utg860814_277
OG0000040	WP_010942495.1	Utg859098_48, Utg860006_147
OG0000041	WP_153304094.1	Utg859098_368
OG0000042	WP_010943811.1	Utg857152_197
OG0000042	WP_010941591.1	Utg857152_116, Utg859236_105
OG0000043	WP_010941851.1	Utg859236_121
OG0000046	WP_010941543.1	Utg860006_158
OG0000047	WP_262421271.1	Utg858432_158, Utg857046_163
OG0000048	WP_010942268.1	Utg857682_54
OG0000049	WP_010941476.1, WP_010941028.1	Utg857152_93
OG0000051	WP_010940766.1	Utg857076_57, Utg857046_216, Utg857152_166, Utg859388_159, Utg859388_160
OG0000053	WP_010941160.1	Utg859388_13
OG0000053	WP_010942464.1	Utg857046_30
OG0000055	WP_010942902.1	Utg859098_163
OG0000057	WP_010943773.1	Utg857682_24, Utg859098_394, Utg859982_23, Utg859098_431, Utg864866_2
OG0000058	WP_010942454.1	Utg860814_210
OG0000058	WP_010941840.1	Utg859098_128, Utg866558_45, Utg859098_142, Utg860814_129
OG0000060	WP_041913993.1	Utg857300_57, Utg866558_9
OG0000060	WP_010942427.1	Utg860006_140, Utg860006_141
OG0000061	WP_010942269.1	Utg857682_55
OG0000061	WP_010943909.1	Utg859076_31
OG0000062	WP_010942081.1	Utg859388_55
OG0000063	WP_010942168.1, WP_010942767.1	Utg859388_77
OG0000064	WP_010941276.1	Utg860006_63
OG0000064	WP_010943894.1	Utg859750_77
OG0000065	WP_010941490.1, WP_010941029.1, WP_010942716.1, WP_010943066.1, WP_010940694.1	Utg864866_69
OG0000065	WP_010942732.1	Utg859750_21
OG0000066	WP_010942270.1	Utg857682_52
OG0000067	WP_010942082.1	Utg859388_56
OG0000069	WP_010943436.1	Utg857682_89
OG0000070	WP_010942896.1	Utg859098_224
OG0000070	WP_235045000.1, WP_010942882.1, WP_010942892.1	Utg860006_144
OG0000071	WP_010942652.1	Utg857046_242, Utg859076_12
OG0000071	WP_010942375.1	Utg860814_115
OG0000072	WP_010942651.1	Utg857046_243
OG0000072	WP_010942376.1	Utg860814_114
OG0000073	WP_235045002.1	Utg861744_37, Utg863716_115, Utg860814_62, Utg864866_41
OG0000075	WP_010944017.1	Utg861744_17
OG0000075	WP_010941466.1	Utg857152_236
OG0000076	WP_010941344.1, WP_010941953.1, WP_010941955.1, WP_010941803.1	Utg861744_5
OG0000076	WP_010942860.1, WP_010942858.1	Utg859076_57, Utg860814_43, Utg859098_152
OG0000077	WP_010941855.1	Utg857994_161
OG0000078	WP_010942352.1	Utg859982_201, Utg859982_200
OG0000079	WP_010942999.1	Utg861744_10, Utg859750_81, Utg860006_159
OG0000082	WP_010941678.1, WP_010943655.1	Utg859388_21, Utg859098_98
OG0000084	WP_010943981.1	Utg859236_68
OG0000085	WP_010940999.1, WP_010940757.1	Utg860814_319, Utg860814_167
OG0000087	WP_010942653.1	Utg864866_67, Utg859982_51, Utg858432_79
OG0000088	WP_010940968.1, WP_010942862.1, WP_010943817.1	Utg859076_58, Utg859098_154, Utg859098_153
OG0000091	WP_010941129.1	Utg860814_64
OG0000093	WP_010941779.1	Utg859750_86
OG0000094	WP_010943189.1	Utg858494_66
OG0000094	WP_010941286.1	Utg857994_186
OG0000095	WP_010940777.1	Utg857152_143
OG0000095	WP_010942900.1	Utg860006_150
OG0000097	WP_010941879.1	Utg859982_50, Utg859982_49, Utg861744_24
OG0000098	WP_010942377.1	Utg860814_113
OG0000098	WP_010942650.1	Utg859982_8, Utg859076_14
OG0000101	WP_010943782.1, WP_010943090.1	Utg865370_31, Utg859750_57
OG0000102	WP_010941507.1	Utg858432_73
OG0000103	WP_010941607.1, WP_010942480.1	Utg857046_198, Utg857152_173
OG0000104	WP_262421275.1	Utg857994_15, Utg857046_251
OG0000105	WP_010942250.1	Utg859388_70
OG0000105	WP_010941127.1, WP_010941128.1	Utg860814_77
OG0000106	WP_010943341.1	Utg857076_51, Utg857300_18, Utg857046_214
OG0000107	WP_010942207.1	Utg857682_17, Utg857682_16
OG0000108	WP_010940958.1	Utg863716_66, Utg858498_15, Utg860814_243, Utg860814_242
OG0000109	WP_010942188.1	Utg861448_27
OG0000110	WP_010941804.1	Utg861744_6
OG0000112	WP_010942274.1	Utg857152_85, Utg857682_172
OG0000113	WP_010942320.1	Utg857046_73
OG0000114	WP_010943165.1	Utg858494_132
OG0000115	WP_010943892.1	Utg857152_65
OG0000115	WP_010944056.1, WP_010942772.1	Utg860006_127
OG0000116	WP_010941178.1	Utg857152_111
OG0000117	WP_010941759.1	Utg864866_33
OG0000118	WP_010941758.1	Utg864866_34
OG0000121	WP_010942597.1	Utg857994_195
OG0000122	WP_010943368.1, WP_010943370.1	Utg857076_48
OG0000123	WP_010941806.1	Utg861744_8
OG0000123	WP_010943384.1	Utg859236_117
OG0000125	WP_010942746.1	Utg857046_44, Utg859982_63, Utg859982_62
OG0000126	WP_010943126.1	Utg859388_82
OG0000128	WP_010941589.1	Utg863716_100
OG0000128	WP_010943853.1	Utg859098_212
OG0000129	WP_010941713.1	Utg860814_286
OG0000129	WP_010943266.1, WP_010943778.1	Utg857682_35
OG0000130	WP_235044863.1, WP_010942184.1	Utg864866_91, Utg857992_39
OG0000131	WP_010942881.1	Utg857994_138
OG0000132	WP_010942113.1	Utg859098_255
OG0000133	WP_010941757.1	Utg864866_36
OG0000134	WP_010942241.1	Utg864866_54
OG0000136	WP_010941670.1	Utg859098_181
OG0000138	WP_010941764.1	Utg859388_169
OG0000139	WP_010942637.1, WP_010942588.1	Utg860006_94, Utg857682_160, Utg857994_107, Utg858432_157
OG0000142	WP_010942899.1	Utg860814_204
OG0000143	WP_010941975.1	Utg864866_105
OG0000143	WP_010943891.1	Utg859750_71
OG0000144	WP_010941593.1, WP_041914047.1	Utg859388_32
OG0000144	WP_010941482.1	Utg859388_58
OG0000145	WP_010942949.1	Utg860814_102, Utg860814_101
OG0000147	WP_010942139.1	Utg859388_78
OG0000147	WP_010940995.1	Utg857992_40
OG0000147	WP_010942428.1	Utg859388_119
OG0000149	WP_276524822.1, WP_010943517.1	Utg857300_12
OG0000150	WP_010943710.1	Utg859982_197, Utg857046_26, Utg857152_38
OG0000151	WP_010942486.1	Utg860814_299, Utg857046_167
OG0000152	WP_010942382.1	Utg860814_109
OG0000152	WP_010942374.1	Utg860814_116
OG0000154	WP_010943751.1	Utg865370_5
OG0000155	WP_010943603.1, WP_010943552.1	Utg859098_381
OG0000155	WP_010943023.1	Utg859098_382
OG0000156	WP_010942747.1	Utg859982_64, Utg857046_46
OG0000158	WP_010941382.1	Utg859098_391
OG0000159	WP_010943532.1	Utg857994_88
OG0000160	WP_010941051.1, WP_010940903.1	Utg863716_47
OG0000163	WP_010940702.1, WP_010942942.1	Utg861744_18, Utg857076_25
OG0000164	WP_010941317.1	Utg857300_2
OG0000165	WP_010942470.1	Utg859432_36
OG0000166	WP_010943267.1	Utg858432_139, Utg861744_93
OG0000167	WP_010943983.1	Utg864866_73, Utg859982_154
OG0000169	WP_010942556.1	Utg859982_43, Utg859098_429
OG0000170	WP_010942052.1	Utg857152_75, Utg857152_74
OG0000173	WP_010943577.1, WP_010941118.1	Utg861744_119
OG0000174	WP_010944064.1	Utg860814_189
OG0000175	WP_262421276.1	Utg857994_220
OG0000176	WP_010940798.1	Utg859982_112
OG0000176	WP_010941450.1	Utg861744_133, Utg857046_232
OG0000179	WP_010943665.1	Utg859098_69, Utg859098_70
OG0000180	WP_010941864.1	Utg859236_79
OG0000181	WP_010942627.1	Utg857046_168, Utg860814_302
OG0000183	WP_010941007.1	Utg859982_223, Utg862138_16
OG0000184	WP_010943067.1	Utg859388_167
OG0000186	WP_010941475.1, WP_010942088.1	Utg859236_122, Utg857994_70
OG0000187	WP_010943488.1	Utg858494_144, Utg858494_131
OG0000188	WP_010942212.1, WP_193360263.1, WP_010941847.1	Utg857152_35
OG0000190	WP_010943251.1	Utg864866_78
OG0000191	WP_010940707.1	Utg857152_179
OG0000196	WP_010941009.1	Utg862138_14
OG0000196	WP_010944054.1	Utg859982_222
OG0000197	WP_010941767.1	Utg857490_20
OG0000198	WP_010942442.1	Utg859098_241
OG0000199	WP_010940692.1	Utg859098_216
OG0000200	WP_010940782.1	Utg861744_45
OG0000201	WP_010942481.1, WP_010941167.1	Utg859750_26
OG0000202	WP_010944059.1, WP_010943805.1, WP_010941512.1	Utg857682_175, Utg857300_47
OG0000205	WP_275450049.1	Utg857682_46
OG0000207	WP_010942266.1	Utg857682_58
OG0000208	WP_010942265.1	Utg857682_59
OG0000209	WP_010942096.1	Utg857046_253
OG0000210	WP_010941518.1	Utg857300_1
OG0000211	WP_010940834.1	Utg859432_43
OG0000212	WP_010940796.1	Utg859982_111
OG0000212	WP_010941451.1	Utg857046_231, Utg861744_127
OG0000214	WP_010943452.1, WP_010943323.1, WP_010943453.1	Utg862138_34
OG0000215	WP_010942713.1	Utg861744_111
OG0000216	WP_010943613.1	Utg857046_32
OG0000217	WP_010942056.1	Utg859236_44
OG0000218	WP_010941105.1	Utg861448_5, Utg857682_32, Utg857682_33
OG0000219	WP_010942171.1	Utg859098_413, Utg860814_128, Utg857152_18
OG0000220	WP_010941820.1	Utg860814_140
OG0000222	WP_010942108.1	Utg857076_18
OG0000223	WP_010942050.1	Utg859388_18
OG0000224	WP_010942097.1	Utg859982_58, Utg857682_161
OG0000225	WP_010943944.1	Utg859982_121
OG0000226	WP_010943254.1, WP_010943255.1	Utg857152_57
OG0000227	WP_010943010.1	Utg857992_19
OG0000228	WP_010940759.1	Utg857994_154
OG0000229	WP_010942321.1	Utg857682_96
OG0000233	WP_010943635.1	Utg859098_376
OG0000234	WP_010943824.1, WP_010940956.1	Utg860006_56
OG0000235	WP_010942669.1	Utg863716_45, Utg857152_83
OG0000236	WP_235044991.1, WP_235044960.1, WP_010943847.1, WP_235044941.1	Utg859098_221
OG0000239	WP_010943048.1	Utg865370_16, Utg859236_56
OG0000240	WP_010941505.1	Utg859098_373, Utg860814_39
OG0000241	WP_010942954.1	Utg859236_55
OG0000241	WP_010941508.1	Utg859236_102
OG0000242	WP_235044978.1	Utg859098_136, Utg866558_40, Utg859098_132
OG0000243	WP_010942841.1	Utg857682_39, Utg859236_70
OG0000245	WP_010943105.1	Utg859098_51, Utg858494_9
OG0000246	WP_010943032.1	Utg859098_58
OG0000246	WP_045667367.1, WP_235044935.1	Utg861448_26, Utg857994_14, Utg857152_262
OG0000248	WP_010940826.1	Utg859432_49
OG0000250	WP_010943679.1	Utg859098_87
OG0000252	WP_010944046.1	Utg859982_218
OG0000252	WP_010941013.1	Utg862138_13
OG0000253	WP_010943698.1, WP_010943699.1	Utg858432_42
OG0000254	WP_010943176.1, WP_010940756.1, WP_010943910.1	Utg859076_2
OG0000255	WP_010943746.1, WP_010941236.1	Utg859432_74
OG0000256	WP_010943449.1	Utg862138_36
OG0000257	WP_010943933.1	Utg859236_23
OG0000258	WP_235044999.1	Utg857994_234
OG0000259	WP_010942654.1	Utg860006_137
OG0000260	WP_010942469.1	Utg859432_35
OG0000262	WP_010943062.1, WP_010941612.1, WP_010941613.1, WP_010941843.1	Utg859098_276
OG0000263	WP_010941522.1, WP_235044914.1	Utg859750_52
OG0000264	WP_010940789.1	Utg857152_109
OG0000265	WP_010940787.1	Utg857152_107
OG0000266	WP_010941002.1	Utg857152_69
OG0000267	WP_010944011.1, WP_010942780.1, WP_010941497.1, WP_010941986.1	Utg857046_62, Utg857046_61
OG0000270	WP_010940685.1	Utg860814_173
OG0000270	WP_010941762.1	Utg864866_30
OG0000271	WP_010943344.1	Utg857682_56, Utg864866_46
OG0000272	WP_010942075.1	Utg859098_1, Utg859098_2
OG0000273	WP_010941196.1	Utg861448_18, Utg861448_42, Utg858494_83
OG0000277	WP_010940802.1, WP_010943774.1	Utg860006_51
OG0000278	WP_010942980.1	Utg862138_9, Utg860006_100
OG0000280	WP_010941072.1, WP_010940808.1	Utg859098_116, Utg859098_117, Utg859098_115
OG0000281	WP_010941524.1	Utg859388_151
OG0000282	WP_010943444.1	Utg859236_92
OG0000283	WP_010940799.1	Utg861744_134
OG0000284	WP_010942003.1, WP_010941315.1, WP_010941575.1	Utg857300_22
OG0000285	WP_010941784.1	Utg859236_43
OG0000288	WP_010943065.1	Utg859098_256
OG0000289	WP_010941147.1	Utg859388_8, Utg859388_7
OG0000290	WP_010944031.1	Utg860006_88
OG0000292	WP_010941250.1	Utg857490_19
OG0000293	WP_010944055.1	Utg859982_224
OG0000293	WP_010941006.1	Utg862138_17
OG0000295	WP_010942132.1	Utg857994_140
OG0000296	WP_010943239.1, WP_010942391.1	Utg857152_73
OG0000297	WP_010943720.1	Utg861744_20
OG0000299	WP_010941531.1	Utg862138_30
OG0000300	WP_010941042.1	Utg861744_126
OG0000301	WP_010943464.1	Utg858494_110
OG0000302	WP_010940762.1	Utg863716_14, Utg857076_54
OG0000303	WP_235044981.1	Utg860006_19, Utg860006_14
OG0000304	WP_010943295.1	Utg857682_64
OG0000304	WP_010943072.1, WP_010943087.1	Utg861744_77
OG0000307	WP_010944039.1	Utg862138_5
OG0000307	WP_010941019.1	Utg859982_212
OG0000308	WP_010941014.1, WP_010944044.1	Utg859982_217, Utg862138_12
OG0000309	WP_010942664.1	Utg858494_46
OG0000310	WP_010942151.1	Utg857994_232
OG0000312	WP_010944022.1	Utg858432_93
OG0000314	WP_010944042.1	Utg859982_215
OG0000314	WP_010941016.1	Utg862138_10
OG0000316	WP_010942400.1	Utg863716_86
OG0000318	WP_010941278.1	Utg857046_118
OG0000318	WP_235045030.1	Utg857046_111
OG0000320	WP_010942929.1	Utg857152_126, Utg857152_127
OG0000321	WP_010942347.1, WP_010942710.1	Utg859982_133
OG0000322	WP_010942886.1	Utg859098_38
OG0000325	WP_010941180.1	Utg864866_68, Utg857992_24, Utg866558_36
OG0000326	WP_010941340.1	Utg859236_22, Utg859236_21
OG0000327	WP_010944012.1	Utg859076_16, Utg859982_6
OG0000331	WP_010942832.1	Utg857994_45
OG0000332	WP_010940771.1	Utg857992_25, Utg857992_26
OG0000333	WP_010942670.1	Utg857152_84
OG0000335	WP_010942466.1	Utg857046_39, Utg857152_112
OG0000336	WP_010942655.1	Utg860006_136
OG0000336	WP_010942057.1	Utg861448_55
OG0000337	WP_010942393.1	Utg862138_52
OG0000338	WP_010941156.1	Utg857152_64
OG0000339	WP_010941334.1	Utg859982_81
OG0000343	WP_010943700.1	Utg858432_41
OG0000344	WP_010943614.1	Utg857046_33
OG0000346	WP_010940764.1	Utg857076_55
OG0000348	WP_010941927.1	Utg859076_6
OG0000350	WP_235044984.1	Utg857682_131
OG0000351	WP_010941822.1, WP_010942781.1, WP_010941496.1, WP_235044931.1, WP_010941985.1	Utg857046_63
OG0000352	WP_010943711.1	Utg857152_37
OG0000353	WP_010943880.1	Utg859982_181
OG0000355	WP_010941203.1	Utg860814_93
OG0000355	WP_010943779.1	Utg857046_161
OG0000356	WP_010942796.1, WP_010943738.1	Utg859098_215
OG0000357	WP_010942533.1	Utg859432_51
OG0000358	WP_010941267.1	Utg857152_203
OG0000359	WP_010944058.1, WP_010943345.1	Utg857682_57, Utg864866_45
OG0000360	WP_010942731.1	Utg857490_30
OG0000361	WP_010940962.1	Utg859388_64
OG0000363	WP_010940854.1	Utg858432_4
OG0000364	WP_010941270.1	Utg858494_57, Utg863716_12, Utg863716_13
OG0000365	WP_010943250.1	Utg857152_129, Utg864866_79
OG0000366	WP_010941660.1	Utg857152_194
OG0000370	WP_010940937.1	Utg857994_37
OG0000371	WP_235044970.1, WP_010942091.1	Utg857682_144, Utg859750_43, Utg860814_217, Utg860814_218
OG0000377	WP_235045033.1	Utg859982_93
OG0000377	WP_010941622.1	Utg858494_33, Utg858494_29, Utg859098_387, Utg857682_114, Utg857994_251, Utg857682_132, Utg857682_112
OG0000379	WP_010941941.1	Utg859076_60
OG0000381	WP_010943166.1	Utg858432_57
OG0000382	WP_010943654.1	Utg859098_99
OG0000384	WP_010942061.1, WP_010943430.1	Utg858432_115, Utg859098_420
OG0000385	WP_235044980.1	Utg860006_15, Utg860006_20
OG0000388	WP_010942249.1	Utg859388_69
OG0000390	WP_010941122.1	Utg859098_259
OG0000391	WP_010942461.1	Utg859388_80
OG0000393	WP_010943825.1	Utg859388_122
OG0000394	WP_010943002.1	Utg858432_118
OG0000395	WP_010942541.1	Utg859388_134
OG0000396	WP_010942725.1	Utg857046_205
OG0000397	WP_010943018.1	Utg859098_263
OG0000398	WP_010941523.1	Utg859388_138, Utg857046_187
OG0000399	WP_010943768.1	Utg857994_19
OG0000400	WP_010943724.1	Utg857994_148
OG0000401	WP_010940699.1	Utg857490_22
OG0000402	WP_223106389.1	Utg860814_307
OG0000403	WP_010941483.1	Utg859388_57
OG0000404	WP_010942824.1	Utg858432_29
OG0000406	WP_010941749.1	Utg858432_101
OG0000408	WP_010943001.1	Utg857046_206
OG0000409	WP_010943829.1	Utg859098_197, Utg859098_196
OG0000410	WP_010941931.1	Utg860814_206, Utg860814_207
OG0000412	WP_010940997.1	Utg866558_8
OG0000412	WP_010942671.1	Utg859388_117
OG0000413	WP_010942923.1	Utg862138_42
OG0000414	WP_010941756.1	Utg864866_32
OG0000418	WP_010943506.1	Utg862138_20
OG0000419	WP_010941890.1, WP_010941487.1	Utg860006_86
OG0000422	WP_010943000.1	Utg857046_203
OG0000423	WP_010942177.1	Utg859098_157
OG0000425	WP_010940943.1	Utg858494_44, Utg858432_11
OG0000426	WP_010943019.1	Utg859098_264
OG0000427	WP_010943733.1	Utg857490_6
OG0000428	WP_010941481.1, WP_010942544.1, WP_010941594.1	Utg859388_59
OG0000430	WP_010941255.1, WP_010942639.1, WP_010942850.1	Utg859098_145, Utg859098_134
OG0000431	WP_010942742.1	Utg859388_150
OG0000432	WP_010941578.1	Utg857046_240
OG0000433	WP_010941430.1	Utg857046_260
OG0000434	WP_010943321.1	Utg857046_132, Utg860814_138
OG0000438	WP_010941116.1	Utg859982_174
OG0000439	WP_010943881.1	Utg859982_185
OG0000440	WP_010941436.1	Utg859982_195
OG0000442	WP_235044932.1	Utg859076_63
OG0000442	WP_010941904.1	Utg859236_124, Utg859098_171
OG0000443	WP_010943783.1	Utg861744_142
OG0000444	WP_010940703.1	Utg859098_354
OG0000445	WP_010941856.1	Utg859098_121
OG0000446	WP_010941087.1	Utg859098_101, Utg859098_100, Utg859076_48
OG0000447	WP_010942329.1	Utg859388_92
OG0000448	WP_010944005.1	Utg859982_7
OG0000454	WP_010941958.1	Utg859076_56
OG0000457	WP_010942557.1	Utg864866_63
OG0000458	WP_010943913.1, WP_010942869.1	Utg866558_25
OG0000459	WP_010942547.1	Utg859098_217
OG0000460	WP_010942228.1	Utg858432_142
OG0000461	WP_010940711.1	Utg860814_196
OG0000462	WP_010941479.1	Utg859388_61
OG0000463	WP_010942901.1	Utg859982_12
OG0000465	WP_010943901.1	Utg857046_20
OG0000466	WP_010943714.1, WP_010941574.1	Utg857046_29
OG0000467	WP_010940977.1	Utg861744_129
OG0000468	WP_010941157.1	Utg859982_19
OG0000469	WP_235045036.1, WP_010941169.1	Utg857152_63
OG0000470	WP_010940811.1	Utg858432_109
OG0000471	WP_010942071.1	Utg859750_61
OG0000472	WP_010943177.1	Utg860006_132
OG0000473	WP_010940976.1	Utg861744_130
OG0000474	WP_010941000.1	Utg859098_439, Utg858498_4
OG0000476	WP_010942721.1, WP_010943097.1	Utg857490_27
OG0000477	WP_010941662.1	Utg857046_213
OG0000478	WP_010943615.1	Utg857046_34
OG0000479	WP_010940705.1	Utg859098_352
OG0000480	WP_010942395.1	Utg858494_109
OG0000481	WP_010942262.1, WP_010940718.1	Utg857046_84
OG0000482	WP_010941444.1	Utg857300_27
OG0000485	WP_010940706.1	Utg859098_351
OG0000486	WP_010942693.1	Utg859982_148, Utg859982_149
OG0000487	WP_010943830.1	Utg859098_195
OG0000488	WP_010941054.1	Utg861744_54
OG0000489	WP_010942709.1	Utg859388_187, Utg858498_21
OG0000490	WP_010941675.1	Utg860814_326
OG0000491	WP_010941876.1	Utg857994_162
OG0000492	WP_010941312.1, WP_010941313.1	Utg857152_223
OG0000493	WP_010942580.1	Utg857152_45
OG0000494	WP_010942170.1	Utg857152_20
OG0000495	WP_010943252.1	Utg859098_239, Utg859098_238
OG0000496	WP_010942910.1	Utg862138_40
OG0000497	WP_010941636.1, WP_010942416.1	Utg858432_129
OG0000498	WP_010942417.1	Utg858432_130
OG0000499	WP_010942708.1	Utg860814_96
OG0000500	WP_010942876.1	Utg858494_89
OG0000502	WP_010942548.1	Utg859098_218
OG0000503	WP_010941055.1	Utg859750_73
OG0000504	WP_010941928.1	Utg860814_205
OG0000505	WP_010941251.1	Utg857994_68
OG0000506	WP_010942552.1	Utg859982_40
OG0000507	WP_010941554.1	Utg859750_83
OG0000508	WP_010940877.1	Utg860006_116, Utg859076_17
OG0000509	WP_010943992.1	Utg861744_21
OG0000510	WP_010940919.1	Utg860814_70
OG0000511	WP_010941133.1, WP_010942396.1	Utg857046_259
OG0000512	WP_010943245.1	Utg857994_18
OG0000514	WP_010942904.1, WP_010941664.1	Utg858432_18
OG0000515	WP_010942903.1	Utg859982_11
OG0000516	WP_010942477.1	Utg860814_197
OG0000517	WP_010941039.1	Utg857076_26
OG0000519	WP_010943550.1, WP_010943549.1	Utg859098_182
OG0000520	WP_010941526.1, WP_010940890.1	Utg859388_149
OG0000521	WP_010942403.1	Utg859098_269
OG0000522	WP_010942447.1	Utg859098_204
OG0000523	WP_010941346.1, WP_010942408.1	Utg859388_10
OG0000524	WP_010940681.1	Utg861744_33
OG0000525	WP_010941564.1	Utg863716_65
OG0000526	WP_010942399.1	Utg863716_87
OG0000527	WP_010943934.1, WP_010942656.1	Utg860006_135
OG0000529	WP_010941106.1, WP_010942647.1	Utg857152_77, Utg857152_76
OG0000530	WP_010942516.1	Utg858432_105
OG0000531	WP_010942261.1, WP_010940720.1	Utg860006_87
OG0000532	WP_010940712.1, WP_010940981.1	Utg860006_54
OG0000533	WP_010942872.1	Utg857152_27, Utg857152_26
OG0000535	WP_010943192.1	Utg857152_185
OG0000537	WP_010941663.1	Utg859098_185
OG0000539	WP_010942181.1	Utg857152_159
OG0000540	WP_010942258.1	Utg859236_26
OG0000542	WP_010942538.1	Utg857152_50
OG0000543	WP_010943017.1	Utg859098_262
OG0000544	WP_010940974.1	Utg861744_125
OG0000545	WP_010943465.1	Utg859750_15
OG0000546	WP_010943608.1	Utg859432_39
OG0000547	WP_010941434.1	Utg860814_120
OG0000549	WP_010941832.1	Utg858498_13
OG0000550	WP_235045013.1	Utg861448_9
OG0000553	WP_010943440.1	Utg857682_87
OG0000555	WP_010941961.1	Utg857152_177, Utg857152_176
OG0000557	WP_010940926.1	Utg859432_2, Utg859982_101
OG0000561	WP_010941936.1	Utg865370_11
OG0000562	WP_010942208.1	Utg861744_43
OG0000563	WP_010940852.1	Utg857682_124
OG0000564	WP_010943575.1, WP_010943156.1	Utg859750_48
OG0000565	WP_010943557.1, WP_010943157.1	Utg859750_49
OG0000566	WP_010941728.1, WP_010941185.1	Utg857152_97
OG0000567	WP_010944028.1, WP_010943381.1	Utg859098_173
OG0000567	WP_010941905.1	Utg859076_62
OG0000568	WP_010943959.1	Utg859388_45, Utg859098_267
OG0000569	WP_010941600.1	Utg857992_12
OG0000570	WP_010942880.1	Utg857046_194
OG0000571	WP_010941269.1	Utg857300_49
OG0000575	WP_010942534.1	Utg859432_50
OG0000576	WP_010942537.1	Utg865370_28
OG0000577	WP_010942510.1	Utg857994_20
OG0000578	WP_010940679.1	Utg861744_32
OG0000579	WP_010943242.1	Utg861744_19
OG0000580	WP_010943827.1	Utg860814_282
OG0000581	WP_010943499.1	Utg858494_143
OG0000582	WP_010944070.1	Utg859750_11
OG0000583	WP_010942332.1	Utg857490_11
OG0000584	WP_010944075.1	Utg857046_225
OG0000585	WP_010944076.1	Utg857046_226
OG0000586	WP_010944078.1	Utg857046_228
OG0000587	WP_010942289.1	Utg859098_170
OG0000588	WP_010942073.1	Utg857046_250
OG0000589	WP_010941392.1	Utg859982_4
OG0000590	WP_010942465.1	Utg857046_196
OG0000591	WP_010940835.1	Utg859432_41
OG0000592	WP_010941272.1	Utg859098_167
OG0000593	WP_010942349.1	Utg858432_36
OG0000594	WP_010943186.1	Utg857152_39
OG0000595	WP_010943920.1	Utg860006_52
OG0000596	WP_235044854.1	Utg859098_222
OG0000597	WP_010942643.1	Utg859098_240
OG0000598	WP_010943702.1	Utg858432_39
OG0000599	WP_010941327.1	Utg859098_188
OG0000600	WP_010942136.1	Utg863716_90
OG0000601	WP_010940829.1	Utg859432_46
OG0000602	WP_010942444.1	Utg859098_243
OG0000603	WP_010942707.1	Utg860006_130
OG0000604	WP_010940693.1	Utg859750_70
OG0000605	WP_010943003.1	Utg863716_99
OG0000606	WP_010941673.1	Utg865370_35
OG0000607	WP_010940800.1	Utg857152_11
OG0000608	WP_010940710.1	Utg860814_195
OG0000610	WP_010942105.1	Utg858494_91
OG0000611	WP_010941932.1	Utg859098_165
OG0000612	WP_010941310.1	Utg866558_22
OG0000613	WP_010941309.1	Utg866558_21
OG0000615	WP_010942566.1	Utg858494_101
OG0000616	WP_010942564.1	Utg858494_99
OG0000617	WP_010943485.1	Utg858494_129
OG0000618	WP_010943483.1	Utg858494_127
OG0000619	WP_010943482.1	Utg858494_126
OG0000620	WP_010943481.1	Utg858494_125
OG0000621	WP_010943480.1	Utg858494_124
OG0000622	WP_010941527.1	Utg859236_96
OG0000623	WP_010943723.1	Utg857994_147
OG0000624	WP_010943850.1	Utg859098_193
OG0000625	WP_010943851.1	Utg859098_192
OG0000626	WP_010940760.1	Utg861744_118
OG0000627	WP_010942106.1	Utg858494_90
OG0000628	WP_010942919.1	Utg859076_34
OG0000630	WP_041914001.1	Utg857152_31
OG0000631	WP_276524825.1	Utg857152_28
OG0000632	WP_010943180.1	Utg859388_81
OG0000633	WP_010942373.1	Utg861448_58, Utg861448_57, Utg860814_165
OG0000634	WP_010943241.1	Utg857994_128
OG0000635	WP_010942450.1	Utg859236_17
OG0000636	WP_010944053.1	Utg859982_221
OG0000637	WP_010942245.1	Utg859388_63
OG0000638	WP_010942878.1	Utg857076_19
OG0000639	WP_010942898.1	Utg859982_5
OG0000640	WP_010942897.1	Utg860006_133
OG0000642	WP_010940715.1	Utg857046_24
OG0000643	WP_010941323.1	Utg857994_157
OG0000644	WP_010941325.1	Utg857152_22
OG0000645	WP_010943691.1	Utg857046_27
OG0000646	WP_010943692.1	Utg858432_47
OG0000647	WP_010943693.1	Utg858432_46
OG0000648	WP_010943697.1	Utg858432_43
OG0000649	WP_010941322.1	Utg857994_158
OG0000650	WP_010943006.1	Utg857992_20
OG0000651	WP_010943016.1	Utg859098_261
OG0000652	WP_010942410.1	Utg859388_12
OG0000653	WP_010941921.1	Utg859098_160
OG0000654	WP_010942463.1	Utg859750_12, Utg859750_13
OG0000655	WP_010941209.1	Utg857490_21
OG0000656	WP_010942230.1	Utg860814_287
OG0000657	WP_010942231.1	Utg860814_288
OG0000658	WP_010942236.1	Utg860814_293
OG0000659	WP_010942237.1	Utg860814_294
OG0000660	WP_010943504.1	Utg862138_23
OG0000661	WP_010943505.1	Utg862138_24
OG0000664	WP_010943342.1	Utg860006_55
OG0000665	WP_010943897.1	Utg859750_18
OG0000667	WP_010943951.1	Utg857300_3
OG0000668	WP_010943747.1	Utg861448_16
OG0000670	WP_010941735.1	Utg858432_31
OG0000671	WP_010942874.1	Utg860006_65
OG0000672	WP_010941965.1	Utg857152_41
OG0000673	WP_010941900.1	Utg859982_38
OG0000674	WP_010941793.1	Utg859236_45
OG0000675	WP_010942418.1	Utg858432_131
OG0000676	WP_010941316.1	Utg859098_162
OG0000677	WP_010943461.1	Utg858494_106
OG0000678	WP_010943462.1	Utg858494_107
OG0000679	WP_164930419.1	Utg866558_16
OG0000680	WP_010942334.1	Utg857490_9
OG0000681	WP_010943494.1	Utg858494_138
OG0000682	WP_010943495.1	Utg858494_139
OG0000684	WP_010940790.1	Utg857152_110
OG0000685	WP_010943470.1	Utg858494_115
OG0000686	WP_010941171.1	Utg858494_58
OG0000687	WP_010943475.1	Utg858494_119
OG0000688	WP_010943477.1	Utg858494_121
OG0000689	WP_010943478.1	Utg858494_122
OG0000690	WP_010943978.1	Utg857300_51
OG0000691	WP_010943491.1	Utg858494_135
OG0000692	WP_010940678.1	Utg857152_13
OG0000693	WP_010940806.1	Utg857682_77
OG0000694	WP_010944074.1	Utg857046_223
OG0000695	WP_010942109.1	Utg861744_138
OG0000696	WP_010941175.1	Utg857682_78
OG0000697	WP_010943823.1	Utg857152_72
OG0000698	WP_010941311.1	Utg866558_23
OG0000699	WP_010941314.1	Utg857992_14
OG0000700	WP_010942509.1	Utg857994_23
OG0000701	WP_010942457.1	Utg859982_145
OG0000702	WP_010942686.1	Utg863716_85
OG0000704	WP_010943688.1	Utg858432_50
OG0000705	WP_010943689.1	Utg858432_49
OG0000706	WP_010943690.1	Utg858432_48
OG0000707	WP_010943694.1	Utg858432_45
OG0000708	WP_010943703.1	Utg858432_38
OG0000709	WP_010941854.1	Utg859098_244
OG0000710	WP_010942229.1	Utg858432_137
OG0000711	WP_010942353.1	Utg857300_58
OG0000712	WP_010943831.1	Utg859098_194
OG0000713	WP_010942252.1	Utg859388_72
OG0000714	WP_010942331.1	Utg859388_74
OG0000715	WP_010942333.1	Utg857490_10
OG0000716	WP_010942335.1	Utg857490_8
OG0000717	WP_010943498.1	Utg858494_142
OG0000718	WP_010943497.1	Utg858494_141
OG0000719	WP_010943496.1	Utg858494_140
OG0000720	WP_010943493.1	Utg858494_137
OG0000721	WP_010943490.1	Utg858494_134
OG0000722	WP_010943487.1	Utg858494_130
OG0000723	WP_010943484.1	Utg858494_128
OG0000724	WP_010943479.1	Utg858494_123
OG0000725	WP_010943476.1	Utg858494_120
OG0000726	WP_010943474.1	Utg858494_118
OG0000727	WP_010943469.1	Utg858494_114
OG0000728	WP_010943468.1	Utg858494_113
OG0000729	WP_010943467.1	Utg858494_112
OG0000730	WP_010943466.1	Utg858494_111
OG0000731	WP_010943460.1	Utg858494_105
OG0000732	WP_010943459.1	Utg858494_104
OG0000733	WP_010943458.1	Utg858494_103
OG0000734	WP_010942240.1	Utg860814_296
OG0000735	WP_010941785.1	Utg857994_165
OG0000737	WP_010942233.1	Utg860814_290
OG0000738	WP_010943606.1	Utg859432_37
OG0000739	WP_010942849.1	Utg859098_184
OG0000740	WP_010942479.1	Utg857046_195
OG0000741	WP_010942525.1	Utg857152_47
OG0000743	WP_010942133.1	Utg857490_15
OG0000744	WP_010942877.1	Utg860006_53
OG0000745	WP_010940804.1	Utg859388_139
OG0000746	WP_010942838.1	Utg859098_235
OG0000747	WP_010943729.1	Utg857994_151
OG0000748	WP_010943728.1	Utg857994_150
OG0000749	WP_010943205.1	Utg857152_184
OG0000750	WP_010940975.1	Utg861744_131
OG0000751	WP_010940978.1	Utg861744_128
OG0000752	WP_010942554.1	Utg863716_108
OG0000753	WP_010943874.1	Utg859982_134
OG0000754	WP_010942540.1	Utg865370_30
OG0000755	WP_010942539.1	Utg865370_29
OG0000756	WP_010943890.1	Utg859098_377
OG0000757	WP_010943990.1	Utg857046_201
OG0000758	WP_010940682.1	Utg861744_34
OG0000759	WP_010943243.1	Utg863716_91
OG0000760	WP_010943240.1	Utg864866_56
OG0000761	WP_010942107.1	Utg865370_36
OG0000762	WP_010940819.1	Utg857152_182
OG0000763	WP_010940821.1	Utg857152_181
OG0000764	WP_010940824.1	Utg857152_103
OG0000765	WP_010941053.1, WP_010940752.1	Utg857994_216
OG0000766	WP_010942471.1	Utg861744_46
OG0000767	WP_010942868.1	Utg860814_97
OG0000768	WP_193360270.1	Utg858432_125
OG0000769	WP_010942565.1	Utg858494_100
OG0000770	WP_010942563.1	Utg858494_98
OG0000771	WP_010942562.1	Utg858494_97
OG0000772	WP_010942561.1	Utg858494_95
OG0000773	WP_010942560.1	Utg858494_94
OG0000774	WP_010942559.1	Utg858494_93
OG0000775	WP_010942908.1	Utg857152_8
OG0000776	WP_010942906.1	Utg858432_16
OG0000777	WP_010942905.1	Utg858432_17
OG0000778	WP_010942051.1, WP_010943005.1	Utg859076_36
OG0000779	WP_010942455.1	Utg859236_39
OG0000780	WP_010941248.1	Utg857994_34
OG0000781	WP_010943501.1, WP_010943424.1	Utg859388_66
OG0000782	WP_010942467.1	Utg857152_113
OG0000783	WP_010942350.1	Utg859098_319
OG0000784	WP_010942835.1	Utg864866_53
OG0000785	WP_010942834.1	Utg864866_52
OG0000786	WP_010943294.1	Utg857682_63
OG0000786	WP_010943646.1	Utg861744_80
OG0000787	WP_010941674.1	Utg858432_7
OG0000789	WP_010942247.1	Utg858432_136
OG0000790	WP_010942870.1	Utg857152_24
OG0000791	WP_010941878.1	Utg857152_172
OG0000792	WP_010942227.1	Utg858432_138
OG0000793	WP_010942644.1	Utg860814_257
OG0000794	WP_010941772.1	Utg859098_248
OG0000795	WP_010942865.1	Utg859236_57
OG0000796	WP_010942409.1	Utg859388_11
OG0000797	WP_010942411.1	Utg859098_321
OG0000798	WP_010943257.1, WP_010941835.1	Utg864866_5
OG0000799	WP_010943258.1	Utg859236_84
OG0000800	WP_010942281.1	Utg857300_48
OG0000801	WP_010943004.1	Utg858432_94
OG0000802	WP_010943507.1	Utg859982_39
OG0000803	WP_010943508.1	Utg862138_37
OG0000804	WP_010943769.1	Utg857046_156, Utg857300_38
OG0000805	WP_010941347.1	Utg857994_194
OG0000806	WP_010940684.1	Utg861744_35
OG0000807	WP_010941324.1	Utg857994_156
OG0000808	WP_010942568.1	Utg858494_59
OG0000809	WP_010942688.1	Utg859076_29
OG0000810	WP_010942940.1	Utg859388_28
OG0000811	WP_010942581.1	Utg859076_28
OG0000812	WP_010942021.1, WP_010943943.1	Utg859982_130
OG0000813	WP_010943976.1	Utg859236_28
OG0000815	WP_010941271.1	Utg859098_270
OG0000816	WP_010942438.1	Utg861744_39
OG0000817	WP_010940708.1	Utg861744_55
OG0000818	WP_010942733.1	Utg859982_206
OG0000819	WP_010942277.1	Utg859098_237
OG0000820	WP_010941062.1	Utg861744_11
OG0000821	WP_010940768.1	Utg857076_59
OG0000822	WP_010942723.1	Utg857490_29
OG0000823	WP_010942720.1	Utg857490_26
OG0000825	WP_010941242.1	Utg860006_60
OG0000827	WP_010942167.1	Utg857992_34
OG0000828	WP_010942166.1	Utg857992_33
OG0000829	WP_010942165.1	Utg857992_32
OG0000830	WP_010942164.1	Utg857992_31
OG0000831	WP_010942163.1	Utg857992_30
OG0000832	WP_193360261.1	Utg857992_29
OG0000833	WP_010941018.1	Utg862138_6
OG0000834	WP_235044855.1	Utg860814_211
OG0000835	WP_010942522.1	Utg861744_136
OG0000836	WP_010941899.1	Utg859982_37
OG0000837	WP_010943725.1	Utg857994_149
OG0000838	WP_010943895.1	Utg859750_78
OG0000839	WP_010941321.1	Utg857994_159
OG0000840	WP_010941368.1	Utg860006_92
OG0000841	WP_010940957.1	Utg861744_104
OG0000842	WP_010941268.1	Utg859982_143
OG0000843	WP_010941329.1	Utg859098_186
OG0000844	WP_010941307.1	Utg866558_19
OG0000845	WP_200858943.1	Utg866558_18
OG0000846	WP_010941303.1	Utg866558_15
OG0000847	WP_010941608.1	Utg857046_199, Utg857046_200
OG0000848	WP_010943828.1	Utg859098_198
OG0000849	WP_010943181.1	Utg860814_241
OG0000850	WP_010942529.1	Utg865370_6
OG0000851	WP_010942532.1	Utg859432_52
OG0000852	WP_010943721.1	Utg862138_31
OG0000853	WP_010943719.1	Utg862138_25
OG0000854	WP_010942178.1	Utg859098_156
OG0000855	WP_010943503.1	Utg862138_22
OG0000856	WP_010943641.1	Utg859098_158
OG0000857	WP_010941275.1	Utg866558_50, Utg860006_64
OG0000858	WP_010943026.1	Utg857152_16
OG0000860	WP_010940788.1	Utg857152_108
OG0000861	WP_010944072.1	Utg862138_32
OG0000862	WP_010944073.1	Utg857046_249
OG0000863	WP_010943343.1	Utg858498_11
OG0000864	WP_010943985.1	Utg857152_40
OG0000865	WP_010940832.1	Utg859432_45
OG0000866	WP_010943896.1	Utg861744_123
OG0000867	WP_010941005.1	Utg857152_66
OG0000868	WP_010943265.1	Utg858432_141
OG0000869	WP_010943492.1	Utg858494_136
OG0000870	WP_010940695.1	Utg857152_7
OG0000871	WP_041914012.1	Utg860814_295
OG0000872	WP_010942918.1	Utg859076_32
OG0000873	WP_010943758.1	Utg858432_134
OG0000874	WP_010942555.1	Utg859982_42
OG0000875	WP_010940803.1	Utg862138_27
OG0000876	WP_010942402.1	Utg858498_10
OG0000877	WP_010941776.1	Utg859750_69
OG0000878	WP_010941797.1	Utg861744_25
OG0000879	WP_010942567.1	Utg859098_208
OG0000881	WP_010941168.1	Utg857046_136
OG0000882	WP_010941800.1	Utg857076_30
OG0000884	WP_010943256.1	Utg864866_4
OG0000886	WP_010941176.1	Utg857152_198
OG0000887	WP_010940850.1	Utg857682_127
OG0000888	WP_010940920.1, WP_010942624.1	Utg860814_18
OG0000889	WP_010941682.1	Utg857046_218
OG0000890	WP_010942994.1	Utg859388_129
OG0000891	WP_010944077.1	Utg857046_227
OG0000892	WP_010941736.1	Utg858432_33, Utg858432_32
OG0000893	WP_010943696.1	Utg858432_44
OG0000894	WP_010942437.1	Utg857300_13
OG0000895	WP_193360259.1	Utg859432_42
OG0000896	WP_010942911.1	Utg862138_41
OG0000897	WP_010940769.1	Utg857076_60
OG0000898	WP_010940818.1	Utg857682_75
OG0000899	WP_010940772.1	Utg857992_27
OG0000900	WP_010942879.1	Utg857076_21
OG0000901	WP_010942380.1, WP_010942379.1	Utg857076_69, Utg860814_111
OG0000902	WP_010942383.1	Utg860814_108
OG0000903	WP_010942384.1	Utg860814_106
OG0000904	WP_010943253.1	Utg860814_95
OG0000905	WP_010942398.1	Utg859388_147
OG0000906	WP_010943893.1	Utg859750_75, Utg859750_76
OG0000913	WP_010943338.1	Utg857076_64
OG0000917	WP_010941186.1, WP_010941729.1, WP_010942987.1, WP_010941731.1	Utg857152_100
OG0000919	WP_010941525.1	Utg857046_215
OG0000920	WP_274377819.1, WP_010942885.1	Utg859098_42
OG0000922	WP_010942658.1	Utg857046_134
OG0000924	WP_010942150.1	Utg857994_207, Utg857994_213
OG0000929	WP_010941058.1	Utg857994_22, Utg857994_21
OG0000930	WP_010943684.1	Utg859098_247
OG0000931	WP_010943639.1	Utg859098_329
OG0000932	WP_010941448.1	Utg857046_234, Utg859098_126
OG0000932	WP_010941442.1	Utg857046_154
OG0000933	WP_010943669.1	Utg859098_74, Utg859098_75, Utg859076_46
OG0000934	WP_010943664.1	Utg859076_51, Utg859098_66, Utg859098_67
OG0000935	WP_010943604.1	Utg859388_184, Utg858498_24
OG0000936	WP_010943877.1, WP_010942004.1	Utg859982_80
OG0000937	WP_235044965.1	Utg857994_136
OG0000940	WP_010943154.1	Utg857076_11
OG0000941	WP_275450052.1	Utg857490_16
OG0000943	WP_010943638.1	Utg859098_328
OG0000944	WP_010940881.1	Utg858432_128, Utg861448_35
OG0000946	WP_010942981.1	Utg864866_90
OG0000946	WP_010941361.1	Utg858494_6
OG0000949	WP_010943353.1	Utg857152_163
OG0000951	WP_010941232.1	Utg859982_106
OG0000955	WP_010941480.1, WP_010942128.1	Utg863716_21, Utg859388_38
OG0000956	WP_235044856.1, WP_010942502.1, WP_010942488.1, WP_010941635.1, WP_010943350.1, WP_010943223.1	Utg857992_41
OG0000962	WP_010943826.1	Utg859388_132
OG0000963	WP_010940786.1	Utg857152_106
OG0000964	WP_010942553.1	Utg859982_41
OG0000966	WP_010943173.1	Utg857076_3, Utg859236_131
OG0000967	WP_010941771.1	Utg857994_90
OG0000968	WP_010941326.1	Utg859098_189
OG0000970	WP_010943924.1	Utg857490_24
OG0000971	WP_010940828.1	Utg859432_47
OG0000972	WP_010942579.1	Utg859098_228
OG0000973	WP_010943293.1	Utg857682_62
OG0000973	WP_010943082.1	Utg861744_79
OG0000974	WP_010940791.1	Utg866558_24
OG0000976	WP_010942094.1	Utg860006_128
OG0000980	WP_010940742.1	Utg857992_22
OG0000981	WP_010940783.1	Utg861744_44
OG0000982	WP_010944067.1	Utg861744_47
OG0000983	WP_010941478.1	Utg858432_111
OG0000985	WP_010941008.1	Utg862138_15
OG0000986	WP_010942803.1	Utg858432_104
OG0000987	WP_010941925.1	Utg859098_268
OG0000988	WP_010942336.1	Utg859750_14
OG0000989	WP_010942846.1	Utg859098_265
OG0000990	WP_010941742.1	Utg861744_40
OG0000991	WP_010940836.1	Utg859432_40
OG0000992	WP_010941737.1	Utg858432_34
OG0000994	WP_010943463.1	Utg858494_108
OG0000995	WP_010943472.1	Utg858494_117
OG0000996	WP_010942478.1	Utg857046_68
OG0000998	WP_010942692.1	Utg859982_156
OG0001000	WP_010943471.1	Utg858494_116
OG0001001	WP_197714222.1	Utg857152_125
OG0001002	WP_010942234.1	Utg860814_291
OG0001003	WP_010942706.1	Utg860006_165
OG0001006	WP_010943952.1	Utg857300_4
OG0001007	WP_010943757.1	Utg858432_135
OG0001008	WP_010941108.1	Utg859982_204
OG0001009	WP_010941109.1	Utg859982_203
OG0001012	WP_010940916.1	Utg860814_60
OG0001013	WP_010941123.1	Utg860814_19, Utg860814_20
OG0001014	WP_010942282.1	Utg858432_10
OG0001017	WP_010943812.1	Utg859388_91
OG0001018	WP_010941240.1	Utg859750_68
OG0001019	WP_010943423.1	Utg859388_67
OG0001020	WP_010941605.1	Utg861744_59
OG0001022	WP_010942226.1	Utg857046_31
OG0001023	WP_010943862.1	Utg861744_135
OG0001024	WP_010941469.1	Utg860006_134
OG0001026	WP_010940973.1	Utg857994_126, Utg857994_125
OG0001027	WP_010943098.1	Utg857076_42
OG0001029	WP_010940773.1	Utg857992_28
OG0001030	WP_010942303.1	Utg861744_137
OG0001033	WP_010943014.1	Utg859098_260
OG0001034	WP_010943991.1	Utg861744_53
OG0001035	WP_010943994.1	Utg861744_22
OG0001036	WP_010941667.1	Utg857152_102, Utg857152_101
OG0001037	WP_010941788.1	Utg857994_137
OG0001038	WP_010942280.1	Utg857300_56
OG0001039	WP_010940814.1	Utg858432_117
OG0001040	WP_010942558.1	Utg858494_92
OG0001041	WP_010940776.1	Utg859388_87
OG0001042	WP_010941011.1, WP_010943356.1, WP_010944051.1	Utg859982_220
OG0001046	WP_010942079.1	Utg866558_26
OG0001049	WP_010943554.1	Utg859236_98
OG0001052	WP_010942180.1	Utg857152_158
OG0001053	WP_010941289.1	Utg857994_209
OG0001054	WP_010942612.1	Utg858432_21
OG0001057	WP_010940846.1	Utg857682_14
OG0001059	WP_010940872.1	Utg857682_92
OG0001060	WP_010942549.1	Utg861448_4
OG0001062	WP_041914004.1	Utg859098_404, Utg859388_1, Utg857152_256, Utg857682_103, Utg857682_110, Utg859098_52, Utg859098_408
OG0001065	WP_010942474.1	Utg859236_30, Utg859236_29
OG0001066	WP_010941738.1	Utg858432_35
OG0001068	WP_010941152.1	Utg859098_273
OG0001072	WP_010941057.1	Utg860814_262
OG0001073	WP_010941065.1	Utg859982_126
OG0001074	WP_010940885.1	Utg859432_79
OG0001076	WP_010943204.1	Utg857152_183
OG0001080	WP_235045026.1	Utg857152_222
OG0001083	WP_010941934.1, WP_010943634.1	Utg865370_14
OG0001084	WP_010943632.1, WP_010941935.1	Utg865370_12
OG0001085	WP_010943537.1	Utg859098_389
OG0001085	WP_010943586.1	Utg864866_113
OG0001086	WP_010943587.1	Utg864866_114
OG0001088	WP_010943706.1	Utg857300_53
OG0001089	WP_010940878.1	Utg860006_113
OG0001093	WP_010941431.1	Utg857046_261
OG0001096	WP_010942440.1	Utg858494_56
OG0001098	WP_010943628.1	Utg859098_10
OG0001100	WP_010943977.1	Utg857994_163
OG0001101	WP_010942251.1	Utg859388_71
OG0001102	WP_010943298.1, WP_010943860.1	Utg859982_77
OG0001104	WP_010941834.1	Utg859098_190
OG0001105	WP_010942115.1	Utg859098_253
OG0001106	WP_010942114.1	Utg859098_254
OG0001108	WP_010943620.1	Utg859098_326
OG0001109	WP_010943619.1	Utg859098_327
OG0001110	WP_010943640.1	Utg859098_330
OG0001111	WP_010942343.1, WP_010940704.1	Utg859098_353
OG0001112	WP_010941443.1	Utg857046_155
OG0001112	WP_010941449.1	Utg857046_233
OG0001113	WP_010940774.1	Utg858432_78
OG0001114	WP_010941088.1	Utg859098_97
OG0001116	WP_010941299.1	Utg859982_18
OG0001118	WP_010941601.1	Utg857992_11
OG0001119	WP_010942058.1	Utg858432_116
OG0001120	WP_010941817.1	Utg862138_29
OG0001121	WP_010943980.1	Utg861448_2
OG0001123	WP_010941279.1	Utg857046_119
OG0001123	WP_010943142.1	Utg858432_149, Utg857046_125
OG0001124	WP_010942116.1	Utg859098_252
OG0001125	WP_010941213.1	Utg863716_62
OG0001126	WP_010943591.1	Utg860814_1
OG0001127	WP_010941204.1	Utg857994_16, Utg857682_169
OG0001136	WP_010944006.1	Utg857994_83, Utg857994_84
OG0001143	WP_010943899.1	Utg863716_34
OG0001144	WP_010942446.1	Utg864866_58
OG0001145	WP_010941181.1	Utg857994_153
OG0001148	WP_010943075.1	Utg858494_34
OG0001152	WP_041914011.1	Utg857992_36
OG0001154	WP_010942520.1	Utg857152_46
OG0001155	WP_010943078.1	Utg859098_278
OG0001156	WP_010941291.1	Utg859098_49, Utg857994_218
OG0001157	WP_010943447.1	Utg861744_62
OG0001159	WP_010941902.1	Utg859076_30
OG0001160	WP_010942729.1	Utg859750_16
OG0001161	WP_010942330.1	Utg859388_73
OG0001165	WP_010944063.1	Utg860814_188
OG0001166	WP_010942668.1	Utg860006_27
OG0001169	WP_010941125.1	Utg860814_65
OG0001171	WP_010943433.1	Utg861744_94
OG0001172	WP_010943445.1	Utg861744_66
OG0001173	WP_010943446.1	Utg861744_65
OG0001174	WP_010943426.1	Utg861744_96
OG0001178	WP_010943678.1	Utg859098_86
OG0001179	WP_010942439.1	Utg860814_117
OG0001180	WP_010943071.1	Utg857682_67, Utg861744_89
OG0001181	WP_010941048.1	Utg857682_68, Utg861744_88
OG0001182	WP_010942518.1	Utg857300_43, Utg857300_42
OG0001183	WP_010941787.1	Utg857046_19
OG0001189	WP_010942182.1	Utg857152_160
OG0001192	WP_010942370.1	Utg866558_38
OG0001197	WP_010942235.1	Utg860814_292
OG0001198	WP_010943183.1	Utg860814_255
OG0001199	WP_010943761.1	Utg860814_226
OG0001199	WP_010943762.1	Utg860814_227
OG0001200	WP_010942381.1	Utg860814_110
OG0001209	WP_010943158.1	Utg864866_66
OG0001212	WP_010943175.1	Utg863716_133, Utg857076_2, Utg859236_130
OG0001213	WP_010943174.1	Utg863716_132, Utg857076_1, Utg859236_129
OG0001214	WP_010942387.1	Utg857300_16, Utg860814_225
OG0001223	WP_010940817.1	Utg857682_168, Utg857682_76
OG0001229	WP_010941716.1	Utg857994_82, Utg861744_26
OG0001230	WP_010940809.1	Utg861744_52
OG0001232	WP_235044919.1	Utg857300_52
OG0001233	WP_041914028.1	Utg860006_75
OG0001239	WP_010941096.1	Utg860006_48
OG0001242	WP_010942871.1	Utg857152_25
OG0001244	WP_193360256.1	Utg857152_55
OG0001245	WP_010941004.1	Utg857152_67
OG0001246	WP_010940784.1	Utg857152_104
OG0001247	WP_010943502.1	Utg857046_254
OG0001248	WP_010943712.1	Utg857046_211
OG0001249	WP_010941536.1, WP_010940985.1	Utg857046_131
OG0001252	WP_010941798.1	Utg857076_31
OG0001253	WP_010941550.1	Utg857076_28
OG0001254	WP_010942907.1	Utg857076_24
OG0001255	WP_010941959.1	Utg860814_252, Utg859236_60
OG0001256	WP_010941722.1	Utg859236_47
OG0001257	WP_010940778.1	Utg859236_42
OG0001258	WP_010942452.1	Utg859236_19
OG0001259	WP_010942451.1	Utg859236_18
OG0001262	WP_010943865.1	Utg860006_58
OG0001264	WP_010941103.1	Utg860006_166
OG0001268	WP_010943564.1	Utg859982_36
OG0001269	WP_010941842.1	Utg859982_196
OG0001273	WP_235044901.1	Utg859098_180
OG0001274	WP_010942443.1	Utg859098_242
OG0001276	WP_010943629.1	Utg859098_323
OG0001277	WP_010943636.1	Utg859098_324
OG0001278	WP_010943622.1	Utg859098_332
OG0001279	WP_010943623.1	Utg859098_333
OG0001281	WP_010940701.1	Utg859098_355
OG0001282	WP_010942068.1	Utg859098_356
OG0001284	WP_010941079.1	Utg859098_108
OG0001285	WP_010941080.1	Utg859098_107
OG0001286	WP_010941081.1	Utg859098_106
OG0001287	WP_010941084.1	Utg859098_103
OG0001288	WP_010941085.1	Utg859098_102
OG0001289	WP_010941095.1	Utg859098_90
OG0001290	WP_010943681.1	Utg859098_89
OG0001293	WP_010942578.1	Utg858498_12
OG0001296	WP_010943339.1	Utg857076_63
OG0001297	WP_010943340.1	Utg857076_62
OG0001298	WP_010941305.1	Utg866558_17
OG0001299	WP_010941598.1	Utg866558_35
OG0001302	WP_010940816.1	Utg857152_58, Utg857682_170
OG0001303	WP_010943854.1	Utg866558_30
OG0001304	WP_010942867.1	Utg860814_98
OG0001305	WP_010943918.1	Utg860814_105
OG0001308	WP_010940785.1	Utg857152_105
OG0001314	WP_010943404.1	Utg860814_151
OG0001317	WP_010941865.1	Utg857152_139
OG0001318	WP_010941174.1	Utg857076_9
OG0001324	WP_010941238.1	Utg859982_194
OG0001328	WP_010941339.1, WP_010941233.1	Utg858494_64
OG0001330	WP_010941918.1	Utg860814_324
OG0001333	WP_010941967.1	Utg861744_85
OG0001339	WP_010942712.1	Utg858432_95
OG0001341	WP_010943101.1	Utg859098_277
OG0001344	WP_010940690.1	Utg857152_14
OG0001352	WP_010941717.1	Utg857152_79
OG0001354	WP_010940917.1	Utg860814_71
OG0001357	WP_010943960.1	Utg860006_79
OG0001366	WP_010941495.1, WP_010944009.1, WP_010942782.1, WP_010941984.1	Utg857046_65
OG0001367	WP_010942690.1	Utg861744_31
OG0001369	WP_010941064.1	Utg857152_89
OG0001370	WP_010941618.1, WP_235044950.1	Utg861744_13
OG0001371	WP_010941604.1	Utg861744_58
OG0001384	WP_010940797.1	Utg861744_132
OG0001390	WP_010942140.1	Utg857994_145
OG0001395	WP_010942338.1	Utg860814_281
OG0001397	WP_010940986.1	Utg862138_4
OG0001398	WP_010941162.1	Utg860814_238
OG0001399	WP_010940946.1	Utg860814_228
OG0001402	WP_010940921.1, WP_010940879.1	Utg860814_80
OG0001408	WP_010941752.1	Utg863716_55
OG0001411	WP_010941021.1	Utg859388_52
OG0001412	WP_010940959.1, WP_010941360.1	Utg863716_75, Utg857152_204
OG0001417	WP_010941287.1	Utg857994_196
OG0001418	WP_010942847.1	Utg864866_83
OG0001424	WP_010943609.1	Utg865370_15
OG0001426	WP_010942341.1	Utg860814_192
OG0001430	WP_010942074.1	Utg859098_3
OG0001434	WP_010941197.1	Utg857300_55
OG0001437	WP_010941968.1	Utg864866_14
OG0001440	WP_010941351.1	Utg859750_31
OG0001445	WP_010942337.1	Utg857152_6
OG0001450	WP_010941243.1	Utg857152_87
OG0001451	WP_235044987.1	Utg857152_115
OG0001453	WP_235044969.1	Utg857046_210
OG0001455	WP_010942460.1	Utg857994_179, Utg857994_174
OG0001457	WP_010942433.1	Utg859236_16
OG0001463	WP_235044882.1	Utg859982_178
OG0001464	WP_010941857.1	Utg857076_17
OG0001465	WP_010941120.1	Utg859236_83
OG0001466	WP_010941121.1	Utg859236_81
OG0001468	WP_010940909.1	Utg857046_86
OG0001472	WP_010942123.1	Utg860006_80
OG0001474	WP_010943727.1	Utg860006_138
OG0001475	WP_235044870.1	Utg860006_146, Utg857994_217
OG0001476	WP_010942685.1	Utg860006_152
OG0001477	WP_010941290.1	Utg857994_212
OG0001478	WP_010942741.1	Utg857994_167
OG0001481	WP_010941112.1	Utg859388_54
OG0001482	WP_010942657.1	Utg859388_79
OG0001486	WP_235044953.1	Utg859982_199
OG0001487	WP_235044902.1, WP_010941333.1	Utg859982_205
OG0001488	WP_010941376.1	Utg859098_337
OG0001490	WP_010941075.1	Utg859098_112
OG0001491	WP_010941076.1	Utg859098_111
OG0001492	WP_010941077.1	Utg859098_110
OG0001493	WP_010941078.1	Utg859098_109
OG0001494	WP_010941089.1	Utg859098_96
OG0001495	WP_010941090.1	Utg859098_95
OG0001496	WP_010941092.1	Utg859098_93
OG0001497	WP_010941093.1	Utg859098_92
OG0001498	WP_010941094.1	Utg859098_91
OG0001499	WP_010943677.1	Utg859098_84
OG0001500	WP_010943676.1	Utg859098_83
OG0001501	WP_010943675.1	Utg859098_82
OG0001502	WP_010943674.1	Utg859098_81
OG0001503	WP_010943673.1	Utg859098_80
OG0001504	WP_010943667.1	Utg859098_72
OG0001505	WP_010943663.1	Utg859098_65
OG0001511	WP_010941117.1	Utg859388_98
OG0001512	WP_010941709.1	Utg859388_96
OG0001516	WP_010943558.1, WP_010943394.1	Utg857994_52
OG0001524	WP_010942459.1	Utg857046_21
OG0001525	WP_010943565.1, WP_010943759.1	Utg859098_258
OG0001527	WP_010941110.1	Utg859982_198
OG0001528	WP_010941132.1	Utg858498_19
OG0001530	WP_010942220.1	Utg857046_229
OG0001532	WP_010942660.1	Utg859982_202
OG0001533	WP_010943767.1	Utg857682_41
OG0001535	WP_010942914.1	Utg860814_203
OG0001538	WP_010942717.1	Utg857994_71
OG0001539	WP_010942084.1	Utg857994_99
OG0001541	WP_010943775.1	Utg859982_67
OG0001542	WP_010941437.1	Utg863716_18
OG0001543	WP_010941775.1	Utg863716_73, Utg863716_71
OG0001547	WP_010941783.1	Utg857152_23
OG0001549	WP_010943748.1	Utg858494_41
OG0001552	WP_010941295.1, WP_010943649.1, WP_010941293.1	Utg859098_45
OG0001571	WP_010940897.1	Utg859750_36
OG0001573	WP_010941328.1	Utg859098_187
OG0001576	WP_010941015.1	Utg859982_216
OG0001581	WP_010942726.1	Utg859098_225
OG0001582	WP_010943199.1	Utg861744_100
OG0001586	WP_010942366.1	Utg859982_16
OG0001594	WP_010943196.1, WP_010942386.1	Utg859098_300
OG0001603	WP_010941619.1	Utg859098_357
OG0001610	WP_010944041.1, WP_010941017.1	Utg859982_214
OG0001611	WP_010944049.1, WP_010941012.1	Utg859982_219
OG0001616	WP_010942894.1	Utg860006_142
OG0001618	WP_235044966.1	Utg859098_249, Utg859098_250
OG0001621	WP_010940982.1, WP_010941877.1	Utg857152_62
OG0001628	WP_014551636.1	Utg860814_297
OG0001632	WP_010942378.1	Utg860814_112
OG0001633	WP_010940912.1	Utg860814_57
OG0001635	WP_010941195.1	Utg860814_16
OG0001636	WP_010943197.1	Utg859982_157
OG0001637	WP_010941113.1	Utg859076_27
OG0001639	WP_010941034.1	Utg863716_111, Utg863716_112
OG0001642	WP_010942008.1	Utg863716_76
OG0001644	WP_010940888.1	Utg863716_52
OG0001648	WP_010942744.1	Utg863716_4
OG0001652	WP_010943566.1	Utg857152_224
OG0001653	WP_010943025.1	Utg863716_114
OG0001654	WP_010941707.1	Utg857152_141
OG0001663	WP_010943836.1, WP_235044958.1	Utg857046_123
OG0001665	WP_010943607.1	Utg859432_38
OG0001667	WP_010943965.1	Utg859098_280
OG0001672	WP_010940770.1	Utg857152_142
OG0001675	WP_010941760.1	Utg864866_35
OG0001688	WP_010942839.1	Utg861744_116
OG0001689	WP_010943410.1	Utg859982_150
OG0001690	WP_010943588.1	Utg864866_115
OG0001691	WP_010943589.1	Utg864866_116
OG0001699	WP_010943068.1	Utg859388_166
OG0001706	WP_010941003.1	Utg857152_68
OG0001709	WP_010942397.1	Utg857046_258
OG0001711	WP_010940751.1	Utg857046_219
OG0001712	WP_238525120.1	Utg857046_209
OG0001720	WP_010940830.1	Utg857076_35
OG0001727	WP_164930460.1	Utg859098_34, Utg859098_47, Utg860006_4
OG0001732	WP_010941850.1, WP_010941901.1	Utg857994_139
OG0001733	WP_010943982.1	Utg859388_26
OG0001735	WP_010940775.1	Utg859388_86
OG0001740	WP_010940886.1	Utg859432_78
OG0001741	WP_235044939.1	Utg859432_77
OG0001747	WP_010941082.1	Utg859098_105
OG0001748	WP_010943672.1	Utg859098_79
OG0001749	WP_010943668.1	Utg859098_73, Utg859076_45
OG0001750	WP_010943666.1	Utg859098_71
OG0001751	WP_010943643.1	Utg859098_68
OG0001752	WP_010941748.1	Utg858432_100
OG0001758	WP_010943704.1	Utg859388_90
OG0001759	WP_010941565.1	Utg857994_44
OG0001760	WP_010941836.1	Utg857994_46
OG0001761	WP_010941837.1	Utg857994_48
OG0001762	WP_010941838.1	Utg857994_49
OG0001764	WP_010941308.1	Utg866558_20
OG0001765	WP_010943809.1	Utg858432_153
OG0001770	WP_010943687.1	Utg858432_53
OG0001779	WP_010940833.1	Utg859432_44
OG0001782	WP_010941782.1	Utg859750_32
OG0001783	WP_010941553.1	Utg859098_364
OG0001786	WP_010941997.1	Utg859432_4
OG0001790	WP_010940765.1	Utg857076_56
OG0001794	WP_010942027.1	Utg861448_23
OG0001800	WP_010943585.1	Utg861448_34
OG0001801	WP_010940713.1	Utg866558_12
OG0001803	WP_235044938.1, WP_010940860.1	Utg859982_110
OG0001810	WP_010942743.1	Utg859982_191
OG0001821	WP_010943172.1	Utg857682_49
OG0001825	WP_010943042.1	Utg857152_81
OG0001834	WP_010942032.1	Utg859098_291
OG0001847	WP_010941155.1	Utg859982_55
OG0001848	WP_010942952.1	Utg860006_118
OG0001858	WP_010942112.1	Utg859388_135
OG0001875	WP_010940915.1, WP_010940922.1	Utg860814_67
OG0001898	WP_010940727.1	Utg859432_9, Utg859432_53
OG0001899	WP_010942407.1	Utg857682_79
OG0001910	WP_010942254.1	Utg857152_120
OG0001918	WP_010941367.1	Utg857046_266
OG0001930	WP_010942078.1	Utg857152_59
OG0001932	WP_010942345.1	Utg857152_114
OG0001952	WP_144011893.1	Utg860814_40, Utg860814_36, Utg859098_374
OG0001958	WP_010943377.1	Utg860006_28
OG0001965	WP_010942125.1	Utg860006_82
OG0001969	WP_010942090.1, WP_010941545.1	Utg857152_3, Utg860814_219
OG0001978	WP_010942702.1	Utg859982_147
OG0001981	WP_010941510.1	Utg861448_63
OG0002000	WP_010941074.1	Utg859098_113
OG0002001	WP_010941091.1	Utg859098_94
OG0002002	WP_010943680.1	Utg859098_88
OG0002008	WP_010943269.1	Utg859982_3
OG0002010	WP_010940837.1	Utg857994_127
OG0002040	WP_010942087.1	Utg860814_274
OG0002041	WP_010944001.1	Utg857994_114
OG0002044	WP_010941567.1, WP_010941386.1	Utg857682_176
OG0002046	WP_010943996.1	Utg859098_287
OG0002052	WP_010942063.1	Utg865370_9
OG0002055	WP_010944061.1, WP_010941380.1	Utg860814_124
OG0002056	WP_010942327.1	Utg860814_135
OG0002069	WP_010940902.1	Utg857300_62
OG0002070	WP_010942064.1	Utg857682_20
OG0002073	WP_010940980.1, WP_010941849.1	Utg859076_52
OG0002076	WP_010943413.1, WP_010942513.1	Utg861448_54
OG0002077	WP_164930410.1	Utg865370_38
OG0002108	WP_010943076.1	Utg858494_35
OG0002160	WP_010940938.1	Utg861744_144, Utg861744_143
OG0002170	WP_010941831.1	Utg864866_74
OG0002173	WP_010940947.1	Utg857046_127
OG0002188	WP_010943428.1	Utg863716_46
OG0002207	WP_010941488.1	Utg860814_149
OG0002218	WP_010942111.1	Utg860814_184
OG0002221	WP_010941661.1	Utg857152_88
OG0002239	WP_010942159.1	Utg857994_53
OG0002244	WP_010943146.1, WP_010941285.1, WP_010942144.1	Utg857994_56
OG0002246	WP_010941744.1	Utg860006_43
OG0002247	WP_010941747.1	Utg860006_44
OG0002248	WP_010943868.1	Utg860006_57
OG0002250	WP_010942124.1	Utg860006_81
OG0002262	WP_010941532.1	Utg861448_13
OG0002264	WP_010942059.1	Utg858432_114
OG0002270	WP_010941073.1	Utg859098_118
OG0002271	WP_010941688.1	Utg859098_78
OG0002272	WP_010943671.1	Utg859098_77
OG0002275	WP_010943375.1	Utg859388_164
OG0002278	WP_010943096.1	Utg859388_99
OG0002279	WP_010941352.1	Utg859388_97
OG0002281	WP_010942622.1	Utg858432_160
OG0002282	WP_010942623.1	Utg858432_159
OG0002286	WP_010941191.1	Utg858432_80
OG0002289	WP_010940793.1	Utg858432_6
OG0002294	WP_010941743.1	Utg857046_143
OG0002310	WP_010942372.1	Utg859432_76
OG0002317	WP_262421250.1	Utg861744_57
OG0002318	WP_010941705.1	Utg859750_53
OG0002322	WP_010941913.1	Utg859750_37
OG0002330	WP_262421263.1	Utg860814_275
OG0002334	WP_010941514.1	Utg859236_78
OG0002335	WP_193360266.1	Utg859098_294
OG0002342	WP_010943937.1	Utg857994_3
OG0002348	WP_235044975.1	Utg862138_33
OG0002349	WP_010943246.1	Utg858432_1, Utg862138_56
OG0002355	WP_010941217.1	Utg857152_146, Utg857046_92
OG0002359	WP_010943123.1	Utg857994_94
OG0002360	WP_010943125.1	Utg857994_95
OG0002363	WP_010941599.1	Utg859098_412
OG0002364	WP_010941992.1	Utg859750_42
OG0002366	WP_010942927.1	Utg859982_208
OG0002499	WP_010943278.1, WP_010940983.1	Utg860814_235
OG0002516	WP_010940691.1	Utg857682_81
OG0002558	WP_164930429.1	Utg857046_182
OG0002570	WP_010943871.1	Utg866558_47
OG0002572	WP_010942145.1	Utg860006_8
OG0002591	WP_010942974.1	Utg860006_105
OG0002592	WP_010942979.1	Utg860006_103
OG0002593	WP_010942978.1	Utg860006_102
OG0002613	WP_010940746.1	Utg858494_77
OG0002618	WP_010943015.1	Utg866558_32
OG0002626	WP_010942092.1, WP_010941548.1	Utg860814_216
OG0002635	WP_010942146.1	Utg860006_7
OG0002642	WP_010943866.1	Utg857994_62
OG0002654	WP_010943878.1	Utg859098_203
OG0002658	WP_010942649.1	Utg857046_245
OG0002662	WP_164930458.1	Utg857152_156, Utg857152_157
OG0002664	WP_010941917.1	Utg859750_39
OG0002665	WP_010941915.1	Utg859750_41
OG0002666	WP_010941914.1	Utg859750_40
OG0002676	WP_010941960.1	Utg859236_74
OG0002687	WP_010943134.1, WP_010943135.1	Utg857046_106
OG0002695	WP_010940990.1	Utg866558_3
OG0002696	WP_010940991.1	Utg866558_2
OG0002697	WP_010940992.1	Utg866558_1
OG0002703	WP_010940907.1	Utg860006_61
OG0002704	WP_010941726.1	Utg860006_21
OG0002719	WP_010942926.1	Utg859982_209
OG0002722	WP_010942232.1	Utg860814_289
OG0002723	WP_010941805.1	Utg861744_7
OG0002726	WP_010941237.1, WP_010943314.1	Utg864866_28
OG0002867	WP_010942462.1, WP_010941211.1	Utg857046_11
OG0002912	WP_010942175.1	Utg859236_126, Utg859236_125
OG0002918	WP_010941359.1	Utg857152_205
OG0002921	WP_010942728.1	Utg859750_17
OG0002968	WP_010941830.1	Utg860006_84
OG0002974	WP_010940747.1	Utg860006_32
OG0002975	WP_010940748.1	Utg860006_33
OG0002985	WP_010941976.1	Utg864866_111
OG0002995	WP_010942975.1	Utg860006_106
OG0002997	WP_010942977.1	Utg860006_101
OG0003005	WP_010942916.1	Utg859982_17
OG0003008	WP_010943963.1	Utg860814_164
OG0003010	WP_010941378.1	Utg860814_232
OG0003012	WP_010942060.1	Utg858432_113
OG0003023	WP_010940856.1	Utg860006_122
OG0003035	WP_010941298.1	Utg857994_202, Utg857994_201
OG0003038	WP_235045003.1	Utg859982_89
OG0003061	WP_010941391.1	Utg859982_20
OG0003080	WP_235044895.1	Utg860814_127
OG0003107	WP_010943313.1	Utg857046_41
OG0003109	WP_235044894.1	Utg857046_105
OG0003110	WP_010943133.1	Utg857046_109
OG0003111	WP_010943130.1	Utg857046_112
OG0003133	WP_010941566.1	Utg857994_87
OG0003154	WP_010943837.1	Utg860814_44
OG0003159	WP_010940862.1	Utg863716_6
OG0003666	WP_010942792.1	Utg864866_42
OG0003680	WP_010940924.1	Utg861448_60
OG0003733	WP_010941780.1	Utg857152_130
OG0003750	WP_010943274.1	Utg857046_51
OG0003752	WP_010941908.1	Utg857046_115
OG0003763	WP_010942025.1	Utg859982_99
OG0003793	WP_010943930.1	Utg859098_11, Utg857152_251
OG0003801	WP_010943396.1, WP_010941867.1	Utg858494_36
OG0003805	WP_010942887.1	Utg859098_39, Utg859098_41
OG0003814	WP_235044910.1, WP_010942514.1	Utg859750_96
OG0004873	WP_010943400.1	Utg858494_37
OG0004890	WP_010942033.1	Utg859432_10
OG0004891	WP_010942038.1	Utg859432_13
OG0004892	WP_010942036.1	Utg859432_14
OG0004893	WP_010942037.1	Utg859432_15
OG0004894	WP_010942041.1	Utg859432_16
OG0004895	WP_010942042.1	Utg859432_17
