Orthogroup	Geobacter sulfurreducens PCA	Acidithiobacillus ferrooxidans YNTRS-40
OG0000000	WP_010941477.1	WP_009566311.1
OG0000000	WP_164930426.1	WP_229129755.1, WP_012537464.1, WP_012536007.1, WP_012536141.1, WP_012537498.1
OG0000000	WP_010943112.1, WP_232008971.1	WP_012537338.1
OG0000001	WP_010942201.1, WP_010942302.1, WP_010942515.1, WP_235044972.1, WP_010943962.1, WP_010943987.1, WP_010942950.1, WP_010942288.1, WP_010942315.1, WP_010941474.1, WP_010941620.1, WP_010943599.1, WP_010942049.1, WP_238525143.1, WP_010941210.1	WP_049756718.1
OG0000002	WP_010943324.1, WP_010943450.1, WP_010943451.1	WP_012537438.1
OG0000002	WP_010940689.1	WP_012537671.1
OG0000007	WP_010942419.1	WP_009568266.1
OG0000007	WP_010942909.1	WP_009566877.1
OG0000007	WP_010941823.1, WP_010942828.1	WP_012606613.1
OG0000007	WP_010941615.1	WP_012535788.1
OG0000008	WP_010941060.1	WP_012537153.1
OG0000008	WP_010943408.1	WP_012536818.1, WP_012535792.1
OG0000008	WP_010943303.1	WP_009566498.1
OG0000008	WP_010943335.1, WP_010942255.1	WP_012536971.1, WP_009566514.1
OG0000010	WP_010942493.1	WP_009561151.1
OG0000010	WP_235044891.1	WP_012536238.1
OG0000012	WP_010941669.1	WP_012537465.1
OG0000012	WP_010941439.1, WP_010941262.1, WP_010941254.1, WP_144011898.1, WP_010941041.1, WP_010941630.1, WP_010943129.1, WP_010943547.1	WP_233459585.1
OG0000014	WP_010943740.1, WP_010942788.1	WP_009561490.1, WP_012607578.1
OG0000014	WP_010941119.1, WP_010943578.1, WP_010940825.1, WP_193360255.1	WP_012536921.1
OG0000015	WP_010943443.1	WP_009564938.1
OG0000015	WP_010941995.1	WP_012535757.1, WP_012537128.1
OG0000017	WP_010942680.1	WP_012536473.1
OG0000018	WP_010942606.1, WP_010942605.1, WP_235045001.1, WP_235044879.1, WP_010942157.1	WP_012536801.1
OG0000019	WP_010941763.1	WP_012536513.1
OG0000022	WP_010942550.1, WP_010941573.1, WP_010941244.1, WP_010940866.1, WP_010940882.1	WP_009564993.1
OG0000023	WP_010943810.1	WP_009569199.1
OG0000023	WP_010941206.1	WP_009567699.1
OG0000024	WP_010941159.1, WP_010941582.1	WP_012536512.1
OG0000026	WP_010942793.1	WP_054608867.1
OG0000026	WP_010943263.1, WP_010941067.1	WP_012536917.1, WP_012537155.1, WP_012537435.1, WP_226837036.1, WP_012537308.1, WP_054608741.1
OG0000027	WP_010941441.1	WP_012536289.1, WP_012536670.1
OG0000029	WP_010941173.1	WP_009562958.1, WP_009564606.1
OG0000029	WP_010941066.1	WP_012536184.1
OG0000030	WP_010941465.1, WP_010944016.1, WP_010943289.1	WP_012536529.1
OG0000031	WP_010940767.1	WP_054608952.1
OG0000033	WP_010943225.1	WP_009565875.1
OG0000033	WP_010943085.1	WP_012537578.1, WP_012536825.1
OG0000033	WP_010944034.1	WP_054609086.1, WP_012607441.1
OG0000033	WP_010941969.1	WP_012536110.1
OG0000034	WP_010943409.1	WP_012536817.1, WP_012535793.1
OG0000034	WP_010943334.1, WP_010942256.1, WP_010943302.1	WP_012536972.1, WP_009566515.1
OG0000038	WP_010940700.1, WP_010943808.1, WP_010941445.1, WP_010941452.1	WP_012537610.1, WP_009566921.1, WP_009566923.1
OG0000039	WP_010943224.1	WP_012537038.1
OG0000041	WP_153304094.1	WP_009564623.1, WP_009565495.1
OG0000042	WP_010943811.1, WP_010941591.1	WP_012536408.1
OG0000042	WP_010942434.1	WP_012536431.1
OG0000045	WP_010942953.1	WP_225487636.1
OG0000046	WP_010941543.1	WP_012537032.1
OG0000047	WP_262421271.1	WP_257246645.1, WP_225487355.1, WP_252725196.1
OG0000048	WP_010942268.1	WP_012536680.1
OG0000049	WP_010941476.1, WP_010941028.1, WP_010942390.1	WP_009567000.1, WP_009567335.1
OG0000050	WP_010940875.1	WP_012536348.1
OG0000053	WP_010941160.1	WP_009565974.1
OG0000053	WP_010942464.1	WP_009564595.1
OG0000054	WP_010942040.1	WP_012537181.1
OG0000054	WP_010940843.1	WP_009566294.1
OG0000055	WP_010942902.1	WP_012536534.1
OG0000058	WP_010942454.1, WP_010941840.1	WP_009564125.1
OG0000059	WP_010942126.1	WP_012536962.1, WP_012607235.1, WP_012537141.1, WP_012537037.1
OG0000060	WP_010942137.1	WP_012536005.1
OG0000061	WP_010942269.1	WP_012536678.1
OG0000062	WP_010942081.1	WP_012537528.1
OG0000063	WP_010942168.1, WP_010942767.1	WP_009560828.1, WP_151528215.1, WP_180830446.1, WP_151528213.1, WP_054608640.1, WP_257257267.1, WP_054608824.1, WP_012537288.1
OG0000064	WP_010941276.1	WP_009566490.1
OG0000065	WP_010941490.1, WP_010941029.1, WP_010942716.1, WP_010943066.1, WP_010940694.1	WP_012536179.1
OG0000065	WP_010942732.1	WP_012536434.1
OG0000067	WP_010942082.1	WP_012537527.1
OG0000068	WP_010942354.1	WP_009561902.1
OG0000069	WP_010943436.1, WP_010943903.1, WP_010943616.1	WP_009567370.1
OG0000069	WP_010942028.1	WP_012536062.1
OG0000070	WP_010942896.1	WP_012535972.1
OG0000070	WP_010942882.1, WP_010942892.1	WP_012536036.1
OG0000077	WP_010942316.1	WP_009562388.1
OG0000077	WP_010941855.1	WP_012536420.1
OG0000079	WP_010942999.1	WP_012536378.1, WP_229129778.1, WP_012536377.1
OG0000085	WP_010940999.1, WP_010940757.1	WP_054609046.1, WP_012537430.1, WP_230456338.1
OG0000091	WP_010941129.1	WP_012536362.1, WP_012537064.1, WP_225487639.1
OG0000091	WP_010942248.1	WP_009561353.1
OG0000092	WP_010940844.1	WP_009562486.1
OG0000093	WP_010941779.1	WP_009564668.1
OG0000094	WP_010941286.1	WP_012536031.1
OG0000095	WP_010940777.1	WP_226834132.1
OG0000095	WP_010942900.1	WP_012536481.1
OG0000097	WP_010941879.1	WP_012607461.1
OG0000101	WP_010943782.1	WP_009560846.1
OG0000101	WP_010943090.1	WP_012537491.1
OG0000102	WP_010942739.1	WP_009564795.1
OG0000102	WP_010941577.1, WP_010941893.1	WP_009568931.1
OG0000103	WP_010941607.1, WP_010942480.1	WP_009566205.1, WP_054608900.1, WP_009567505.1
OG0000104	WP_262421275.1	WP_054608783.1, WP_012536624.1, WP_012536433.1
OG0000105	WP_010942250.1	WP_012536834.1
OG0000106	WP_010943341.1	WP_012536953.1
OG0000107	WP_010943755.1	WP_012537062.1
OG0000112	WP_010942274.1	WP_009567621.1
OG0000114	WP_010943489.1	WP_012536085.1
OG0000115	WP_010943892.1	WP_012536267.1
OG0000115	WP_010944056.1	WP_012537150.1
OG0000116	WP_010943682.1	WP_225487351.1
OG0000119	WP_010942000.1, WP_010942001.1	WP_012537040.1
OG0000120	WP_010942080.1	WP_012537529.1, WP_012607593.1
OG0000126	WP_010943126.1	WP_009561865.1
OG0000126	WP_010943898.1	WP_009562220.1
OG0000128	WP_010941589.1	WP_012537059.1
OG0000128	WP_010943853.1	WP_009562675.1
OG0000129	WP_010941713.1	WP_012537381.1
OG0000129	WP_010943266.1	WP_009563104.1
OG0000130	WP_235044863.1, WP_010942184.1	WP_012535980.1
OG0000131	WP_010942881.1	WP_012536872.1, WP_012536232.1
OG0000132	WP_010942507.1, WP_010942310.1, WP_010942113.1, WP_010943057.1	WP_012536482.1
OG0000134	WP_010942241.1	WP_012536758.1
OG0000142	WP_010942899.1	WP_009565767.1, WP_012536038.1
OG0000143	WP_010943891.1	WP_012535762.1
OG0000144	WP_010941593.1, WP_041914047.1	WP_012536261.1
OG0000144	WP_010941482.1	WP_012535990.1
OG0000145	WP_010942949.1	WP_012536065.1
OG0000146	WP_010941898.1	WP_012536913.1
OG0000147	WP_010942139.1	WP_012536474.1
OG0000149	WP_010941535.1, WP_010943114.1, WP_276524822.1, WP_010943517.1, WP_010941811.1	WP_012536987.1
OG0000150	WP_010943710.1	WP_012537129.1
OG0000151	WP_010942629.1, WP_010942486.1	WP_012537514.1
OG0000158	WP_010941382.1	WP_054609079.1
OG0000159	WP_010943532.1	WP_009562226.1
OG0000160	WP_010941051.1, WP_010940903.1	WP_009562607.1
OG0000163	WP_010940702.1, WP_010942942.1	WP_009567122.1
OG0000164	WP_010941317.1	WP_009567465.1
OG0000165	WP_010942130.1	WP_012536452.1
OG0000165	WP_010943009.1	WP_055448958.1
OG0000165	WP_010942470.1	WP_012536010.1
OG0000166	WP_010943267.1	WP_012536041.1, WP_226833941.1
OG0000167	WP_010943983.1, WP_010941150.1	WP_012536954.1
OG0000168	WP_010942284.1	WP_012537672.1, WP_229129812.1
OG0000168	WP_010943207.1	WP_012536275.1
OG0000169	WP_010942556.1	WP_012536327.1
OG0000170	WP_010942052.1	WP_012536762.1, WP_012607389.1, WP_012607334.1
OG0000171	WP_010941390.1	WP_012536824.1
OG0000172	WP_235045029.1	WP_054608868.1
OG0000172	WP_010943091.1	WP_012537382.1
OG0000174	WP_010941345.1, WP_010944064.1, WP_235044909.1, WP_010940918.1	WP_012536983.1
OG0000175	WP_262421276.1	WP_087455007.1
OG0000176	WP_010940798.1	WP_012537694.1
OG0000183	WP_010941007.1	WP_009566651.1, WP_009561179.1
OG0000185	WP_041914029.1	WP_009562658.1
OG0000186	WP_010940745.1, WP_010942944.1	WP_009562903.1
OG0000187	WP_010943488.1	WP_009566505.1
OG0000188	WP_010941847.1	WP_009567117.1
OG0000189	WP_010943971.1, WP_010942239.1	WP_012536119.1
OG0000190	WP_010943251.1	WP_012536152.1
OG0000191	WP_010940707.1	WP_012536198.1
OG0000191	WP_010941690.1	WP_225487193.1
OG0000192	WP_010940935.1	WP_012536361.1
OG0000196	WP_010941009.1	WP_012537302.1
OG0000198	WP_010942442.1	WP_012537705.1
OG0000199	WP_010940692.1, WP_010943043.1	WP_012537596.1
OG0000200	WP_010940782.1	WP_012537660.1
OG0000209	WP_010942186.1	WP_012536003.1
OG0000209	WP_010942096.1	WP_009560794.1
OG0000210	WP_010941518.1	WP_012536485.1, WP_009560819.1
OG0000211	WP_010940834.1	WP_009560875.1
OG0000212	WP_010940796.1	WP_009560877.1
OG0000213	WP_010943935.1	WP_012537665.1, WP_009566393.1, WP_009560966.1, WP_009560967.1
OG0000214	WP_010943452.1	WP_009562639.1
OG0000214	WP_010943323.1, WP_010943453.1	WP_012537439.1
OG0000215	WP_010942713.1	WP_009567346.1
OG0000216	WP_010943613.1	WP_012606601.1, WP_009567592.1
OG0000217	WP_010942056.1	WP_009567626.1
OG0000218	WP_010941105.1	WP_012536052.1
OG0000219	WP_010942171.1	WP_012536999.1, WP_012536156.1
OG0000221	WP_010943208.1	WP_225487655.1, WP_012536274.1
OG0000222	WP_010942108.1	WP_012536488.1
OG0000223	WP_010942050.1	WP_012536535.1
OG0000224	WP_010942022.1, WP_010942097.1	WP_012536669.1
OG0000225	WP_010943944.1	WP_012537676.1
OG0000226	WP_010943254.1	WP_012536936.1
OG0000226	WP_010943255.1	WP_012536937.1
OG0000227	WP_010943010.1	WP_012536947.1
OG0000228	WP_010941331.1	WP_012537058.1
OG0000228	WP_010940759.1	WP_012606556.1
OG0000229	WP_010942321.1, WP_268741945.1	WP_233459570.1
OG0000233	WP_010943635.1, WP_010941266.1	WP_180830512.1
OG0000234	WP_010943824.1, WP_010940956.1	WP_225487654.1
OG0000248	WP_010940826.1	WP_012536050.1
OG0000249	WP_010943406.1, WP_010943405.1	WP_012536114.1, WP_229129773.1, WP_009561020.1, WP_054608738.1
OG0000250	WP_010943679.1	WP_009562194.1
OG0000252	WP_010941013.1	WP_009565424.1
OG0000253	WP_010943698.1	WP_012536020.1
OG0000253	WP_010943699.1	WP_009566305.1
OG0000254	WP_010943176.1, WP_010940756.1, WP_010943910.1	WP_009567060.1
OG0000255	WP_010943746.1	WP_009567251.1
OG0000255	WP_010941236.1	WP_009567700.1
OG0000256	WP_010943325.1	WP_012535787.1
OG0000256	WP_010943449.1	WP_012537437.1
OG0000257	WP_010943933.1, WP_010941115.1	WP_012536012.1
OG0000258	WP_235044999.1	WP_012536034.1
OG0000259	WP_010942654.1	WP_012607080.1
OG0000259	WP_010943206.1	WP_225487438.1, WP_229129802.1
OG0000260	WP_010942469.1	WP_012536397.1
OG0000262	WP_010943062.1, WP_010941612.1, WP_010941613.1, WP_010941843.1	WP_012536942.1
OG0000263	WP_010941522.1, WP_235044914.1	WP_012537110.1
OG0000264	WP_010940789.1	WP_012537655.1
OG0000265	WP_010940787.1	WP_012537657.1
OG0000266	WP_010941002.1	WP_012537658.1
OG0000267	WP_010944011.1	WP_012607294.1, WP_054608871.1
OG0000270	WP_010940685.1, WP_010941762.1	WP_229129792.1
OG0000283	WP_010940799.1, WP_010941447.1	WP_009560879.1
OG0000284	WP_010942003.1, WP_010941315.1, WP_010941575.1	WP_009560923.1
OG0000285	WP_010941784.1	WP_009567365.1, WP_009561385.1, WP_009565301.1, WP_054608740.1, WP_009565762.1
OG0000287	WP_010941183.1	WP_009566245.1, WP_009562362.1
OG0000288	WP_010942662.1	WP_009564524.1
OG0000289	WP_010941147.1	WP_009565770.1
OG0000290	WP_010944031.1	WP_215905594.1, WP_229129783.1, WP_009566370.1, WP_229129815.1
OG0000291	WP_010942921.1, WP_010942449.1	WP_009566445.1
OG0000292	WP_010941250.1	WP_009566482.1
OG0000293	WP_010941006.1	WP_009566650.1
OG0000295	WP_010942132.1	WP_009566924.1
OG0000296	WP_010943239.1, WP_010942391.1	WP_009567461.1
OG0000297	WP_010943720.1	WP_012537564.1, WP_009567888.1
OG0000299	WP_010941531.1	WP_012536067.1
OG0000300	WP_010941042.1	WP_012537695.1, WP_012536306.1
OG0000301	WP_010943464.1	WP_012536440.1
OG0000302	WP_010940762.1	WP_012536450.1
OG0000303	WP_235044981.1	WP_012536471.1
OG0000304	WP_010943072.1	WP_012536774.1
OG0000305	WP_010943229.1, WP_010941629.1	WP_012536826.1, WP_054608850.1
OG0000307	WP_010944039.1	WP_012537295.1
OG0000308	WP_010941014.1	WP_012537299.1
OG0000309	WP_010942664.1	WP_012537406.1
OG0000310	WP_010942151.1	WP_012537505.1
OG0000311	WP_010943716.1	WP_012537568.1
OG0000312	WP_010941556.1	WP_225487053.1
OG0000312	WP_010944022.1	WP_012537595.1
OG0000314	WP_010941016.1	WP_012607483.1
OG0000315	WP_010941223.1	WP_088775926.1
OG0000331	WP_010942832.1	WP_009565185.1, WP_009564442.1, WP_009561007.1
OG0000332	WP_010940771.1	WP_009561368.1
OG0000333	WP_010942670.1	WP_009562239.1
OG0000334	WP_010942005.1	WP_009566820.1
OG0000335	WP_010942466.1	WP_009562964.1
OG0000336	WP_010942655.1	WP_009564610.1
OG0000336	WP_010942057.1	WP_009566457.1
OG0000337	WP_010942393.1	WP_009564760.1
OG0000338	WP_010941156.1	WP_009566072.1
OG0000339	WP_010941334.1	WP_009566369.1, WP_267903947.1
OG0000340	WP_010941922.1	WP_009567235.1
OG0000341	WP_010942355.1	WP_009568735.1
OG0000343	WP_010943700.1	WP_012537004.1, WP_012536021.1, WP_012537460.1
OG0000344	WP_010943614.1	WP_012536229.1
OG0000345	WP_010942600.1	WP_012536410.1
OG0000345	WP_010942401.1	WP_012537234.1
OG0000346	WP_010940764.1	WP_012536451.1
OG0000347	WP_010941557.1, WP_010943859.1	WP_012536483.1
OG0000348	WP_010941927.1	WP_012536538.1, WP_012537571.1
OG0000350	WP_235044984.1	WP_012607533.1, WP_012536601.1
OG0000351	WP_010941822.1, WP_010942781.1, WP_010941496.1, WP_235044931.1, WP_010941985.1	WP_054608863.1, WP_012536857.1
OG0000352	WP_010942812.1, WP_010943711.1	WP_012537130.1
OG0000353	WP_010943880.1	WP_012537240.1
OG0000355	WP_010943779.1	WP_012537418.1
OG0000356	WP_010942796.1, WP_010943738.1	WP_012537427.1, WP_054609053.1
OG0000357	WP_010942533.1	WP_012537553.1
OG0000358	WP_010941267.1	WP_012537707.1
OG0000359	WP_010944058.1, WP_010943345.1	WP_012607242.1
OG0000360	WP_010942731.1, WP_010941394.1	WP_041647474.1
OG0000361	WP_010942246.1	WP_180830519.1
OG0000387	WP_010940853.1	WP_012536014.1
OG0000388	WP_010942249.1	WP_054608986.1, WP_054608972.1, WP_009561355.1
OG0000389	WP_010944066.1	WP_009566266.1
OG0000389	WP_010940805.1	WP_009562205.1
OG0000390	WP_010941122.1	WP_012537476.1, WP_009562421.1
OG0000391	WP_010942461.1	WP_009562662.1, WP_012607056.1
OG0000392	WP_010940827.1	WP_009562813.1
OG0000393	WP_010943825.1	WP_012536777.1, WP_009563800.1
OG0000394	WP_010943002.1	WP_009566268.1
OG0000395	WP_010942541.1	WP_009566884.1
OG0000396	WP_010942725.1	WP_009566949.1
OG0000397	WP_010943018.1	WP_009567142.1
OG0000398	WP_010941523.1	WP_009567323.1
OG0000399	WP_010943768.1	WP_009567484.1
OG0000400	WP_010943724.1	WP_012536000.1, WP_009567581.1
OG0000401	WP_010940699.1	WP_012535766.1
OG0000402	WP_010943148.1	WP_012535777.1
OG0000403	WP_010941483.1, WP_010941592.1, WP_010942545.1	WP_012535991.1
OG0000404	WP_010941863.1	WP_012536024.1
OG0000406	WP_010941749.1	WP_012536078.1
OG0000407	WP_010941720.1	WP_012536131.1
OG0000408	WP_010943001.1	WP_012536140.1
OG0000409	WP_010943829.1	WP_012536144.1
OG0000410	WP_010941931.1	WP_012536254.1
OG0000412	WP_010942671.1	WP_012536319.1
OG0000413	WP_010942923.1	WP_012536392.1
OG0000414	WP_010941756.1	WP_012536519.1
OG0000415	WP_010943593.1	WP_012536558.1
OG0000416	WP_010941182.1, WP_010943730.1, WP_010942989.1, WP_010941733.1	WP_012536683.1
OG0000418	WP_010943506.1	WP_012536949.1
OG0000419	WP_010941890.1, WP_010941487.1	WP_012536955.1
OG0000420	WP_010943328.1	WP_012536981.1
OG0000421	WP_010943179.1	WP_012537025.1
OG0000421	WP_010942103.1	WP_049756713.1
OG0000422	WP_010941859.1	WP_012537700.1
OG0000422	WP_010943000.1	WP_012537502.1
OG0000423	WP_010942177.1, WP_010943722.1	WP_012537562.1
OG0000425	WP_010940943.1	WP_012537653.1
OG0000426	WP_010943019.1	WP_012537674.1
OG0000427	WP_010943733.1	WP_041838681.1
OG0000428	WP_010941481.1, WP_010942544.1, WP_010941594.1	WP_054608948.1
OG0000429	WP_010942369.1, WP_010942069.1	WP_233459593.1
OG0000457	WP_010942557.1	WP_009560820.1, WP_225981995.1
OG0000458	WP_010943913.1, WP_010942869.1	WP_009561363.1
OG0000459	WP_010942547.1	WP_009562654.1
OG0000460	WP_010942228.1	WP_012536691.1, WP_009563102.1
OG0000461	WP_010940711.1	WP_009563301.1
OG0000462	WP_010941479.1	WP_012536982.1, WP_012536787.1, WP_009563461.1
OG0000463	WP_010942901.1	WP_009564129.1
OG0000465	WP_010943901.1	WP_009564605.1
OG0000466	WP_010943714.1, WP_010941574.1	WP_009564692.1
OG0000467	WP_010940977.1	WP_009564855.1, WP_009569804.1
OG0000468	WP_010941157.1	WP_009565783.1, WP_074874161.1
OG0000469	WP_235045036.1, WP_010941169.1	WP_009566207.1
OG0000470	WP_010940811.1	WP_009566477.1
OG0000471	WP_010942071.1	WP_009566480.1
OG0000472	WP_010943177.1	WP_009566574.1
OG0000473	WP_010940976.1	WP_012537697.1, WP_009566904.1
OG0000474	WP_010941000.1	WP_009567190.1
OG0000475	WP_010942285.1	WP_009567364.1
OG0000476	WP_010942721.1, WP_010943097.1	WP_009567490.1
OG0000477	WP_010941662.1	WP_012536151.1, WP_009567582.1
OG0000478	WP_010943615.1	WP_009567595.1
OG0000479	WP_010940705.1	WP_009567656.1
OG0000480	WP_010942395.1	WP_009568282.1
OG0000481	WP_010942262.1, WP_010940718.1	WP_054609023.1, WP_009568876.1
OG0000482	WP_010941444.1	WP_012536288.1, WP_009569191.1
OG0000483	WP_010943418.1	WP_225487666.1, WP_054608809.1, WP_012606678.1, WP_054608884.1, WP_180830411.1, WP_054608629.1, WP_009569877.1
OG0000484	WP_010943984.1	WP_012535750.1
OG0000485	WP_010940706.1	WP_012535768.1
OG0000486	WP_010942693.1	WP_012536028.1
OG0000487	WP_010943830.1	WP_012536755.1, WP_012536063.1
OG0000488	WP_010941054.1	WP_012536103.1
OG0000489	WP_010942709.1	WP_012536116.1
OG0000490	WP_010941675.1	WP_012536127.1
OG0000491	WP_010941876.1	WP_012536128.1
OG0000492	WP_010941312.1, WP_010941313.1	WP_012536132.1
OG0000493	WP_010942580.1	WP_012536143.1
OG0000494	WP_010942170.1	WP_012536155.1
OG0000495	WP_010943252.1	WP_012536160.1
OG0000496	WP_010942910.1	WP_012536161.1
OG0000497	WP_010941636.1, WP_010942416.1	WP_012536181.1
OG0000498	WP_010942417.1	WP_012536182.1
OG0000499	WP_010942708.1	WP_012536183.1
OG0000500	WP_010942876.1	WP_012536209.1
OG0000502	WP_010942548.1	WP_012536243.1
OG0000503	WP_010941055.1	WP_012536253.1
OG0000504	WP_010941928.1	WP_012536255.1
OG0000505	WP_010941251.1	WP_012536257.1
OG0000506	WP_010942552.1	WP_012536330.1
OG0000507	WP_010941554.1	WP_012536336.1
OG0000508	WP_010940877.1	WP_012536351.1
OG0000509	WP_010943992.1	WP_012536979.1, WP_012536352.1
OG0000510	WP_010940919.1	WP_012536360.1
OG0000511	WP_010941133.1, WP_010942396.1	WP_012536394.1
OG0000512	WP_010943245.1	WP_012536421.1
OG0000513	WP_010942286.1	WP_012536460.1
OG0000514	WP_010942904.1, WP_010941664.1	WP_012536532.1
OG0000515	WP_010942903.1	WP_012536533.1
OG0000516	WP_010942477.1	WP_012536759.1
OG0000517	WP_010941039.1	WP_012536767.1
OG0000518	WP_010942917.1	WP_012537237.1, WP_012536786.1
OG0000519	WP_010943550.1, WP_010943549.1	WP_054608908.1, WP_012536797.1
OG0000519	WP_010944033.1	WP_012537678.1
OG0000520	WP_010941526.1, WP_010940890.1	WP_012536816.1
OG0000521	WP_010942403.1	WP_233459598.1, WP_012536827.1
OG0000522	WP_010942447.1	WP_012536840.1
OG0000523	WP_010941346.1, WP_010942408.1	WP_012536878.1
OG0000524	WP_010940681.1	WP_012606471.1
OG0000525	WP_010941564.1	WP_012537043.1
OG0000526	WP_010942399.1	WP_012537089.1
OG0000527	WP_010943934.1, WP_010942656.1	WP_012537123.1
OG0000529	WP_010941106.1, WP_010942647.1	WP_012537162.1
OG0000530	WP_010942516.1	WP_012537306.1
OG0000531	WP_010942261.1, WP_010940720.1	WP_012537317.1
OG0000532	WP_010940712.1, WP_010940981.1	WP_012537323.1
OG0000533	WP_010942872.1	WP_012537326.1
OG0000534	WP_010942487.1	WP_012537330.1
OG0000535	WP_010943192.1	WP_012537356.1
OG0000536	WP_235044944.1	WP_012537380.1
OG0000537	WP_010941663.1	WP_012537410.1
OG0000538	WP_010943938.1, WP_275450053.1	WP_012537428.1
OG0000539	WP_010942181.1	WP_012537483.1
OG0000540	WP_010942258.1	WP_012537544.1
OG0000541	WP_010942526.1	WP_012537546.1
OG0000542	WP_010942538.1	WP_012537556.1
OG0000543	WP_010943017.1	WP_012537673.1
OG0000544	WP_010940974.1	WP_229129766.1, WP_012537696.1
OG0000545	WP_010943465.1	WP_012606542.1
OG0000546	WP_010943608.1	WP_088775915.1
OG0000548	WP_010942272.1	WP_215905524.1
OG0000549	WP_010941832.1	WP_225487409.1
OG0000550	WP_235045013.1	WP_230456331.1
OG0000575	WP_010942534.1	WP_009560683.1
OG0000576	WP_010942537.1	WP_009560685.1
OG0000577	WP_010942510.1	WP_009560747.1
OG0000578	WP_010940679.1	WP_009560802.1
OG0000579	WP_010943242.1	WP_009560813.1
OG0000580	WP_010943827.1	WP_009560843.1
OG0000581	WP_010943499.1	WP_009560851.1
OG0000582	WP_010944070.1	WP_009560861.1
OG0000583	WP_010942332.1	WP_009560911.1
OG0000584	WP_010944075.1	WP_009560912.1
OG0000585	WP_010944076.1	WP_009560913.1
OG0000586	WP_010944078.1	WP_009560916.1
OG0000587	WP_010942289.1	WP_009560917.1
OG0000588	WP_010942073.1	WP_009561052.1
OG0000589	WP_010941392.1	WP_009561081.1
OG0000590	WP_010942465.1	WP_009561185.1
OG0000591	WP_010940835.1	WP_009561191.1
OG0000592	WP_010941272.1	WP_009561285.1
OG0000593	WP_010942349.1	WP_009561698.1
OG0000594	WP_010943186.1	WP_009562201.1
OG0000595	WP_010943920.1	WP_009562382.1
OG0000596	WP_235044854.1	WP_009562410.1
OG0000597	WP_010942643.1	WP_009562411.1
OG0000598	WP_010943702.1	WP_009562424.1
OG0000599	WP_010941327.1	WP_009562432.1
OG0000600	WP_010942136.1	WP_009562611.1
OG0000601	WP_010940829.1	WP_009562807.1
OG0000602	WP_010942444.1	WP_009562815.1
OG0000603	WP_010942707.1	WP_009562818.1
OG0000604	WP_010940693.1	WP_009562823.1
OG0000605	WP_010943003.1	WP_009562824.1
OG0000606	WP_010941673.1	WP_009562995.1
OG0000607	WP_010940800.1	WP_009563107.1
OG0000608	WP_010940710.1	WP_009563302.1
OG0000610	WP_010942105.1	WP_009564018.1
OG0000611	WP_010941932.1	WP_009564109.1
OG0000612	WP_010941310.1	WP_009564128.1
OG0000613	WP_010941309.1	WP_009564594.1
OG0000614	WP_010941719.1	WP_009564695.1
OG0000615	WP_010942566.1	WP_009564727.1
OG0000616	WP_010942564.1	WP_009564729.1
OG0000617	WP_010943485.1	WP_009565432.1
OG0000618	WP_010943483.1	WP_009565434.1
OG0000619	WP_010943482.1	WP_009565435.1
OG0000620	WP_010943481.1	WP_009565436.1
OG0000621	WP_010943480.1	WP_009565437.1
OG0000622	WP_010941527.1	WP_009565541.1
OG0000623	WP_010943723.1	WP_009565749.1
OG0000624	WP_010943850.1	WP_009565803.1
OG0000625	WP_010943851.1	WP_009565805.1
OG0000626	WP_010940760.1	WP_009566208.1
OG0000627	WP_010942106.1	WP_009566247.1
OG0000628	WP_010942919.1	WP_009566444.1
OG0000629	WP_010941252.1	WP_009566467.1
OG0000630	WP_041914001.1	WP_009566572.1
OG0000631	WP_276524825.1	WP_009566573.1
OG0000632	WP_010943180.1	WP_009566576.1
OG0000633	WP_010942373.1	WP_009566620.1
OG0000634	WP_010943241.1	WP_009566635.1
OG0000635	WP_010942450.1	WP_009566647.1
OG0000636	WP_010944053.1	WP_009566653.1
OG0000637	WP_010942245.1	WP_009566798.1
OG0000638	WP_010942878.1	WP_009566813.1
OG0000639	WP_010942898.1	WP_009566882.1
OG0000640	WP_010942897.1	WP_009566883.1
OG0000642	WP_010940715.1	WP_009566960.1
OG0000643	WP_010941323.1	WP_009567014.1
OG0000644	WP_010941325.1	WP_009567059.1
OG0000645	WP_010943691.1	WP_009567097.1
OG0000646	WP_010943692.1	WP_009567098.1
OG0000647	WP_010943693.1	WP_009567099.1
OG0000648	WP_010943697.1	WP_009567102.1
OG0000649	WP_010941322.1	WP_009567132.1
OG0000650	WP_010943006.1	WP_009567136.1
OG0000651	WP_010943016.1	WP_009567143.1
OG0000652	WP_010942410.1	WP_009567229.1
OG0000653	WP_010941921.1	WP_009567236.1
OG0000654	WP_010942463.1	WP_009567244.1
OG0000655	WP_010941209.1	WP_009567300.1
OG0000656	WP_010942230.1	WP_009567336.1
OG0000657	WP_010942231.1	WP_009567337.1
OG0000658	WP_010942236.1	WP_009567340.1
OG0000659	WP_010942237.1	WP_009567341.1
OG0000660	WP_010943504.1	WP_009567384.1
OG0000661	WP_010943505.1	WP_009567386.1
OG0000663	WP_010943737.1	WP_012536312.1, WP_009567477.1
OG0000664	WP_010943342.1	WP_009567486.1
OG0000665	WP_010943897.1	WP_009567513.1
OG0000666	WP_276524820.1	WP_009567572.1
OG0000667	WP_010943951.1	WP_009567579.1
OG0000668	WP_010943747.1	WP_009567636.1
OG0000670	WP_010941735.1	WP_009567690.1
OG0000671	WP_010942874.1	WP_009567983.1
OG0000672	WP_010941965.1	WP_009568056.1
OG0000673	WP_010941900.1	WP_009568262.1
OG0000674	WP_010941793.1	WP_009568264.1
OG0000675	WP_010942418.1	WP_009568267.1
OG0000676	WP_010941316.1	WP_009568268.1
OG0000677	WP_010943461.1	WP_009568279.1
OG0000678	WP_010943462.1	WP_009568280.1
OG0000679	WP_164930419.1	WP_009568284.1
OG0000680	WP_010942334.1	WP_009568607.1
OG0000681	WP_010943494.1	WP_009568779.1
OG0000682	WP_010943495.1	WP_009568780.1
OG0000684	WP_010940790.1	WP_009569104.1
OG0000685	WP_010943470.1	WP_009569276.1
OG0000686	WP_010941171.1	WP_009569543.1
OG0000687	WP_010943475.1	WP_009569556.1
OG0000688	WP_010943477.1	WP_009569558.1
OG0000689	WP_010943478.1	WP_009569559.1
OG0000690	WP_010943978.1	WP_009569795.1
OG0000691	WP_010943491.1	WP_010641426.1
OG0000692	WP_010940678.1	WP_012535739.1
OG0000693	WP_010940806.1	WP_012535749.1
OG0000694	WP_010944074.1	WP_012535756.1
OG0000695	WP_010942109.1	WP_012535765.1
OG0000696	WP_010941175.1	WP_012535802.1
OG0000697	WP_010943823.1	WP_012535804.1
OG0000698	WP_010941311.1	WP_012535974.1
OG0000699	WP_010941314.1	WP_012535976.1
OG0000700	WP_010942509.1	WP_012535994.1
OG0000701	WP_010942457.1	WP_012535997.1
OG0000702	WP_010942686.1	WP_012536008.1
OG0000703	WP_010942663.1	WP_012536013.1
OG0000704	WP_010943688.1	WP_012536016.1
OG0000705	WP_010943689.1	WP_012536017.1
OG0000706	WP_010943690.1	WP_012536018.1
OG0000707	WP_010943694.1	WP_012536019.1
OG0000708	WP_010943703.1	WP_012536023.1
OG0000709	WP_010941854.1	WP_012536040.1
OG0000710	WP_010942229.1	WP_012536051.1
OG0000711	WP_010942353.1	WP_012536059.1
OG0000712	WP_010943831.1	WP_012536064.1
OG0000713	WP_010942252.1	WP_012536070.1
OG0000714	WP_010942331.1	WP_012536072.1
OG0000715	WP_010942333.1	WP_012536073.1
OG0000716	WP_010942335.1	WP_012536074.1
OG0000717	WP_010943498.1	WP_012536079.1
OG0000718	WP_010943497.1	WP_012536080.1
OG0000719	WP_010943496.1	WP_012536081.1
OG0000720	WP_010943493.1	WP_012536082.1
OG0000721	WP_010943490.1	WP_012536084.1
OG0000722	WP_010943487.1	WP_012536086.1
OG0000723	WP_010943484.1	WP_012536087.1
OG0000724	WP_010943479.1	WP_012536088.1
OG0000725	WP_010943476.1	WP_012536089.1
OG0000726	WP_010943474.1	WP_012536090.1
OG0000727	WP_010943469.1	WP_012536093.1
OG0000728	WP_010943468.1	WP_012536094.1
OG0000729	WP_010943467.1	WP_012536095.1
OG0000730	WP_010943466.1	WP_012536096.1
OG0000731	WP_010943460.1	WP_012536098.1
OG0000732	WP_010943459.1	WP_012536099.1
OG0000733	WP_010943458.1	WP_012536100.1
OG0000734	WP_010942240.1	WP_012536101.1
OG0000735	WP_010941785.1	WP_012536102.1
OG0000736	WP_010941773.1	WP_012536109.1
OG0000737	WP_010942233.1	WP_012536117.1
OG0000738	WP_010943606.1	WP_012536126.1
OG0000739	WP_010942849.1	WP_012536147.1
OG0000740	WP_010942479.1	WP_012536153.1
OG0000741	WP_010942525.1	WP_012536187.1
OG0000743	WP_010942133.1	WP_012536204.1
OG0000744	WP_010942877.1	WP_012536208.1
OG0000745	WP_010940804.1	WP_012536222.1
OG0000746	WP_010942838.1	WP_012536225.1
OG0000747	WP_010943729.1	WP_012536268.1
OG0000748	WP_010943728.1	WP_012536269.1
OG0000749	WP_010943205.1	WP_012536279.1
OG0000750	WP_010940975.1	WP_012536303.1
OG0000751	WP_010940978.1	WP_012536305.1
OG0000752	WP_010942554.1	WP_012536329.1
OG0000753	WP_010943874.1	WP_012536389.1
OG0000754	WP_010942540.1	WP_012536390.1
OG0000755	WP_010942539.1	WP_012536391.1
OG0000756	WP_010943890.1	WP_012536396.1
OG0000757	WP_010943990.1	WP_012536417.1
OG0000758	WP_010940682.1	WP_012536418.1
OG0000759	WP_010943243.1	WP_012536424.1
OG0000760	WP_010943240.1	WP_012536425.1
OG0000761	WP_010942107.1	WP_012536427.1
OG0000762	WP_010940819.1	WP_012536445.1
OG0000763	WP_010940821.1	WP_012536446.1
OG0000764	WP_010940824.1	WP_012536447.1
OG0000765	WP_010941053.1, WP_010940752.1	WP_012536465.1
OG0000766	WP_010942471.1	WP_012536494.1
OG0000767	WP_010942868.1	WP_012536497.1
OG0000768	WP_193360270.1	WP_012536498.1
OG0000769	WP_010942565.1	WP_012536522.1
OG0000770	WP_010942563.1	WP_012536523.1
OG0000771	WP_010942562.1	WP_012536524.1
OG0000772	WP_010942561.1	WP_012536525.1
OG0000773	WP_010942560.1	WP_012536526.1
OG0000774	WP_010942559.1	WP_012536527.1
OG0000775	WP_010942908.1	WP_012536528.1
OG0000776	WP_010942906.1	WP_012536530.1
OG0000777	WP_010942905.1	WP_012536531.1
OG0000778	WP_010942051.1	WP_012536536.1
OG0000778	WP_010943005.1	WP_012536946.1
OG0000779	WP_010942455.1	WP_012536537.1
OG0000780	WP_010941248.1	WP_012536544.1
OG0000781	WP_010943501.1, WP_010943424.1	WP_012536547.1
OG0000782	WP_010942467.1	WP_012536740.1
OG0000783	WP_010942350.1	WP_012536744.1
OG0000784	WP_010942835.1	WP_012536750.1
OG0000785	WP_010942834.1	WP_012536751.1
OG0000786	WP_010943073.1, WP_010943294.1, WP_010943646.1	WP_012537579.1, WP_012536775.1
OG0000787	WP_010941674.1	WP_012536820.1
OG0000788	WP_010942131.1	WP_012536823.1
OG0000789	WP_010942247.1	WP_012536833.1
OG0000790	WP_010942870.1	WP_012536836.1
OG0000791	WP_010941878.1	WP_012536839.1
OG0000792	WP_010942227.1	WP_012536841.1
OG0000793	WP_010942644.1	WP_012536842.1
OG0000794	WP_010941772.1	WP_012536843.1
OG0000795	WP_010942865.1	WP_012536849.1
OG0000796	WP_010942409.1	WP_012536879.1
OG0000797	WP_010942411.1	WP_012536883.1
OG0000798	WP_010943257.1, WP_010941835.1	WP_012536938.1
OG0000799	WP_010943258.1	WP_012536939.1
OG0000800	WP_010942281.1	WP_012536943.1
OG0000801	WP_010943004.1	WP_012536945.1
OG0000802	WP_010943507.1	WP_012536950.1
OG0000803	WP_010943508.1	WP_012536951.1
OG0000804	WP_010943769.1	WP_012536952.1
OG0000805	WP_010941347.1	WP_012536988.1
OG0000806	WP_010940684.1	WP_012536992.1
OG0000807	WP_010941324.1	WP_012537005.1
OG0000808	WP_010942568.1	WP_012537045.1
OG0000809	WP_010942688.1	WP_012537049.1
OG0000810	WP_010942940.1	WP_012537050.1
OG0000811	WP_010942581.1	WP_012537051.1
OG0000812	WP_010942021.1, WP_010943943.1	WP_012537054.1
OG0000813	WP_010943976.1	WP_012537060.1
OG0000815	WP_010941271.1	WP_012537086.1
OG0000816	WP_010942438.1	WP_012537134.1
OG0000817	WP_010940708.1	WP_012537138.1
OG0000818	WP_010942733.1	WP_012537146.1
OG0000819	WP_010942277.1	WP_012537147.1
OG0000820	WP_010941062.1	WP_012537152.1
OG0000821	WP_010940768.1	WP_012537254.1
OG0000822	WP_010942723.1	WP_012537259.1
OG0000823	WP_010942720.1	WP_012537260.1
OG0000824	WP_010941241.1	WP_012537272.1
OG0000825	WP_010941242.1	WP_012537273.1
OG0000827	WP_010942167.1	WP_012537289.1
OG0000828	WP_010942166.1	WP_012537290.1
OG0000829	WP_010942165.1	WP_012537291.1
OG0000830	WP_010942164.1	WP_012537292.1
OG0000831	WP_010942163.1	WP_012537293.1
OG0000832	WP_193360261.1	WP_012537294.1
OG0000833	WP_010941018.1, WP_010944040.1	WP_012537296.1
OG0000834	WP_235044855.1	WP_012537304.1
OG0000835	WP_010942522.1	WP_012537357.1
OG0000836	WP_010941899.1	WP_012537368.1
OG0000837	WP_010943725.1	WP_012537371.1
OG0000838	WP_010943895.1	WP_012537372.1
OG0000839	WP_010941321.1	WP_012537374.1
OG0000840	WP_010941369.1	WP_012537398.1
OG0000841	WP_010940957.1	WP_012537408.1
OG0000842	WP_010941268.1	WP_012537409.1
OG0000843	WP_010941329.1	WP_012537411.1
OG0000844	WP_010941307.1	WP_012537432.1
OG0000845	WP_200858943.1	WP_012537433.1
OG0000846	WP_010941303.1	WP_012537434.1
OG0000847	WP_010941608.1	WP_012537472.1, WP_012537469.1
OG0000848	WP_010943828.1	WP_012537494.1
OG0000849	WP_010943181.1	WP_012537497.1
OG0000850	WP_010942529.1	WP_012537550.1
OG0000851	WP_010942532.1	WP_012537552.1
OG0000852	WP_010943721.1	WP_012537563.1
OG0000853	WP_010943719.1	WP_012537565.1
OG0000854	WP_010942178.1	WP_012537569.1
OG0000855	WP_010943503.1	WP_012537583.1
OG0000856	WP_010943641.1	WP_012537589.1
OG0000857	WP_010941275.1	WP_012537600.1
OG0000858	WP_010943026.1	WP_012537630.1
OG0000859	WP_010940944.1	WP_012537654.1
OG0000860	WP_010940788.1	WP_012537656.1
OG0000861	WP_010944072.1	WP_012537661.1
OG0000862	WP_010944073.1	WP_012537662.1
OG0000863	WP_010943343.1	WP_012537664.1
OG0000864	WP_010943985.1	WP_012537675.1
OG0000865	WP_010940832.1	WP_012537690.1
OG0000866	WP_010943896.1	WP_012537704.1
OG0000867	WP_010941005.1	WP_012537706.1
OG0000868	WP_010943265.1	WP_012606529.1
OG0000869	WP_010943492.1	WP_012606540.1
OG0000870	WP_010940695.1	WP_012606545.1
OG0000871	WP_041914012.1	WP_012606548.1
OG0000872	WP_010942918.1	WP_012606567.1
OG0000873	WP_010943758.1	WP_012606584.1
OG0000874	WP_010942555.1	WP_012606634.1
OG0000875	WP_010940803.1	WP_012607057.1
OG0000876	WP_010942402.1	WP_012607261.1
OG0000877	WP_010941776.1	WP_012607268.1
OG0000878	WP_010941797.1	WP_012607327.1
OG0000879	WP_010942567.1	WP_012607345.1
OG0000880	WP_010941860.1	WP_012607360.1
OG0000881	WP_010941168.1	WP_012607515.1
OG0000882	WP_010941800.1	WP_012607615.1
OG0000883	WP_010942727.1	WP_049759457.1
OG0000884	WP_010943256.1	WP_054608903.1
OG0000885	WP_010942273.1	WP_054608955.1
OG0000886	WP_010941176.1	WP_111122623.1
OG0000887	WP_010940850.1	WP_151528199.1
OG0000888	WP_010940920.1, WP_010942624.1	WP_157293193.1
OG0000889	WP_010941682.1	WP_180830472.1
OG0000890	WP_010942994.1	WP_225487046.1
OG0000891	WP_010944077.1	WP_225487353.1
OG0000892	WP_010941736.1	WP_225487354.1
OG0000893	WP_010943696.1	WP_225487399.1
OG0000894	WP_010942437.1	WP_225487425.1
OG0000895	WP_193360259.1	WP_225487673.1
OG0000896	WP_010942911.1	WP_229129796.1
OG0000897	WP_010940769.1	WP_230456312.1
OG0000898	WP_010940818.1	WP_230959348.1
OG0000899	WP_010940772.1	WP_233459568.1
OG0000900	WP_010942879.1	WP_233459589.1
OG0000962	WP_010943826.1	WP_009560842.1
OG0000963	WP_010940786.1	WP_009561112.1
OG0000964	WP_010942553.1	WP_009562365.1
OG0000965	WP_010940744.1	WP_054609114.1
OG0000965	WP_010944057.1	WP_009562391.1
OG0000966	WP_010943173.1	WP_009562392.1
OG0000967	WP_010941771.1	WP_009562412.1
OG0000968	WP_010941326.1	WP_009562431.1
OG0000969	WP_010942661.1, WP_010941044.1	WP_009562478.1
OG0000970	WP_010943924.1	WP_009562604.1
OG0000971	WP_010940828.1	WP_009562810.1
OG0000972	WP_010942579.1	WP_009562817.1
OG0000973	WP_010943293.1, WP_010943082.1	WP_009563431.1, WP_012537580.1
OG0000974	WP_010940791.1	WP_009563457.1
OG0000976	WP_010942094.1	WP_009564598.1
OG0000978	WP_010943486.1	WP_009565431.1
OG0000979	WP_010941686.1, WP_010943869.1	WP_009565766.1
OG0000980	WP_010940742.1	WP_009566066.1
OG0000981	WP_010940783.1	WP_009566150.1
OG0000982	WP_010944067.1	WP_009566264.1
OG0000983	WP_010941478.1	WP_009566310.1
OG0000984	WP_010941114.1	WP_009566634.1
OG0000985	WP_010941008.1	WP_009566652.1
OG0000986	WP_010942803.1	WP_041838693.1, WP_009566930.1, WP_219629366.1, WP_012537013.1
OG0000987	WP_010941925.1	WP_009566940.1
OG0000988	WP_010942336.1	WP_009567245.1
OG0000989	WP_010942846.1	WP_009567470.1
OG0000990	WP_010941742.1	WP_009567611.1
OG0000991	WP_010940836.1	WP_009567628.1
OG0000992	WP_010941737.1	WP_009567692.1
OG0000994	WP_010943463.1	WP_009568281.1
OG0000995	WP_010943472.1	WP_009568793.1
OG0000996	WP_010942478.1	WP_009569413.1
OG0000998	WP_010942692.1	WP_012536029.1
OG0001000	WP_010943471.1	WP_012536092.1
OG0001001	WP_197714222.1	WP_012536104.1
OG0001002	WP_010942234.1	WP_012536118.1
OG0001003	WP_010942706.1	WP_012536142.1
OG0001006	WP_010943952.1	WP_012536194.1
OG0001007	WP_010943757.1	WP_012536202.1
OG0001008	WP_010941108.1	WP_012536223.1
OG0001009	WP_010941109.1	WP_012536260.1
OG0001010	WP_010944060.1	WP_012536315.1
OG0001012	WP_010940916.1	WP_012536366.1
OG0001013	WP_010941123.1	WP_012536367.1
OG0001014	WP_010942282.1	WP_012536428.1
OG0001015	WP_010942436.1	WP_012536429.1
OG0001016	WP_010942435.1	WP_012536430.1
OG0001017	WP_010943812.1	WP_012536443.1
OG0001018	WP_010941240.1	WP_012536499.1
OG0001019	WP_010943423.1	WP_012536546.1
OG0001020	WP_010941605.1	WP_012536567.1
OG0001022	WP_010942226.1	WP_012536747.1
OG0001023	WP_010943862.1	WP_012536748.1
OG0001024	WP_010941469.1	WP_012536778.1
OG0001026	WP_010940973.1	WP_012536813.1
OG0001027	WP_010943098.1	WP_012536830.1
OG0001028	WP_010942244.1	WP_230456346.1, WP_012536832.1
OG0001029	WP_010940773.1	WP_012536838.1
OG0001030	WP_010942303.1	WP_012536846.1
OG0001031	WP_010941319.1	WP_012536875.1
OG0001033	WP_010943014.1	WP_012536948.1
OG0001034	WP_010943991.1	WP_012536978.1
OG0001035	WP_010943994.1	WP_012536980.1
OG0001036	WP_010941667.1	WP_012537000.1
OG0001037	WP_010941788.1, WP_010944048.1	WP_012537016.1
OG0001038	WP_010942280.1	WP_012537145.1
OG0001039	WP_010940814.1	WP_012537233.1
OG0001040	WP_010942558.1	WP_012537235.1
OG0001041	WP_010940776.1, WP_010942575.1	WP_012537270.1
OG0001042	WP_010941011.1, WP_010943356.1, WP_010944051.1	WP_012537301.1
OG0001043	WP_010942271.1	WP_012537303.1
OG0001044	WP_010943500.1	WP_012537325.1
OG0001046	WP_010942079.1	WP_012537373.1
OG0001049	WP_010943554.1	WP_012537425.1
OG0001050	WP_010943584.1	WP_012537436.1
OG0001051	WP_010941971.1	WP_012537462.1
OG0001052	WP_010942180.1	WP_012537482.1
OG0001053	WP_010941289.1	WP_012537699.1, WP_012537517.1
OG0001054	WP_010942612.1	WP_012537558.1
OG0001055	WP_010941926.1	WP_012537572.1
OG0001057	WP_010940846.1	WP_012537685.1
OG0001059	WP_010940872.1	WP_012607606.1
OG0001060	WP_010942549.1	WP_012607619.1
OG0001062	WP_041914004.1	WP_054608956.1
OG0001065	WP_010942474.1	WP_111122554.1
OG0001066	WP_010941738.1	WP_180830462.1
OG0001068	WP_010941152.1	WP_215905492.1
OG0001143	WP_010943899.1	WP_009562222.1
OG0001144	WP_010942446.1	WP_009562409.1
OG0001145	WP_010941181.1	WP_009562646.1
OG0001146	WP_010941229.1, WP_010941816.1, WP_010943438.1, WP_010941086.1, WP_010943784.1	WP_225487643.1, WP_054609091.1
OG0001147	WP_010943346.1	WP_009563004.1, WP_012537369.1, WP_012536861.1
OG0001148	WP_010942006.1	WP_054608977.1
OG0001148	WP_010943075.1	WP_009564270.1
OG0001149	WP_010941610.1	WP_012537680.1, WP_009564866.1
OG0001152	WP_041914011.1	WP_009567032.1
OG0001154	WP_010942520.1	WP_009567191.1
OG0001155	WP_010943078.1	WP_009567240.1
OG0001156	WP_010941291.1	WP_009567345.1
OG0001157	WP_010943447.1	WP_009567494.1
OG0001159	WP_010941902.1	WP_009569566.1
OG0001160	WP_010942729.1	WP_012535973.1, WP_012536304.1
OG0001161	WP_010942330.1	WP_012536071.1
OG0001163	WP_010943473.1	WP_012536091.1
OG0001165	WP_010944063.1	WP_012536313.1
OG0001166	WP_010942668.1	WP_012536317.1
OG0001169	WP_010941125.1	WP_012536368.1
OG0001171	WP_010943433.1	WP_012536576.1
OG0001172	WP_010943445.1	WP_012536579.1
OG0001173	WP_010943446.1	WP_012536580.1
OG0001174	WP_010943426.1	WP_012536582.1
OG0001175	WP_193360272.1	WP_012536763.1
OG0001177	WP_010942542.1	WP_012536989.1, WP_230456334.1
OG0001178	WP_010943678.1	WP_012537133.1
OG0001179	WP_010942439.1	WP_012537135.1
OG0001180	WP_010943071.1	WP_012537263.1
OG0001181	WP_010941048.1	WP_012537264.1
OG0001182	WP_010942518.1	WP_012537327.1
OG0001183	WP_010941787.1	WP_012537450.1
OG0001185	WP_010943972.1	WP_012537468.1
OG0001186	WP_235044885.1	WP_012537480.1
OG0001187	WP_010940869.1	WP_012537666.1
OG0001189	WP_010942182.1	WP_012607569.1
OG0001190	WP_235044993.1	WP_054608885.1, WP_180830413.1, WP_041646513.1
OG0001191	WP_010943351.1	WP_054608826.1
OG0001192	WP_010942370.1	WP_054609104.1
OG0001193	WP_010942751.1	WP_054609108.1, WP_155644725.1
OG0001194	WP_010942121.1	WP_225487413.1
OG0001327	WP_010942127.1	WP_012536401.1, WP_180830578.1, WP_009560918.1, WP_009567391.1
OG0001328	WP_010941339.1, WP_010941233.1	WP_009560969.1
OG0001330	WP_010941918.1	WP_009561098.1
OG0001333	WP_010941967.1	WP_009563432.1
OG0001334	WP_010941768.1	WP_009566618.1
OG0001336	WP_010941819.1	WP_009566995.1
OG0001339	WP_010942712.1	WP_012535993.1
OG0001341	WP_010943101.1	WP_012536069.1
OG0001343	WP_010941774.1, WP_010941353.1	WP_012536185.1
OG0001344	WP_010940690.1	WP_012536212.1
OG0001349	WP_010941154.1	WP_012536309.1
OG0001350	WP_010942673.1	WP_012536321.1
OG0001351	WP_010942674.1	WP_012536322.1
OG0001352	WP_010941717.1	WP_012536324.1
OG0001354	WP_010940917.1	WP_012536369.1
OG0001356	WP_010941046.1	WP_012536480.1
OG0001357	WP_010943960.1	WP_012536503.1
OG0001358	WP_010942511.1	WP_012536542.1
OG0001360	WP_010942189.1	WP_012536655.1
OG0001361	WP_235045009.1	WP_012536831.1
OG0001366	WP_010941495.1, WP_010944009.1, WP_010942782.1, WP_010941984.1	WP_012536925.1, WP_054608869.1
OG0001367	WP_010942690.1	WP_012537027.1
OG0001368	WP_010943713.1	WP_012537132.1
OG0001369	WP_010941064.1	WP_012537151.1
OG0001370	WP_010941618.1	WP_012537684.1
OG0001370	WP_235044950.1	WP_012537154.1
OG0001371	WP_010941604.1	WP_012537243.1
OG0001373	WP_010943563.1, WP_010942293.1	WP_225487342.1, WP_012537362.1
OG0001375	WP_010943191.1	WP_012537478.1, WP_233459587.1, WP_233459586.1
OG0001377	WP_010943718.1	WP_012537566.1
OG0001379	WP_010942675.1	WP_012606632.1
OG0001382	WP_010941043.1	WP_041645355.1
OG0001384	WP_010940797.1	WP_054608733.1
OG0001389	WP_010941031.1	WP_225487192.1
OG0001390	WP_010942140.1	WP_225487398.1
OG0001392	WP_010943093.1, WP_010943092.1, WP_010942641.1	WP_226834140.1
OG0001393	WP_010942422.1	WP_230456313.1
OG0001570	WP_010940894.1	WP_009561084.1, WP_012536248.1
OG0001571	WP_010940897.1	WP_009561085.1
OG0001572	WP_010941296.1	WP_009561152.1
OG0001573	WP_010941328.1	WP_009562433.1
OG0001575	WP_010941273.1, WP_010942943.1	WP_009565304.1
OG0001576	WP_010944043.1, WP_010941015.1	WP_009565427.1
OG0001577	WP_010942947.1	WP_009565537.1
OG0001581	WP_010942726.1	WP_009567476.1
OG0001582	WP_010943199.1	WP_009568083.1
OG0001583	WP_010943185.1	WP_012535748.1
OG0001584	WP_010941463.1	WP_012535764.1, WP_012607602.1
OG0001585	WP_010941151.1	WP_012535771.1
OG0001586	WP_010942366.1	WP_012535772.1
OG0001590	WP_010940898.1	WP_233459584.1, WP_012536251.1
OG0001593	WP_010941045.1	WP_012536479.1
OG0001594	WP_010943196.1, WP_010942386.1	WP_012536520.1
OG0001595	WP_010942483.1, WP_010940859.1, WP_010941145.1	WP_012536540.1
OG0001597	WP_010940725.1	WP_229129777.1, WP_049756721.1, WP_054608875.1
OG0001603	WP_010941619.1	WP_180830470.1, WP_012536907.1
OG0001607	WP_010941400.1	WP_012537007.1
OG0001610	WP_010944041.1, WP_010941017.1	WP_012537297.1
OG0001611	WP_010944049.1, WP_010941012.1	WP_012537300.1
OG0001616	WP_010942894.1	WP_012606527.1
OG0001618	WP_235044966.1	WP_074874203.1, WP_012607079.1
OG0001621	WP_010940982.1, WP_010941877.1	WP_054608778.1
OG0001626	WP_010941517.1	WP_225487043.1
OG0001820	WP_010941492.1	WP_054608962.1, WP_009560954.1
OG0001821	WP_010943172.1	WP_009560977.1
OG0001823	WP_010942531.1	WP_009561155.1
OG0001825	WP_010943042.1	WP_009566502.1
OG0001831	WP_010941357.1	WP_012535966.1
OG0001832	WP_010942257.1	WP_012535988.1
OG0001834	WP_010942032.1	WP_012536120.1
OG0001835	WP_010943084.1	WP_012536129.1
OG0001837	WP_010940698.1	WP_012536168.1
OG0001839	WP_010942173.1	WP_012536193.1
OG0001841	WP_010940895.1	WP_012536249.1
OG0001846	WP_010943766.1, WP_010943264.1	WP_012536416.1
OG0001847	WP_010941155.1	WP_012536510.1, WP_054608739.1
OG0001848	WP_010942952.1	WP_012536667.1
OG0001852	WP_010942196.1	WP_012536904.1, WP_012537402.1, WP_012607637.1
OG0001853	WP_010941399.1, WP_010941395.1	WP_012537006.1
OG0001855	WP_010941047.1	WP_012537247.1, WP_226833921.1, WP_012537250.1
OG0001858	WP_010942112.1	WP_012537534.1
OG0001859	WP_010942527.1	WP_012537547.1
OG0001860	WP_276524823.1	WP_012537559.1, WP_012537670.1
OG0002103	WP_010942344.1, WP_010942945.1	WP_009560818.1
OG0002104	WP_010941824.1, WP_010941616.1	WP_009562763.1
OG0002105	WP_010941982.1	WP_009562805.1
OG0002108	WP_010943076.1	WP_009564272.1
OG0002109	WP_010942665.1	WP_009564525.1
OG0002112	WP_010944030.1	WP_009566952.1
OG0002113	WP_010940858.1	WP_012537266.1, WP_009566962.1
OG0002116	WP_010941148.1	WP_012536301.1, WP_012535965.1
OG0002117	WP_010941679.1	WP_012536115.1
OG0002118	WP_010941537.1	WP_012536197.1
OG0002125	WP_010941639.1	WP_012536564.1
OG0002131	WP_010941401.1	WP_012537008.1
OG0002132	WP_010941403.1	WP_012537010.1
OG0002133	WP_010941404.1	WP_012537011.1
OG0002140	WP_010942362.1	WP_041646660.1, WP_012537511.1
OG0002142	WP_010941396.1	WP_012537551.1
OG0002149	WP_010941402.1	WP_041646305.1
OG0002150	WP_010941871.1	WP_151528200.1
OG0002151	WP_010942011.1	WP_157293221.1
OG0002154	WP_010941727.1	WP_233459596.1
OG0002431	WP_010942551.1	WP_009560940.1
OG0002432	WP_010941470.1	WP_054608963.1, WP_012536148.1, WP_009560955.1
OG0002433	WP_010941828.1	WP_009561011.1
OG0002433	WP_010943099.1, WP_010943601.1	WP_012536106.1
OG0002434	WP_010943955.1	WP_009561017.1
OG0002438	WP_041914065.1	WP_009562203.1
OG0002442	WP_010942448.1	WP_009565421.1
OG0002445	WP_010943695.1	WP_009567100.1
OG0002447	WP_010943822.1	WP_009568900.1
OG0002450	WP_010941161.1	WP_012535786.1, WP_012536802.1
OG0002454	WP_010942295.1	WP_012536009.1
OG0002459	WP_010941215.1	WP_012536326.1, WP_012537131.1
OG0002461	WP_010941983.1	WP_012537061.1, WP_012536442.1
OG0002463	WP_010942679.1	WP_012536472.1
OG0002464	WP_010943103.1	WP_012536489.1
OG0002469	WP_010943936.1	WP_012536815.1
OG0002472	WP_010942971.1, WP_010940934.1	WP_012537036.1
OG0002473	WP_010942915.1	WP_012537044.1
OG0002474	WP_010943117.1	WP_012537068.1, WP_012537216.1, WP_012537217.1
OG0002476	WP_010941581.1	WP_012537458.1
OG0002477	WP_010943954.1	WP_012537470.1
OG0002478	WP_010942498.1	WP_012537503.1
OG0002479	WP_010942619.1	WP_012537516.1, WP_012537698.1
OG0002480	WP_010943717.1	WP_012537567.1
OG0002485	WP_010942873.1	WP_012607473.1
OG0002486	WP_250546393.1	WP_031575563.1
OG0002493	WP_010943268.1	WP_054608888.1, WP_180830419.1
OG0002495	WP_010942827.1	WP_229129765.1
OG0002826	WP_010940724.1	WP_081033191.1, WP_009565616.1
OG0002829	WP_010943421.1	WP_009566636.1
OG0002833	WP_010943427.1	WP_009567497.1
OG0002838	WP_010941172.1	WP_009569544.1
OG0002843	WP_193360257.1	WP_012536299.1
OG0002845	WP_010941753.1	WP_012536372.1
OG0002855	WP_010940795.1, WP_010940847.1	WP_012536795.1
OG0002857	WP_010941739.1	WP_233459599.1, WP_012536829.1
OG0002862	WP_010942154.1	WP_012537056.1
OG0002863	WP_010943119.1	WP_012537214.1, WP_012537070.1
OG0002867	WP_010942462.1, WP_010941211.1	WP_012537117.1
OG0002869	WP_010943118.1	WP_111122614.1, WP_012537215.1
OG0002870	WP_010940709.1	WP_012537324.1
OG0002872	WP_010942346.1	WP_012537424.1
OG0002876	WP_010942528.1	WP_012537549.1
OG0002885	WP_010940812.1	WP_054608961.1
OG0002889	WP_010942750.1	WP_054609112.1
OG0002890	WP_235044995.1	WP_070807698.1, WP_070807694.1
OG0002901	WP_010941468.1	WP_226834093.1
OG0003337	WP_010940680.1	WP_009560801.1
OG0003338	WP_010942642.1	WP_009561005.1
OG0003339	WP_010943524.1	WP_009561601.1, WP_012607240.1
OG0003345	WP_010941933.1, WP_010941897.1	WP_009562649.1
OG0003350	WP_010940823.1	WP_009564301.1
OG0003351	WP_010941799.1	WP_009564309.1
OG0003354	WP_010942120.1	WP_009564726.1
OG0003355	WP_010941189.1	WP_009565303.1
OG0003358	WP_010941873.1	WP_009566343.1
OG0003360	WP_010943095.1	WP_009566521.1
OG0003361	WP_010943111.1	WP_009566530.1, WP_009567231.1
OG0003363	WP_010943163.1	WP_009566801.1
OG0003367	WP_010942476.1	WP_009567281.1
OG0003372	WP_010943121.1	WP_009569097.1
OG0003373	WP_010941188.1	WP_009569794.1
OG0003376	WP_010943188.1	WP_012535773.1
OG0003377	WP_010943979.1	WP_012536113.1
OG0003380	WP_010943989.1	WP_012536196.1
OG0003381	WP_010941980.1	WP_012536210.1
OG0003382	WP_010942701.1	WP_012536228.1
OG0003383	WP_010942826.1	WP_012536264.1
OG0003387	WP_010941791.1	WP_012536333.1
OG0003389	WP_010942986.1	WP_012536380.1
OG0003390	WP_010943946.1, WP_010943764.1	WP_012536422.1
OG0003391	WP_235044974.1	WP_012536476.1
OG0003392	WP_010943337.1	WP_012536477.1
OG0003393	WP_010941872.1	WP_012536491.1
OG0003407	WP_010942475.1	WP_012536760.1
OG0003415	WP_010941812.1	WP_012536986.1
OG0003416	WP_010943110.1	WP_012536995.1
OG0003417	WP_010941691.1	WP_012537031.1
OG0003419	WP_010943120.1	WP_012537067.1
OG0003428	WP_010941561.1	WP_012537305.1
OG0003434	WP_010941761.1	WP_012537602.1
OG0003435	WP_010942361.1	WP_012537606.1
OG0003436	WP_010942363.1	WP_012537608.1
OG0003451	WP_010940717.1	WP_054609021.1
OG0003452	WP_010943618.1	WP_054609029.1
OG0003453	WP_010942753.1	WP_054609107.1
OG0003459	WP_010942172.1	WP_180830474.1
OG0003461	WP_010943686.1, WP_010941348.1	WP_226833836.1
OG0004220	WP_235045005.1	WP_009560795.1
OG0004227	WP_010942530.1	WP_009561157.1
OG0004254	WP_010941371.1	WP_009564632.1
OG0004266	WP_010941358.1	WP_009566461.1
OG0004272	WP_010943194.1	WP_009566816.1
OG0004282	WP_010943429.1	WP_009567496.1
OG0004283	WP_010943630.1	WP_009567512.1
OG0004286	WP_010943074.1	WP_009567632.1
OG0004288	WP_010942714.1	WP_009567689.1
OG0004299	WP_010941288.1	WP_012535776.1
OG0004301	WP_010941144.1	WP_012535967.1
OG0004312	WP_010943373.1	WP_012536145.1
OG0004320	WP_010942085.1	WP_012536272.1
OG0004330	WP_010943244.1	WP_012536423.1
OG0004337	WP_010943594.1	WP_012536594.1
OG0004346	WP_010941219.1	WP_012536725.1
OG0004359	WP_010943919.1	WP_012536822.1
OG0004371	WP_010942996.1	WP_012536956.1
OG0004374	WP_010941349.1	WP_012536985.1
OG0004378	WP_010942371.1	WP_012537055.1
OG0004399	WP_010943867.1	WP_012537423.1
OG0004414	WP_010944052.1	WP_012606670.1
OG0004416	WP_010943431.1	WP_012607081.1
OG0004419	WP_010941551.1	WP_031572880.1
OG0004430	WP_010942357.1	WP_054608768.1
OG0004431	WP_262421267.1	WP_054608769.1
OG0004448	WP_010942574.1	WP_054608987.1
OG0004461	WP_010942385.1	WP_146235849.1
OG0004475	WP_045668639.1	WP_225981999.1
OG0004478	WP_235044954.1	WP_229129763.1
OG0004479	WP_010943432.1	WP_229129793.1
