Orthogroup	Desulfotalea psychrophila LSv54	Desulfosediminicola flagellatus IMCC35005
OG0000000	WP_011190064.1	WP_136805244.1
OG0000000	WP_011189962.1	WP_136805435.1
OG0000000	WP_156792258.1	WP_136808161.1
OG0000000	WP_011188283.1	WP_136809937.1
OG0000000	WP_011187621.1	WP_136808232.1
OG0000000	WP_041277753.1	WP_217909566.1
OG0000000	WP_041278710.1	WP_136806271.1
OG0000000	WP_011187582.1	WP_136809765.1, WP_167506066.1
OG0000000	WP_011188526.1	WP_136807718.1, WP_136805463.1
OG0000000	WP_049785130.1, WP_011187784.1	WP_217909594.1, WP_167505720.1, WP_136809225.1
OG0000001	WP_011187475.1	WP_167505925.1
OG0000001	WP_011189956.1	WP_136805177.1
OG0000001	WP_011187505.1	WP_136809287.1
OG0000001	WP_041277893.1, WP_011188215.1	WP_136809108.1
OG0000001	WP_011189761.1, WP_011189031.1, WP_011187559.1, WP_011189221.1	WP_136809201.1, WP_136809645.1
OG0000002	WP_011188785.1	WP_136805222.1
OG0000002	WP_041277737.1	WP_136805570.1
OG0000002	WP_011188604.1	WP_136806489.1
OG0000002	WP_011188232.1	WP_275942839.1
OG0000002	WP_011188476.1	WP_136810386.1
OG0000002	WP_011188678.1	WP_217909654.1, WP_136806069.1
OG0000003	WP_011188222.1	WP_136810764.1
OG0000004	WP_162096622.1	WP_136810858.1, WP_136808193.1
OG0000004	WP_011188268.1	WP_136809328.1, WP_136805168.1, WP_167505721.1, WP_136809428.1
OG0000004	WP_162096658.1	WP_167506073.1
OG0000004	WP_011190354.1	WP_136810487.1
OG0000004	WP_162096666.1	WP_167505718.1
OG0000005	WP_011189533.1, WP_011188126.1	WP_136810384.1, WP_136805867.1, WP_136806188.1, WP_136810073.1, WP_167505954.1, WP_136805540.1, WP_136806687.1, WP_136809485.1, WP_136810251.1, WP_136806805.1
OG0000005	WP_011187985.1	WP_136809159.1
OG0000005	WP_011187604.1	WP_136806794.1
OG0000007	WP_011189794.1	WP_228723385.1
OG0000007	WP_011188868.1	WP_136805469.1
OG0000007	WP_011188995.1	WP_136809687.1
OG0000007	WP_011187745.1	WP_136806549.1
OG0000008	WP_049785079.1	WP_217909514.1
OG0000008	WP_049785046.1	WP_136806200.1
OG0000009	WP_011188127.1	WP_136810250.1
OG0000009	WP_049785091.1	WP_136806688.1, WP_136809487.1, WP_167505902.1
OG0000009	WP_156792224.1	WP_136805233.1, WP_217909581.1
OG0000009	WP_011189261.1	WP_167506082.1, WP_136810412.1
OG0000010	WP_011190434.1	WP_136807955.1
OG0000010	WP_011187276.1	WP_217909528.1
OG0000011	WP_011187691.1	WP_136810628.1
OG0000011	WP_011188598.1	WP_136808936.1
OG0000011	WP_011190294.1	WP_228723280.1
OG0000011	WP_041277567.1	WP_136805836.1
OG0000012	WP_041278033.1	WP_167506099.1
OG0000012	WP_041277505.1	WP_167505807.1
OG0000012	WP_156792326.1	WP_136805114.1
OG0000012	WP_011188284.1	WP_228723378.1
OG0000013	WP_011188729.1	WP_136810308.1
OG0000013	WP_011188732.1	WP_136810262.1, WP_136810302.1, WP_136810264.1
OG0000014	WP_083818925.1	WP_136808641.1
OG0000015	WP_041277718.1	WP_136806902.1
OG0000015	WP_228130190.1	WP_228723428.1
OG0000015	WP_011187538.1	WP_167506080.1
OG0000016	WP_011189892.1	WP_136807902.1
OG0000017	WP_011188698.1	WP_136808412.1, WP_176371602.1, WP_136808421.1, WP_136807419.1, WP_136809354.1
OG0000017	WP_011188693.1	WP_136808428.1
OG0000018	WP_011189821.1	WP_136806347.1
OG0000018	WP_011187258.1	WP_167505931.1
OG0000019	WP_011189126.1	WP_136810058.1
OG0000020	WP_011189009.1	WP_136809709.1, WP_136809851.1
OG0000021	WP_011188449.1	WP_136807472.1, WP_136806474.1
OG0000021	WP_011188419.1	WP_136809332.1, WP_136808856.1
OG0000022	WP_011188203.1	WP_136806527.1
OG0000022	WP_011189441.1	WP_136806296.1
OG0000022	WP_011187482.1	WP_136810453.1
OG0000023	WP_041277852.1	WP_136808182.1, WP_136809089.1, WP_136808678.1
OG0000024	WP_011188931.1	WP_136810505.1
OG0000024	WP_011189217.1	WP_136810309.1
OG0000024	WP_011188654.1, WP_011188179.1	WP_136810451.1
OG0000025	WP_162096631.1	WP_136806568.1, WP_136810240.1, WP_136807670.1, WP_136810013.1, WP_136808977.1, WP_136806769.1, WP_136806813.1, WP_136806231.1, WP_167505784.1
OG0000026	WP_041278328.1	WP_136807998.1
OG0000026	WP_041277628.1	WP_136810287.1
OG0000027	WP_011189010.1	WP_136809850.1, WP_136809710.1
OG0000027	WP_011187927.1	WP_136807372.1
OG0000028	WP_041277631.1	WP_136805931.1
OG0000028	WP_162096634.1	WP_136810259.1, WP_136810307.1
OG0000029	WP_265588603.1	WP_136805378.1
OG0000029	WP_049785031.1	WP_136805379.1
OG0000030	WP_011188233.1	WP_217909491.1
OG0000030	WP_011187333.1	WP_136805937.1
OG0000031	WP_041277675.1	WP_136810558.1
OG0000031	WP_011188253.1	WP_153307109.1
OG0000032	WP_011189014.1	WP_167506015.1
OG0000033	WP_041277486.1	WP_167505882.1
OG0000033	WP_011187749.1	WP_136809276.1
OG0000034	WP_011189363.1	WP_136810678.1
OG0000034	WP_011188938.1	WP_136806199.1
OG0000035	WP_011187249.1	WP_136810508.1
OG0000036	WP_011190296.1, WP_083819006.1	WP_228723279.1
OG0000036	WP_011187842.1	WP_136805838.1
OG0000036	WP_011188430.1	WP_217909530.1, WP_217909458.1
OG0000038	WP_083818947.1	WP_136808396.1
OG0000038	WP_011189861.1	WP_136805514.1
OG0000038	WP_011189862.1	WP_136805513.1
OG0000039	WP_011188738.1	WP_136808159.1
OG0000040	WP_011187264.1, WP_041277819.1	WP_136805340.1
OG0000041	WP_011188937.1	WP_136806198.1
OG0000041	WP_011189362.1	WP_217909485.1
OG0000041	WP_011190076.1	WP_136808147.1
OG0000041	WP_041277450.1	WP_136806192.1, WP_136809420.1
OG0000042	WP_011187375.1	WP_136808551.1
OG0000042	WP_011189777.1	WP_275942834.1
OG0000043	WP_228130175.1	WP_136808860.1, WP_136807664.1
OG0000043	WP_041277539.1	WP_136810755.1
OG0000043	WP_011187331.1	WP_136809797.1
OG0000045	WP_011190203.1	WP_136805182.1
OG0000045	WP_011188148.1	WP_136806030.1
OG0000047	WP_011190450.1	WP_136809825.1
OG0000048	WP_011188265.1	WP_136808633.1, WP_136808926.1, WP_136810226.1
OG0000048	WP_041277948.1	WP_136809330.1
OG0000048	WP_228130155.1	WP_136809719.1
OG0000049	WP_011187473.1	WP_136810189.1
OG0000049	WP_049785016.1	WP_136809400.1, WP_167505764.1
OG0000050	WP_011190308.1	WP_136809490.1
OG0000050	WP_041278771.1	WP_136806561.1
OG0000050	WP_011190307.1	WP_136809492.1
OG0000051	WP_011188254.1	WP_136810515.1, WP_153307106.1
OG0000052	WP_011188194.1, WP_041277630.1, WP_011188193.1	WP_136805929.1
OG0000052	WP_041277548.1, WP_041277545.1	WP_136805660.1, WP_136810349.1
OG0000054	WP_228130174.1, WP_011188415.1, WP_011187605.1	WP_217909503.1
OG0000054	WP_265588549.1	WP_136810850.1
OG0000054	WP_011189292.1	WP_217909504.1
OG0000055	WP_011189432.1	WP_136808343.1
OG0000057	WP_011189027.1	WP_136808970.1, WP_136805669.1, WP_167506003.1, WP_136810082.1, WP_136808975.1
OG0000058	WP_011190338.1	WP_136806611.1
OG0000059	WP_011189102.1, WP_011189104.1	WP_136808864.1
OG0000060	WP_011187768.1	WP_136809295.1, WP_136806703.1
OG0000060	WP_011189467.1	WP_136806279.1
OG0000061	WP_011188264.1	WP_136810227.1, WP_136808925.1, WP_136808634.1
OG0000061	WP_011189049.1	WP_136805763.1
OG0000061	WP_011190246.1	WP_136809259.1
OG0000062	WP_041277693.1	WP_136806476.1
OG0000062	WP_011187393.1	WP_136808854.1
OG0000063	WP_041277748.1	WP_136806830.1
OG0000063	WP_011190024.1	WP_136805302.1
OG0000064	WP_011188922.1	WP_136809121.1, WP_136808385.1
OG0000064	WP_011190321.1	WP_136806628.1
OG0000065	WP_041277642.1	WP_136805814.1
OG0000066	WP_162096649.1	WP_136808279.1
OG0000066	WP_011189565.1	WP_136808878.1
OG0000067	WP_011187394.1	WP_217909523.1
OG0000067	WP_011188448.1	WP_136806475.1
OG0000068	WP_011188845.1	WP_167506095.1
OG0000069	WP_041278071.1	WP_136810048.1
OG0000071	WP_041277992.1	WP_228723383.1
OG0000072	WP_011189728.1	WP_136808347.1
OG0000074	WP_011188124.1	WP_136809795.1
OG0000076	WP_011189884.1	WP_136810692.1
OG0000079	WP_041278114.1	WP_228723251.1
OG0000080	WP_011187758.1	WP_136808832.1
OG0000080	WP_011189349.1	WP_136809087.1
OG0000081	WP_011189028.1	WP_136809107.1
OG0000082	WP_011189907.1	WP_136807887.1
OG0000084	WP_011189588.1	WP_136805833.1
OG0000084	WP_049785027.1	WP_136805588.1
OG0000084	WP_011188741.1	WP_136810442.1, WP_228723270.1, WP_136806523.1
OG0000085	WP_049784979.1	WP_136810493.1
OG0000085	WP_011188000.1	WP_136809115.1
OG0000086	WP_011188968.1, WP_041277821.1, WP_228130156.1	WP_136810651.1, WP_136808115.1
OG0000086	WP_011187364.1	WP_136808581.1
OG0000087	WP_041278432.1	WP_136806724.1
OG0000087	WP_011190071.1	WP_136807110.1
OG0000088	WP_041278034.1	WP_136810693.1
OG0000091	WP_011189088.1	WP_136809462.1
OG0000091	WP_265588615.1	WP_136805623.1
OG0000092	WP_011189765.1	WP_136806535.1
OG0000092	WP_041277704.1	WP_136806715.1
OG0000093	WP_011187627.1, WP_041277722.1	WP_136806918.1
OG0000095	WP_011187326.1	WP_136809769.1
OG0000095	WP_011189875.1	WP_136810701.1
OG0000096	WP_041277947.1	WP_136805987.1
OG0000096	WP_011189156.1	WP_136805682.1
OG0000097	WP_011190072.1	WP_136807108.1
OG0000097	WP_011189603.1	WP_136807121.1
OG0000098	WP_011189729.1	WP_136808348.1
OG0000100	WP_011188994.1	WP_136806987.1, WP_136809686.1
OG0000101	WP_011188468.1	WP_275942866.1
OG0000102	WP_011187795.1	WP_136808045.1
OG0000102	WP_011190131.1	WP_136805120.1
OG0000103	WP_041277624.1	WP_136807934.1
OG0000103	WP_011187572.1	WP_136809372.1
OG0000104	WP_011189410.1	WP_136808313.1
OG0000105	WP_011190029.1	WP_136805297.1
OG0000105	WP_041277849.1	WP_136809443.1
OG0000106	WP_011190231.1	WP_167506040.1
OG0000106	WP_011189715.1	WP_136807483.1
OG0000106	WP_011188105.1	WP_136809270.1
OG0000107	WP_011189658.1	WP_136810209.1
OG0000108	WP_011189642.1	WP_136806312.1
OG0000108	WP_011188953.1	WP_136805490.1
OG0000110	WP_041277836.1	WP_136807030.1
OG0000110	WP_011189886.1	WP_136810690.1
OG0000111	WP_041277568.1	WP_136805837.1
OG0000111	WP_041277690.1	WP_167506034.1
OG0000112	WP_011188067.1	WP_136808002.1
OG0000112	WP_041277874.1	WP_275942837.1
OG0000113	WP_041277425.1	WP_136809724.1
OG0000114	WP_011188364.1	WP_136810572.1
OG0000114	WP_011187252.1	WP_136810511.1
OG0000116	WP_011187877.1	WP_136807842.1
OG0000117	WP_011189124.1	WP_136810060.1
OG0000118	WP_011189123.1	WP_136810061.1
OG0000120	WP_011187392.1	WP_217909522.1
OG0000121	WP_011187278.1	WP_136808681.1
OG0000122	WP_228130180.1	WP_136810246.1
OG0000123	WP_011189885.1	WP_136810691.1
OG0000123	WP_011189032.1	WP_136807032.1
OG0000124	WP_011190234.1, WP_011187713.1, WP_011189499.1, WP_049784968.1, WP_049784989.1, WP_011187740.1, WP_011188230.1, WP_011188228.1, WP_041278040.1, WP_011188206.1, WP_011188205.1, WP_011188517.1, WP_011187537.1, WP_011189140.1, WP_049785065.1, WP_011189139.1, WP_041277858.1, WP_049785064.1	WP_136810093.1
OG0000125	WP_011187861.1	WP_136808761.1
OG0000125	WP_011189064.1	WP_217909486.1, WP_136809889.1, WP_228723249.1, WP_136806029.1
OG0000125	WP_011190268.1	WP_136809223.1, WP_136809049.1
OG0000126	WP_011190020.1	WP_136805307.1
OG0000127	WP_011188334.1	WP_136810542.1
OG0000127	WP_011188335.1	WP_136810543.1
OG0000128	WP_011190249.1	WP_136806650.1
OG0000128	WP_041278021.1	WP_136806346.1
OG0000131	WP_011189957.1	WP_136805439.1
OG0000131	WP_011187291.1	WP_136805333.1
OG0000132	WP_156792284.1	WP_136810658.1, WP_136808489.1
OG0000133	WP_049785062.1	WP_267313775.1
OG0000134	WP_011188144.1	WP_136805898.1
OG0000134	WP_011189428.1	WP_167505926.1
OG0000135	WP_011190396.1, WP_011189338.1	WP_136808902.1, WP_136806993.1, WP_136805180.1
OG0000136	WP_011189843.1	WP_136806325.1
OG0000136	WP_156792292.1	WP_136806313.1
OG0000138	WP_041277553.1	WP_136807292.1
OG0000142	WP_156792321.1	WP_267313776.1
OG0000142	WP_041277814.1	WP_167505871.1
OG0000143	WP_011190324.1	WP_136806623.1
OG0000144	WP_011189528.1	WP_136805284.1
OG0000145	WP_156792207.1	WP_136807978.1
OG0000145	WP_011188174.1	WP_136809855.1
OG0000147	WP_011190023.1	WP_136805303.1
OG0000148	WP_011190200.1	WP_136807206.1
OG0000148	WP_011188499.1	WP_136805996.1
OG0000150	WP_156792302.1	WP_136806150.1
OG0000150	WP_011188038.1	WP_136808039.1
OG0000151	WP_156792391.1	WP_136808698.1, WP_228723304.1, WP_228723332.1
OG0000152	WP_011188507.1	WP_275942862.1
OG0000152	WP_011188513.1	WP_136806728.1
OG0000153	WP_041278081.1	WP_136806137.1
OG0000154	WP_011188535.1	WP_167506086.1
OG0000155	WP_011189442.1	WP_136807836.1
OG0000156	WP_041278107.1	WP_136809224.1
OG0000156	WP_011189065.1	WP_136805651.1
OG0000160	WP_228130154.1	WP_136809501.1, WP_136810489.1
OG0000161	WP_265588605.1, WP_265588604.1	WP_136809610.1
OG0000161	WP_011188625.1	WP_136808649.1
OG0000162	WP_011187311.1	WP_176371613.1, WP_136810357.1
OG0000163	WP_049784999.1	WP_136809154.1
OG0000163	WP_011190105.1	WP_136810044.1
OG0000164	WP_041277432.1	WP_136807039.1
OG0000164	WP_011187437.1	WP_136805985.1
OG0000165	WP_011187672.1	WP_136810648.1
OG0000166	WP_041278008.1	WP_136808362.1
OG0000169	WP_041278049.1	WP_136805317.1
OG0000170	WP_011187704.1	WP_136807744.1
OG0000170	WP_228130166.1	WP_136808008.1
OG0000171	WP_049785111.1	WP_136805394.1, WP_228723368.1
OG0000172	WP_011188712.1	WP_136808406.1
OG0000173	WP_011187845.1	WP_136808642.1
OG0000174	WP_011188522.1	WP_136805459.1
OG0000176	WP_011187820.1	WP_136808623.1
OG0000180	WP_041278377.1	WP_136808735.1
OG0000181	WP_049785176.1	WP_136805363.1, WP_136809823.1, WP_136808696.1
OG0000183	WP_041277717.1	WP_228723410.1
OG0000184	WP_011189110.1	WP_136808559.1
OG0000185	WP_162096651.1	WP_136806361.1
OG0000185	WP_041277828.1	WP_167506014.1
OG0000186	WP_011188095.1	WP_136807977.1
OG0000187	WP_011188352.1, WP_011188365.1	WP_136810561.1, WP_136810573.1
OG0000188	WP_011188912.1	WP_136810267.1, WP_167506113.1
OG0000190	WP_041277447.1	WP_136807401.1
OG0000191	WP_011188792.1	WP_136807662.1
OG0000192	WP_049785055.1	WP_136809039.1
OG0000192	WP_011189154.1	WP_136806034.1
OG0000193	WP_011188238.1	WP_136805815.1
OG0000194	WP_011187954.1	WP_136809138.1
OG0000195	WP_011189858.1	WP_136806931.1, WP_136805518.1
OG0000196	WP_011188559.1	WP_136806898.1
OG0000197	WP_011188331.1	WP_136810539.1
OG0000197	WP_011187639.1	WP_136807376.1
OG0000198	WP_156792257.1	WP_136806413.1
OG0000198	WP_011189478.1	WP_136809313.1
OG0000199	WP_041277873.1	WP_136806350.1
OG0000201	WP_011188242.1	WP_136805810.1
OG0000202	WP_011189106.1	WP_136805949.1
OG0000203	WP_011189716.1	WP_136807482.1
OG0000203	WP_041277494.1	WP_136808157.1
OG0000205	WP_011188851.1	WP_136807533.1
OG0000206	WP_011188252.1	WP_275942864.1
OG0000207	WP_011190248.1	WP_167505868.1
OG0000207	WP_011188263.1	WP_136809059.1, WP_167506005.1
OG0000208	WP_011188262.1	WP_136809058.1, WP_136809431.1
OG0000208	WP_011190247.1	WP_136807405.1
OG0000209	WP_011189657.1	WP_136806115.1
OG0000210	WP_011188475.1	WP_136809249.1
OG0000210	WP_011187438.1	WP_228723260.1
OG0000211	WP_011190201.1	WP_136806117.1
OG0000212	WP_011187826.1	WP_136808629.1
OG0000214	WP_041277773.1	WP_136805223.1
OG0000214	WP_011188783.1	WP_136805224.1
OG0000215	WP_041278351.1	WP_136805888.1
OG0000216	WP_011190303.1	WP_136810393.1, WP_136810380.1
OG0000217	WP_041278087.1	WP_136808462.1
OG0000218	WP_011188935.1	WP_136807454.1
OG0000219	WP_011187520.1	WP_228723302.1
OG0000221	WP_011188482.1	WP_136806708.1
OG0000222	WP_041277470.1	WP_136807668.1, WP_176371617.1
OG0000222	WP_011190100.1	WP_136810039.1
OG0000223	WP_041277805.1	WP_136805449.1
OG0000225	WP_011190357.1	WP_136810492.1
OG0000226	WP_041277609.1	WP_136808024.1
OG0000227	WP_011188872.1	WP_136806844.1
OG0000227	WP_011190190.1	WP_136807703.1
OG0000228	WP_228130150.1	WP_136805425.1
OG0000230	WP_011189365.1	WP_136805725.1, WP_136810425.1
OG0000232	WP_162096624.1	WP_136808671.1
OG0000233	WP_041277996.1	WP_136807079.1
OG0000234	WP_011188725.1	WP_136808391.1
OG0000235	WP_011189740.1	WP_136806161.1
OG0000237	WP_011187837.1	WP_136808645.1
OG0000237	WP_041277465.1	WP_136808788.1
OG0000238	WP_011190078.1	WP_228723299.1
OG0000239	WP_156792203.1	WP_136809165.1
OG0000239	WP_011189492.1	WP_136806443.1
OG0000240	WP_041277651.1	WP_136809429.1
OG0000241	WP_011188682.1	WP_136808790.1, WP_167506075.1, WP_136808286.1, WP_136808868.1
OG0000243	WP_041277879.1	WP_167505957.1, WP_167506053.1, WP_136809228.1
OG0000244	WP_011187903.1	WP_136808944.1
OG0000246	WP_156792390.1	WP_217909539.1, WP_217909538.1
OG0000248	WP_011187684.1	WP_136810636.1
OG0000249	WP_011187440.1	WP_136809194.1
OG0000250	WP_041278036.1	WP_136807876.1
OG0000250	WP_011187912.1	WP_136808888.1
OG0000252	WP_011188558.1	WP_136806897.1
OG0000253	WP_041278077.1	WP_136805098.1
OG0000254	WP_011190405.1	WP_136809591.1
OG0000256	WP_193763857.1	WP_136805221.1
OG0000257	WP_011187938.1	WP_136809111.1
OG0000259	WP_011189470.1	WP_136806277.1
OG0000261	WP_011187462.1	WP_136806180.1
OG0000262	WP_011188941.1, WP_041277999.1	WP_136806710.1
OG0000264	WP_011188079.1	WP_136807989.1
OG0000265	WP_011188077.1	WP_136807991.1
OG0000266	WP_011188060.1	WP_136808013.1
OG0000267	WP_011187616.1	WP_136806456.1
OG0000268	WP_011189056.1	WP_136810188.1
OG0000270	WP_011189127.1	WP_136810057.1
OG0000271	WP_011187803.1	WP_136808782.1
OG0000273	WP_011188597.1, WP_011188167.1	WP_136809499.1
OG0000274	WP_041277639.1	WP_136808895.1
OG0000274	WP_011187334.1	WP_136805938.1
OG0000278	WP_011188554.1	WP_136806893.1
OG0000280	WP_011189891.1	WP_167506098.1, WP_136807903.1
OG0000283	WP_011187819.1	WP_136808622.1
OG0000285	WP_041278086.1	WP_275942858.1
OG0000286	WP_041277467.1	WP_136806181.1
OG0000290	WP_011189438.1	WP_136806187.1
OG0000291	WP_011188846.1	WP_136807599.1
OG0000292	WP_011188332.1	WP_228723310.1
OG0000293	WP_011188562.1	WP_136806901.1
OG0000295	WP_011188719.1	WP_136808397.1
OG0000296	WP_041277610.1	WP_136808009.1
OG0000297	WP_041277578.1	WP_217909516.1
OG0000298	WP_011187865.1	WP_136809427.1
OG0000299	WP_228130178.1	WP_136806912.1
OG0000300	WP_011187827.1	WP_136808630.1
OG0000301	WP_011188387.1	WP_228723311.1
OG0000303	WP_011188699.1	WP_167506011.1, WP_136808520.1, WP_176371595.1, WP_136808411.1, WP_136808415.1
OG0000307	WP_011188550.1	WP_136806889.1
OG0000308	WP_011188557.1	WP_176371581.1, WP_136806896.1
OG0000309	WP_041277735.1	WP_136809778.1
OG0000309	WP_011187371.1	WP_136808543.1
OG0000311	WP_011189408.1	WP_136808308.1
OG0000312	WP_011190120.1	WP_136805146.1
OG0000313	WP_162096644.1	WP_136809226.1
OG0000313	WP_162096635.1	WP_136810529.1
OG0000314	WP_011188555.1	WP_136806894.1
OG0000316	WP_011190257.1	WP_136806641.1
OG0000317	WP_041277994.1	WP_136807549.1, WP_136806164.1
OG0000319	WP_011187880.1	WP_136809100.1
OG0000320	WP_011187789.1, WP_011187785.1	WP_136805834.1, WP_136805760.1, WP_136805596.1
OG0000321	WP_011189150.1	WP_136810520.1
OG0000322	WP_156792160.1	WP_136808694.1
OG0000323	WP_011189109.1	WP_136810855.1
OG0000323	WP_041278448.1	WP_136808320.1
OG0000324	WP_011189814.1	WP_136808264.1
OG0000324	WP_011188245.1	WP_136805807.1
OG0000326	WP_041278066.1	WP_167505953.1
OG0000326	WP_041277799.1	WP_136808449.1
OG0000327	WP_011189731.1	WP_136808350.1
OG0000328	WP_011189812.1	WP_136809408.1, WP_167506004.1
OG0000331	WP_011189375.1	WP_136808291.1
OG0000332	WP_011188672.1, WP_011188671.1	WP_136806839.1
OG0000333	WP_011190299.1	WP_136805778.1
OG0000336	WP_011189471.1	WP_136806276.1
OG0000337	WP_011188684.1	WP_136805472.1
OG0000338	WP_011188054.1	WP_136808018.1
OG0000339	WP_011187987.1	WP_136805374.1
OG0000340	WP_011187352.1	WP_136805959.1
OG0000341	WP_011190455.1	WP_167505941.1
OG0000342	WP_265588616.1	WP_167506029.1
OG0000343	WP_041277972.1, WP_041278078.1	WP_136805096.1
OG0000344	WP_011190302.1	WP_228723245.1
OG0000345	WP_011187347.1	WP_136805954.1
OG0000348	WP_011187350.1	WP_136805957.1
OG0000349	WP_011187460.1	WP_136806182.1
OG0000350	WP_011188163.1	WP_136805507.1
OG0000351	WP_162096620.1	WP_136806457.1
OG0000352	WP_011188037.1	WP_136808040.1
OG0000353	WP_011188201.1, WP_011187388.1	WP_136805411.1
OG0000354	WP_011187759.1	WP_217909493.1
OG0000355	WP_011188481.1	WP_136806707.1
OG0000356	WP_011189820.1	WP_136806349.1
OG0000357	WP_011187686.1	WP_136810634.1
OG0000358	WP_011188159.1	WP_136808757.1
OG0000359	WP_011187804.1	WP_136808781.1
OG0000360	WP_041277667.1	WP_136810531.1
OG0000361	WP_011190034.1	WP_136805292.1, WP_136808652.1
OG0000362	WP_011188275.1	WP_228723324.1
OG0000363	WP_041277943.1	WP_167505976.1, WP_136808563.1
OG0000366	WP_041278090.1	WP_136806144.1
OG0000367	WP_011187535.1	WP_136808096.1
OG0000372	WP_011187969.1	WP_136809308.1
OG0000373	WP_011187968.1	WP_136809242.1
OG0000374	WP_041278286.1	WP_136808943.1
OG0000376	WP_011187926.1	WP_136808897.1
OG0000380	WP_011189781.1	WP_136806321.1
OG0000381	WP_011188623.1	WP_217909464.1, WP_228723248.1, WP_136809206.1
OG0000382	WP_011189906.1	WP_136807888.1
OG0000383	WP_011187989.1	WP_136808822.1
OG0000384	WP_011187586.1	WP_136805247.1, WP_136809760.1
OG0000385	WP_011188700.1	WP_217909620.1, WP_167505852.1, WP_136809352.1, WP_136808422.1, WP_167505928.1
OG0000388	WP_011190030.1	WP_136805296.1
OG0000389	WP_011187991.1	WP_136808820.1
OG0000390	WP_011189231.1	WP_167505877.1
OG0000391	WP_011190429.1, WP_011187259.1	WP_136805305.1
OG0000392	WP_011187683.1	WP_136810637.1
OG0000393	WP_011189713.1	WP_136807487.1
OG0000394	WP_041278134.1	WP_136805334.1
OG0000396	WP_011189462.1	WP_136807940.1
OG0000396	WP_011187289.1	WP_136805336.1
OG0000397	WP_041277793.1	WP_136807554.1
OG0000398	WP_173362835.1, WP_011190427.1	WP_136805873.1
OG0000399	WP_041277921.1, WP_011190232.1	WP_136809940.1
OG0000400	WP_011189966.1	WP_136805430.1
OG0000401	WP_011189767.1	WP_136808491.1
OG0000403	WP_011189529.1	WP_136805283.1
OG0000404	WP_162096667.1	WP_167505717.1
OG0000405	WP_011189762.1	WP_136809596.1
OG0000406	WP_011188036.1	WP_136808044.1
OG0000407	WP_011187531.1	WP_136806995.1
OG0000408	WP_011189463.1	WP_136805335.1, WP_136807941.1
OG0000409	WP_173362847.1	WP_136806338.1
OG0000410	WP_011190337.1	WP_136806612.1
OG0000411	WP_041277604.1	WP_136809092.1, WP_136808186.1, WP_136808185.1
OG0000413	WP_011189040.1	WP_136806020.1, WP_136808203.1
OG0000414	WP_011189125.1	WP_136810059.1
OG0000418	WP_011188565.1	WP_136806903.1
OG0000419	WP_011189440.1	WP_136806185.1
OG0000420	WP_011189525.1	WP_136805286.1
OG0000422	WP_011190167.1	WP_275942842.1
OG0000423	WP_041278794.1	WP_136810696.1
OG0000425	WP_041278082.1	WP_136808202.1, WP_136808474.1
OG0000426	WP_011188860.1	WP_136807553.1
OG0000427	WP_011188346.1	WP_228723281.1, WP_136810555.1
OG0000428	WP_041277939.1	WP_136805285.1
OG0000429	WP_011187772.1	WP_136805253.1
OG0000433	WP_011189706.1	WP_228723294.1
OG0000434	WP_011187316.1	WP_136809750.1
OG0000435	WP_011187397.1	WP_136808583.1
OG0000437	WP_011188093.1	WP_136807979.1
OG0000438	WP_011187699.1	WP_167505905.1, WP_228723334.1
OG0000439	WP_011187387.1, WP_011188202.1	WP_136805415.1, WP_136805412.1
OG0000440	WP_041277623.1	WP_136806014.1, WP_228723349.1, WP_167505955.1
OG0000441	WP_011188848.1	WP_167505881.1, WP_167505985.1
OG0000443	WP_041278382.1	WP_217909473.1
OG0000444	WP_228130145.1	WP_136806301.1
OG0000445	WP_156792310.1	WP_136810687.1
OG0000447	WP_011189512.1	WP_136806393.1
OG0000448	WP_011189730.1	WP_136808349.1
OG0000449	WP_265588553.1	WP_228723382.1
OG0000458	WP_011190050.1	WP_136805266.1
OG0000459	WP_011189199.1	WP_136806351.1
OG0000460	WP_011189785.1	WP_267313765.1
OG0000461	WP_011188884.1	WP_136805473.1
OG0000462	WP_041277938.1	WP_136805287.1
OG0000463	WP_011189177.1	WP_136806383.1
OG0000466	WP_041277422.1	WP_136809720.1
OG0000467	WP_011187824.1	WP_136808627.1
OG0000468	WP_011189509.1	WP_136806389.1
OG0000469	WP_011188053.1	WP_136808019.1
OG0000470	WP_011190065.1	WP_136805243.1
OG0000471	WP_011188128.1	WP_136805917.1
OG0000472	WP_011189474.1	WP_136808481.1
OG0000473	WP_011187823.1	WP_136808626.1
OG0000474	WP_011189845.1	WP_136806324.1
OG0000475	WP_011188169.1	WP_136809369.1
OG0000476	WP_041277668.1	WP_136810534.1
OG0000477	WP_011188156.1	WP_136807945.1
OG0000478	WP_011190301.1	WP_167506078.1
OG0000479	WP_011189651.1	WP_136806303.1
OG0000480	WP_041278396.1	WP_035234762.1
OG0000482	WP_011189018.1	WP_136809717.1
OG0000484	WP_011187369.1	WP_167505938.1
OG0000485	WP_011189650.1	WP_136806304.1
OG0000486	WP_011189991.1	WP_136805393.1
OG0000487	WP_041278024.1	WP_136806337.1
OG0000488	WP_011187960.1	WP_136809129.1
OG0000489	WP_011188276.1	WP_136810012.1
OG0000490	WP_162096643.1	WP_167505746.1
OG0000491	WP_041278044.1	WP_136805417.1
OG0000492	WP_011190160.1	WP_136808478.1
OG0000493	WP_011188045.1	WP_136808032.1
OG0000495	WP_011189170.1	WP_136806411.1
OG0000496	WP_049785040.1	WP_136805470.1
OG0000497	WP_011189797.1	WP_136808370.1
OG0000498	WP_011189796.1	WP_136808369.1
OG0000500	WP_011188406.1	WP_228723312.1
OG0000501	WP_041277540.1	WP_136808829.1
OG0000502	WP_011189198.1	WP_136806352.1
OG0000504	WP_041278120.1	WP_136806613.1
OG0000507	WP_228130170.1	WP_136805804.1
OG0000508	WP_011187508.1	WP_136809498.1
OG0000509	WP_011187888.1	WP_136809151.1
OG0000510	WP_011189093.1	WP_228723268.1, WP_167506115.1
OG0000511	WP_011188090.1	WP_136807984.1
OG0000512	WP_011189412.1	WP_136808316.1
OG0000513	WP_011188168.1	WP_136809368.1
OG0000514	WP_041278089.1	WP_136808470.1
OG0000515	WP_011189178.1	WP_136806382.1
OG0000516	WP_041277801.1	WP_136805474.1
OG0000520	WP_041278621.1	WP_136807395.1
OG0000521	WP_011188856.1	WP_136807544.1
OG0000522	WP_011189825.1	WP_136806343.1
OG0000523	WP_011189941.1	WP_267313705.1
OG0000524	WP_011187894.1	WP_136809142.1
OG0000525	WP_041277510.1	WP_136809559.1
OG0000526	WP_011190256.1	WP_136806642.1
OG0000527	WP_011189472.1	WP_136806275.1
OG0000530	WP_049785116.1	WP_136805239.1
OG0000531	WP_228130141.1	WP_267313729.1
OG0000532	WP_011188723.1	WP_176371600.1
OG0000533	WP_011188031.1	WP_136808050.1
OG0000534	WP_011187873.1	WP_136808749.1
OG0000535	WP_011190194.1	WP_136806143.1
OG0000536	WP_011187628.1	WP_136808876.1
OG0000537	WP_011189840.1	WP_136806328.1
OG0000538	WP_011187361.1	WP_136805968.1
OG0000539	WP_011188585.1	WP_167505844.1
OG0000540	WP_011189704.1	WP_136806113.1
OG0000542	WP_041277608.1	WP_136808029.1
OG0000543	WP_041278539.1	WP_136807556.1
OG0000544	WP_011187828.1	WP_136808631.1
OG0000545	WP_011188974.1	WP_136805818.1
OG0000546	WP_011187675.1	WP_136810645.1
OG0000547	WP_041277944.1	WP_136809251.1
OG0000548	WP_011187345.1	WP_136805953.1
OG0000549	WP_011189640.1	WP_136806315.1
OG0000550	WP_011188945.1	WP_167505870.1
OG0000551	WP_011189864.1	WP_136805510.1
OG0000553	WP_011187439.1	WP_136808834.1, WP_136808169.1
OG0000555	WP_011188911.1	WP_136806134.1
OG0000556	WP_041278827.1	WP_136797680.1
OG0000558	WP_011188479.1	WP_136810656.1, WP_136805995.1
OG0000559	WP_041277917.1	WP_136806562.1, WP_228723366.1, WP_228723232.1, WP_136806660.1
OG0000561	WP_011188001.1	WP_136809395.1
OG0000562	WP_011187743.1	WP_267313713.1
OG0000563	WP_011187488.1	WP_136809205.1
OG0000563	WP_041278028.1	WP_136807213.1
OG0000564	WP_041277731.1	WP_136810818.1, WP_136806065.1
OG0000565	WP_041278002.1	WP_136806064.1
OG0000566	WP_011189759.1	WP_136807802.1
OG0000568	WP_011188858.1	WP_136807547.1
OG0000569	WP_265588590.1	WP_136808852.1
OG0000570	WP_011188250.1, WP_011190423.1, WP_011187271.1	WP_136805794.1
OG0000571	WP_083818934.1	WP_267313669.1, WP_136809735.1
OG0000572	WP_011188021.1	WP_136805751.1, WP_167505942.1
OG0000575	WP_011187685.1	WP_136810635.1
OG0000576	WP_156792204.1	WP_228723278.1
OG0000577	WP_041277922.1	WP_136808317.1
OG0000578	WP_265588588.1	WP_136809143.1
OG0000579	WP_041277577.1	WP_136809153.1
OG0000580	WP_011189859.1	WP_136805517.1
OG0000581	WP_011188354.1	WP_136810562.1
OG0000582	WP_011188971.1	WP_136805821.1
OG0000583	WP_041277672.1	WP_136810551.1
OG0000584	WP_011188100.1	WP_136807969.1
OG0000585	WP_083818932.1	WP_136808212.1
OG0000586	WP_041277613.1	WP_136807971.1
OG0000587	WP_011189426.1	WP_136808336.1
OG0000588	WP_011188096.1	WP_136807974.1
OG0000589	WP_011189180.1	WP_136806376.1
OG0000590	WP_011188172.1	WP_136807933.1
OG0000591	WP_041277520.1	WP_136810643.1
OG0000592	WP_011189429.1	WP_136808339.1
OG0000593	WP_041278079.1	WP_136805089.1
OG0000594	WP_162096625.1	WP_136808038.1
OG0000595	WP_011188721.1	WP_136808395.1
OG0000596	WP_011189197.1	WP_136806355.1
OG0000597	WP_011189171.1	WP_136806412.1
OG0000598	WP_011190145.1	WP_136805093.1
OG0000599	WP_011189837.1	WP_136806331.1
OG0000600	WP_041278909.1	WP_136806643.1
OG0000601	WP_011187681.1	WP_136810639.1
OG0000603	WP_011189475.1	WP_136806272.1
OG0000604	WP_041278118.1	WP_167505820.1
OG0000605	WP_156792331.1	WP_136806649.1
OG0000606	WP_011188166.1	WP_136809177.1
OG0000607	WP_011187525.1	WP_136808084.1
OG0000608	WP_011188883.1	WP_228723338.1
OG0000610	WP_011188404.1	WP_136810610.1
OG0000611	WP_011189430.1	WP_136808341.1
OG0000612	WP_011190047.1	WP_228723329.1
OG0000613	WP_011190046.1	WP_136805270.1
OG0000614	WP_011187529.1	WP_136810662.1, WP_136808485.1, WP_136806994.1
OG0000615	WP_011188395.1	WP_136810601.1
OG0000616	WP_228130172.1	WP_136810603.1
OG0000617	WP_011188368.1	WP_136810575.1
OG0000618	WP_011188370.1	WP_136810577.1
OG0000619	WP_011188371.1	WP_136810578.1
OG0000620	WP_011188372.1	WP_136810579.1
OG0000621	WP_011188373.1	WP_136810580.1
OG0000622	WP_041278063.1	WP_136806776.1, WP_136810033.1
OG0000623	WP_011189965.1	WP_136805431.1
OG0000624	WP_011189832.1	WP_136806335.1
OG0000625	WP_011189833.1	WP_136806334.1
OG0000626	WP_011187844.1	WP_167505948.1
OG0000627	WP_011188405.1	WP_136810611.1
OG0000628	WP_011189052.1	WP_136805766.1
OG0000629	WP_011188979.1	WP_136807086.1
OG0000630	WP_011188034.1	WP_136808047.1
OG0000631	WP_011188032.1	WP_136808049.1
OG0000632	WP_011190021.1	WP_136805306.1
OG0000634	WP_011189407.1	WP_136808300.1
OG0000635	WP_011188882.1	WP_136808445.1
OG0000636	WP_011187929.1	WP_167505865.1
OG0000637	WP_011190035.1	WP_136805291.1
OG0000638	WP_011190101.1	WP_136810040.1
OG0000639	WP_011189179.1	WP_136806377.1
OG0000640	WP_011189473.1	WP_136806273.1
OG0000641	WP_011189464.1	WP_136805337.1, WP_136805251.1
OG0000642	WP_011189005.1	WP_136809702.1
OG0000643	WP_011189974.1	WP_136805422.1
OG0000644	WP_011188027.1	WP_136808054.1
OG0000645	WP_011187303.1	WP_136809718.1
OG0000646	WP_011190137.1	WP_136809804.1
OG0000647	WP_011190138.1	WP_275942847.1
OG0000648	WP_011190141.1	WP_136805100.1
OG0000649	WP_011189975.1	WP_136805421.1
OG0000650	WP_011188871.1	WP_136806843.1
OG0000651	WP_011188863.1	WP_136807558.1
OG0000652	WP_011189939.1	WP_136805443.1
OG0000653	WP_011189434.1	WP_136808345.1
OG0000654	WP_011188972.1	WP_136805820.1
OG0000655	WP_011188330.1	WP_136810538.1
OG0000656	WP_011189856.1	WP_136805519.1
OG0000657	WP_011189855.1	WP_136805520.1
OG0000658	WP_011189851.1	WP_167505745.1
OG0000659	WP_011189850.1	WP_136805526.1
OG0000660	WP_011188567.1	WP_136806905.1
OG0000661	WP_011188568.1	WP_136806906.1
OG0000662	WP_011190083.1	WP_136810029.1
OG0000663	WP_198408692.1	WP_136805973.1
OG0000664	WP_011188724.1	WP_136808392.1
OG0000665	WP_011188975.1	WP_136805817.1
OG0000667	WP_011187436.1	WP_136805984.1
OG0000670	WP_011190149.1	WP_136805082.1
OG0000671	WP_041277812.1	WP_136808383.1
OG0000672	WP_041277607.1	WP_136808036.1
OG0000673	WP_049785113.1	WP_167505733.1
OG0000674	WP_041278088.1	WP_136808463.1
OG0000675	WP_011189795.1	WP_136808368.1
OG0000676	WP_011189433.1	WP_136808344.1
OG0000677	WP_011188391.1	WP_136810596.1
OG0000678	WP_011188390.1	WP_136810595.1
OG0000679	WP_011190041.1	WP_136805275.1
OG0000680	WP_011188344.1	WP_136810553.1
OG0000681	WP_011188359.1	WP_217909548.1
OG0000682	WP_011188358.1	WP_136810566.1
OG0000683	WP_011188711.1	WP_136808407.1
OG0000684	WP_011188080.1	WP_136807988.1
OG0000685	WP_011188382.1	WP_136810589.1
OG0000686	WP_011188410.1	WP_136810840.1
OG0000687	WP_011188378.1	WP_136810584.1
OG0000688	WP_011188376.1	WP_136810582.1
OG0000689	WP_041277678.1	WP_136810581.1
OG0000690	WP_041278170.1	WP_136809290.1
OG0000691	WP_011188362.1	WP_136810570.1
OG0000692	WP_228130157.1	WP_136808083.1
OG0000693	WP_011187992.1	WP_136808819.1
OG0000694	WP_228130169.1	WP_136807967.1
OG0000695	WP_041277557.1	WP_136808618.1
OG0000696	WP_011187783.1	WP_136808825.1
OG0000697	WP_011188062.1	WP_136808010.1
OG0000698	WP_011190048.1	WP_136805268.1
OG0000699	WP_011188875.1	WP_136806847.1
OG0000700	WP_011189416.1	WP_136808319.1
OG0000701	WP_011189993.1	WP_136805391.1
OG0000702	WP_011190258.1	WP_136806640.1
OG0000704	WP_011190134.1	WP_136805110.1
OG0000705	WP_228130152.1	WP_136805108.1
OG0000706	WP_041278076.1	WP_136805106.1
OG0000707	WP_011190139.1	WP_136805104.1
OG0000708	WP_011190146.1	WP_228723404.1
OG0000709	WP_011189173.1	WP_136806414.1
OG0000710	WP_228130149.1	WP_136808364.1
OG0000711	WP_011187767.1	WP_136809296.1
OG0000712	WP_011189831.1	WP_136806336.1
OG0000713	WP_041277854.1	WP_136805559.1
OG0000714	WP_041278052.1	WP_136805300.1
OG0000715	WP_041277673.1	WP_136810552.1
OG0000716	WP_011188345.1	WP_136810554.1
OG0000717	WP_011188355.1	WP_136810563.1
OG0000718	WP_011188356.1	WP_136810564.1
OG0000719	WP_011188357.1	WP_136810565.1
OG0000720	WP_011188360.1	WP_136810568.1
OG0000721	WP_011188363.1	WP_136810571.1
OG0000722	WP_173362840.1	WP_176360112.1
OG0000723	WP_011188369.1	WP_136810576.1
OG0000724	WP_011188374.1	WP_136810612.1
OG0000725	WP_011188377.1	WP_136810583.1
OG0000726	WP_011188379.1	WP_136810585.1
OG0000727	WP_011188383.1	WP_136810590.1
OG0000728	WP_011188384.1	WP_136810591.1
OG0000729	WP_041277681.1	WP_136810592.1
OG0000730	WP_011188386.1	WP_136810593.1
OG0000731	WP_011188392.1	WP_136810597.1
OG0000732	WP_011188393.1	WP_136810598.1
OG0000733	WP_011188394.1	WP_136810599.1
OG0000734	WP_011189848.1	WP_136805528.1
OG0000735	WP_011188914.1	WP_136808497.1
OG0000737	WP_011189854.1	WP_136805522.1
OG0000738	WP_011187673.1	WP_136810647.1
OG0000739	WP_011189841.1	WP_136806327.1
OG0000740	WP_011188173.1	WP_136807932.1
OG0000741	WP_011188046.1	WP_136808030.1
OG0000742	WP_011189351.1	WP_228723305.1
OG0000743	WP_011188337.1	WP_136810547.1
OG0000744	WP_041277765.1	WP_136808394.1
OG0000745	WP_041278703.1	WP_136806292.1
OG0000746	WP_011189168.1	WP_267313739.1
OG0000747	WP_011189969.1	WP_136805427.1
OG0000748	WP_011189968.1	WP_136805428.1
OG0000749	WP_011190196.1	WP_167505787.1
OG0000750	WP_011187822.1	WP_136808625.1
OG0000751	WP_041277561.1	WP_136808628.1
OG0000753	WP_041278830.1	WP_136805385.1
OG0000754	WP_011188011.1	WP_136809169.1
OG0000755	WP_011188010.1	WP_136809168.1
OG0000756	WP_041277989.1	WP_136807468.1
OG0000758	WP_011187895.1	WP_136809141.1
OG0000759	WP_041278102.1	WP_136806644.1
OG0000760	WP_228130188.1	WP_136805900.1
OG0000761	WP_011187967.1	WP_136809241.1
OG0000762	WP_011190198.1	WP_136806140.1
OG0000763	WP_011190199.1	WP_136806139.1
OG0000764	WP_011188073.1	WP_136807995.1
OG0000765	WP_011187322.1, WP_011189819.1	WP_176371610.1
OG0000766	WP_011187956.1	WP_136809134.1
OG0000767	WP_011188486.1	WP_136806713.1
OG0000768	WP_011188930.1	WP_228723386.1
OG0000769	WP_011188396.1	WP_136810602.1
OG0000770	WP_011188398.1	WP_136810604.1
OG0000771	WP_156792213.1	WP_136810605.1
OG0000772	WP_011188400.1	WP_136810606.1
OG0000773	WP_011188401.1	WP_136810607.1
OG0000774	WP_011188402.1	WP_136810608.1
OG0000775	WP_156792175.1	WP_228723301.1
OG0000776	WP_041278880.1	WP_136808472.1
OG0000777	WP_011190185.1	WP_136808471.1
OG0000778	WP_011189054.1	WP_136805768.1
OG0000779	WP_011190173.1	WP_136808460.1
OG0000781	WP_011190291.1, WP_011190033.1	WP_136805294.1
OG0000782	WP_011188085.1	WP_136807986.1
OG0000783	WP_011189184.1	WP_136806372.1
OG0000784	WP_173362838.1	WP_136805897.1
OG0000785	WP_011188146.1	WP_136805896.1
OG0000786	WP_011190398.1, WP_011189336.1	WP_136806542.1
OG0000787	WP_011190159.1	WP_136808477.1
OG0000788	WP_011189147.1	WP_167506090.1
OG0000789	WP_041278010.1	WP_136808365.1
OG0000790	WP_011188029.1	WP_136808052.1
OG0000791	WP_011187571.1	WP_136809373.1
OG0000792	WP_041278009.1	WP_136808363.1
OG0000793	WP_011189207.1	WP_136805500.1
OG0000794	WP_011189176.1	WP_217909600.1
OG0000795	WP_011190180.1	WP_136808466.1
OG0000796	WP_011189940.1	WP_136805442.1
OG0000797	WP_011189186.1	WP_136806370.1
OG0000799	WP_011190084.1	WP_136810032.1
OG0000800	WP_011187504.1	WP_136809288.1
OG0000801	WP_011190119.1	WP_136805148.1
OG0000802	WP_041278047.1	WP_136808579.1
OG0000803	WP_011188525.1	WP_136805461.1
OG0000804	WP_011189007.1	WP_136809705.1
OG0000806	WP_011187896.1	WP_228723276.1
OG0000807	WP_049785110.1	WP_136805423.1
OG0000808	WP_011188409.1	WP_136810839.1
OG0000809	WP_011189037.1	WP_136805695.1
OG0000810	WP_011187914.1	WP_136805450.1
OG0000811	WP_011189036.1	WP_136805694.1
OG0000812	WP_011188621.1	WP_136806485.1
OG0000813	WP_011190169.1	WP_136808454.1
OG0000815	WP_011188855.1	WP_136807542.1
OG0000816	WP_011187952.1	WP_136809140.1
OG0000817	WP_041277591.1	WP_136809128.1
OG0000818	WP_011189743.1	WP_136806157.1
OG0000819	WP_041277865.1	WP_136806410.1
OG0000822	WP_011188324.1	WP_136810532.1
OG0000823	WP_041277669.1	WP_136810535.1
OG0000824	WP_011187363.1	WP_136805970.1
OG0000825	WP_011188727.1	WP_136808387.1
OG0000826	WP_011189633.1	WP_136808230.1
OG0000827	WP_011188664.1	WP_136806831.1
OG0000828	WP_011188665.1	WP_136806832.1
OG0000829	WP_011188666.1	WP_136806833.1
OG0000830	WP_041277749.1	WP_136806834.1
OG0000831	WP_083818944.1	WP_267313788.1
OG0000832	WP_041278463.1	WP_136806836.1
OG0000833	WP_011188552.1	WP_136806890.1
OG0000834	WP_011190339.1	WP_136806610.1
OG0000835	WP_265588585.1, WP_228130161.1	WP_136808620.1
OG0000836	WP_011190015.1	WP_136805313.1
OG0000837	WP_011189967.1	WP_136805429.1
OG0000838	WP_011190320.1	WP_136806629.1
OG0000839	WP_011189976.1	WP_136805420.1
OG0000841	WP_011187964.1	WP_136809125.1
OG0000842	WP_011189994.1	WP_136805390.1
OG0000843	WP_011189839.1	WP_136806329.1
OG0000844	WP_011190044.1	WP_136805272.1
OG0000845	WP_041278056.1	WP_136805273.1
OG0000846	WP_041278055.1	WP_136805276.1
OG0000848	WP_049785106.1	WP_136806339.1
OG0000849	WP_011188952.1	WP_136805489.1
OG0000851	WP_041277521.1	WP_136810633.1
OG0000852	WP_011188523.1	WP_136805460.1
OG0000853	WP_011188569.1	WP_136806907.1
OG0000854	WP_011189880.1	WP_136810695.1
OG0000855	WP_011188566.1	WP_136806904.1
OG0000856	WP_011189878.1	WP_136810697.1
OG0000857	WP_011188923.1	WP_136809120.1, WP_136808384.1
OG0000858	WP_011187521.1	WP_136808080.1
OG0000859	WP_011188978.1	WP_136809669.1
OG0000860	WP_011188078.1	WP_136807990.1
OG0000861	WP_011188524.1	WP_228723337.1
OG0000862	WP_041278336.1	WP_136807973.1
OG0000863	WP_228130144.1	WP_136806317.1
OG0000864	WP_011188040.1	WP_136808037.1
OG0000865	WP_011187680.1	WP_136810640.1
OG0000866	WP_011187847.1	WP_136808639.1
OG0000867	WP_011188057.1	WP_136808016.1
OG0000868	WP_011189786.1	WP_136808360.1
OG0000869	WP_011188361.1	WP_136810569.1
OG0000870	WP_011187527.1	WP_136808085.1
OG0000871	WP_011189849.1	WP_136805527.1
OG0000872	WP_193763854.1	WP_136805764.1
OG0000873	WP_011189793.1	WP_136808367.1
OG0000874	WP_041278050.1	WP_136805316.1
OG0000875	WP_156792221.1	WP_136806909.1
OG0000876	WP_011189775.1	WP_136806318.1
OG0000877	WP_011190326.1	WP_136806621.1
OG0000878	WP_011187891.1	WP_136807141.1
OG0000879	WP_011189824.1	WP_136806344.1
OG0000880	WP_049785018.1	WP_136809307.1
OG0000881	WP_011187319.1	WP_136809753.1
OG0000882	WP_041278072.1	WP_176371585.1
OG0000884	WP_011188152.1	WP_136805890.1
OG0000885	WP_011187346.1	WP_136809969.1
OG0000886	WP_011190161.1	WP_136808479.1
OG0000889	WP_011187694.1	WP_136810626.1
OG0000891	WP_228130168.1	WP_136807970.1
OG0000893	WP_011190140.1	WP_136805102.1
OG0000894	WP_041278006.1	WP_136807606.1
OG0000895	WP_011187678.1	WP_136810642.1
OG0000896	WP_011188870.1	WP_136805471.1
OG0000898	WP_011187994.1	WP_228723266.1
OG0000899	WP_011188670.1	WP_136806838.1
OG0000900	WP_041278069.1	WP_136810042.1
OG0000902	WP_011188506.1	WP_136806725.1
OG0000903	WP_228130176.1	WP_228723230.1
OG0000904	WP_011188485.1	WP_136806711.1, WP_136809119.1
OG0000905	WP_011189445.1	WP_136806294.1
OG0000906	WP_011190322.1	WP_136806627.1
OG0000907	WP_011188240.1	WP_136805813.1
OG0000908	WP_049785124.1	WP_136808121.1
OG0000909	WP_011188214.1	WP_136805950.1, WP_136809306.1
OG0000910	WP_011188164.1	WP_136809176.1
OG0000911	WP_041277909.1	WP_136806005.1, WP_136805158.1, WP_217909482.1
OG0000913	WP_011187576.1	WP_136808156.1
OG0000914	WP_011190229.1, WP_011189008.1	WP_136809852.1, WP_136809708.1
OG0000915	WP_011189188.1, WP_162096646.1	WP_136809716.1
OG0000916	WP_041278060.1	WP_167505909.1
OG0000918	WP_228130159.1	WP_217909494.1
OG0000921	WP_011187292.1, WP_011187838.1	WP_136806386.1
OG0000922	WP_011187318.1	WP_136809752.1
OG0000923	WP_041277945.1	WP_217909619.1
OG0000923	WP_011189003.1	WP_267313666.1
OG0000925	WP_011189980.1	WP_176371592.1
OG0000928	WP_011188614.1, WP_011188615.1	WP_136805228.1
OG0000929	WP_011189415.1	WP_136808318.1
OG0000930	WP_041278638.1	WP_136806416.1, WP_136810358.1
OG0000931	WP_011189193.1	WP_136806363.1
OG0000933	WP_011189930.1	WP_136807862.1
OG0000934	WP_011188900.1	WP_136807852.1
OG0000935	WP_041277923.1	WP_136808326.1
OG0000936	WP_011188905.1	WP_136806793.1, WP_136805373.1
OG0000937	WP_011188588.1, WP_011188587.1	WP_136806597.1
OG0000939	WP_041278059.1	WP_136805241.1
OG0000940	WP_049785042.1	WP_136809200.1, WP_136810158.1
OG0000942	WP_011189048.1	WP_136805757.1
OG0000943	WP_011189192.1	WP_136806364.1
OG0000944	WP_011187341.1	WP_136805829.1
OG0000947	WP_011189047.1	WP_136805756.1
OG0000948	WP_011189046.1	WP_136805755.1
OG0000949	WP_041277648.1	WP_217909471.1
OG0000949	WP_011189453.1	WP_136808794.1
OG0000950	WP_156792255.1	WP_136809404.1
OG0000952	WP_041277907.1, WP_041277650.1	WP_136808841.1
OG0000954	WP_173362830.1	WP_176371611.1
OG0000958	WP_011187497.1	WP_217909587.1
OG0000960	WP_041277916.1	WP_136810096.1, WP_136810421.1
OG0000960	WP_162096648.1, WP_011187614.1	WP_136810784.1, WP_136809279.1
OG0000962	WP_011189457.1	WP_136806286.1
OG0000963	WP_011188076.1	WP_136807992.1
OG0000964	WP_011190012.1	WP_136805315.1
OG0000965	WP_228130206.1	WP_267313774.1
OG0000967	WP_011189189.1	WP_136806369.1
OG0000969	WP_011187545.1	WP_228723443.1
OG0000970	WP_011188328.1	WP_136810536.1
OG0000971	WP_011187682.1	WP_136810638.1
OG0000972	WP_011189519.1	WP_136806402.1
OG0000973	WP_011189337.1, WP_011190397.1	WP_136806543.1
OG0000974	WP_011190049.1	WP_136805267.1
OG0000975	WP_011190362.1	WP_136806063.1
OG0000977	WP_011189873.1	WP_228723374.1
OG0000978	WP_011188367.1	WP_136810574.1
OG0000980	WP_011188680.1	WP_136806840.1
OG0000982	WP_011188025.1	WP_136808060.1
OG0000983	WP_011190063.1	WP_136805245.1
OG0000984	WP_011187941.1	WP_167505984.1
OG0000985	WP_011188560.1	WP_136806899.1
OG0000987	WP_011188857.1	WP_136807546.1
OG0000988	WP_011188973.1	WP_136805819.1
OG0000989	WP_011188859.1	WP_136807551.1
OG0000990	WP_156792200.1	WP_136809139.1
OG0000991	WP_041277519.1	WP_136810644.1
OG0000994	WP_083818937.1	WP_136810594.1
OG0000996	WP_041277423.1	WP_136809722.1
OG0000998	WP_011189982.1	WP_136805397.1
OG0001001	WP_041277663.1	WP_136810273.1
OG0001002	WP_011189853.1	WP_136805523.1
OG0001004	WP_011188129.1	WP_136805915.1
OG0001005	WP_011188130.1	WP_136805914.1
OG0001007	WP_011189792.1	WP_228723384.1
OG0001010	WP_011187750.1, WP_049784987.1	WP_136805780.1
OG0001011	WP_011187970.1	WP_136809311.1
OG0001012	WP_041277843.1, WP_041277847.1	WP_136809455.1
OG0001013	WP_049785060.1	WP_136809467.1
OG0001014	WP_011190157.1	WP_136808475.1
OG0001015	WP_041278005.1	WP_136807608.1
OG0001016	WP_011189778.1	WP_136807610.1
OG0001017	WP_011189511.1	WP_136806392.1
OG0001019	WP_011190292.1, WP_228130207.1	WP_136805295.1
OG0001021	WP_011190275.1, WP_011190286.1	WP_275942863.1, WP_217909518.1, WP_228723440.1, WP_136805653.1
OG0001022	WP_011187306.1	WP_136809721.1
OG0001023	WP_156792191.1	WP_136808621.1
OG0001026	WP_011189405.1	WP_136808298.1
OG0001027	WP_011190117.1	WP_136810055.1
OG0001028	WP_083818998.1	WP_136805290.1
OG0001030	WP_011187816.1	WP_136808619.1
OG0001031	WP_011189151.1	WP_136810518.1
OG0001033	WP_041277794.1	WP_228723225.1
OG0001034	WP_041277590.1	WP_136809130.1
OG0001035	WP_011187889.1	WP_136809150.1
OG0001036	WP_041277818.1	WP_136807996.1
OG0001037	WP_011189128.1	WP_136808892.1
OG0001038	WP_011187949.1	WP_136809513.1
OG0001039	WP_011190060.1	WP_136805249.1
OG0001040	WP_011188403.1	WP_136810609.1
OG0001041	WP_011190017.1	WP_136805309.1
OG0001042	WP_083818927.1, WP_011189450.1	WP_136810197.1
OG0001043	WP_011187344.1	WP_136805952.1
OG0001044	WP_083818936.1	WP_136798095.1
OG0001045	WP_011189936.1	WP_136805446.1
OG0001046	WP_011190051.1	WP_136805265.1
OG0001048	WP_049785120.1	WP_136805140.1
OG0001049	WP_041277587.1	WP_267313677.1
OG0001050	WP_041277856.1	WP_136809530.1
OG0001051	WP_011188984.1	WP_136809674.1
OG0001052	WP_011188584.1	WP_136806921.1
OG0001053	WP_041277415.1	WP_136805321.1
OG0001054	WP_011190182.1	WP_228723424.1
OG0001055	WP_041277435.1	WP_136805958.1
OG0001056	WP_011188906.1	WP_136806798.1
OG0001057	WP_011188545.1	WP_136809305.1
OG0001058	WP_041278814.1	WP_136805445.1
OG0001059	WP_011187902.1	WP_136810750.1
OG0001060	WP_049785045.1	WP_136807452.1
OG0001063	WP_011187933.1	WP_136808672.1
OG0001067	WP_011190005.1	WP_136805386.1
OG0001068	WP_011188852.1	WP_136807539.1
OG0001070	WP_011189051.1	WP_136805765.1
OG0001071	WP_011189863.1	WP_136805511.1
OG0001072	WP_011189869.1	WP_136805504.1
OG0001073	WP_011189989.1	WP_167506044.1
OG0001074	WP_011190341.1	WP_136810467.1
OG0001075	WP_011187587.1	WP_136809759.1
OG0001076	WP_011190197.1	WP_136806141.1
OG0001077	WP_156792170.1, WP_011187417.1	WP_136810015.1, WP_136806183.1, WP_136805786.1
OG0001078	WP_041277736.1	WP_136809179.1, WP_136810760.1, WP_136805585.1
OG0001081	WP_041277700.1	WP_136807272.1
OG0001082	WP_041277998.1	WP_136806159.1
OG0001083	WP_011188005.1	WP_136809392.1
OG0001084	WP_011188002.1	WP_136809394.1
OG0001086	WP_011188189.1	WP_136810289.1
OG0001088	WP_011187879.1	WP_136809292.1
OG0001089	WP_041278115.1	WP_136809495.1
OG0001091	WP_011189718.1	WP_136809880.1, WP_136807478.1
OG0001092	WP_011188888.1, WP_041277802.1	WP_136805381.1
OG0001093	WP_011189705.1	WP_136808569.1
OG0001094	WP_011188981.1	WP_136807082.1
OG0001095	WP_011188408.1	WP_136810837.1
OG0001096	WP_228130173.1	WP_136810841.1
OG0001097	WP_011187452.1	WP_228723371.1
OG0001098	WP_041277489.1	WP_136806788.1
OG0001100	WP_011189979.1	WP_136805416.1
OG0001101	WP_011190028.1	WP_136805298.1
OG0001102	WP_011190069.1	WP_136805372.1
OG0001104	WP_011189835.1	WP_228723375.1
OG0001105	WP_011189561.1	WP_136808487.1, WP_136810660.1
OG0001106	WP_011189562.1	WP_136810659.1, WP_136808488.1
OG0001107	WP_011189182.1	WP_136806373.1
OG0001108	WP_011189190.1	WP_136806366.1
OG0001109	WP_011189191.1	WP_136806365.1
OG0001110	WP_011189194.1	WP_136806362.1
OG0001111	WP_011189652.1	WP_136806302.1
OG0001113	WP_011190127.1	WP_136805128.1
OG0001114	WP_011189908.1	WP_136807886.1
OG0001115	WP_011189846.1	WP_136806323.1
OG0001116	WP_011189508.1	WP_136806388.1
OG0001118	WP_011187917.1	WP_136808851.1
OG0001119	WP_041278058.1	WP_136805248.1
OG0001120	WP_011188572.1	WP_136806911.1
OG0001121	WP_011188932.1	WP_136807449.1
OG0001122	WP_011189826.1	WP_136806341.1
OG0001124	WP_011189560.1	WP_136810661.1, WP_136808486.1
OG0001125	WP_011187916.1	WP_136808850.1
OG0001126	WP_011187700.1	WP_136806531.1
OG0001127	WP_011189411.1	WP_136808314.1
OG0001131	WP_011187408.1, WP_041277636.1	WP_217909461.1
OG0001132	WP_011189134.1	WP_136809283.1
OG0001136	WP_011189732.1	WP_136808351.1
OG0001139	WP_011188633.1	WP_136805205.1
OG0001142	WP_011190150.1	WP_136805080.1
OG0001143	WP_265588575.1	WP_136808556.1
OG0001145	WP_011189970.1	WP_136805426.1
OG0001150	WP_041278064.1	WP_136810035.1
OG0001155	WP_011188483.1	WP_176371608.1
OG0001158	WP_011189947.1	WP_136807658.1
OG0001159	WP_011189038.1	WP_136805696.1
OG0001161	WP_011190027.1	WP_136805299.1
OG0001162	WP_162096652.1	WP_136806988.1
OG0001163	WP_011188380.1	WP_136810586.1
OG0001165	WP_011188521.1	WP_136805458.1
OG0001168	WP_041277846.1	WP_136809459.1
OG0001169	WP_011189086.1	WP_136809465.1
OG0001175	WP_011189149.1	WP_136810521.1
OG0001177	WP_041278255.1	WP_136809983.1
OG0001178	WP_011189919.1	WP_136807875.1
OG0001179	WP_041277711.1	WP_136806786.1
OG0001180	WP_011187542.1	WP_136808128.1
OG0001181	WP_011187541.1	WP_136808127.1
OG0001182	WP_049785032.1	WP_136806842.1
OG0001183	WP_011189001.1	WP_136809696.1
OG0001184	WP_011190441.1	WP_136805364.1
OG0001186	WP_011189391.1	WP_136806658.1
OG0001188	WP_041277859.1	WP_136810528.1
OG0001189	WP_011188586.1	WP_136806923.1
OG0001190	WP_049785029.1	WP_136809595.1
OG0001191	WP_041277434.1	WP_136805956.1
OG0001192	WP_011187771.1	WP_136805252.1
OG0001195	WP_228130192.1	WP_136805175.1
OG0001196	WP_041277791.1	WP_228723224.1
OG0001197	WP_011189852.1	WP_228723341.1
OG0001198	WP_041278650.1	WP_136805498.1
OG0001200	WP_041277710.1	WP_136806727.1
OG0001203	WP_011190358.1	WP_136805453.1
OG0001204	WP_011187324.1	WP_217909546.1
OG0001206	WP_011187584.1	WP_136809762.1
OG0001207	WP_011187585.1	WP_136809761.1
OG0001208	WP_011187339.1	WP_136805466.1
OG0001209	WP_041277637.1	WP_136809736.1
OG0001210	WP_041277861.1	WP_136808587.1
OG0001215	WP_011188303.1	WP_136805894.1
OG0001217	WP_228130211.1	WP_136809592.1
OG0001220	WP_011187358.1	WP_136808254.1, WP_136808237.1, WP_136805965.1
OG0001221	WP_011187362.1	WP_136805969.1
OG0001222	WP_041277523.1	WP_136808661.1
OG0001223	WP_011187993.1	WP_228723265.1
OG0001225	WP_049784966.1	WP_136808525.1, WP_136806011.1
OG0001227	WP_011189818.1	WP_136808941.1
OG0001228	WP_265588574.1	WP_228723227.1
OG0001230	WP_011187958.1	WP_136809131.1
OG0001231	WP_011189063.1	WP_136810654.1, WP_136809214.1, WP_136805652.1, WP_136805650.1
OG0001232	WP_011187878.1	WP_136809291.1
OG0001233	WP_011187456.1	WP_136806179.1
OG0001236	WP_011189717.1	WP_136807480.1
OG0001237	WP_011189714.1	WP_136807485.1
OG0001238	WP_011190350.1	WP_136810480.1
OG0001239	WP_041277965.1	WP_136807805.1, WP_136806311.1
OG0001240	WP_011189039.1	WP_136805701.1
OG0001241	WP_011187365.1	WP_136808164.1
OG0001242	WP_011188030.1	WP_275942841.1
OG0001243	WP_011188044.1	WP_136808033.1
OG0001244	WP_011188050.1	WP_136808026.1
OG0001245	WP_049785003.1	WP_136808015.1
OG0001246	WP_011188074.1	WP_136807994.1
OG0001247	WP_156792206.1	WP_136807980.1
OG0001248	WP_011188158.1	WP_167505893.1
OG0001249	WP_041277427.1	WP_136809749.1
OG0001250	WP_041277766.1	WP_136806857.1, WP_136810303.1, WP_167506067.1
OG0001251	WP_011188731.1	WP_136810301.1, WP_136810265.1
OG0001252	WP_011190111.1	WP_136810049.1
OG0001253	WP_011190107.1	WP_136810047.1
OG0001254	WP_041278070.1	WP_136810043.1
OG0001255	WP_011190081.1	WP_136810019.1
OG0001256	WP_011190179.1	WP_136808465.1
OG0001257	WP_011190174.1	WP_136808461.1
OG0001258	WP_011188880.1	WP_136808447.1
OG0001259	WP_041277800.1	WP_136808446.1
OG0001260	WP_011188713.1	WP_136808405.1
OG0001261	WP_011188718.1	WP_136808398.1
OG0001263	WP_011187459.1	WP_136806184.1
OG0001264	WP_011190206.1	WP_136805069.1
OG0001266	WP_011189961.1	WP_228723335.1
OG0001267	WP_011187707.1	WP_136810431.1
OG0001271	WP_011189823.1	WP_136809117.1, WP_136806345.1
OG0001272	WP_011189196.1	WP_136806356.1
OG0001273	WP_011187990.1	WP_136808821.1
OG0001274	WP_228130163.1	WP_136808942.1
OG0001275	WP_011188920.1	WP_136807489.1
OG0001276	WP_011187464.1	WP_136806368.1
OG0001277	WP_041277468.1	WP_136806367.1
OG0001278	WP_011187469.1	WP_136806360.1
OG0001279	WP_011187468.1	WP_136806359.1
OG0001281	WP_011189654.1	WP_167505799.1
OG0001282	WP_011189655.1	WP_275942857.1
OG0001283	WP_041278031.1	WP_167505798.1
OG0001284	WP_011189898.1	WP_136807896.1
OG0001285	WP_041278035.1	WP_136807895.1
OG0001286	WP_011189900.1	WP_136807894.1
OG0001287	WP_011189903.1	WP_136807891.1
OG0001288	WP_011189904.1	WP_136807890.1
OG0001289	WP_011189915.1	WP_136807879.1
OG0001290	WP_011189916.1	WP_136807878.1
OG0001291	WP_011189782.1	WP_136806753.1
OG0001292	WP_041278007.1	WP_136806319.1
OG0001293	WP_011189639.1	WP_136806316.1
OG0001294	WP_011189444.1	WP_136806729.1, WP_136806295.1
OG0001295	WP_265588558.1	WP_136806387.1
OG0001296	WP_011187575.1	WP_136808155.1
OG0001297	WP_011187574.1	WP_136808154.1
OG0001298	WP_011190042.1	WP_136805274.1
OG0001300	WP_011187313.1	WP_136809746.1
OG0001301	WP_011188553.1	WP_136806891.1
OG0001302	WP_011188052.1	WP_136808023.1
OG0001303	WP_011190054.1	WP_136805262.1
OG0001304	WP_011188487.1	WP_136806714.1
OG0001305	WP_011188988.1	WP_136809679.1
OG0001306	WP_156792220.1	WP_136806908.1
OG0001307	WP_049784984.1	WP_217909498.1, WP_167505993.1, WP_217909617.1
OG0001308	WP_011188075.1	WP_136807993.1
OG0001309	WP_011189454.1	WP_136806289.1
OG0001310	WP_011189366.1	WP_136806348.1
OG0001311	WP_011189760.1	WP_136806989.1
OG0001312	WP_011189133.1	WP_136809282.1
OG0001313	WP_011188255.1	WP_136805790.1
OG0001313	WP_041277924.1	WP_136808077.1
OG0001314	WP_011188928.1	WP_136808377.1
OG0001317	WP_011189986.1, WP_011189306.1	WP_217909462.1
OG0001318	WP_011188259.1	WP_136805784.1
OG0001320	WP_011189485.1	WP_136805797.1, WP_136808283.1
OG0001320	WP_011187780.1	WP_217909475.1
OG0001322	WP_011187738.1, WP_011187731.1, WP_011187728.1	WP_217909595.1, WP_136806967.1, WP_136806968.1
OG0001324	WP_011188518.1	WP_136805825.1
OG0001326	WP_041277772.1	WP_136805718.1
OG0001327	WP_011187399.1	WP_136809007.1
OG0001330	WP_011188919.1	WP_136805530.1
OG0001331	WP_011190348.1	WP_136810476.1
OG0001332	WP_011190181.1	WP_136808467.1
OG0001336	WP_011187561.1	WP_136806926.1
OG0001337	WP_011188779.1, WP_011188780.1	WP_136805709.1
OG0001339	WP_011190118.1	WP_136805149.1
OG0001340	WP_011190080.1	WP_228723322.1
OG0001341	WP_041277703.1	WP_136806709.1
OG0001344	WP_011187522.1	WP_136808082.1
OG0001345	WP_011188990.1	WP_136809682.1
OG0001347	WP_011190171.1	WP_136808457.1
OG0001348	WP_156792209.1	WP_136805895.1
OG0001349	WP_011188132.1	WP_136808057.1
OG0001350	WP_156792166.1	WP_136805962.1
OG0001351	WP_011187354.1	WP_136805961.1
OG0001353	WP_228130197.1	WP_167506006.1
OG0001354	WP_011189092.1	WP_136809454.1
OG0001355	WP_011189174.1	WP_136806415.1
OG0001356	WP_011187543.1	WP_136808129.1
OG0001357	WP_011187805.1	WP_136808615.1
OG0001361	WP_011190037.1	WP_136805289.1
OG0001362	WP_011188686.1	WP_136805174.1
OG0001363	WP_011190055.1	WP_136805260.1
OG0001364	WP_049785165.1	WP_136808453.1
OG0001367	WP_011187892.1	WP_167505986.1
OG0001368	WP_011188122.1	WP_136809329.1
OG0001376	WP_011190003.1	WP_167505754.1
OG0001378	WP_011189459.1	WP_136806284.1
OG0001379	WP_156792165.1	WP_136805960.1
OG0001380	WP_011188771.1	WP_228723250.1
OG0001381	WP_011188774.1	WP_217909469.1
OG0001382	WP_011187546.1	WP_136808132.1
OG0001384	WP_041277560.1	WP_136808624.1
OG0001385	WP_011189099.1	WP_136809444.1
OG0001386	WP_041277517.1	WP_136810672.1, WP_228723325.1
OG0001389	WP_041277825.1	WP_136809675.1
OG0001390	WP_011189963.1	WP_136805434.1
OG0001393	WP_011188776.1	WP_167505760.1
OG0001394	WP_162096642.1	WP_136809816.1, WP_136805720.1, WP_167505747.1
OG0001395	WP_011189860.1	WP_136805516.1
OG0001396	WP_011189865.1	WP_136805509.1
OG0001397	WP_011188549.1	WP_136806888.1
OG0001398	WP_162096645.1	WP_167505744.1
OG0001399	WP_156792316.1	WP_167505743.1
OG0001401	WP_228130177.1	WP_228723336.1
OG0001402	WP_041277838.1	WP_136808963.1
OG0001403	WP_011190311.1	WP_136806638.1
OG0001404	WP_011190314.1	WP_136806636.1
OG0001405	WP_011190316.1	WP_136806634.1
OG0001406	WP_011190317.1	WP_136806633.1
OG0001407	WP_011190349.1	WP_136810479.1
OG0001408	WP_041278124.1	WP_136810486.1
OG0001409	WP_011190359.1	WP_136810494.1
OG0001411	WP_011187982.1	WP_136809425.1
OG0001413	WP_041277565.1	WP_228723288.1
OG0001414	WP_011189737.1	WP_136806165.1
OG0001415	WP_041277644.1	WP_136809036.1, WP_136805772.1, WP_136805803.1
OG0001416	WP_011190334.1	WP_136806615.1
OG0001418	WP_011188131.1	WP_136805913.1
OG0001421	WP_011187997.1	WP_228723275.1
OG0001423	WP_011189817.1	WP_136808929.1
OG0001424	WP_011187337.1	WP_136805941.1
OG0001427	WP_011188927.1	WP_136808381.1
OG0001428	WP_011187984.1	WP_136809156.1
OG0001429	WP_041277589.1	WP_136809132.1
OG0001432	WP_011189385.1	WP_136808614.1, WP_136806653.1
OG0001434	WP_011187298.1	WP_136809294.1
OG0001435	WP_041277741.1	WP_136810318.1
OG0001438	WP_011189479.1	WP_136806267.1
OG0001439	WP_041277496.1	WP_136810071.1, WP_136809628.1
OG0001440	WP_011187606.1	WP_136806932.1
OG0001441	WP_011189324.1	WP_136808609.1
OG0001442	WP_011188543.1	WP_136806126.1
OG0001443	WP_011188909.1	WP_136806125.1
OG0001444	WP_011188675.1	WP_136807689.1
OG0001445	WP_011187528.1	WP_136808086.1
OG0001446	WP_011188042.1	WP_136808035.1
OG0001447	WP_011188043.1	WP_136808034.1
OG0001448	WP_011188061.1	WP_136808012.1
OG0001450	WP_011188068.1	WP_136808001.1
OG0001451	WP_011188087.1	WP_136807985.1
OG0001452	WP_011188101.1	WP_136807968.1
OG0001454	WP_041278085.1	WP_136807939.1
OG0001458	WP_011188347.1	WP_136810556.1
OG0001459	WP_041277674.1	WP_136810557.1
OG0001460	WP_041277804.1	WP_136805376.1
OG0001461	WP_011190116.1	WP_136809631.1
OG0001462	WP_041278068.1	WP_136810041.1
OG0001463	WP_011188107.1	WP_136805925.1
OG0001464	WP_011190088.1	WP_136810038.1
OG0001467	WP_011187454.1	WP_136806252.1
OG0001469	WP_041277853.1, WP_041277446.1	WP_136808560.1
OG0001470	WP_011190170.1	WP_136808456.1
OG0001473	WP_156792301.1	WP_136806268.1
OG0001474	WP_041277925.1	WP_136806278.1
OG0001477	WP_041277414.1	WP_136805323.1
OG0001478	WP_011187447.1	WP_136807816.1
OG0001479	WP_011189977.1	WP_136805419.1
OG0001480	WP_011189006.1	WP_136809703.1, WP_136806739.1, WP_167505876.1, WP_136809704.1
OG0001481	WP_011190038.1	WP_136805280.1
OG0001482	WP_049785114.1	WP_136805304.1
OG0001483	WP_011190016.1	WP_136805310.1
OG0001484	WP_049785117.1	WP_136805371.1
OG0001485	WP_041278046.1	WP_136805387.1
OG0001488	WP_011189517.1	WP_267313738.1
OG0001489	WP_041277935.1	WP_136806397.1
OG0001490	WP_011189894.1	WP_136807900.1
OG0001491	WP_011189895.1	WP_136807899.1
OG0001492	WP_011189896.1	WP_136807898.1
OG0001493	WP_162096664.1	WP_136807897.1
OG0001494	WP_011189909.1	WP_136807885.1
OG0001495	WP_011189910.1	WP_136807884.1
OG0001496	WP_011189912.1	WP_136807882.1
OG0001497	WP_011189913.1	WP_136807881.1
OG0001498	WP_011189914.1	WP_136807880.1
OG0001499	WP_011189921.1	WP_136807873.1
OG0001500	WP_011189922.1	WP_136807872.1
OG0001501	WP_011189923.1	WP_136807871.1
OG0001502	WP_011189924.1	WP_136807870.1
OG0001503	WP_011189925.1	WP_136807869.1
OG0001504	WP_011189932.1	WP_136807860.1
OG0001505	WP_083818954.1	WP_136807851.1
OG0001506	WP_011189723.1	WP_136807848.1, WP_136807847.1
OG0001507	WP_011189417.1	WP_136808321.1
OG0001508	WP_011189424.1	WP_136808330.1
OG0001510	WP_011189458.1	WP_136806285.1
OG0001511	WP_011189770.1, WP_011188610.1	WP_136808495.1
OG0001512	WP_011189771.1	WP_136808496.1
OG0001513	WP_011188907.1	WP_228723229.1
OG0001514	WP_011187467.1	WP_136808515.1
OG0001515	WP_011187466.1	WP_136808311.1
OG0001516	WP_011189380.1	WP_136808296.1
OG0001517	WP_011188933.1	WP_136807451.1
OG0001518	WP_011188929.1	WP_228723387.1
OG0001519	WP_011190183.1	WP_136808469.1
OG0001520	WP_041278083.1	WP_136808659.1, WP_136805942.1, WP_136808476.1
OG0001521	WP_011187862.1	WP_136808769.1
OG0001522	WP_041277716.1	WP_136806892.1
OG0001523	WP_265588560.1	WP_136806009.1
OG0001526	WP_041278061.1	WP_136809697.1, WP_136810236.1, WP_136810026.1
OG0001528	WP_011189418.1	WP_136808323.1
OG0001529	WP_011187465.1	WP_136808312.1
OG0001530	WP_011188098.1	WP_167505897.1
OG0001531	WP_011190062.1	WP_136805246.1
OG0001533	WP_083818939.1	WP_136806917.1
OG0001534	WP_011187932.1	WP_136809236.1
OG0001535	WP_228130195.1	WP_228723339.1
OG0001536	WP_228130153.1	WP_136806635.1
OG0001537	WP_041277596.1	WP_136807113.1
OG0001539	WP_041277566.1	WP_136808546.1
OG0001540	WP_041278121.1	WP_136810470.1
OG0001541	WP_011187589.1	WP_136805927.1
OG0001542	WP_011190079.1	WP_136805744.1
OG0001543	WP_041277504.1	WP_136806036.1
OG0001546	WP_011190344.1	WP_136809788.1
OG0001547	WP_011188028.1	WP_136808053.1
OG0001548	WP_041278042.1	WP_136810171.1
OG0001549	WP_041277919.1, WP_011189108.1	WP_136810854.1
OG0001550	WP_011187591.1	WP_136806243.1
OG0001551	WP_011188849.1, WP_049785039.1	WP_136810072.1, WP_136809246.1
OG0001553	WP_011187951.1, WP_011188527.1	WP_136805597.1, WP_136805615.1
OG0001557	WP_011188247.1	WP_136809796.1, WP_217909527.1
OG0001559	WP_011188747.1	WP_136809612.1
OG0001567	WP_011188008.1	WP_136809166.1
OG0001573	WP_041278027.1	WP_167505802.1
OG0001578	WP_011189379.1	WP_136808295.1
OG0001582	WP_011189981.1	WP_136805400.1
OG0001585	WP_011187412.1	WP_136808142.1
OG0001589	WP_011187265.1	WP_136810700.1
OG0001593	WP_011187544.1	WP_136808130.1
OG0001595	WP_011188895.1	WP_136808103.1
OG0001599	WP_228130134.1	WP_217909588.1
OG0001600	WP_198408698.1	WP_136807273.1
OG0001601	WP_041278048.1	WP_136805318.1
OG0001602	WP_011187946.1	WP_136805918.1
OG0001606	WP_011187360.1	WP_136805967.1
OG0001607	WP_011188289.1	WP_136809918.1
OG0001608	WP_156792317.1	WP_136805479.1
OG0001612	WP_011188769.1	WP_136805717.1
OG0001613	WP_011188770.1	WP_136805716.1
OG0001614	WP_011189347.1	WP_136806942.1, WP_136809830.1
OG0001616	WP_011189460.1	WP_167506105.1
OG0001619	WP_011189115.1	WP_136808662.1
OG0001623	WP_011187308.1	WP_153307142.1, WP_136807217.1, WP_136808568.1
OG0001628	WP_011189847.1	WP_136805529.1
OG0001629	WP_041278030.1	WP_136805505.1
OG0001630	WP_162096663.1	WP_136805506.1
OG0001631	WP_011187409.1	WP_136808792.1
OG0001633	WP_011189094.1	WP_136809453.1
OG0001634	WP_049785059.1	WP_136809469.1
OG0001635	WP_011187569.1	WP_136808140.1
OG0001636	WP_049785020.1	WP_136805398.1
OG0001637	WP_156792253.1	WP_136805693.1
OG0001638	WP_011189053.1	WP_136805767.1
OG0001641	WP_011190318.1	WP_136806632.1
OG0001642	WP_041277457.1	WP_136806631.1
OG0001643	WP_011189163.1	WP_136810679.1, WP_136809860.1
OG0001644	WP_041278125.1	WP_136810488.1
OG0001645	WP_011187247.1	WP_136810506.1
OG0001646	WP_011187248.1	WP_136810507.1
OG0001656	WP_041278117.1	WP_136806626.1
OG0001657	WP_011190328.1	WP_228723233.1
OG0001658	WP_011190331.1	WP_228723235.1
OG0001659	WP_011190332.1	WP_136806616.1
OG0001660	WP_011188139.1	WP_136805903.1
OG0001661	WP_041277620.1	WP_136805902.1
OG0001664	WP_011189627.1	WP_136808670.1
OG0001665	WP_011187674.1	WP_136810646.1
OG0001666	WP_041277597.1	WP_136810622.1
OG0001667	WP_162096657.1	WP_136808986.1
OG0001668	WP_041277795.1	WP_228723323.1
OG0001669	WP_041278138.1	WP_136809756.1
OG0001670	WP_041277574.1	WP_217909579.1, WP_136809103.1
OG0001671	WP_041277573.1	WP_136807013.1, WP_136809101.1
OG0001672	WP_011187325.1	WP_136809768.1
OG0001673	WP_156792178.1	WP_136805972.1
OG0001674	WP_041278246.1	WP_136806551.1
OG0001675	WP_011189122.1	WP_136810062.1
OG0001676	WP_041277599.1	WP_176371621.1
OG0001677	WP_041278693.1, WP_011188970.1	WP_136806559.1
OG0001678	WP_011188004.1	WP_136809393.1
OG0001679	WP_011187551.1	WP_136805916.1
OG0001680	WP_011188141.1	WP_228723258.1
OG0001681	WP_011187596.1	WP_136809161.1
OG0001682	WP_011187335.1	WP_136805939.1
OG0001685	WP_011188024.1	WP_136808061.1
OG0001687	WP_041277598.1	WP_136809113.1
OG0001690	WP_011188191.1	WP_136810291.1
OG0001691	WP_011188192.1	WP_136810292.1
OG0001693	WP_011187503.1	WP_136809289.1
OG0001696	WP_011187922.1	WP_136807123.1
OG0001700	WP_011187556.1	WP_136808562.1
OG0001701	WP_011187372.1	WP_136808545.1
OG0001703	WP_011187366.1	WP_136808165.1
OG0001705	WP_011188048.1	WP_136808028.1
OG0001706	WP_011188059.1	WP_167505900.1
OG0001707	WP_041277439.1, WP_011187935.1	WP_136809133.1
OG0001709	WP_011188091.1	WP_136807983.1
OG0001710	WP_011187762.1	WP_136808830.1
OG0001711	WP_011188104.1	WP_228723303.1
OG0001714	WP_011188026.1	WP_136809419.1, WP_136805235.1
OG0001715	WP_011188982.1	WP_136809670.1
OG0001717	WP_041278626.1	WP_136810517.1
OG0001718	WP_011188350.1	WP_136810559.1
OG0001719	WP_011188351.1	WP_136810560.1
OG0001720	WP_173362832.1	WP_136810052.1
OG0001721	WP_011187451.1	WP_136806250.1
OG0001722	WP_011187860.1	WP_136809173.1
OG0001723	WP_011188295.1	WP_136805254.1
OG0001729	WP_011187942.1	WP_136808069.1
OG0001730	WP_011189734.1	WP_136806269.1
OG0001731	WP_041278043.1	WP_136805424.1
OG0001732	WP_011189958.1	WP_136805438.1
OG0001734	WP_041277550.1, WP_011187793.1	WP_136809171.1
OG0001735	WP_011190018.1	WP_136805308.1
OG0001737	WP_041278025.1	WP_136806021.1, WP_136806333.1
OG0001738	WP_011189827.1	WP_136806340.1
OG0001740	WP_011190342.1	WP_136810466.1
OG0001741	WP_198408690.1	WP_136810465.1
OG0001743	WP_011189645.1	WP_136806309.1, WP_136805178.1
OG0001745	WP_011189871.1	WP_136806298.1
OG0001746	WP_011189872.1	WP_136806297.1
OG0001747	WP_011189901.1	WP_136807893.1
OG0001748	WP_011189926.1	WP_136807868.1
OG0001749	WP_011189931.1	WP_136807861.1
OG0001750	WP_011189933.1	WP_136807859.1
OG0001751	WP_011188901.1	WP_136807853.1
OG0001752	WP_041277964.1	WP_167505800.1
OG0001753	WP_156792280.1, WP_011189420.1	WP_267313784.1
OG0001754	WP_011189422.1	WP_136808327.1
OG0001755	WP_011189448.1	WP_136806291.1
OG0001756	WP_011189456.1	WP_136806287.1
OG0001757	WP_011187697.1	WP_136806121.1
OG0001758	WP_011189510.1	WP_136806391.1
OG0001759	WP_011189374.1	WP_136808290.1
OG0001760	WP_011189376.1	WP_136808292.1
OG0001761	WP_011189377.1	WP_136808293.1
OG0001762	WP_011189378.1	WP_136808294.1
OG0001764	WP_041278057.1	WP_136805271.1
OG0001766	WP_011188311.1	WP_136806116.1
OG0001768	WP_041278074.1	WP_136805144.1
OG0001769	WP_011190125.1	WP_136805134.1
OG0001770	WP_011190133.1	WP_228723326.1
OG0001771	WP_011188556.1	WP_136806895.1
OG0001772	WP_156792228.1	WP_136810258.1
OG0001773	WP_011189997.1	WP_136805388.1
OG0001774	WP_011188854.1	WP_136807541.1
OG0001778	WP_162096668.1	WP_136808267.1
OG0001779	WP_011187679.1	WP_136810641.1
OG0001780	WP_011189431.1	WP_136808342.1
OG0001782	WP_011187703.1	WP_136805166.1, WP_136809629.1
OG0001784	WP_011187532.1, WP_011187533.1	WP_136809535.1
OG0001788	WP_011187925.1	WP_136808896.1
OG0001793	WP_011188244.1	WP_136805808.1
OG0001797	WP_011187988.1	WP_136806854.1, WP_136808582.1, WP_136808823.1
OG0001798	WP_011188260.1	WP_136805783.1
OG0001799	WP_011187590.1	WP_136808585.1
OG0001800	WP_011189019.1	WP_136809531.1
OG0001801	WP_011189548.1	WP_136808557.1
OG0001802	WP_011190474.1	WP_136808464.1
OG0001803	WP_011187809.1	WP_136805541.1
OG0001804	WP_011189427.1	WP_136807748.1
OG0001805	WP_041277532.1	WP_136806970.1
OG0001806	WP_011187732.1, WP_011187729.1	WP_136806226.1, WP_217909578.1
OG0001808	WP_011187448.1	WP_136809026.1, WP_217909445.1, WP_136809031.1
OG0001809	WP_011188746.1, WP_041278495.1	WP_136809611.1
OG0001812	WP_041277611.1	WP_136805451.1
OG0001813	WP_011187547.1	WP_136805759.1, WP_136808133.1
OG0001815	WP_041277602.1	WP_136809740.1, WP_136808605.1
OG0001820	WP_011188528.1	WP_217909632.1
OG0001826	WP_011190270.1, WP_041278112.1	WP_136809219.1, WP_136805657.1
OG0001827	WP_011188432.1	WP_136810862.1
OG0001837	WP_041277649.1	WP_136806999.1
OG0001838	WP_011190262.1	WP_136807198.1, WP_136805994.1
OG0001839	WP_011188161.1, WP_011188757.1	WP_136809405.1
OG0001844	WP_011187698.1	WP_136808114.1
OG0001845	WP_011187413.1	WP_136808143.1
OG0001850	WP_041277875.1	WP_136808205.1, WP_136806238.1
OG0001851	WP_011188626.1	WP_136810807.1
OG0001853	WP_011188290.1	WP_136809919.1
OG0001856	WP_011188772.1	WP_167505761.1
OG0001866	WP_011189616.1, WP_041277958.1, WP_041279007.1	WP_136806825.1
OG0001867	WP_011189489.1	WP_217909472.1
OG0001867	WP_011187737.1	WP_136806973.1
OG0001868	WP_011188915.1	WP_136805534.1
OG0001869	WP_011188918.1	WP_136805531.1
OG0001872	WP_041277451.1	WP_136807803.1
OG0001873	WP_041277500.1	WP_167505903.1
OG0001876	WP_011187908.1	WP_136806982.1, WP_136809188.1
OG0001877	WP_041277411.1	WP_228723271.1, WP_136806101.1
OG0001878	WP_011188777.1	WP_136805711.1
OG0001879	WP_011190094.1	WP_136810482.1
OG0001880	WP_011190095.1	WP_136810481.1
OG0001881	WP_011187250.1	WP_136810509.1
OG0001883	WP_011188133.1	WP_136805908.1
OG0001884	WP_011190164.1	WP_136808480.1
OG0001885	WP_041277995.1	WP_136806163.1
OG0001886	WP_041277723.1	WP_136806920.1
OG0001887	WP_011188583.1	WP_136806919.1
OG0001888	WP_156792333.1	WP_136806630.1
OG0001889	WP_011188243.1	WP_136805809.1
OG0001890	WP_011188154.1	WP_136805880.1
OG0001891	WP_041277621.1	WP_136805899.1
OG0001893	WP_011187455.1	WP_136805076.1
OG0001894	WP_011189724.1	WP_136807846.1
OG0001895	WP_041277622.1	WP_136805893.1
OG0001896	WP_041277641.1	WP_275942850.1
OG0001901	WP_041278828.1, WP_011189393.1	WP_136810342.1
OG0001902	WP_011187986.1	WP_228723277.1
OG0001905	WP_156792238.1	WP_136807499.1
OG0001906	WP_011187963.1	WP_136809126.1
OG0001907	WP_011188893.1	WP_136806013.1
OG0001908	WP_265588610.1	WP_228723243.1
OG0001909	WP_011187770.1	WP_136809293.1
OG0001911	WP_041277479.1	WP_136809285.1
OG0001912	WP_156792250.1	WP_136809849.1, WP_136809711.1
OG0001913	WP_041277831.1	WP_136809713.1
OG0001914	WP_228130136.1	WP_136809497.1
OG0001915	WP_011187690.1	WP_136810629.1
OG0001917	WP_011190155.1	WP_136806061.1
OG0001919	WP_199285678.1	WP_136806067.1, WP_136807691.1
OG0001920	WP_011188677.1	WP_136806068.1, WP_136807693.1
OG0001926	WP_041277482.1	WP_136808079.1
OG0001927	WP_011188033.1	WP_136808048.1
OG0001928	WP_011188035.1	WP_136808046.1
OG0001935	WP_011188175.1	WP_136807931.1
OG0001936	WP_011187321.1	WP_136809755.1
OG0001937	WP_011187317.1	WP_136809751.1
OG0001938	WP_011187314.1	WP_228723400.1
OG0001939	WP_011189004.1	WP_136809701.1
OG0001940	WP_156792249.1	WP_136809694.1
OG0001941	WP_049785063.1	WP_136809280.1, WP_228723308.1
OG0001943	WP_011188325.1	WP_136810533.1
OG0001944	WP_011188329.1	WP_136810537.1
OG0001945	WP_041277670.1	WP_136810541.1
OG0001946	WP_198408693.1	WP_136806016.1
OG0001947	WP_011187594.1	WP_136806015.1
OG0001948	WP_011188338.1	WP_136810548.1
OG0001949	WP_228130171.1	WP_136810549.1
OG0001950	WP_049785011.1	WP_136810550.1
OG0001951	WP_041277683.1	WP_136810615.1
OG0001953	WP_011190113.1	WP_136810051.1
OG0001954	WP_041278073.1	WP_136810050.1
OG0001955	WP_011190106.1	WP_136810046.1
OG0001956	WP_011190082.1	WP_136810020.1
OG0001958	WP_041277764.1	WP_136808403.1
OG0001960	WP_011188717.1	WP_267313766.1
OG0001961	WP_011187246.1	WP_136810498.1
OG0001963	WP_011188925.1	WP_136808382.1
OG0001964	WP_011189736.1	WP_136806167.1
OG0001970	WP_011190207.1	WP_136805066.1
OG0001971	WP_011189935.1	WP_136805447.1
OG0001973	WP_011187336.1	WP_136805940.1
OG0001974	WP_156792324.1	WP_167505737.1
OG0001977	WP_011189995.1	WP_136805389.1
OG0001979	WP_041277706.1	WP_136805399.1
OG0001980	WP_265588568.1	WP_167505740.1
OG0001982	WP_041277655.1, WP_049785125.1	WP_136806464.1
OG0001984	WP_011189842.1	WP_167505801.1
OG0001985	WP_156792307.1	WP_153307138.1
OG0001986	WP_041277936.1	WP_136806401.1
OG0001987	WP_011189521.1	WP_136806406.1
OG0001988	WP_011189522.1	WP_136806407.1
OG0001991	WP_041277869.1	WP_167505803.1
OG0001992	WP_011189516.1	WP_136806398.1
OG0001994	WP_041277966.1	WP_176371598.1
OG0001995	WP_156792293.1	WP_136806308.1
OG0001996	WP_011189647.1	WP_136806307.1
OG0001997	WP_011189648.1	WP_176371597.1
OG0001999	WP_011189882.1	WP_136810694.1
OG0002000	WP_011189893.1	WP_136807901.1
OG0002001	WP_011189911.1	WP_136807883.1
OG0002002	WP_011189917.1	WP_136807877.1
OG0002003	WP_011189725.1	WP_136807845.1
OG0002004	WP_011189877.1	WP_136810698.1
OG0002005	WP_011189768.1	WP_136808493.1
OG0002006	WP_011189513.1	WP_136806394.1
OG0002009	WP_011188896.1	WP_136805375.1
OG0002011	WP_011188947.1	WP_136807460.1
OG0002012	WP_041277797.1	WP_136806846.1
OG0002013	WP_011190052.1	WP_136805264.1
OG0002014	WP_011190053.1	WP_136805263.1
OG0002015	WP_011190067.1	WP_136805240.1
OG0002016	WP_011190126.1	WP_136805132.1
OG0002017	WP_011190128.1	WP_136805126.1
OG0002018	WP_041278075.1	WP_136805124.1
OG0002019	WP_011190129.1	WP_228723327.1
OG0002020	WP_011190152.1	WP_136805074.1
OG0002021	WP_011190187.1	WP_136808473.1
OG0002024	WP_041277410.1	WP_136810510.1
OG0002025	WP_011189649.1	WP_136806305.1
OG0002026	WP_011190115.1	WP_136810053.1
OG0002028	WP_011189787.1	WP_136808361.1
OG0002029	WP_041277580.1	WP_136810464.1
OG0002030	WP_041277436.1	WP_167505769.1
OG0002032	WP_228130189.1	WP_217909592.1
OG0002033	WP_041278105.1, WP_011189998.1	WP_136810450.1
OG0002037	WP_228130138.1	WP_136805499.1
OG0002039	WP_265588548.1	WP_263577240.1
OG0002041	WP_011187797.1	WP_228723292.1
OG0002046	WP_041277671.1	WP_136810545.1
OG0002048	WP_011189044.1	WP_136805753.1
OG0002049	WP_011189043.1	WP_136805752.1
OG0002050	WP_041277657.1	WP_136806563.1
OG0002054	WP_011188495.1	WP_136809957.1
OG0002058	WP_041277632.1	WP_136805932.1
OG0002059	WP_011188196.1	WP_136805930.1
OG0002061	WP_011187794.1	WP_136809227.1
OG0002062	WP_011189395.1	WP_136808835.1
OG0002066	WP_156792283.1	WP_167505762.1
OG0002067	WP_011188444.1	WP_136805156.1, WP_136810345.1, WP_136808120.1
OG0002069	WP_011189275.1	WP_136809603.1
OG0002070	WP_011187494.1	WP_136810765.1
OG0002071	WP_011188605.1	WP_136806490.1
OG0002072	WP_011189484.1	WP_136805796.1
OG0002073	WP_083818918.1	WP_136808577.1
OG0002078	WP_011187947.1	WP_167506008.1
OG0002079	WP_228130151.1	WP_136809386.1
OG0002081	WP_011187869.1	WP_136808737.1
OG0002083	WP_228130158.1, WP_041277638.1	WP_136807746.1
OG0002084	WP_011189656.1	WP_228723395.1
OG0002085	WP_041277926.1	WP_136809618.1
OG0002086	WP_011189316.1	WP_136810014.1
OG0002087	WP_041278172.1	WP_136806138.1
OG0002090	WP_011190264.1	WP_136808116.1
OG0002092	WP_041277544.1, WP_041277547.1	WP_136810802.1, WP_136805835.1
OG0002098	WP_049784977.1	WP_136809437.1
OG0002099	WP_156792217.1, WP_011188478.1, WP_041277985.1, WP_049785105.1, WP_011189710.1	WP_167505853.1
OG0002120	WP_041277827.1	WP_136809681.1
OG0002130	WP_162096621.1	WP_217909604.1
OG0002131	WP_011188288.1	WP_136809917.1
OG0002132	WP_041277658.1	WP_136809915.1
OG0002133	WP_011188285.1	WP_136809914.1
OG0002138	WP_011189388.1	WP_136806655.1
OG0002149	WP_011188287.1	WP_136809916.1
OG0002153	WP_011188773.1	WP_136805714.1
OG0002157	WP_011188950.1	WP_136805487.1
OG0002158	WP_011189101.1	WP_136809442.1
OG0002159	WP_041277848.1	WP_136809449.1
OG0002165	WP_041278116.1	WP_136806639.1
OG0002168	WP_049785132.1	WP_136806619.1
OG0002169	WP_011188241.1	WP_228723255.1
OG0002175	WP_041277899.1	WP_136809317.1
OG0002176	WP_011187647.1, WP_041277508.1	WP_136810844.1, WP_136806213.1
OG0002178	WP_011189304.1	WP_136810452.1
OG0002179	WP_011187886.1	WP_136809106.1
OG0002180	WP_156792196.1	WP_136809105.1
OG0002181	WP_041277575.1	WP_136809104.1
OG0002182	WP_011187882.1	WP_136809102.1
OG0002184	WP_011187348.1	WP_136805955.1
OG0002185	WP_011187357.1	WP_136805964.1
OG0002186	WP_011187359.1	WP_136805966.1
OG0002187	WP_011187746.1	WP_136806550.1
OG0002194	WP_011187798.1	WP_136808608.1
OG0002195	WP_011187999.1	WP_136809114.1
OG0002197	WP_011190202.1	WP_136805380.1
OG0002200	WP_011189012.1	WP_136809712.1
OG0002201	WP_011189015.1	WP_136809715.1
OG0002205	WP_011187688.1	WP_167506092.1
OG0002206	WP_011187689.1	WP_136810630.1
OG0002208	WP_011187760.1	WP_136808833.1
OG0002209	WP_041277582.1	WP_136808861.1
OG0002211	WP_041277445.1	WP_136808558.1
OG0002213	WP_011187370.1	WP_136808542.1
OG0002216	WP_011188170.1	WP_136809370.1
OG0002219	WP_162096626.1	WP_136808027.1
OG0002222	WP_011188157.1	WP_136807944.1
OG0002228	WP_049785053.1	WP_136809695.1
OG0002229	WP_011188999.1	WP_136809693.1
OG0002231	WP_011188998.1	WP_136809690.1
OG0002232	WP_049785052.1	WP_136809689.1
OG0002233	WP_041277829.1	WP_136809688.1
OG0002235	WP_083818963.1	WP_084553494.1
OG0002236	WP_228130137.1	WP_228723309.1
OG0002240	WP_011187453.1	WP_136806251.1
OG0002241	WP_049785122.1	WP_136808458.1
OG0002245	WP_049785034.1	WP_136808402.1
OG0002249	WP_011188726.1	WP_136808388.1
OG0002251	WP_011190057.1	WP_167505920.1
OG0002255	WP_011190074.1	WP_136805368.1
OG0002260	WP_011189815.1, WP_049785100.1	WP_167505921.1
OG0002262	WP_011189257.1	WP_136808956.1
OG0002266	WP_011189677.1	WP_136806055.1
OG0002267	WP_156792296.1	WP_228723262.1
OG0002269	WP_011189328.1	WP_136809116.1
OG0002270	WP_011189890.1	WP_136810684.1
OG0002271	WP_011189927.1	WP_136807865.1
OG0002272	WP_041278037.1	WP_136807864.1
OG0002274	WP_011189423.1	WP_136808329.1
OG0002276	WP_011189446.1	WP_167505963.1, WP_136806293.1
OG0002277	WP_011187717.1	WP_136806282.1
OG0002278	WP_011189769.1	WP_136808494.1
OG0002283	WP_011189784.1	WP_136808358.1
OG0002284	WP_041277990.1	WP_136809162.1
OG0002285	WP_011190123.1	WP_136805138.1
OG0002287	WP_011190144.1	WP_136805094.1
OG0002288	WP_173362833.1	WP_267313786.1
OG0002293	WP_011187592.1	WP_136806017.1
OG0002297	WP_011187890.1	WP_136809149.1
OG0002298	WP_049785051.1	WP_136809685.1
OG0002301	WP_011189146.1	WP_136810527.1
OG0002303	WP_011187480.1	WP_136805591.1
OG0002308	WP_011187374.1	WP_136808547.1
OG0002309	WP_011187962.1	WP_136809127.1
OG0002312	WP_011189045.1	WP_136805754.1
OG0002314	WP_162096637.1	WP_136805719.1
OG0002315	WP_011188778.1	WP_136805710.1
OG0002319	WP_228130164.1	WP_136809923.1
OG0002321	WP_011188257.1	WP_136805787.1
OG0002324	WP_011188496.1	WP_136809956.1
OG0002327	WP_049785097.1	WP_136808431.1
OG0002336	WP_011189389.1	WP_136806656.1
OG0002337	WP_011189390.1	WP_136806657.1
OG0002338	WP_156792278.1	WP_136806659.1
OG0002345	WP_011187583.1	WP_136809763.1
OG0002352	WP_041279038.1, WP_011187950.1	WP_136806937.1
OG0002358	WP_041278152.1	WP_136809098.1, WP_136807200.1
OG0002362	WP_041277424.1	WP_136805322.1
OG0002363	WP_049785021.1	WP_136805699.1
OG0002365	WP_011190290.1	WP_136809213.1
OG0002367	WP_228130142.1	WP_136806281.1, WP_228723372.1
OG0002368	WP_049785028.1	WP_136805568.1
OG0002374	WP_041277537.1	WP_136806547.1
OG0002375	WP_041277554.1	WP_136810148.1
OG0002381	WP_011188013.1	WP_136806743.1
OG0002381	WP_041277600.1	WP_136809978.1
OG0002383	WP_041278123.1	WP_136807314.1, WP_136806539.1
OG0002385	WP_162096612.1	WP_136805771.1
OG0002386	WP_011187495.1, WP_011187332.1	WP_136805926.1
OG0002388	WP_041278589.1	WP_136809471.1
OG0002390	WP_041278119.1	WP_136806617.1
OG0002392	WP_011189707.1	WP_136806102.1
OG0002393	WP_011189153.1	WP_136806033.1
OG0002396	WP_011189310.1	WP_136809314.1, WP_136808791.1
OG0002398	WP_228130182.1	WP_167505834.1, WP_136808139.1
OG0002400	WP_083818945.1	WP_136805876.1
OG0002401	WP_041277431.1	WP_136809792.1
OG0002403	WP_011189498.1	WP_136805743.1
OG0002404	WP_011187735.1	WP_136806971.1
OG0002404	WP_011189487.1	WP_136805799.1
OG0002406	WP_041278200.1	WP_136806674.1, WP_136806673.1, WP_136806236.1, WP_136810456.1
OG0002407	WP_011190293.1	WP_136807317.1, WP_136806575.1, WP_136810352.1
OG0002410	WP_041277927.1	WP_228723254.1
OG0002410	WP_011187727.1	WP_136806966.1
OG0002411	WP_198408696.1	WP_136808606.1
OG0002437	WP_011187913.1	WP_136808887.1
OG0002448	WP_011187911.1	WP_136808889.1
OG0002449	WP_011189696.1	WP_136808187.1
OG0002457	WP_011190204.1	WP_136807726.1
OG0002520	WP_156792218.1	WP_136806491.1
OG0002521	WP_156792303.1	WP_228723320.1
OG0002530	WP_011187939.1	WP_136809110.1
OG0002537	WP_041277744.1	WP_136809503.1
OG0002538	WP_011190306.1	WP_136809493.1
OG0002541	WP_041278360.1	WP_136810220.1
OG0002543	WP_011190092.1	WP_136805823.1
OG0002546	WP_011187530.1	WP_136808087.1
OG0002561	WP_011188992.1	WP_136809684.1
OG0002562	WP_011189148.1	WP_136810525.1
OG0002598	WP_011189889.1	WP_136810685.1
OG0002599	WP_011189902.1	WP_136807892.1
OG0002600	WP_156792312.1	WP_136807874.1
OG0002601	WP_011189929.1	WP_136807863.1
OG0002615	WP_011188873.1	WP_136806845.1
OG0002616	WP_156792260.1	WP_136809790.1
OG0002617	WP_011189212.1	WP_136809791.1
OG0002620	WP_011190130.1	WP_136805122.1
OG0002622	WP_011189228.1	WP_136809777.1
OG0002640	WP_228130140.1	WP_136808331.1
OG0002641	WP_041278220.1	WP_136810191.1
OG0002649	WP_041277495.1	WP_167505911.1
OG0002650	WP_156792167.1	WP_136808163.1
OG0002663	WP_011188251.1	WP_136805793.1
OG0002669	WP_162096619.1	WP_153307108.1
OG0002680	WP_011189308.1	WP_136807699.1
OG0002682	WP_011189944.1	WP_136810420.1
OG0002704	WP_011188701.1	WP_136808417.1
OG0002707	WP_011189694.1	WP_136805351.1, WP_136805354.1
OG0002714	WP_041277531.1, WP_011187733.1	WP_136806969.1
OG0002715	WP_041277476.1	WP_136807037.1
OG0002716	WP_049785088.1	WP_136806760.1, WP_136808253.1
OG0002718	WP_162096647.1	WP_136808372.1
OG0002721	WP_041277453.1	WP_136808616.1
OG0002724	WP_011188636.1	WP_136805569.1
OG0002727	WP_011189733.1	WP_228723370.1, WP_136808352.1
OG0002732	WP_083819000.1	WP_275942846.1
OG0002733	WP_011187781.1	WP_167505923.1
OG0002736	WP_011188474.1	WP_217909550.1
OG0002738	WP_198408695.1	WP_136806098.1
OG0002739	WP_011187867.1	WP_136810766.1
OG0002741	WP_011188165.1	WP_136808066.1
OG0002742	WP_011190189.1	WP_136806148.1
OG0002743	WP_041278445.1	WP_136810321.1
OG0002744	WP_083819023.1	WP_228723234.1
OG0002745	WP_011190329.1	WP_136806618.1
OG0002747	WP_011190056.1	WP_136805259.1, WP_136808443.1
OG0002748	WP_011187868.1	WP_136808736.1
OG0002752	WP_011188600.1	WP_136808934.1
OG0002760	WP_011189990.1	WP_217909459.1
OG0002762	WP_011187288.1	WP_136805338.1
OG0002763	WP_011188977.1	WP_136805370.1
OG0002764	WP_011188516.1, WP_011188515.1	WP_136805567.1
OG0002767	WP_041278109.1, WP_041278113.1	WP_136809221.1, WP_136805661.1
OG0002768	WP_011190284.1, WP_011190273.1	WP_136809222.1, WP_136805662.1
OG0002769	WP_011190298.1	WP_136805776.1
OG0002779	WP_011188020.1	WP_136808601.1
OG0002786	WP_011188477.1	WP_136810387.1
OG0002789	WP_173362828.1	WP_167505965.1
OG0002793	WP_011187641.1	WP_228723348.1
OG0002842	WP_011189541.1	WP_136809902.1
OG0002902	WP_011187285.1	WP_136809960.1
OG0002923	WP_011189943.1	WP_136805238.1
OG0002937	WP_011188291.1	WP_136809920.1
OG0002957	WP_011189631.1	WP_136810147.1
OG0002961	WP_041277826.1	WP_136809678.1
OG0003027	WP_011189323.1	WP_136806964.1
OG0003051	WP_011189571.1	WP_136808789.1
OG0003054	WP_011188500.1	WP_136809780.1
OG0003062	WP_011188775.1	WP_136805713.1
OG0003063	WP_011188781.1	WP_136805708.1
OG0003074	WP_011187813.1	WP_136809567.1
OG0003094	WP_011189708.1	WP_167505972.1
OG0003115	WP_049785015.1	WP_167505970.1
OG0003116	WP_011188441.1	WP_136808961.1
OG0003117	WP_011188442.1	WP_217909489.1
OG0003121	WP_265588539.1	WP_167505786.1
OG0003140	WP_162096654.1	WP_136807147.1
OG0003153	WP_156792226.1, WP_041277760.1	WP_167505929.1
OG0003162	WP_011190340.1	WP_136806596.1
OG0003170	WP_011188125.1	WP_136809798.1
OG0003172	WP_011189745.1	WP_217909590.1
OG0003179	WP_011187965.1	WP_167506042.1
OG0003180	WP_041277428.1	WP_136809774.1
OG0003182	WP_011188135.1	WP_136805906.1
OG0003183	WP_011187966.1	WP_136809321.1
OG0003184	WP_011187874.1	WP_136808750.1
OG0003185	WP_011187906.1	WP_136808932.1
OG0003187	WP_011188944.1	WP_136805874.1
OG0003188	WP_011189081.1	WP_136809472.1
OG0003189	WP_011189084.1	WP_136809468.1
OG0003190	WP_041277845.1	WP_136809464.1
OG0003191	WP_011189089.1	WP_136809461.1
OG0003192	WP_011189095.1	WP_136809450.1
OG0003193	WP_011189097.1	WP_136809447.1
OG0003195	WP_011188889.1	WP_136805382.1
OG0003199	WP_011189591.1	WP_136807628.1
OG0003206	WP_011187578.1	WP_167506083.1
OG0003209	WP_041277581.1	WP_136808859.1
OG0003213	WP_011188631.1	WP_136809457.1
OG0003214	WP_011189624.1	WP_136808701.1
OG0003215	WP_011188599.1	WP_136808935.1
OG0003228	WP_011188619.1	WP_136806045.1
OG0003233	WP_156792182.1	WP_136806458.1
OG0003236	WP_041277542.1	WP_136806560.1
OG0003241	WP_011188617.1	WP_136807264.1
OG0003244	WP_041277952.1	WP_136807624.1
OG0003245	WP_011189592.1	WP_136807626.1
OG0003251	WP_011189358.1	WP_136808109.1, WP_136810157.1
OG0003252	WP_011188739.1	WP_136808158.1
OG0003269	WP_011188200.1	WP_136809805.1
OG0003272	WP_011189637.1	WP_136809936.1
OG0003274	WP_011187774.1	WP_136809982.1
OG0003279	WP_011188188.1	WP_136810288.1
OG0003280	WP_011188190.1	WP_136810290.1
OG0003283	WP_011188162.1	WP_136810382.1
OG0003289	WP_041277538.1	WP_167505738.1
OG0003290	WP_198408689.1, WP_011189581.1, WP_011187419.1	WP_167506045.1
OG0003294	WP_011189436.1	WP_217909586.1
OG0003295	WP_011189594.1	WP_228723223.1
OG0003397	WP_011187806.1	WP_136810363.1
OG0003504	WP_198408680.1	WP_136807028.1
OG0003517	WP_049785004.1	WP_136806111.1
OG0003533	WP_041277851.1	WP_136807215.1
OG0003564	WP_041277832.1	WP_136809745.1
OG0003612	WP_011190242.1	WP_136809892.1
OG0003677	WP_011187446.1	WP_136805697.1
OG0003892	WP_011187915.1	WP_136805609.1
OG0003893	WP_198408681.1	WP_136805646.1
OG0003894	WP_011189060.1	WP_136805647.1
OG0003895	WP_011189059.1	WP_136805648.1
OG0003896	WP_228130196.1	WP_136805649.1
OG0003898	WP_041278111.1	WP_136805655.1
OG0003899	WP_011189067.1	WP_136805658.1
OG0003900	WP_173362844.1	WP_136805663.1
OG0003904	WP_011189488.1	WP_136805800.1, WP_136805840.1
OG0003906	WP_041277543.1	WP_136805828.1
OG0003911	WP_011188136.1	WP_136805905.1
OG0003912	WP_011188134.1	WP_136805907.1
OG0003914	WP_011189397.1	WP_136805992.1
OG0003918	WP_011190007.1	WP_136806097.1
OG0003920	WP_011188910.1	WP_136806127.1
OG0003924	WP_011189466.1	WP_136806280.1
OG0003929	WP_011188446.1	WP_136806477.1
OG0003935	WP_011189387.1	WP_136806654.1
OG0003944	WP_049785023.1	WP_136806913.1
OG0003945	WP_011187736.1	WP_136806972.1
OG0003964	WP_011187562.1	WP_136808136.1
OG0003965	WP_041277491.1	WP_136808137.1
OG0003966	WP_041277492.1	WP_136808138.1
OG0003975	WP_156792168.1	WP_136808553.1
OG0003976	WP_011187377.1	WP_136808554.1
OG0003978	WP_011188019.1	WP_136808602.1
OG0003979	WP_011188018.1	WP_136808603.1
OG0003980	WP_011188017.1	WP_136808604.1
OG0003981	WP_041277601.1	WP_136808607.1
OG0003995	WP_011187899.1	WP_136808989.1
OG0004003	WP_011187930.1	WP_136809237.1
OG0004006	WP_011189132.1	WP_136809281.1
OG0004007	WP_011187507.1	WP_136809284.1
OG0004008	WP_011189311.1	WP_136809315.1
OG0004011	WP_011187864.1	WP_136809426.1
OG0004013	WP_011190309.1	WP_136809489.1
OG0004014	WP_011187625.1	WP_136809541.1
OG0004016	WP_041278012.1	WP_136809622.1
OG0004017	WP_041278013.1	WP_136809623.1
OG0004018	WP_011189800.1	WP_136809624.1
OG0004019	WP_011189801.1	WP_136809625.1
OG0004020	WP_156792281.1, WP_011189589.1	WP_136809630.1
OG0004024	WP_011190436.1	WP_136809827.1
OG0004028	WP_011188292.1	WP_136809921.1
OG0004029	WP_011188422.1	WP_136809945.1
OG0004041	WP_011190059.1	WP_136810419.1
OG0004043	WP_011187835.1	WP_136810448.1, WP_136810449.1
OG0004051	WP_156792177.1	WP_153307110.1
OG0004055	WP_041277664.1	WP_167505908.1
OG0004056	WP_162096613.1	WP_167506036.1
OG0004061	WP_198408682.1	WP_217909467.1
OG0004062	WP_011189069.1	WP_217909468.1
OG0004063	WP_041277742.1, WP_011187564.1	WP_217909487.1
OG0004064	WP_011187931.1	WP_217909519.1
OG0004065	WP_011187870.1	WP_217909524.1
OG0004071	WP_083818917.1	WP_228723228.1
OG0004072	WP_228130139.1	WP_228723263.1
OG0005041	WP_011189964.1	WP_136805433.1
OG0005044	WP_011189758.1	WP_136805455.1
OG0005063	WP_011189486.1	WP_136805798.1
OG0005064	WP_011189360.1	WP_136805830.1
OG0005072	WP_049785005.1	WP_136806046.1
OG0005144	WP_011189143.1	WP_136807497.1
OG0005184	WP_011188765.1	WP_136808196.1
OG0005185	WP_041278016.1	WP_136808201.1
OG0005247	WP_011188532.1	WP_136809479.1
OG0005248	WP_011188533.1	WP_136809481.1
OG0005262	WP_011188213.1	WP_136809734.1
OG0005268	WP_041277811.1	WP_136809817.1
OG0005285	WP_011188948.1	WP_136810159.1
OG0005355	WP_011188891.1	WP_176371579.1
OG0005360	WP_011188115.1	WP_217909474.1
OG0005376	WP_265588554.1	WP_267313735.1
