Orthogroup	Desulfosediminicola ganghwensis IMCC35004	Desulfocapsa_13_biocide
OG0000000	WP_136797951.1	Utg858432_110
OG0000000	WP_228721414.1, WP_136796704.1	Utg860814_23
OG0000000	WP_136798610.1	Utg859236_95
OG0000000	WP_136798351.1	Utg857152_211
OG0000000	WP_217907585.1	Utg860006_151
OG0000000	WP_136797758.1	Utg857994_144
OG0000000	WP_136799830.1	Utg859236_100
OG0000000	WP_136795330.1	Utg859098_309
OG0000000	WP_136796659.1	Utg863716_60, Utg857046_66
OG0000000	WP_136797600.1, WP_136796723.1	Utg864866_108
OG0000000	WP_275942930.1	Utg858432_5
OG0000000	WP_136795862.1	Utg860006_129
OG0000000	WP_136798339.1, WP_136796441.1	Utg859098_130, Utg866558_41, Utg859098_137
OG0000000	WP_136795637.1	Utg859098_426
OG0000000	WP_136796539.1	Utg859750_35
OG0000000	WP_136799754.1, WP_136799532.1	Utg857046_247
OG0000000	WP_136796152.1	Utg859982_65
OG0000000	WP_176360009.1, WP_228721410.1	Utg857076_7
OG0000000	WP_136798421.1	Utg860006_29
OG0000001	WP_136796374.1	Utg863716_50
OG0000001	WP_136798931.1	Utg861448_49
OG0000001	WP_136799195.1	Utg857152_206
OG0000001	WP_136799410.1	Utg857300_46
OG0000001	WP_136796562.1	Utg857994_39
OG0000002	WP_136799957.1	Utg860006_9
OG0000002	WP_136796360.1	Utg859076_23
OG0000002	WP_136798151.1	Utg862138_47
OG0000002	WP_136795245.1	Utg857994_111
OG0000002	WP_136796899.1	Utg857152_238
OG0000003	WP_136795949.1	Utg859236_111
OG0000004	WP_167495840.1	Utg858432_88
OG0000004	WP_136798338.1	Utg860814_202, Utg859236_73
OG0000004	WP_136795716.1	Utg857994_124, Utg859982_119
OG0000005	WP_136797798.1	Utg857152_208
OG0000005	WP_136799362.1	Utg858432_84, Utg863716_116, Utg857076_41, Utg857994_89, Utg859388_141, Utg863716_9
OG0000006	WP_136797886.1	Utg858494_72, Utg863716_8
OG0000007	WP_228721345.1	Utg858432_132
OG0000007	WP_136796943.1	Utg859750_38
OG0000007	WP_136796543.1	Utg862138_39
OG0000007	WP_217907574.1, WP_136796830.1	Utg857152_200
OG0000008	WP_167495786.1	Utg861744_12
OG0000008	WP_136796821.1	Utg857152_123
OG0000008	WP_136798618.1	Utg859388_41
OG0000008	WP_228721405.1	Utg859098_370
OG0000009	WP_136799743.1	Utg860814_183, Utg858432_86
OG0000009	WP_136796828.1	Utg864866_20
OG0000011	WP_136796520.1, WP_136796063.1	Utg860814_134
OG0000011	WP_136798870.1	Utg857046_16
OG0000011	WP_167495681.1	Utg859982_61
OG0000011	WP_136799478.1	Utg859236_66
OG0000011	WP_136796266.1, WP_136799595.1, WP_136798603.1, WP_136798211.1, WP_217907688.1	Utg857682_167
OG0000012	WP_136799858.1	Utg859388_126
OG0000012	WP_228721381.1	Utg858432_54
OG0000012	WP_136796722.1	Utg857046_150
OG0000014	WP_176360024.1	Utg859076_41
OG0000014	WP_136795895.1	Utg857994_28
OG0000014	WP_136795319.1, WP_167495771.1	Utg857682_136
OG0000014	WP_136795451.1	Utg861744_121, Utg861744_120
OG0000015	WP_136798539.1	Utg859388_25, Utg862138_18
OG0000015	WP_228721502.1	Utg864866_65
OG0000016	WP_136799049.1, WP_136797826.1	Utg857152_131
OG0000017	WP_275942934.1	Utg860006_11
OG0000018	WP_136795787.1	Utg859098_213
OG0000018	WP_136798307.1	Utg860006_167
OG0000019	WP_136796978.1	Utg864866_31
OG0000019	WP_228721469.1	Utg859076_43
OG0000019	WP_136795896.1	Utg857994_27
OG0000019	WP_136795318.1, WP_136797551.1	Utg857682_135
OG0000020	WP_136796993.1	Utg859098_133, Utg866558_48, Utg859098_147
OG0000020	WP_136798358.1	Utg857152_214
OG0000020	WP_267314022.1	Utg857300_36
OG0000021	WP_136799193.1	Utg859098_363
OG0000022	WP_136799291.1	Utg859098_220
OG0000022	WP_136795837.1	Utg859236_119
OG0000022	WP_136798804.1, WP_136796834.1	Utg859388_124
OG0000023	WP_136798831.1	Utg860814_168
OG0000023	WP_136798830.1	Utg860814_169
OG0000023	WP_073616346.1	Utg859388_168
OG0000024	WP_136796326.1	Utg863716_104
OG0000024	WP_136798855.1	Utg859098_279
OG0000025	WP_136796934.1	Utg857046_255
OG0000025	WP_136796878.1, WP_136797803.1	Utg857994_30
OG0000025	WP_136796860.1	Utg858432_70
OG0000026	WP_136795497.1	Utg864866_112
OG0000026	WP_136795158.1	Utg857152_94
OG0000027	WP_136795589.1	Utg857300_35
OG0000027	WP_136796842.1	Utg857300_34
OG0000027	WP_136797362.1	Utg859388_156, Utg863716_16
OG0000028	WP_136798974.1	Utg857076_67
OG0000028	WP_136798422.1	Utg864866_101, Utg860006_30, Utg864866_102
OG0000029	WP_136796505.1	Utg859982_26
OG0000030	WP_228721479.1	Utg857152_237
OG0000031	WP_136798099.1	Utg857490_1
OG0000031	WP_153305575.1	Utg857152_167
OG0000031	WP_153305538.1	Utg859388_158
OG0000032	WP_136795138.1	Utg857046_252
OG0000032	WP_136795593.1	Utg857300_30
OG0000033	WP_136795667.1, WP_136796864.1	Utg857682_66
OG0000033	WP_228721439.1	Utg860814_171
OG0000034	WP_136798619.1	Utg859388_40, Utg859388_39
OG0000034	WP_136795709.1	Utg859098_369
OG0000035	WP_136796974.1	Utg859388_146, Utg863716_35, Utg861448_17, Utg857076_40, Utg857152_33
OG0000036	WP_136796149.1	Utg859982_60
OG0000036	WP_136799476.1	Utg859236_64
OG0000038	WP_136796619.1	Utg860006_50
OG0000038	WP_136797873.1	Utg860814_278
OG0000038	WP_136797874.1	Utg860814_277
OG0000039	WP_136797936.1, WP_217907698.1	Utg860006_93
OG0000039	WP_136798188.1	Utg857046_262, Utg859098_367
OG0000040	WP_136796808.1	Utg857994_193
OG0000040	WP_136799761.1	Utg859098_48, Utg860006_147
OG0000040	WP_136799866.1	Utg857046_175
OG0000041	WP_136795710.1	Utg859098_368
OG0000041	WP_167495619.1	Utg857046_101
OG0000042	WP_217907590.1	Utg857152_197
OG0000042	WP_136795372.1	Utg857152_116
OG0000042	WP_136799831.1	Utg859236_105
OG0000043	WP_136795665.1	Utg859750_58
OG0000046	WP_136797836.1	Utg860006_158
OG0000046	WP_136796683.1	Utg859098_176
OG0000046	WP_136798359.1	Utg857152_215
OG0000047	WP_136798300.1	Utg857994_168
OG0000048	WP_136798807.1, WP_136797116.1	Utg857682_54
OG0000048	WP_136795596.1	Utg857046_28
OG0000049	WP_136797013.1, WP_136798429.1, WP_136798433.1, WP_136795482.1, WP_136799871.1	Utg857152_93
OG0000051	WP_136798861.1	Utg857046_216
OG0000051	WP_153305574.1	Utg857152_166
OG0000051	WP_267313990.1	Utg859388_159, Utg859388_160
OG0000052	WP_136798976.1	Utg859982_225, Utg857076_61
OG0000052	WP_136799093.1	Utg857682_28
OG0000052	WP_136799751.1	Utg857046_241
OG0000052	WP_136796158.1	Utg857994_129
OG0000053	WP_136797779.1	Utg859388_13
OG0000053	WP_228721360.1	Utg859432_19
OG0000053	WP_136795598.1	Utg857046_30
OG0000055	WP_136796674.1	Utg859098_163
OG0000057	WP_136798386.1	Utg859098_394
OG0000057	WP_136799419.1	Utg859982_23, Utg859098_431, Utg864866_2
OG0000058	WP_136796804.1	Utg860814_210
OG0000058	WP_136799492.1	Utg859098_128, Utg866558_45, Utg859098_142, Utg860814_129
OG0000059	WP_136796392.1, WP_136796893.1, WP_136799176.1	Utg859098_365
OG0000060	WP_136799403.1	Utg857300_57
OG0000060	WP_136796475.1	Utg866558_9
OG0000060	WP_228721336.1	Utg860006_140, Utg860006_141
OG0000061	WP_136797118.1, WP_136798806.1	Utg857682_55
OG0000061	WP_136798172.1	Utg859076_31
OG0000062	WP_228721376.1	Utg859388_55
OG0000063	WP_136799120.1	Utg857992_35
OG0000063	WP_136798008.1	Utg859388_77
OG0000064	WP_136796630.1	Utg860006_63
OG0000064	WP_136796784.1	Utg859750_77
OG0000065	WP_136799671.1	Utg859750_21
OG0000066	WP_167495902.1	Utg859982_127
OG0000066	WP_136795403.1	Utg857682_52
OG0000067	WP_136797988.1	Utg859388_56
OG0000069	WP_136796966.1	Utg857076_29
OG0000070	WP_136799869.1	Utg860006_144
OG0000071	WP_136799261.1	Utg859982_10
OG0000072	WP_136799262.1	Utg859982_9
OG0000075	WP_136796898.1	Utg857152_236
OG0000075	WP_136798405.1	Utg857994_104
OG0000077	WP_136797723.1	Utg857994_161
OG0000078	WP_136797872.1	Utg860814_279
OG0000078	WP_136795211.1	Utg857152_21
OG0000079	WP_136798159.1	Utg861744_10, Utg859750_81
OG0000079	WP_136798710.1	Utg860006_159
OG0000084	WP_136798627.1, WP_136798215.1, WP_136799479.1	Utg859236_68
OG0000085	WP_136796087.1	Utg860814_319, Utg860814_167
OG0000086	WP_136795286.1	Utg860006_109
OG0000087	WP_136798368.1	Utg859982_51
OG0000088	WP_136795954.1	Utg859236_115, Utg859236_116
OG0000091	WP_136795688.1	Utg860814_64
OG0000091	WP_267314029.1	Utg859388_68
OG0000092	WP_136796490.1	Utg860814_99
OG0000093	WP_136798528.1	Utg859750_86
OG0000094	WP_136799863.1, WP_176360090.1	Utg858494_66
OG0000094	WP_136798304.1	Utg857994_186
OG0000095	WP_136795641.1	Utg857152_143
OG0000095	WP_136799860.1	Utg860006_150
OG0000096	WP_136800027.1	Utg858498_18
OG0000097	WP_228721358.1	Utg859982_50, Utg859982_49
OG0000097	WP_136798365.1	Utg861744_24
OG0000098	WP_136796883.1	Utg860814_113
OG0000098	WP_136799263.1	Utg859982_8
OG0000099	WP_136798797.1	Utg860006_97, Utg860814_91, Utg860814_85
OG0000101	WP_136796133.1	Utg865370_31
OG0000102	WP_136798740.1	Utg858432_73
OG0000103	WP_136795741.1	Utg857046_198
OG0000104	WP_136796697.1	Utg857994_15
OG0000104	WP_136795137.1	Utg857046_251
OG0000105	WP_167495799.1	Utg859388_70
OG0000105	WP_136795700.1	Utg860814_77
OG0000106	WP_136799199.1	Utg857076_51, Utg857300_18
OG0000106	WP_136797460.1	Utg857046_214
OG0000107	WP_136796997.1	Utg857682_17, Utg857682_16
OG0000107	WP_136797882.1	Utg860814_263, Utg860814_264
OG0000108	WP_136795272.1	Utg863716_66
OG0000108	WP_136795821.1	Utg858498_15
OG0000108	WP_136797888.1	Utg860814_242
OG0000109	WP_217907575.1, WP_217907576.1	Utg861448_27
OG0000111	WP_136798869.1	Utg857046_17
OG0000111	WP_136799477.1	Utg859236_65
OG0000112	WP_136795162.1	Utg857152_85
OG0000112	WP_136799396.1	Utg857682_172
OG0000113	WP_136797079.1	Utg860814_145
OG0000113	WP_136795601.1	Utg857046_73
OG0000114	WP_136798085.1	Utg858494_132
OG0000114	WP_136796322.1	Utg863716_30
OG0000115	WP_136795176.1	Utg857152_65
OG0000116	WP_136797346.1	Utg857152_111
OG0000117	WP_136796980.1	Utg864866_33
OG0000118	WP_136796981.1	Utg864866_34
OG0000121	WP_136799772.1	Utg857994_106
OG0000122	WP_136797587.1	Utg859982_24
OG0000125	WP_136799082.1	Utg857046_44
OG0000125	WP_228721433.1	Utg859982_62
OG0000126	WP_228721374.1	Utg859388_82
OG0000127	WP_136798114.1, WP_136799486.1, WP_136798113.1, WP_136799487.1	Utg857490_17
OG0000128	WP_136796763.1	Utg863716_100
OG0000128	WP_136795788.1	Utg859098_212
OG0000129	WP_136797946.1	Utg860814_286
OG0000130	WP_136796463.1	Utg864866_91, Utg857992_39
OG0000131	WP_136797768.1	Utg857994_138
OG0000133	WP_228721521.1	Utg864866_36
OG0000133	WP_136796853.1	Utg857046_90
OG0000134	WP_136797419.1	Utg864866_54
OG0000134	WP_136796679.1	Utg859098_168
OG0000136	WP_136795808.1	Utg859098_181
OG0000136	WP_136795820.1	Utg858498_14
OG0000138	WP_136797829.1	Utg859388_169
OG0000139	WP_176360069.1	Utg860006_94, Utg857682_160, Utg857994_107
OG0000142	WP_167495789.1	Utg860814_204
OG0000142	WP_167495869.1	Utg861448_10, Utg861448_11
OG0000143	WP_136796789.1	Utg859750_71
OG0000144	WP_136797809.1	Utg859388_32
OG0000144	WP_136797990.1	Utg859388_58
OG0000145	WP_136795140.1	Utg860814_101
OG0000147	WP_136798009.1	Utg859388_78
OG0000147	WP_136796464.1	Utg857992_40
OG0000148	WP_176360048.1	Utg859236_120
OG0000149	WP_136795704.1	Utg857300_12
OG0000150	WP_136795891.1	Utg859982_197
OG0000150	WP_136795197.1	Utg857152_38
OG0000151	WP_228721372.1	Utg857046_167
OG0000152	WP_136796510.1	Utg860814_109
OG0000152	WP_136796511.1	Utg860814_116
OG0000154	WP_136796369.1	Utg865370_5
OG0000155	WP_136799056.1, WP_136798259.1	Utg859098_381
OG0000155	WP_136798260.1	Utg859098_382
OG0000156	WP_136796151.1	Utg859982_64
OG0000158	WP_136797710.1	Utg859098_391
OG0000158	WP_136798346.1	Utg863716_72
OG0000159	WP_136799875.1	Utg857994_88
OG0000160	WP_136796341.1	Utg863716_47
OG0000161	WP_136798218.1	Utg859236_62
OG0000162	WP_136795728.1, WP_136796297.1	Utg857046_72
OG0000163	WP_136796117.1	Utg861744_18
OG0000163	WP_136796962.1	Utg857076_25
OG0000164	WP_136798769.1	Utg857300_2
OG0000165	WP_136796042.1	Utg859432_36
OG0000166	WP_136796654.1	Utg858432_139
OG0000166	WP_136796310.1	Utg861744_93
OG0000167	WP_136797693.1	Utg859982_154
OG0000169	WP_136799778.1	Utg859982_43
OG0000169	WP_136799319.1	Utg859098_429
OG0000170	WP_136795168.1	Utg857152_75
OG0000171	WP_228721370.1	Utg859982_152
OG0000172	WP_136796611.1	Utg860006_25
OG0000173	WP_136795452.1	Utg861744_119
OG0000174	WP_136796534.1	Utg860814_189
OG0000176	WP_228721447.1, WP_136798937.1	Utg859982_112
OG0000176	WP_136795439.1	Utg861744_133, Utg857046_232
OG0000178	WP_167495794.1	Utg857046_4
OG0000180	WP_136798149.1, WP_136799735.1	Utg859236_79
OG0000181	WP_136799823.1	Utg857046_168
OG0000182	WP_136798335.1, WP_136796291.1, WP_136797999.1	Utg859388_65
OG0000183	WP_136797010.1	Utg859982_223
OG0000183	WP_228721515.1	Utg862138_16
OG0000184	WP_136799103.1	Utg859388_167
OG0000184	WP_136795383.1	Utg859236_54
OG0000185	WP_136799282.1	Utg859098_331
OG0000186	WP_136795139.1, WP_136796574.1	Utg859236_122
OG0000187	WP_136798096.1, WP_136798084.1	Utg858494_144, Utg858494_131
OG0000188	WP_167495832.1, WP_136797034.1	Utg857152_35
OG0000189	WP_167495659.1	Utg860006_69
OG0000190	WP_136799722.1	Utg859982_184
OG0000190	WP_136795971.1	Utg864866_78
OG0000191	WP_136799623.1	Utg857152_179
OG0000193	WP_136799672.1	Utg859750_20
OG0000194	WP_228721422.1	Utg861744_61
OG0000194	WP_275942947.1	Utg861744_41
OG0000195	WP_136797868.1	Utg860814_283
OG0000196	WP_136798543.1	Utg862138_14
OG0000196	WP_228721391.1	Utg859982_222
OG0000197	WP_136798116.1	Utg857490_20
OG0000198	WP_167495725.1	Utg859098_241
OG0000199	WP_136795913.1	Utg857152_82
OG0000199	WP_136799295.1	Utg859098_216
OG0000200	WP_136796236.1	Utg861744_45
OG0000201	WP_167495912.1	Utg859750_26
OG0000202	WP_136796191.1	Utg857682_175
OG0000203	WP_136799198.1	Utg857076_50, Utg857300_19
OG0000203	WP_136795326.1	Utg857076_65
OG0000204	WP_136798353.1	Utg857152_212
OG0000205	WP_136796816.1	Utg857682_46
OG0000206	WP_275942958.1	Utg857152_170, Utg857152_169
OG0000207	WP_136798652.1	Utg857682_58
OG0000208	WP_136798653.1	Utg857682_59
OG0000209	WP_136795947.1	Utg857046_253
OG0000210	WP_136796173.1, WP_228721446.1	Utg857300_1
OG0000211	WP_136795944.1	Utg859432_43
OG0000212	WP_136795445.1	Utg857046_231, Utg861744_127
OG0000215	WP_136797669.1	Utg859982_83
OG0000215	WP_136797400.1	Utg861744_111
OG0000216	WP_136796319.1, WP_136796305.1	Utg857046_32
OG0000217	WP_136798268.1	Utg859236_44
OG0000218	WP_136799185.1	Utg861448_5
OG0000219	WP_136798902.1	Utg859098_413, Utg860814_128
OG0000219	WP_136795256.1	Utg857152_18
OG0000220	WP_136799610.1	Utg860814_140
OG0000221	WP_136796482.1	Utg860814_94
OG0000222	WP_136799627.1, WP_136796957.1	Utg857076_18
OG0000223	WP_136797786.1	Utg859388_18
OG0000223	WP_136795603.1	Utg857046_78
OG0000224	WP_136799940.1	Utg857682_161
OG0000225	WP_136796339.1	Utg859982_121
OG0000225	WP_136799395.1	Utg864866_44
OG0000226	WP_136795182.1	Utg857152_57
OG0000227	WP_136795610.1	Utg857992_19
OG0000228	WP_136797734.1	Utg857994_154
OG0000229	WP_136797844.1	Utg857682_96
OG0000230	WP_136796677.1	Utg859098_371, Utg859098_166
OG0000232	WP_167495833.1	Utg859982_75, Utg859982_74, Utg859982_73
OG0000233	WP_136799192.1	Utg859098_376
OG0000234	WP_136796624.1	Utg860006_56
OG0000235	WP_136795881.1	Utg863716_45
OG0000235	WP_136795164.1	Utg857152_83
OG0000236	WP_136797246.1, WP_136799836.1	Utg859098_221
OG0000237	WP_136795455.1	Utg861744_115
OG0000237	WP_136799333.1	Utg857682_142
OG0000238	WP_228721474.1	Utg857682_83
OG0000238	WP_228721413.1	Utg857046_99
OG0000239	WP_136796129.1	Utg865370_16
OG0000239	WP_228721463.1	Utg859236_56
OG0000240	WP_136798651.1	Utg859098_373, Utg860814_39
OG0000241	WP_136799335.1	Utg859236_55
OG0000241	WP_136798432.1, WP_217907681.1	Utg859236_102
OG0000243	WP_136795705.1	Utg857682_39
OG0000244	WP_136797096.1	Utg859982_52
OG0000245	WP_217907600.1	Utg859098_383
OG0000245	WP_136796580.1	Utg859098_51, Utg858494_9
OG0000246	WP_176359995.1, WP_136797596.1, WP_136799357.1	Utg861448_26, Utg857994_14, Utg857152_262
OG0000248	WP_136796054.1	Utg859432_49
OG0000250	WP_228721415.1	Utg859098_87
OG0000252	WP_136797006.1	Utg859982_218
OG0000252	WP_136798544.1	Utg862138_13
OG0000253	WP_136798729.1	Utg858432_42
OG0000254	WP_136798805.1, WP_136799990.1	Utg859076_2
OG0000255	WP_228721471.1	Utg861744_84
OG0000255	WP_228721514.1	Utg859432_74
OG0000257	WP_136798972.1	Utg859236_23
OG0000258	WP_136798303.1	Utg859236_13
OG0000259	WP_136795856.1	Utg860006_137
OG0000260	WP_136795470.1	Utg860814_156
OG0000261	WP_228721335.1	Utg860006_76
OG0000262	WP_136796483.1	Utg859098_276
OG0000264	WP_136795150.1	Utg857152_109
OG0000265	WP_136795152.1	Utg857152_107
OG0000266	WP_136795173.1	Utg857152_69
OG0000267	WP_136798349.1	Utg857046_62, Utg857046_61
OG0000268	WP_217907614.1	Utg860814_179
OG0000268	WP_136796766.1	Utg863716_97
OG0000269	WP_228721394.1	Utg858494_54
OG0000269	WP_136798040.1	Utg858494_55
OG0000270	WP_136796977.1	Utg864866_30
OG0000271	WP_136799331.1	Utg857682_56
OG0000273	WP_136799640.1	Utg858494_83
OG0000275	WP_136798312.1	Utg857994_229, Utg857994_230, Utg857994_231
OG0000276	WP_176360008.1, WP_176360001.1, WP_176360014.1	Utg859098_22, Utg861448_32
OG0000277	WP_136798455.1, WP_228721430.1	Utg860006_41
OG0000278	WP_136798548.1	Utg862138_9
OG0000279	WP_136796994.1, WP_136796988.1	Utg859098_146
OG0000281	WP_136799054.1, WP_136797818.1, WP_136798858.1, WP_136797825.1, WP_136795978.1, WP_136799050.1	Utg859388_151
OG0000282	WP_136798425.1	Utg859236_92
OG0000283	WP_136795438.1	Utg861744_134
OG0000284	WP_136799707.1, WP_167495665.1, WP_136796354.1	Utg857300_22
OG0000285	WP_275942935.1	Utg859236_43
OG0000286	WP_136795871.1	Utg860006_77
OG0000288	WP_136796288.1	Utg859098_256
OG0000289	WP_136795939.1	Utg859388_8, Utg859388_7
OG0000290	WP_136795867.1	Utg860006_88
OG0000293	WP_136797011.1	Utg859982_224
OG0000293	WP_136798540.1	Utg862138_17
OG0000295	WP_136796618.1	Utg860006_49
OG0000295	WP_267314028.1	Utg857994_140
OG0000296	WP_136795169.1	Utg857152_73
OG0000297	WP_136796115.1	Utg861744_20
OG0000299	WP_228721361.1	Utg862138_30
OG0000300	WP_136795446.1	Utg861744_126
OG0000301	WP_228721397.1	Utg858494_110
OG0000302	WP_217907611.1	Utg865370_24
OG0000303	WP_136795723.1	Utg860006_19
OG0000304	WP_136796863.1	Utg857682_64
OG0000306	WP_136799972.1, WP_176360005.1, WP_176360041.1, WP_176359994.1	Utg859098_129
OG0000307	WP_136798552.1	Utg862138_5
OG0000307	WP_136797001.1	Utg859982_212
OG0000308	WP_136797005.1	Utg859982_217
OG0000308	WP_136798545.1	Utg862138_12
OG0000309	WP_136795648.1, WP_136795359.1	Utg858494_46
OG0000310	WP_217907591.1	Utg857994_232
OG0000312	WP_136798752.1	Utg858432_93
OG0000313	WP_136796153.1	Utg859982_66
OG0000314	WP_136797004.1	Utg859982_215
OG0000314	WP_136798547.1	Utg862138_10
OG0000316	WP_136796772.1	Utg863716_86
OG0000317	WP_136799216.1	Utg857152_229, Utg859098_266
OG0000317	WP_136795878.1	Utg857152_175
OG0000318	WP_136796516.1	Utg857046_118, Utg857046_111
OG0000320	WP_136798174.1	Utg857152_126, Utg857152_127
OG0000321	WP_136798133.1, WP_136799105.1	Utg859982_133
OG0000322	WP_136799817.1	Utg859098_38, Utg857994_214
OG0000323	WP_136796691.1	Utg857994_24
OG0000324	WP_136798385.1	Utg859236_88
OG0000326	WP_136798251.1	Utg859236_22
OG0000327	WP_136799265.1	Utg859982_6
OG0000331	WP_136796720.1	Utg857994_45
OG0000332	WP_136799111.1	Utg857992_25, Utg857992_26
OG0000333	WP_136795163.1	Utg857152_84
OG0000334	WP_136796110.1	Utg857994_81, Utg861744_27
OG0000335	WP_136795148.1	Utg857152_112
OG0000336	WP_136795857.1	Utg860006_136
OG0000337	WP_136796546.1	Utg862138_52
OG0000338	WP_136795177.1	Utg857152_64
OG0000339	WP_136797650.1	Utg859982_81
OG0000342	WP_167495933.1, WP_267314002.1, WP_228721486.1	Utg859750_7
OG0000342	WP_217907599.1, WP_176360107.1, WP_176360100.1	Utg858494_15
OG0000343	WP_136798728.1	Utg858432_41
OG0000344	WP_136796304.1	Utg857046_33
OG0000346	WP_167495793.1	Utg865370_23
OG0000348	WP_136798409.1	Utg859076_6
OG0000349	WP_136795870.1	Utg860006_78
OG0000350	WP_136797878.1	Utg857682_131
OG0000351	WP_136798348.1	Utg857046_63
OG0000352	WP_136795198.1	Utg857152_37
OG0000353	WP_136797713.1	Utg859982_181
OG0000355	WP_136796481.1	Utg860814_93
OG0000356	WP_136795786.1	Utg859098_215
OG0000357	WP_136796056.1	Utg859432_51
OG0000358	WP_136799323.1	Utg857152_203
OG0000359	WP_136799330.1	Utg857682_57
OG0000360	WP_136798124.1	Utg857490_30
OG0000361	WP_176360071.1	Utg859388_64
OG0000362	WP_136798622.1	Utg857992_13
OG0000364	WP_136799030.1	Utg858494_57, Utg863716_12, Utg863716_13
OG0000365	WP_136799028.1	Utg857152_129
OG0000366	WP_136799525.1, WP_136799524.1, WP_136795920.1	Utg857152_194
OG0000367	WP_136795270.1	Utg864866_81, Utg864866_80
OG0000370	WP_136796262.1	Utg857994_37
OG0000372	WP_136796218.1	Utg857046_248
OG0000373	WP_136796172.1	Utg857046_230
OG0000374	WP_136797097.1	Utg859982_53
OG0000374	WP_136795485.1, WP_136798325.1	Utg857994_113
OG0000375	WP_136796820.1	Utg857152_124
OG0000377	WP_136799543.1	Utg858494_33, Utg858494_29, Utg859098_387
OG0000377	WP_167495625.1	Utg857682_114, Utg857994_251, Utg857682_132, Utg857682_112
OG0000379	WP_136796120.1, WP_136798265.1	Utg859076_60
OG0000380	WP_136795812.1	Utg858498_7
OG0000381	WP_228721444.1	Utg858432_57
OG0000383	WP_136795342.1	Utg857994_131
OG0000384	WP_136797954.1	Utg858432_115
OG0000384	WP_136795632.1	Utg859098_420
OG0000385	WP_136796607.1, WP_136795722.1	Utg860006_15
OG0000386	WP_136799313.1, WP_167495663.1	Utg859982_125
OG0000387	WP_136798995.1	Utg857046_158
OG0000388	WP_136798003.1	Utg859388_69
OG0000390	WP_136799223.1	Utg859098_259
OG0000391	WP_136798011.1	Utg859388_80
OG0000392	WP_136796053.1	Utg859432_48
OG0000393	WP_217907665.1, WP_136799201.1	Utg859388_122
OG0000394	WP_136797957.1	Utg858432_118
OG0000395	WP_136795845.1	Utg859388_134
OG0000396	WP_136795747.1	Utg857046_205
OG0000397	WP_136799219.1	Utg859098_263
OG0000398	WP_136797241.1	Utg859388_138, Utg857046_187
OG0000399	WP_136796872.1	Utg857994_19
OG0000400	WP_136797743.1	Utg857994_148
OG0000401	WP_136798295.1	Utg857490_22, Utg859098_281
OG0000403	WP_136797989.1	Utg859388_57
OG0000404	WP_167495839.1	Utg858432_29
OG0000406	WP_136795200.1	Utg858432_101
OG0000408	WP_136795748.1	Utg857046_206
OG0000409	WP_136795796.1	Utg859098_197, Utg859098_196
OG0000410	WP_136796803.1	Utg860814_206, Utg860814_207
OG0000412	WP_136796474.1	Utg866558_8
OG0000413	WP_136799397.1, WP_136798200.1	Utg862138_42
OG0000414	WP_136796979.1	Utg864866_32
OG0000417	WP_136799378.1, WP_136799719.1	Utg857994_91
OG0000418	WP_136798538.1	Utg862138_20
OG0000419	WP_136795869.1	Utg860006_86
OG0000420	WP_136797992.1	Utg859388_60
OG0000422	WP_136795745.1	Utg857046_203
OG0000423	WP_136799855.1	Utg859098_157
OG0000424	WP_136799131.1	Utg859236_20
OG0000425	WP_136798280.1	Utg858494_44, Utg858432_11
OG0000426	WP_167495870.1	Utg859098_264
OG0000427	WP_136798102.1	Utg857490_6
OG0000428	WP_136797991.1	Utg859388_59
OG0000429	WP_136797960.1	Utg866558_37
OG0000430	WP_136796992.1	Utg859098_145, Utg859098_134
OG0000431	WP_136799038.1, WP_136799032.1	Utg859388_150
OG0000432	WP_136799750.1	Utg857046_240
OG0000433	WP_136797392.1, WP_217907637.1	Utg857046_260
OG0000434	WP_136795621.1	Utg857046_132
OG0000434	WP_136798965.1	Utg860814_138
OG0000437	WP_136795141.1	Utg859236_103
OG0000439	WP_136797715.1	Utg859982_185
OG0000440	WP_136798367.1, WP_167495880.1	Utg859982_195
OG0000442	WP_136798502.1	Utg859098_172
OG0000442	WP_136799662.1	Utg859076_63, Utg859236_124, Utg859098_171
OG0000443	WP_176360012.1	Utg861744_142
OG0000444	WP_136795830.1	Utg859098_354
OG0000445	WP_136799851.1	Utg859098_121
OG0000447	WP_136799250.1	Utg859388_92
OG0000448	WP_136799264.1	Utg859982_7
OG0000451	WP_136799001.1	Utg865370_18
OG0000453	WP_136796189.1	Utg857152_117
OG0000457	WP_217907739.1	Utg864866_63
OG0000458	WP_136797971.1	Utg866558_25
OG0000459	WP_136799294.1	Utg859098_217
OG0000460	WP_136796657.1	Utg858432_142
OG0000461	WP_136796552.1	Utg860814_196
OG0000462	WP_228721518.1	Utg859388_61
OG0000463	WP_136799259.1	Utg859982_12
OG0000464	WP_217907710.1	Utg858494_63
OG0000465	WP_136797917.1, WP_167495636.1	Utg857046_20
OG0000466	WP_136795597.1	Utg857046_29
OG0000467	WP_136795443.1	Utg861744_129
OG0000468	WP_136799254.1	Utg859982_19
OG0000469	WP_136795178.1	Utg857152_63
OG0000470	WP_136797950.1	Utg858432_109
OG0000471	WP_136799592.1	Utg859750_61
OG0000472	WP_136798286.1	Utg860006_132
OG0000473	WP_136795442.1	Utg861744_130
OG0000474	WP_136795809.1	Utg859098_439, Utg858498_4
OG0000476	WP_136798121.1	Utg857490_27
OG0000477	WP_136795752.1	Utg857046_213
OG0000478	WP_136796303.1	Utg857046_34
OG0000479	WP_136795828.1	Utg859098_352
OG0000480	WP_136798064.1	Utg858494_109
OG0000481	WP_136795606.1	Utg857046_84
OG0000482	WP_228721401.1	Utg857300_27
OG0000485	WP_136795827.1	Utg859098_351
OG0000486	WP_136797690.1	Utg859982_148, Utg859982_149
OG0000487	WP_136795797.1	Utg859098_195
OG0000488	WP_136796092.1	Utg861744_54
OG0000489	WP_136796933.1	Utg859388_187, Utg858498_21
OG0000490	WP_167495787.1	Utg860814_326
OG0000491	WP_136797722.1	Utg857994_162
OG0000492	WP_136798284.1	Utg857152_223
OG0000493	WP_136795190.1	Utg857152_45
OG0000494	WP_136796219.1	Utg857152_20
OG0000495	WP_136796738.1	Utg859098_239, Utg859098_238
OG0000496	WP_136796544.1	Utg862138_40
OG0000497	WP_136796646.1	Utg858432_129
OG0000498	WP_167495720.1	Utg858432_130
OG0000499	WP_136796485.1	Utg860814_96
OG0000500	WP_136798047.1	Utg858494_89
OG0000502	WP_136799293.1	Utg859098_218
OG0000503	WP_167495729.1	Utg859750_73
OG0000504	WP_136796802.1	Utg860814_205
OG0000505	WP_136799709.1	Utg857994_68
OG0000506	WP_136798020.1	Utg859982_40
OG0000507	WP_136799902.1	Utg859750_83
OG0000508	WP_136798663.1	Utg860006_116, Utg859076_17
OG0000509	WP_136796114.1	Utg861744_21
OG0000510	WP_136795693.1	Utg860814_70
OG0000511	WP_275942945.1	Utg857046_259
OG0000512	WP_136796695.1	Utg857994_18
OG0000514	WP_136798276.1	Utg858432_18
OG0000515	WP_136799260.1	Utg859982_11
OG0000516	WP_136796553.1	Utg860814_197
OG0000517	WP_228721387.1	Utg857076_26
OG0000520	WP_136795974.1	Utg859388_149
OG0000521	WP_136799214.1	Utg859098_269
OG0000522	WP_136795791.1	Utg859098_204
OG0000523	WP_136797774.1	Utg859388_10
OG0000524	WP_136796105.1	Utg861744_33
OG0000525	WP_136798559.1	Utg861448_15
OG0000526	WP_136796771.1	Utg863716_87
OG0000527	WP_136795858.1	Utg860006_135
OG0000528	WP_136795602.1	Utg857046_75
OG0000529	WP_136795167.1	Utg857152_77, Utg857152_76
OG0000530	WP_136797947.1	Utg858432_105
OG0000531	WP_136795868.1	Utg860006_87
OG0000532	WP_136796622.1	Utg860006_54
OG0000533	WP_136795206.1	Utg857152_27, Utg857152_26
OG0000535	WP_228721330.1	Utg857152_185
OG0000537	WP_136796009.1	Utg859098_185
OG0000539	WP_167495824.1	Utg857152_159
OG0000540	WP_136795948.1	Utg859236_26
OG0000542	WP_136795187.1	Utg857152_50
OG0000543	WP_136799220.1	Utg859098_262
OG0000544	WP_136795447.1	Utg861744_125
OG0000545	WP_136799884.1	Utg859750_15
OG0000546	WP_136796045.1	Utg859432_39
OG0000547	WP_136795732.1	Utg860814_120
OG0000549	WP_228721339.1	Utg858498_13
OG0000550	WP_136799186.1	Utg861448_9
OG0000551	WP_136797876.1	Utg860814_267
OG0000553	WP_136799145.1	Utg857682_87
OG0000555	WP_136795929.1	Utg857152_177, Utg857152_176
OG0000556	WP_136797680.1	Utg859982_140
OG0000557	WP_136799297.1, WP_176360061.1, WP_176359988.1, WP_176360051.1	Utg859432_2, Utg859982_101
OG0000558	WP_136798780.1	Utg859236_71
OG0000559	WP_136795425.1, WP_136796497.1	Utg861448_61
OG0000560	WP_136798204.1	Utg857994_198
OG0000561	WP_136795477.1	Utg865370_11
OG0000562	WP_136797843.1	Utg861744_43
OG0000563	WP_136796986.1	Utg857682_124
OG0000564	WP_136798827.1	Utg859750_48
OG0000566	WP_136799976.1	Utg857152_97
OG0000567	WP_136799661.1	Utg859098_173
OG0000567	WP_275942938.1	Utg859076_62
OG0000568	WP_136799215.1	Utg859388_45, Utg859098_267
OG0000569	WP_136799166.1	Utg857992_12
OG0000570	WP_136799900.1	Utg857046_194
OG0000571	WP_136796999.1, WP_136799243.1	Utg857300_49
OG0000572	WP_136795412.1, WP_136798183.1	Utg859982_161
OG0000575	WP_136796055.1	Utg859432_50
OG0000576	WP_228721434.1	Utg865370_28
OG0000577	WP_136796694.1	Utg857994_20
OG0000578	WP_136796106.1	Utg861744_32
OG0000579	WP_136796116.1	Utg861744_19
OG0000580	WP_136797869.1	Utg860814_282
OG0000581	WP_136798094.1	Utg858494_143
OG0000582	WP_136799881.1	Utg859750_11
OG0000583	WP_136798106.1	Utg857490_11
OG0000584	WP_136795130.1	Utg857046_225
OG0000585	WP_267314034.1	Utg857046_226
OG0000586	WP_136795133.1	Utg857046_228
OG0000587	WP_136796681.1	Utg859098_170
OG0000588	WP_136795136.1	Utg857046_250
OG0000589	WP_136799267.1	Utg859982_4
OG0000590	WP_136795740.1	Utg857046_196
OG0000591	WP_136796047.1	Utg859432_41
OG0000592	WP_136796678.1	Utg859098_167
OG0000593	WP_136798724.1	Utg858432_36
OG0000594	WP_136795196.1	Utg857152_39
OG0000595	WP_136796620.1	Utg860006_52
OG0000596	WP_136799290.1	Utg859098_222
OG0000597	WP_228721343.1	Utg859098_240
OG0000598	WP_136798726.1	Utg858432_39
OG0000599	WP_136795803.1	Utg859098_188
OG0000600	WP_136796770.1	Utg863716_90
OG0000601	WP_136796051.1	Utg859432_46
OG0000602	WP_136798689.1	Utg859098_243
OG0000603	WP_136795861.1	Utg860006_130
OG0000604	WP_136796790.1	Utg859750_70
OG0000605	WP_167495727.1	Utg863716_99
OG0000606	WP_136796139.1	Utg865370_35
OG0000607	WP_167495615.1	Utg857152_11
OG0000608	WP_136796551.1	Utg860814_195
OG0000609	WP_136798299.1	Utg857994_166
OG0000610	WP_136798049.1	Utg858494_91
OG0000611	WP_136796676.1	Utg859098_165
OG0000612	WP_136797973.1	Utg866558_22
OG0000613	WP_136797974.1	Utg866558_21
OG0000615	WP_136798056.1	Utg858494_101
OG0000616	WP_136798054.1	Utg858494_99
OG0000617	WP_136798082.1	Utg858494_129
OG0000618	WP_136798080.1	Utg858494_127
OG0000619	WP_136798079.1	Utg858494_126
OG0000620	WP_136798078.1	Utg858494_125
OG0000621	WP_136798077.1	Utg858494_124
OG0000622	WP_136796952.1	Utg859236_96
OG0000623	WP_136797745.1	Utg857994_147
OG0000624	WP_136795798.1	Utg859098_193
OG0000625	WP_136795799.1	Utg859098_192
OG0000626	WP_136795453.1	Utg861744_118
OG0000627	WP_136798048.1	Utg858494_90
OG0000628	WP_136798169.1	Utg859076_34
OG0000630	WP_136795203.1	Utg857152_31
OG0000631	WP_136795205.1	Utg857152_28
OG0000632	WP_136798012.1	Utg859388_81
OG0000633	WP_228721385.1	Utg860814_165
OG0000634	WP_136796709.1	Utg857994_128
OG0000635	WP_136798248.1	Utg859236_17
OG0000636	WP_136797008.1	Utg859982_221
OG0000637	WP_136797997.1	Utg859388_63
OG0000638	WP_136796958.1	Utg857076_19
OG0000639	WP_136799266.1	Utg859982_5
OG0000640	WP_136795860.1	Utg860006_133
OG0000641	WP_136797958.1	Utg858432_119
OG0000642	WP_136795582.1	Utg857046_24
OG0000643	WP_136797731.1	Utg857994_157
OG0000644	WP_136795210.1	Utg857152_22
OG0000645	WP_136795595.1	Utg857046_27
OG0000646	WP_136795671.1	Utg858432_47
OG0000647	WP_136798733.1	Utg858432_46
OG0000648	WP_136798730.1	Utg858432_43
OG0000649	WP_136797729.1	Utg857994_158
OG0000650	WP_136795609.1	Utg857992_20
OG0000651	WP_136799221.1	Utg859098_261
OG0000652	WP_136797778.1	Utg859388_12
OG0000653	WP_136796672.1	Utg859098_160
OG0000654	WP_136799882.1	Utg859750_12, Utg859750_13
OG0000655	WP_136798117.1	Utg857490_21
OG0000656	WP_136797867.1	Utg860814_287
OG0000657	WP_136797866.1	Utg860814_288
OG0000658	WP_228721325.1	Utg860814_293
OG0000659	WP_136797861.1	Utg860814_294
OG0000660	WP_136798536.1	Utg862138_23
OG0000661	WP_136798535.1	Utg862138_24
OG0000662	WP_136796949.1	Utg859236_80
OG0000664	WP_136796623.1	Utg860006_55
OG0000665	WP_136799885.1	Utg859750_18
OG0000667	WP_136798768.1	Utg857300_3
OG0000669	WP_136795465.1	Utg861744_69
OG0000670	WP_136798720.1	Utg858432_31
OG0000671	WP_136796632.1	Utg860006_65
OG0000672	WP_136795194.1	Utg857152_41
OG0000673	WP_136798019.1	Utg859982_38
OG0000674	WP_136798269.1	Utg859236_45
OG0000675	WP_136796648.1	Utg858432_131
OG0000676	WP_136796673.1	Utg859098_162
OG0000677	WP_136798061.1	Utg858494_106
OG0000678	WP_136798062.1	Utg858494_107
OG0000679	WP_136797979.1	Utg866558_16
OG0000680	WP_136798104.1	Utg857490_9
OG0000681	WP_275942944.1	Utg858494_138
OG0000682	WP_136798090.1	Utg858494_139
OG0000683	WP_136796610.1	Utg860006_24
OG0000684	WP_136795149.1	Utg857152_110
OG0000685	WP_136798068.1	Utg858494_115
OG0000686	WP_136798042.1	Utg858494_58
OG0000687	WP_136798073.1	Utg858494_119
OG0000688	WP_136798075.1	Utg858494_121
OG0000689	WP_136798076.1	Utg858494_122
OG0000690	WP_136799408.1	Utg857300_51
OG0000691	WP_136798087.1	Utg858494_135
OG0000692	WP_136795261.1	Utg857152_13
OG0000693	WP_136799132.1	Utg857682_77
OG0000694	WP_136795128.1	Utg857046_223
OG0000695	WP_136795434.1	Utg861744_138
OG0000696	WP_136799137.1	Utg857682_78
OG0000697	WP_136795170.1	Utg857152_72
OG0000698	WP_136797972.1	Utg866558_23
OG0000699	WP_228721367.1	Utg857992_14
OG0000700	WP_136796692.1	Utg857994_23
OG0000701	WP_136797686.1	Utg859982_145
OG0000702	WP_136796773.1	Utg863716_85
OG0000704	WP_136798736.1	Utg858432_50
OG0000705	WP_136798735.1	Utg858432_49
OG0000706	WP_136798734.1	Utg858432_48
OG0000707	WP_136798732.1	Utg858432_45
OG0000708	WP_136798725.1	Utg858432_38
OG0000709	WP_136796760.1	Utg859098_244
OG0000710	WP_136796652.1	Utg858432_137
OG0000711	WP_136799402.1	Utg857300_58
OG0000712	WP_275942932.1	Utg859098_194
OG0000713	WP_136797845.1	Utg859388_72
OG0000714	WP_228721375.1	Utg859388_74
OG0000715	WP_136798105.1	Utg857490_10
OG0000716	WP_136798103.1	Utg857490_8
OG0000717	WP_136798093.1	Utg858494_142
OG0000718	WP_136798092.1	Utg858494_141
OG0000719	WP_136798091.1	Utg858494_140
OG0000720	WP_136798089.1	Utg858494_137
OG0000721	WP_136798086.1	Utg858494_134
OG0000722	WP_176360112.1	Utg858494_130
OG0000723	WP_136798081.1	Utg858494_128
OG0000724	WP_136798143.1	Utg858494_123
OG0000725	WP_136798074.1	Utg858494_120
OG0000726	WP_136798072.1	Utg858494_118
OG0000727	WP_136798067.1	Utg858494_114
OG0000728	WP_136798066.1	Utg858494_113
OG0000729	WP_136798142.1	Utg858494_112
OG0000730	WP_136798065.1	Utg858494_111
OG0000731	WP_136798060.1	Utg858494_105
OG0000732	WP_136798059.1	Utg858494_104
OG0000733	WP_136798058.1	Utg858494_103
OG0000734	WP_136797859.1	Utg860814_296
OG0000735	WP_136798298.1	Utg857994_165
OG0000736	WP_136797871.1	Utg860814_280
OG0000737	WP_136797865.1	Utg860814_290
OG0000738	WP_136796043.1	Utg859432_37
OG0000739	WP_136795806.1	Utg859098_184
OG0000740	WP_136795739.1	Utg857046_195
OG0000741	WP_136795188.1	Utg857152_47
OG0000742	WP_228721329.1	Utg857046_188
OG0000743	WP_136798110.1	Utg857490_15
OG0000744	WP_136796621.1	Utg860006_53
OG0000745	WP_136795840.1	Utg859388_139
OG0000746	WP_136796741.1	Utg859098_235
OG0000747	WP_136797738.1	Utg857994_151
OG0000748	WP_136797740.1	Utg857994_150
OG0000749	WP_167495666.1	Utg857152_184
OG0000750	WP_167495626.1	Utg861744_131
OG0000751	WP_136795444.1	Utg861744_128
OG0000752	WP_136796221.1	Utg863716_108
OG0000753	WP_136797671.1	Utg859982_134
OG0000754	WP_136796132.1	Utg865370_30
OG0000755	WP_136796131.1	Utg865370_29
OG0000756	WP_136799191.1	Utg859098_377
OG0000757	WP_217907634.1, WP_136795743.1	Utg857046_201
OG0000758	WP_136796104.1	Utg861744_34
OG0000759	WP_136796769.1	Utg863716_91
OG0000760	WP_136797423.1	Utg864866_56
OG0000761	WP_136796171.1	Utg865370_36
OG0000762	WP_136795924.1	Utg857152_182
OG0000763	WP_136795925.1	Utg857152_181
OG0000764	WP_136795156.1	Utg857152_103
OG0000765	WP_136795281.1	Utg857994_216
OG0000766	WP_136796097.1	Utg861744_46
OG0000767	WP_136796488.1	Utg860814_97
OG0000768	WP_228721346.1	Utg858432_125
OG0000769	WP_136798055.1	Utg858494_100
OG0000770	WP_136798053.1	Utg858494_98
OG0000771	WP_228721396.1	Utg858494_97
OG0000772	WP_136798052.1	Utg858494_95
OG0000773	WP_136798051.1	Utg858494_94
OG0000774	WP_136798050.1	Utg858494_93
OG0000775	WP_228721411.1	Utg857152_8
OG0000776	WP_136798278.1	Utg858432_16
OG0000777	WP_136798277.1	Utg858432_17
OG0000778	WP_136798167.1	Utg859076_36
OG0000779	WP_136798266.1	Utg859236_39
OG0000780	WP_136796300.1	Utg857994_34
OG0000781	WP_136798000.1	Utg859388_66
OG0000782	WP_136795147.1	Utg857152_113
OG0000783	WP_136799271.1	Utg859098_319
OG0000784	WP_136797418.1	Utg864866_53
OG0000785	WP_136797416.1	Utg864866_52
OG0000786	WP_136796862.1	Utg857682_63
OG0000787	WP_228721347.1	Utg858432_7
OG0000789	WP_136796651.1	Utg858432_136
OG0000790	WP_136795208.1	Utg857152_24
OG0000791	WP_136795458.1	Utg857152_172
OG0000792	WP_136796653.1	Utg858432_138
OG0000793	WP_136797883.1	Utg860814_257
OG0000794	WP_136796734.1	Utg859098_248
OG0000795	WP_136798273.1	Utg859236_57
OG0000796	WP_136797776.1	Utg859388_11
OG0000797	WP_167495876.1	Utg859098_321
OG0000798	WP_136797406.1	Utg864866_5
OG0000799	WP_275942943.1	Utg859236_84
OG0000800	WP_275942948.1	Utg857300_48
OG0000801	WP_228721379.1	Utg858432_94
OG0000802	WP_136795406.1	Utg859982_39
OG0000803	WP_136796537.1	Utg862138_37
OG0000804	WP_136795584.1	Utg857300_38
OG0000805	WP_167495804.1	Utg857994_194
OG0000806	WP_136796103.1	Utg861744_35
OG0000807	WP_136797733.1	Utg857994_156
OG0000808	WP_136798043.1	Utg858494_59
OG0000809	WP_136798238.1	Utg859076_29
OG0000810	WP_136797787.1, WP_136799498.1	Utg859388_28
OG0000811	WP_136798239.1	Utg859076_28
OG0000812	WP_136796390.1, WP_136796903.1	Utg859982_130
OG0000813	WP_136798257.1	Utg859236_28
OG0000815	WP_136799213.1	Utg859098_270
OG0000816	WP_136796102.1	Utg861744_39
OG0000817	WP_136796091.1	Utg861744_55
OG0000818	WP_136795884.1	Utg859982_206
OG0000819	WP_136796739.1	Utg859098_237
OG0000820	WP_136797850.1	Utg861744_11
OG0000821	WP_136800009.1, WP_136797821.1	Utg857076_59
OG0000822	WP_167495802.1	Utg857490_29
OG0000823	WP_136798120.1	Utg857490_26
OG0000825	WP_136796628.1	Utg860006_60
OG0000826	WP_136796514.1	Utg859098_398
OG0000827	WP_136799119.1	Utg857992_34
OG0000828	WP_136799118.1	Utg857992_33
OG0000829	WP_136799117.1	Utg857992_32
OG0000830	WP_136799116.1	Utg857992_31
OG0000831	WP_228721517.1	Utg857992_30
OG0000832	WP_136799114.1	Utg857992_29
OG0000833	WP_136798551.1	Utg862138_6
OG0000834	WP_136796805.1	Utg860814_211
OG0000835	WP_136795436.1	Utg861744_136
OG0000836	WP_136798018.1	Utg859982_37
OG0000837	WP_136797742.1	Utg857994_149
OG0000838	WP_136796783.1	Utg859750_78
OG0000839	WP_136797727.1	Utg857994_159
OG0000840	WP_136798930.1	Utg860006_92
OG0000841	WP_136796089.1	Utg861744_104
OG0000842	WP_136797684.1	Utg859982_143
OG0000843	WP_136795805.1	Utg859098_186
OG0000844	WP_136797976.1	Utg866558_19
OG0000845	WP_136797977.1	Utg866558_18
OG0000846	WP_136797980.1	Utg866558_15
OG0000847	WP_136795742.1	Utg857046_199, Utg857046_200
OG0000848	WP_136795795.1	Utg859098_198
OG0000849	WP_136797889.1	Utg860814_241
OG0000850	WP_136796372.1	Utg865370_6
OG0000851	WP_136796057.1	Utg859432_52
OG0000852	WP_136796535.1	Utg862138_31
OG0000853	WP_217907604.1	Utg862138_25
OG0000854	WP_267314025.1	Utg859098_156
OG0000855	WP_136798537.1	Utg862138_22
OG0000856	WP_136799856.1	Utg859098_158
OG0000857	WP_136796631.1	Utg866558_50, Utg860006_64
OG0000858	WP_136795258.1	Utg857152_16
OG0000860	WP_136795151.1	Utg857152_108
OG0000861	WP_136796536.1	Utg862138_32
OG0000862	WP_176360094.1	Utg857046_249
OG0000863	WP_136795816.1	Utg858498_11
OG0000864	WP_136795195.1	Utg857152_40
OG0000865	WP_136796050.1	Utg859432_45
OG0000866	WP_136795449.1	Utg861744_123
OG0000867	WP_136795175.1	Utg857152_66
OG0000868	WP_136796656.1	Utg858432_141
OG0000869	WP_136798088.1	Utg858494_136
OG0000870	WP_228721412.1	Utg857152_7
OG0000871	WP_136797860.1	Utg860814_295
OG0000872	WP_136798171.1	Utg859076_32
OG0000873	WP_136796649.1	Utg858432_134
OG0000874	WP_136799779.1	Utg859982_42
OG0000875	WP_136798533.1	Utg862138_27
OG0000876	WP_136795815.1	Utg858498_10
OG0000877	WP_136796791.1	Utg859750_69
OG0000878	WP_136795911.1	Utg861744_25
OG0000879	WP_136795790.1	Utg859098_208
OG0000881	WP_136795624.1	Utg857046_136
OG0000882	WP_136796967.1	Utg857076_30
OG0000884	WP_136797404.1	Utg864866_4
OG0000886	WP_228721348.1	Utg857152_198
OG0000887	WP_136796176.1	Utg857682_127
OG0000888	WP_136795759.1	Utg860814_18
OG0000889	WP_136796064.1	Utg857046_218
OG0000890	WP_136795850.1	Utg859388_129
OG0000891	WP_228721406.1	Utg857046_227
OG0000892	WP_136798721.1	Utg858432_33, Utg858432_32
OG0000893	WP_136798731.1	Utg858432_44
OG0000894	WP_136799701.1	Utg857300_13
OG0000895	WP_136796048.1	Utg859432_42
OG0000896	WP_136796545.1	Utg862138_41
OG0000897	WP_136800008.1, WP_136797820.1	Utg857076_60
OG0000898	WP_228721490.1	Utg857682_75
OG0000899	WP_136799112.1	Utg857992_27
OG0000900	WP_136796960.1	Utg857076_21
OG0000901	WP_136796881.1	Utg857076_69, Utg860814_111
OG0000902	WP_136796509.1	Utg860814_108
OG0000903	WP_228721318.1	Utg860814_106
OG0000904	WP_136796484.1	Utg860814_95
OG0000905	WP_136795839.1	Utg859388_147
OG0000906	WP_136796785.1	Utg859750_75, Utg859750_76
OG0000907	WP_136799670.1	Utg859750_22
OG0000909	WP_136796190.1	Utg857682_174
OG0000910	WP_136796138.1	Utg865370_34
OG0000912	WP_136796822.1	Utg857152_122, Utg857152_121
OG0000913	WP_136795325.1	Utg857076_64
OG0000914	WP_136796841.1, WP_136795587.1	Utg857300_37
OG0000915	WP_228721400.1	Utg857300_28
OG0000916	WP_136795321.1	Utg857682_138
OG0000917	WP_136799020.1	Utg857152_100
OG0000919	WP_136798859.1, WP_136797824.1, WP_136799051.1, WP_228721327.1	Utg857046_215
OG0000920	WP_136795765.1	Utg859236_11
OG0000920	WP_136799763.1, WP_136799918.1	Utg859098_42
OG0000922	WP_136795623.1	Utg857046_134
OG0000923	WP_136795580.1	Utg857046_22
OG0000925	WP_136797706.1	Utg860006_89, Utg859982_172
OG0000926	WP_136799974.1	Utg857046_96
OG0000928	WP_136799731.1, WP_136799732.1	Utg859388_85
OG0000929	WP_136796693.1	Utg857994_22, Utg857994_21
OG0000930	WP_136796735.1, WP_136796298.1	Utg859098_247
OG0000931	WP_136799280.1	Utg859098_329
OG0000935	WP_136796687.1	Utg859388_184, Utg858498_24
OG0000936	WP_136797788.1, WP_136797648.1	Utg859982_80
OG0000937	WP_136796818.1	Utg857994_136
OG0000938	WP_136799641.1	Utg859388_174
OG0000939	WP_228721519.1	Utg858432_107
OG0000940	WP_136797984.1	Utg857076_11
OG0000941	WP_136798112.1	Utg857490_16
OG0000942	WP_136798177.1	Utg859982_168
OG0000943	WP_136799279.1	Utg859098_328
OG0000944	WP_136796512.1	Utg858432_128
OG0000945	WP_136799360.1	Utg858494_22, Utg857152_253, Utg859388_163, Utg857152_260, Utg857152_252, Utg857152_258, Utg863716_3, Utg863716_2, Utg857152_255, Utg857152_261
OG0000947	WP_136798178.1	Utg859982_166
OG0000948	WP_136798179.1	Utg859982_165
OG0000949	WP_136799896.1	Utg857152_163
OG0000951	WP_136799377.1	Utg859982_106
OG0000952	WP_136799153.1, WP_136799155.1	Utg857682_53
OG0000954	WP_136796865.1	Utg859388_173
OG0000954	WP_136799505.1	Utg858432_121, Utg858432_120
OG0000955	WP_167495795.1, WP_136798617.1	Utg863716_21, Utg859388_38
OG0000956	WP_136796465.1	Utg857992_41
OG0000957	WP_176360015.1, WP_228721487.1, WP_176360077.1, WP_176360060.1, WP_176360025.1, WP_176360006.1	Utg859098_57, Utg857994_246, Utg859098_55
OG0000962	WP_136795847.1	Utg859388_132
OG0000963	WP_136795153.1	Utg857152_106
OG0000964	WP_136799780.1	Utg859982_41
OG0000966	WP_136796143.1	Utg857076_3, Utg859236_131
OG0000967	WP_136799274.1	Utg857994_90
OG0000968	WP_136795802.1	Utg859098_189
OG0000970	WP_136798119.1	Utg857490_24
OG0000971	WP_136796052.1	Utg859432_47
OG0000972	WP_136796746.1	Utg859098_228
OG0000973	WP_136796861.1	Utg857682_62
OG0000974	WP_228721377.1	Utg866558_24
OG0000976	WP_136795863.1	Utg860006_128
OG0000977	WP_136795836.1	Utg859098_362
OG0000980	WP_136799110.1	Utg857992_22
OG0000981	WP_228721435.1	Utg861744_44
OG0000982	WP_136795234.1	Utg861744_47
OG0000983	WP_136797952.1	Utg858432_111
OG0000985	WP_136798542.1	Utg862138_15
OG0000986	WP_136797982.1	Utg858432_104
OG0000987	WP_267313994.1	Utg859098_268
OG0000988	WP_136799883.1	Utg859750_14
OG0000989	WP_136799217.1	Utg859098_265
OG0000990	WP_136796101.1	Utg861744_40
OG0000991	WP_136796046.1	Utg859432_40
OG0000992	WP_136798722.1	Utg858432_34
OG0000994	WP_136798063.1	Utg858494_108
OG0000995	WP_136798070.1	Utg858494_117
OG0000996	WP_136795600.1	Utg857046_68
OG0000998	WP_136797695.1	Utg859982_156
OG0000999	WP_136798352.1	Utg857152_210
OG0001000	WP_136798069.1	Utg858494_116
OG0001001	WP_136795554.1	Utg857152_125
OG0001002	WP_136797864.1	Utg860814_291
OG0001003	WP_136798713.1	Utg860006_165
OG0001004	WP_136799590.1	Utg864866_85
OG0001005	WP_136799589.1	Utg864866_84
OG0001006	WP_136798767.1	Utg857300_4
OG0001007	WP_136796650.1	Utg858432_135
OG0001008	WP_136795886.1	Utg859982_204
OG0001009	WP_136795887.1	Utg859982_203
OG0001011	WP_136796220.1	Utg863716_109
OG0001012	WP_136795692.1	Utg860814_60
OG0001013	WP_136795685.1	Utg860814_19, Utg860814_20
OG0001014	WP_136798281.1	Utg858432_10
OG0001017	WP_136799251.1	Utg859388_91
OG0001018	WP_136796792.1	Utg859750_68
OG0001019	WP_136798001.1	Utg859388_67
OG0001020	WP_167495829.1	Utg861744_59
OG0001022	WP_136795599.1	Utg857046_31
OG0001023	WP_136795437.1	Utg861744_135
OG0001024	WP_136795859.1	Utg860006_134
OG0001025	WP_136799947.1, WP_136799864.1	Utg860814_308
OG0001026	WP_136796711.1	Utg857994_126, Utg857994_125
OG0001027	WP_228721388.1	Utg857076_42
OG0001029	WP_136799113.1	Utg857992_28
OG0001030	WP_136795435.1	Utg861744_137
OG0001033	WP_136799222.1	Utg859098_260
OG0001034	WP_136796093.1	Utg861744_53
OG0001035	WP_136796113.1	Utg861744_22
OG0001036	WP_167495603.1	Utg857152_102, Utg857152_101
OG0001038	WP_136795493.1	Utg857300_56
OG0001039	WP_136797956.1	Utg858432_117
OG0001040	WP_228721395.1	Utg858494_92
OG0001041	WP_136798014.1	Utg859388_87
OG0001042	WP_228721390.1	Utg859982_220
OG0001045	WP_136797782.1	Utg859388_15
OG0001046	WP_136797970.1	Utg866558_26
OG0001047	WP_136798788.1, WP_136795398.1	Utg865370_4
OG0001048	WP_136798750.1	Utg858432_90
OG0001049	WP_136796953.1	Utg859236_98
OG0001052	WP_136798525.1	Utg857152_158
OG0001054	WP_136798315.1	Utg858432_21
OG0001056	WP_136797793.1	Utg859098_437, Utg858498_1
OG0001057	WP_136799630.1	Utg857682_14
OG0001058	WP_136797780.1	Utg859388_14
OG0001060	WP_228721350.1	Utg861448_4
OG0001061	WP_136800054.1	Utg857682_6, Utg857682_7, Utg859982_88, Utg858432_143, Utg859982_87, Utg864866_118, Utg865370_45, Utg857682_8
OG0001063	WP_136798681.1	Utg859982_72
OG0001065	WP_136798258.1	Utg859236_30, Utg859236_29
OG0001066	WP_136798723.1	Utg858432_35
OG0001067	WP_136797673.1	Utg859982_135, Utg859982_136
OG0001068	WP_136799211.1	Utg859098_273
OG0001069	WP_136797293.1, WP_136797291.1	Utg859982_176
OG0001070	WP_136798170.1	Utg859076_33
OG0001071	WP_136797875.1	Utg860814_250, Utg860814_268, Utg860814_269
OG0001072	WP_136797881.1	Utg860814_262
OG0001073	WP_167495884.1	Utg859982_126
OG0001074	WP_136796378.1	Utg859432_79
OG0001075	WP_136795631.1	Utg859098_419
OG0001076	WP_136795923.1	Utg857152_183
OG0001077	WP_136799892.1	Utg858432_152, Utg864866_72
OG0001079	WP_136798417.1	Utg857076_6
OG0001080	WP_136798357.1	Utg857152_222
OG0001082	WP_136795883.1	Utg863716_40
OG0001083	WP_136795473.1	Utg865370_14
OG0001084	WP_167495628.1	Utg865370_12
OG0001086	WP_136796896.1	Utg864866_114
OG0001088	WP_136799406.1	Utg857300_53
OG0001089	WP_136796845.1	Utg860006_113
OG0001091	WP_136799196.1	Utg857076_49, Utg857300_21
OG0001093	WP_136795400.1	Utg857046_261
OG0001094	WP_136799708.1	Utg857994_67
OG0001095	WP_136798045.1	Utg858494_86
OG0001096	WP_136798041.1	Utg858494_56
OG0001098	WP_136796525.1	Utg859098_10
OG0001099	WP_136795720.1, WP_136796605.1	Utg860006_17
OG0001100	WP_136797720.1	Utg857994_163
OG0001101	WP_136798147.1, WP_136798005.1	Utg859388_71
OG0001102	WP_136797646.1	Utg859982_77
OG0001104	WP_136795801.1	Utg859098_190
OG0001105	WP_136798292.1	Utg859098_253
OG0001106	WP_136798293.1	Utg859098_254
OG0001107	WP_136799270.1	Utg859098_317
OG0001108	WP_136799277.1	Utg859098_326
OG0001109	WP_136799278.1	Utg859098_327
OG0001110	WP_136799281.1	Utg859098_330
OG0001111	WP_136795829.1	Utg859098_353
OG0001113	WP_136798744.1	Utg858432_78
OG0001115	WP_136795810.1	Utg858498_5
OG0001116	WP_136799255.1	Utg859982_18
OG0001118	WP_136799165.1	Utg857992_11
OG0001119	WP_136797955.1	Utg858432_116
OG0001120	WP_275942939.1	Utg862138_29
OG0001121	WP_136799183.1	Utg861448_2
OG0001122	WP_136795793.1	Utg857046_148
OG0001124	WP_136798291.1	Utg859098_252
OG0001125	WP_136799164.1	Utg863716_62
OG0001126	WP_136799098.1	Utg860814_1
OG0001127	WP_136799646.1	Utg857994_16, Utg857682_169
OG0001129	WP_136799917.1	Utg863716_131
OG0001132	WP_136799414.1	Utg858494_7
OG0001133	WP_176360076.1, WP_176360064.1, WP_176360026.1, WP_267314018.1, WP_228721432.1	Utg857994_245
OG0001135	WP_136795293.1	Utg857682_162
OG0001136	WP_228721344.1, WP_136796572.1	Utg857994_83, Utg857994_84
OG0001137	WP_176360093.1	Utg858494_32
OG0001138	WP_217907641.1, WP_136795898.1, WP_136799311.1	Utg859982_123
OG0001139	WP_136797250.1, WP_136797232.1	Utg860006_115
OG0001142	WP_136798719.1	Utg858432_30
OG0001143	WP_136795380.1	Utg863716_34
OG0001144	WP_136795792.1	Utg864866_58
OG0001145	WP_136797736.1	Utg857994_153
OG0001150	WP_136796954.1	Utg859236_99
OG0001152	WP_136799121.1	Utg857992_36
OG0001153	WP_136795544.1	Utg861744_68
OG0001154	WP_136795189.1	Utg857152_46
OG0001155	WP_176360040.1	Utg859098_278
OG0001157	WP_136795459.1	Utg861744_62
OG0001158	WP_136799621.1	Utg857152_140
OG0001159	WP_136798237.1	Utg859076_30
OG0001161	WP_136798006.1	Utg859388_73
OG0001165	WP_136796533.1	Utg860814_188
OG0001166	WP_136796613.1	Utg860006_27
OG0001168	WP_136795690.1	Utg860814_59, Utg860814_58
OG0001169	WP_167495639.1	Utg860814_65
OG0001171	WP_136795479.1	Utg861744_94
OG0001172	WP_136795463.1	Utg861744_66
OG0001173	WP_136795462.1	Utg861744_65
OG0001174	WP_136795481.1	Utg861744_96
OG0001176	WP_217907581.1	Utg859098_416
OG0001179	WP_136796524.1	Utg860814_117
OG0001180	WP_136795303.1	Utg857682_67, Utg861744_89
OG0001181	WP_136795302.1	Utg857682_68, Utg861744_88
OG0001182	WP_136799108.1	Utg857300_43, Utg857300_42
OG0001183	WP_136795576.1	Utg857046_19
OG0001184	WP_136799824.1	Utg857046_170
OG0001189	WP_136798523.1	Utg857152_160
OG0001192	WP_136797959.1	Utg866558_38
OG0001195	WP_136796547.1	Utg862138_54
OG0001197	WP_136797863.1	Utg860814_292
OG0001198	WP_136797885.1	Utg860814_255
OG0001199	WP_136797895.1	Utg860814_226, Utg860814_227
OG0001200	WP_275942929.1	Utg860814_110
OG0001202	WP_136796776.1	Utg863716_82
OG0001203	WP_136796532.1	Utg863716_48
OG0001206	WP_136795634.1	Utg859098_422
OG0001207	WP_136795633.1	Utg859098_421
OG0001208	WP_136796541.1	Utg859750_84
OG0001209	WP_136799242.1	Utg864866_66
OG0001210	WP_136795410.1	Utg857152_144
OG0001212	WP_136796142.1	Utg863716_133, Utg857076_2, Utg859236_130
OG0001213	WP_136796141.1	Utg863716_132, Utg857076_1, Utg859236_129
OG0001215	WP_228721493.1	Utg864866_15
OG0001216	WP_136798361.1	Utg857152_219
OG0001222	WP_167495830.1	Utg857682_95
OG0001223	WP_136797040.1	Utg857682_168, Utg857682_76
OG0001229	WP_136796111.1	Utg857994_82, Utg861744_26
OG0001230	WP_136796094.1	Utg861744_52
OG0001232	WP_136799407.1	Utg857300_52
OG0001233	WP_136795872.1	Utg860006_75
OG0001235	WP_167495917.1, WP_136799771.1	Utg857994_105
OG0001236	WP_136799197.1	Utg857076_53, Utg857300_20
OG0001237	WP_136799200.1	Utg857076_52, Utg857300_17
OG0001238	WP_136796364.1	Utg863716_56
OG0001239	WP_136799026.1	Utg860006_48
OG0001242	WP_136795207.1	Utg857152_25
OG0001243	WP_136798823.1, WP_136795191.1	Utg857152_44
OG0001244	WP_136795184.1	Utg857152_55
OG0001245	WP_275942946.1	Utg857152_67
OG0001246	WP_228721407.1	Utg857152_104
OG0001247	WP_136795142.1	Utg857046_254
OG0001248	WP_136795750.1	Utg857046_211
OG0001249	WP_136795620.1	Utg857046_131
OG0001252	WP_136796968.1	Utg857076_31
OG0001253	WP_136796965.1	Utg857076_28
OG0001254	WP_136796961.1	Utg857076_24
OG0001255	WP_136796940.1	Utg860814_252, Utg859236_60
OG0001256	WP_136798271.1	Utg859236_47
OG0001257	WP_136798267.1	Utg859236_42
OG0001258	WP_136798250.1	Utg859236_19
OG0001259	WP_136798249.1	Utg859236_18
OG0001260	WP_136796612.1	Utg860006_26
OG0001261	WP_136796617.1	Utg860006_47
OG0001262	WP_136796626.1	Utg860006_58
OG0001263	WP_167495658.1	Utg860006_85
OG0001264	WP_136798714.1	Utg860006_166
OG0001265	WP_136799189.1	Utg857994_240, Utg860006_175, Utg857994_239
OG0001266	WP_136797760.1	Utg857994_143
OG0001268	WP_136798017.1	Utg859982_36
OG0001269	WP_136795892.1	Utg859982_196
OG0001270	WP_136798158.1	Utg857682_152
OG0001271	WP_136795789.1	Utg859098_211
OG0001272	WP_136799289.1	Utg859098_223
OG0001273	WP_136799134.1	Utg859098_180
OG0001274	WP_136797098.1	Utg859098_242
OG0001275	WP_136799202.1	Utg859098_312
OG0001276	WP_136799275.1	Utg859098_323
OG0001277	WP_136799276.1	Utg859098_324
OG0001278	WP_136799283.1	Utg859098_332
OG0001279	WP_167495877.1	Utg859098_333
OG0001280	WP_136797070.1	Utg859098_338
OG0001280	WP_136796749.1	Utg859098_339
OG0001281	WP_176360050.1	Utg859098_355
OG0001282	WP_136795832.1	Utg859098_356
OG0001283	WP_136795833.1	Utg859098_359
OG0001291	WP_136797801.1	Utg858498_8
OG0001292	WP_167495653.1	Utg858498_9
OG0001293	WP_136795817.1	Utg858498_12
OG0001294	WP_136798595.1, WP_136795838.1	Utg859388_148
OG0001296	WP_136795324.1	Utg857076_63
OG0001297	WP_136795323.1	Utg857076_62
OG0001298	WP_136797978.1	Utg866558_17
OG0001299	WP_136797439.1	Utg866558_35
OG0001300	WP_136795617.1	Utg857046_102
OG0001301	WP_136798550.1	Utg862138_7
OG0001302	WP_136799783.1	Utg857152_58, Utg857682_170
OG0001303	WP_136797967.1	Utg866558_30
OG0001304	WP_136796489.1	Utg860814_98
OG0001305	WP_136795561.1	Utg860814_105
OG0001306	WP_136798534.1	Utg862138_26
OG0001307	WP_136798865.1	Utg864866_51
OG0001308	WP_136795154.1	Utg857152_105
OG0001309	WP_136795844.1	Utg859388_136
OG0001310	WP_228721341.1, WP_228721340.1, WP_228721342.1, WP_136799544.1	Utg859098_214
OG0001311	WP_136798503.1	Utg857994_43
OG0001312	WP_136799415.1	Utg864866_89
OG0001313	WP_136799897.1	Utg857152_164
OG0001314	WP_136796639.1	Utg860814_151
OG0001315	WP_136799848.1	Utg860814_273
OG0001317	WP_136797927.1	Utg857152_139
OG0001318	WP_136799891.1	Utg857076_9
OG0001319	WP_167495641.1, WP_167495717.1	Utg860006_16
OG0001320	WP_167495816.1	Utg858432_64
OG0001322	WP_136796665.1, WP_136796177.1	Utg858494_49
OG0001323	WP_136799312.1	Utg859982_124
OG0001324	WP_136796184.1	Utg859982_194
OG0001328	WP_136798214.1	Utg858494_64
OG0001330	WP_136797857.1	Utg860814_324
OG0001332	WP_136798274.1	Utg860006_156
OG0001333	WP_167495675.1, WP_228721513.1, WP_167495915.1	Utg861744_85
OG0001335	WP_136797983.1	Utg858432_102
OG0001338	WP_136798301.1	Utg857994_169
OG0001339	WP_136798753.1	Utg858432_95
OG0001340	WP_136796939.1	Utg859236_59
OG0001341	WP_267314023.1	Utg859098_277
OG0001344	WP_136795260.1	Utg857152_14
OG0001345	WP_136795564.1	Utg859236_15
OG0001347	WP_136798263.1	Utg859236_34
OG0001348	WP_136797414.1	Utg864866_27
OG0001352	WP_136795165.1	Utg857152_79
OG0001353	WP_136795698.1	Utg860814_78
OG0001354	WP_228721402.1	Utg860814_71
OG0001355	WP_136796736.1	Utg859098_246
OG0001357	WP_136795431.1	Utg860006_79
OG0001359	WP_136795480.1	Utg861744_95
OG0001362	WP_136796548.1	Utg862138_55
OG0001363	WP_136797966.1	Utg866558_33
OG0001364	WP_136798256.1	Utg859236_27
OG0001367	WP_167495677.1	Utg861744_31
OG0001369	WP_136795159.1	Utg857152_89
OG0001370	WP_136797848.1	Utg861744_13
OG0001372	WP_136795725.1	Utg857300_8
OG0001376	WP_136797279.1	Utg859982_22
OG0001378	WP_136795849.1	Utg859388_130
OG0001384	WP_136795440.1	Utg861744_132
OG0001385	WP_136795699.1	Utg860814_76
OG0001390	WP_136797757.1	Utg857994_145
OG0001391	WP_136796399.1	Utg857300_9
OG0001394	WP_136797854.1	Utg860814_328
OG0001395	WP_136797870.1	Utg860814_281
OG0001397	WP_136798553.1	Utg862138_4
OG0001398	WP_136797891.1	Utg860814_238
OG0001399	WP_136797894.1	Utg860814_228
OG0001401	WP_228721320.1	Utg860814_187
OG0001403	WP_136796775.1	Utg863716_83
OG0001404	WP_136796777.1	Utg863716_81
OG0001405	WP_136796779.1	Utg863716_79
OG0001406	WP_136796780.1	Utg863716_78
OG0001407	WP_176360029.1	Utg863716_57
OG0001408	WP_228721472.1	Utg863716_55
OG0001409	WP_136796337.1	Utg863716_44
OG0001410	WP_136795467.1	Utg861744_71
OG0001411	WP_136796389.1	Utg859388_52
OG0001414	WP_136795877.1	Utg857152_178
OG0001415	WP_136799901.1	Utg859750_82
OG0001416	WP_275942953.1	Utg859750_62
OG0001417	WP_136798203.1	Utg857994_196
OG0001418	WP_136799587.1	Utg864866_83
OG0001419	WP_136798355.1	Utg857152_217
OG0001420	WP_136798360.1	Utg857152_218
OG0001421	WP_136796069.1	Utg859432_73, Utg859432_72
OG0001424	WP_136798958.1	Utg865370_15
OG0001426	WP_136798624.1	Utg860814_192
OG0001427	WP_136796634.1	Utg863716_67
OG0001429	WP_136796095.1	Utg861744_51
OG0001430	WP_136797795.1	Utg859098_3
OG0001431	WP_136799286.1	Utg859098_4, Utg864866_9
OG0001433	WP_136795515.1	Utg859098_6
OG0001434	WP_136799404.1	Utg857300_55
OG0001437	WP_136797665.1	Utg864866_14
OG0001438	WP_136795865.1	Utg864866_71, Utg860006_124
OG0001440	WP_136798515.1	Utg859750_31
OG0001445	WP_136795263.1	Utg857152_6
OG0001446	WP_136795193.1	Utg857152_42
OG0001447	WP_136795192.1	Utg857152_43
OG0001448	WP_136795172.1	Utg857152_70
OG0001450	WP_136795161.1	Utg857152_87
OG0001451	WP_136795146.1	Utg857152_115
OG0001452	WP_136795129.1	Utg857046_224
OG0001454	WP_136795746.1	Utg857046_204
OG0001455	WP_136795767.1	Utg857994_179
OG0001458	WP_136798101.1	Utg857490_5
OG0001459	WP_136798100.1	Utg857490_4
OG0001461	WP_136796973.1	Utg857076_39
OG0001462	WP_136796959.1	Utg857076_20
OG0001463	WP_136798978.1	Utg859982_178
OG0001464	WP_136796956.1	Utg857076_17
OG0001465	WP_136796951.1	Utg859236_83
OG0001466	WP_136796950.1	Utg859236_81
OG0001468	WP_136796807.1	Utg857046_86
OG0001469	WP_167495622.1	Utg859236_53
OG0001470	WP_136798262.1	Utg859236_33
OG0001471	WP_136795873.1	Utg860006_70
OG0001472	WP_136798187.1	Utg860006_80
OG0001474	WP_136795855.1	Utg860006_138
OG0001476	WP_136796604.1	Utg860006_152
OG0001478	WP_136799037.1	Utg857994_167
OG0001479	WP_136797725.1	Utg857994_160
OG0001480	WP_136795583.1	Utg864866_70
OG0001481	WP_136797986.1	Utg859388_54
OG0001482	WP_136798010.1	Utg859388_79
OG0001483	WP_136798015.1	Utg859388_88
OG0001484	WP_136797645.1	Utg859982_76
OG0001485	WP_136797675.1	Utg859982_137
OG0001486	WP_136795889.1	Utg859982_199
OG0001487	WP_167495660.1	Utg859982_205
OG0001488	WP_136796748.1	Utg859098_337
OG0001489	WP_136796751.1	Utg859098_341
OG0001507	WP_136796690.1	Utg858498_17
OG0001508	WP_167495722.1	Utg859388_180
OG0001509	WP_136795991.1	Utg859388_157
OG0001509	WP_136798863.1	Utg857152_168
OG0001510	WP_136795848.1	Utg859388_131
OG0001511	WP_136798296.1	Utg859388_98
OG0001512	WP_136798297.1	Utg859388_96
OG0001513	WP_136797794.1	Utg858498_3, Utg858498_2, Utg859098_438
OG0001516	WP_136796715.1	Utg857994_52
OG0001517	WP_136799184.1	Utg861448_3
OG0001518	WP_136796643.1	Utg858432_124
OG0001519	WP_136798275.1	Utg858432_20
OG0001520	WP_136798282.1	Utg858432_8
OG0001521	WP_136799328.1	Utg862138_19
OG0001522	WP_136798549.1	Utg862138_8
OG0001524	WP_136795579.1	Utg857046_21
OG0001525	WP_136799224.1	Utg859098_258
OG0001526	WP_136795577.1	Utg857992_10
OG0001527	WP_136795890.1	Utg859982_198
OG0001528	WP_136796689.1	Utg858498_19
OG0001530	WP_136795134.1	Utg857046_229
OG0001531	WP_136797953.1	Utg858432_112
OG0001532	WP_136795888.1	Utg859982_202
OG0001533	WP_217907603.1	Utg857682_41
OG0001535	WP_228721323.1	Utg860814_203
OG0001536	WP_136796778.1	Utg863716_80
OG0001537	WP_136796067.1	Utg859432_63
OG0001538	WP_167495827.1, WP_136798033.1	Utg857994_71
OG0001539	WP_136795362.1	Utg857994_99
OG0001540	WP_136796081.1, WP_136796375.1	Utg859982_177
OG0001541	WP_228721456.1, WP_136798947.1	Utg859982_67
OG0001542	WP_136798192.1	Utg863716_18
OG0001543	WP_136796229.1	Utg863716_73
OG0001547	WP_136795209.1	Utg857152_23
OG0001549	WP_275942951.1	Utg858494_41
OG0001551	WP_136798605.1	Utg857682_45
OG0001552	WP_136800024.1	Utg859098_45
OG0001567	WP_136796130.1	Utg865370_27
OG0001569	WP_136798739.1	Utg858432_56
OG0001571	WP_136795931.1	Utg859750_36
OG0001573	WP_167495652.1	Utg859098_187
OG0001576	WP_228721389.1	Utg859982_216
OG0001578	WP_136796716.1	Utg857994_51
OG0001580	WP_136797919.1	Utg865370_25
OG0001582	WP_136797701.1	Utg861744_100
OG0001587	WP_136798322.1, WP_136800062.1	Utg858494_19
OG0001589	WP_136799859.1	Utg860006_149
OG0001592	WP_136797918.1	Utg865370_26
OG0001596	WP_136798522.1	Utg863716_49
OG0001601	WP_136799777.1	Utg859982_44
OG0001609	WP_136795625.1	Utg857046_137
OG0001610	WP_136797003.1	Utg859982_214
OG0001611	WP_136797007.1	Utg859982_219
OG0001614	WP_167495609.1, WP_176360091.1	Utg857994_242
OG0001615	WP_136799602.1	Utg864866_92
OG0001618	WP_136796733.1	Utg859098_249, Utg859098_250
OG0001622	WP_136798427.1	Utg857046_12
OG0001628	WP_136797858.1	Utg860814_297
OG0001629	WP_136797880.1	Utg860814_261
OG0001630	WP_136797879.1	Utg860814_260
OG0001632	WP_136796886.1	Utg860814_112
OG0001633	WP_136795694.1	Utg860814_57
OG0001634	WP_136795683.1	Utg860814_56
OG0001635	WP_136795314.1	Utg860814_16
OG0001636	WP_167495778.1	Utg859982_157
OG0001637	WP_136798240.1	Utg859076_27
OG0001638	WP_136798168.1	Utg859076_35
OG0001639	WP_136796641.1	Utg863716_111, Utg863716_112
OG0001640	WP_136796767.1	Utg863716_96
OG0001641	WP_228721483.1	Utg863716_77
OG0001642	WP_136799683.1, WP_136796781.1	Utg863716_76
OG0001644	WP_217907713.1	Utg863716_52
OG0001645	WP_136796325.1	Utg863716_38
OG0001646	WP_153305540.1	Utg863716_36
OG0001647	WP_136797108.1	Utg857152_231
OG0001648	WP_136797193.1	Utg863716_4
OG0001649	WP_136795460.1	Utg861744_63
OG0001650	WP_136795461.1	Utg861744_64
OG0001651	WP_167495627.1	Utg861744_67
OG0001652	WP_136798888.1, WP_176360056.1	Utg857152_224
OG0001653	WP_228721454.1	Utg863716_114
OG0001654	WP_136798513.1	Utg857152_141
OG0001656	WP_136796786.1	Utg859750_74
OG0001657	WP_136796794.1	Utg859750_66
OG0001658	WP_136796799.1	Utg859750_64
OG0001659	WP_228721482.1	Utg859750_63
OG0001660	WP_136797428.1	Utg864866_62
OG0001661	WP_136797426.1	Utg863716_74, Utg864866_61
OG0001665	WP_136796044.1	Utg859432_38
OG0001666	WP_136796068.1	Utg859432_64
OG0001667	WP_136798920.1	Utg859098_280
OG0001668	WP_136796937.1	Utg859098_284
OG0001669	WP_136795627.1	Utg859098_303
OG0001672	WP_136795640.1	Utg857152_142
OG0001673	WP_167495825.1	Utg857682_178
OG0001674	WP_176360037.1, WP_136798933.1	Utg857152_202
OG0001675	WP_136796982.1	Utg864866_35
OG0001676	WP_136795475.1	Utg865370_22
OG0001678	WP_136795474.1	Utg865370_13
OG0001679	WP_136799591.1	Utg864866_87
OG0001683	WP_136796108.1	Utg861744_29, Utg857994_79
OG0001684	WP_167495678.1	Utg857994_78, Utg861744_30
OG0001685	WP_136795235.1	Utg861744_48
OG0001686	WP_217907694.1	Utg859432_56
OG0001688	WP_136795456.1, WP_136795454.1	Utg861744_116
OG0001689	WP_136796554.1	Utg859982_150
OG0001690	WP_228721321.1	Utg864866_115
OG0001691	WP_136796558.1	Utg864866_116
OG0001692	WP_136799633.1	Utg864866_98
OG0001693	WP_136799409.1	Utg857300_50
OG0001694	WP_136799411.1	Utg857300_45
OG0001697	WP_136797046.1, WP_228721450.1	Utg857046_272
OG0001699	WP_217907605.1	Utg859388_166
OG0001704	WP_136797480.1	Utg857152_9, Utg859388_22
OG0001705	WP_167495607.1	Utg857152_53
OG0001706	WP_167495604.1	Utg857152_68
OG0001707	WP_136796096.1	Utg857152_80
OG0001708	WP_136799977.1	Utg857152_98
OG0001709	WP_136795145.1	Utg857046_258
OG0001711	WP_136795127.1	Utg857046_219
OG0001713	WP_136797703.1	Utg857046_37
OG0001714	WP_267313999.1, WP_136795233.1	Utg857682_94
OG0001720	WP_136796971.1	Utg857076_35
OG0001722	WP_136796136.1	Utg857152_233
OG0001723	WP_136797961.1	Utg859982_186, Utg859236_48
OG0001725	WP_136798224.1	Utg859236_37
OG0001726	WP_136798225.1	Utg859236_35
OG0001728	WP_136799354.1, WP_136795943.1	Utg860006_34
OG0001730	WP_153305535.1	Utg860006_126
OG0001731	WP_176360070.1	Utg857994_155
OG0001732	WP_136797766.1	Utg857994_139
OG0001733	WP_217907675.1	Utg859388_26
OG0001734	WP_136796134.1	Utg859388_43
OG0001735	WP_136798013.1	Utg859388_86
OG0001736	WP_136796118.1	Utg861744_14
OG0001737	WP_136795800.1	Utg859098_191
OG0001738	WP_136795794.1	Utg859098_199, Utg859098_200
OG0001739	WP_176360052.1	Utg859098_229
OG0001740	WP_136796379.1	Utg859432_78
OG0001741	WP_136796380.1	Utg859432_77
OG0001742	WP_136795505.1	Utg859098_314, Utg859098_315
OG0001743	WP_136795822.1	Utg859098_346
OG0001744	WP_136795411.1	Utg860006_96
OG0001745	WP_136795834.1	Utg859098_360
OG0001746	WP_136795835.1	Utg859098_361
OG0001752	WP_136795819.1	Utg858432_100
OG0001753	WP_136796688.1	Utg858498_23
OG0001754	WP_136796686.1	Utg859388_183, Utg858498_25
OG0001755	WP_136795841.1	Utg859388_137
OG0001756	WP_136795846.1	Utg859388_133
OG0001757	WP_136795941.1	Utg859388_95
OG0001758	WP_136799252.1	Utg859388_90
OG0001759	WP_136796721.1	Utg857994_44
OG0001760	WP_136796719.1	Utg857994_46
OG0001761	WP_136796718.1	Utg857994_48
OG0001762	WP_136796717.1	Utg857994_49
OG0001763	WP_136798864.1	Utg861448_7, Utg861448_6
OG0001764	WP_136797975.1	Utg866558_20
OG0001765	WP_136795126.1	Utg858432_153
OG0001768	WP_136798751.1	Utg858432_92
OG0001769	WP_136798747.1	Utg858432_83
OG0001770	WP_228721382.1	Utg858432_53
OG0001771	WP_136798546.1	Utg862138_11
OG0001773	WP_136797677.1	Utg859982_138
OG0001774	WP_136799212.1	Utg859098_271
OG0001775	WP_136799769.1, WP_136795553.1	Utg857046_192
OG0001777	WP_136796671.1	Utg857682_37
OG0001778	WP_136798486.1	Utg864866_94
OG0001779	WP_136796049.1	Utg859432_44
OG0001780	WP_136796675.1	Utg859098_164
OG0001781	WP_136796109.1	Utg861744_28, Utg857994_80
OG0001783	WP_136799194.1	Utg859098_364
OG0001784	WP_228721424.1	Utg859982_187
OG0001785	WP_217907705.1	Utg860814_125
OG0001787	WP_136796638.1	Utg860814_152, Utg860814_153
OG0001788	WP_136797128.1	Utg860814_161
OG0001790	WP_136795996.1	Utg857076_56
OG0001792	WP_167495828.1	Utg859236_94
OG0001793	WP_167495695.1	Utg859236_87
OG0001796	WP_176360003.1	Utg857046_47
OG0001797	WP_136799136.1	Utg859388_44
OG0001798	WP_136799890.1	Utg857076_8
OG0001800	WP_136795498.1	Utg861448_34
OG0001801	WP_136795381.1	Utg866558_12
OG0001802	WP_136798270.1	Utg859236_46
OG0001803	WP_136797846.1	Utg859982_110
OG0001804	WP_136796351.1	Utg861744_98
OG0001805	WP_136796179.1, WP_136796269.1, WP_228721467.1	Utg858494_45
OG0001806	WP_136796667.1, WP_217907650.1	Utg858494_47
OG0001807	WP_136796250.1	Utg858494_74, Utg863716_7
OG0001808	WP_136798988.1	Utg859076_67, Utg859076_68
OG0001809	WP_136799475.1, WP_136798217.1	Utg859236_63
OG0001810	WP_136796186.1	Utg859982_191
OG0001811	WP_136796185.1	Utg859982_193, Utg859982_192
OG0001825	WP_136795912.1	Utg857152_81
OG0001833	WP_136796065.1	Utg857152_199
OG0001842	WP_136795450.1	Utg861744_122
OG0001847	WP_136796579.1	Utg859982_55
OG0001848	WP_136796486.1	Utg860006_118
OG0001851	WP_217907699.1	Utg858494_50
OG0001854	WP_136799850.1	Utg859098_120
OG0001865	WP_136797808.1	Utg859388_33
OG0001868	WP_136797853.1	Utg860814_329
OG0001869	WP_136797856.1	Utg860814_325
OG0001870	WP_167495690.1	Utg860814_234
OG0001871	WP_167495775.1	Utg860814_236, Utg863716_11
OG0001872	WP_136799024.1	Utg859750_3, Utg859750_10
OG0001873	WP_136795250.1	Utg860814_212
OG0001874	WP_136797035.1	Utg860814_69
OG0001875	WP_136795695.1	Utg860814_67
OG0001877	WP_136795958.1	Utg861744_38
OG0001879	WP_136796358.1	Utg863716_64
OG0001880	WP_136796359.1	Utg863716_63
OG0001881	WP_136796324.1	Utg863716_32
OG0001882	WP_136795466.1	Utg861744_70
OG0001884	WP_136798285.1	Utg857152_196
OG0001885	WP_136795879.1	Utg857152_174
OG0001886	WP_136798526.1	Utg859750_88
OG0001887	WP_136798527.1	Utg859750_87
OG0001888	WP_136796782.1	Utg859750_80
OG0001889	WP_136799665.1	Utg859750_28
OG0001890	WP_228721455.1	Utg864866_95
OG0001891	WP_136797421.1	Utg864866_55
OG0001895	WP_136797409.1	Utg864866_10
OG0001898	WP_136796058.1	Utg859432_9, Utg859432_53
OG0001900	WP_136799829.1	Utg859236_101
OG0001904	WP_136797016.1	Utg860814_155
OG0001905	WP_136799206.1	Utg861744_99
OG0001906	WP_267314005.1	Utg861744_103
OG0001907	WP_136798795.1	Utg861744_107
OG0001908	WP_136796366.1	Utg861744_112
OG0001909	WP_136799405.1	Utg857300_54
OG0001910	WP_136796823.1	Utg857152_120
OG0001911	WP_136799412.1	Utg857300_44
OG0001912	WP_136795590.1	Utg857300_33
OG0001913	WP_136795592.1	Utg857300_31
OG0001914	WP_136798662.1	Utg860006_114, Utg859076_4, Utg859076_3
OG0001915	WP_136796062.1	Utg860814_132, Utg860814_133
OG0001918	WP_136798655.1	Utg857046_266
OG0001923	WP_136795249.1	Utg861744_139
OG0001926	WP_136795257.1	Utg857152_17
OG0001927	WP_136795204.1	Utg857152_30, Utg857152_29
OG0001928	WP_167495608.1	Utg857152_32
OG0001929	WP_136795183.1	Utg857152_56
OG0001930	WP_136795181.1	Utg857152_59
OG0001931	WP_136795179.1	Utg857152_61
OG0001933	WP_217907623.1	Utg857046_208
OG0001934	WP_136799819.1	Utg857046_183
OG0001935	WP_167495643.1	Utg857046_162
OG0001936	WP_136795626.1	Utg857046_139
OG0001937	WP_136795622.1	Utg857046_133
OG0001938	WP_136795619.1	Utg859098_40, Utg857046_130
OG0001939	WP_136795581.1	Utg857046_23
OG0001940	WP_136795574.1	Utg857046_9
OG0001941	WP_136799417.1	Utg857046_7
OG0001943	WP_136798122.1	Utg857490_28
OG0001944	WP_136798118.1	Utg857490_23
OG0001945	WP_136798115.1	Utg857490_18
OG0001946	WP_136798802.1	Utg859432_82
OG0001947	WP_136798801.1	Utg859432_81
OG0001948	WP_136798109.1	Utg857490_14
OG0001949	WP_136798108.1	Utg857490_13
OG0001950	WP_136798107.1	Utg857490_12
OG0001951	WP_167495801.1	Utg858494_87
OG0001953	WP_136796970.1	Utg857076_34
OG0001954	WP_136796969.1	Utg857076_33
OG0001955	WP_136796964.1	Utg857076_27
OG0001956	WP_136796941.1	Utg859236_61
OG0001958	WP_136796614.1	Utg860006_28
OG0001959	WP_136798672.1	Utg860006_40
OG0001960	WP_275942933.1	Utg860006_45
OG0001962	WP_136797567.1, WP_136796629.1	Utg860006_62
OG0001963	WP_136796633.1	Utg860006_66
OG0001964	WP_136795875.1	Utg860006_67
OG0001965	WP_136798186.1	Utg860006_82
OG0001967	WP_136795975.1	Utg860006_139
OG0001970	WP_136798712.1	Utg860006_164
OG0001971	WP_136797784.1	Utg859388_16
OG0001972	WP_136797811.1	Utg859388_30
OG0001973	WP_136798959.1	Utg861744_101
OG0001974	WP_136797643.1	Utg859982_48
OG0001975	WP_136796696.1	Utg857994_17
OG0001976	WP_136798362.1	Utg857152_220
OG0001977	WP_136797682.1	Utg859982_141
OG0001979	WP_136797699.1	Utg859982_158
OG0001980	WP_167495779.1	Utg859982_173
OG0001981	WP_136795374.1	Utg861448_63
OG0001983	WP_167495721.1	Utg859098_177
OG0001984	WP_228721509.1	Utg859098_183
OG0001985	WP_153305561.1	Utg859098_209
OG0001986	WP_136796747.1	Utg859098_227
OG0001987	WP_136796743.1	Utg859098_232
OG0001988	WP_136796742.1	Utg859098_233
OG0001989	WP_136798190.1	Utg857046_264
OG0001991	WP_136799272.1	Utg859098_320
OG0001992	WP_136796750.1	Utg859098_340
OG0001994	WP_228721338.1	Utg859098_345
OG0001995	WP_136795823.1	Utg859098_347
OG0001996	WP_136795824.1	Utg859098_348
OG0001997	WP_136795825.1	Utg859098_349
OG0001998	WP_136796680.1	Utg859098_169
OG0001999	WP_136799853.1	Utg859098_155
OG0002004	WP_136799857.1	Utg859388_125
OG0002005	WP_228721349.1	Utg859388_100
OG0002006	WP_136799249.1	Utg859388_94
OG0002007	WP_167495875.1	Utg859982_14, Utg859982_13
OG0002008	WP_136799268.1	Utg859982_3
OG0002009	WP_136797652.1	Utg859982_82
OG0002010	WP_136796710.1	Utg857994_127
OG0002011	WP_136799188.1	Utg861448_12
OG0002012	WP_136799107.1	Utg857992_17
OG0002013	WP_136797969.1	Utg866558_27
OG0002014	WP_136797968.1	Utg866558_28
OG0002015	WP_136797948.1	Utg858432_106
OG0002016	WP_136798746.1	Utg858432_82
OG0002017	WP_228721380.1	Utg858432_77
OG0002018	WP_136798742.1	Utg858432_76
OG0002019	WP_136798741.1	Utg858432_75
OG0002020	WP_136798717.1	Utg858432_27
OG0002021	WP_136798279.1	Utg858432_12
OG0002024	WP_136796323.1	Utg863716_31
OG0002025	WP_136795826.1	Utg859098_350
OG0002026	WP_136796972.1	Utg857076_37
OG0002028	WP_136796655.1	Utg858432_140
OG0002034	WP_136796401.1	Utg857682_82
OG0002035	WP_136799820.1	Utg857994_215, Utg860814_305
OG0002036	WP_136795618.1	Utg857046_103
OG0002037	WP_136797884.1	Utg860814_256
OG0002039	WP_263577274.1	Utg864866_16
OG0002040	WP_136795961.1	Utg860814_274
OG0002041	WP_228721420.1	Utg857994_114
OG0002046	WP_136798111.1	Utg859098_287
OG0002047	WP_136797263.1	Utg858494_3, Utg858494_2
OG0002048	WP_136798181.1	Utg859982_163
OG0002049	WP_136798182.1	Utg859982_162
OG0002050	WP_136798146.1	Utg859982_117
OG0002051	WP_136797582.1	Utg859982_84
OG0002052	WP_136796368.1	Utg865370_9
OG0002054	WP_136799375.1	Utg863716_42
OG0002055	WP_136797313.1	Utg860814_124
OG0002056	WP_136796357.1	Utg860814_135
OG0002057	WP_136795471.1	Utg860814_166
OG0002058	WP_136798973.1	Utg857076_68
OG0002059	WP_136798975.1	Utg857076_66
OG0002061	WP_136796154.1	Utg857300_14
OG0002065	WP_136796362.1	Utg859076_21
OG0002068	WP_136797402.1	Utg861744_90
OG0002071	WP_136798934.1, WP_217907630.1	Utg857994_112
OG0002072	WP_136798414.1	Utg858432_63
OG0002074	WP_167495691.1, WP_228721319.1	Utg859098_399
OG0002076	WP_136798407.1	Utg861448_54
OG0002106	WP_136795605.1	Utg857046_83
OG0002115	WP_136800063.1, WP_136798323.1, WP_136798246.1	Utg858494_20
OG0002135	WP_217907717.1, WP_136796561.1	Utg861448_33
OG0002137	WP_136795726.1	Utg857300_7
OG0002155	WP_136797887.1	Utg860814_244
OG0002157	WP_228721324.1	Utg860814_233
OG0002159	WP_136795697.1	Utg860814_81
OG0002161	WP_136796640.1	Utg863716_113
OG0002162	WP_136796765.1	Utg863716_98
OG0002163	WP_228721484.1	Utg863716_89
OG0002165	WP_136796774.1	Utg863716_84
OG0002167	WP_136798668.1	Utg861744_72
OG0002168	WP_136796793.1	Utg859750_67
OG0002169	WP_228721457.1	Utg859750_25
OG0002175	WP_136796225.1	Utg864866_17
OG0002177	WP_136796066.1	Utg859432_62
OG0002183	WP_136796504.1, WP_136797583.1	Utg860814_119
OG0002187	WP_136796829.1	Utg857152_201
OG0002190	WP_136796824.1	Utg863716_39
OG0002193	WP_136796099.1	Utg861744_42
OG0002197	WP_136797659.1	Utg860006_162
OG0002198	WP_136796682.1	Utg859098_175
OG0002200	WP_136795591.1	Utg857300_32
OG0002201	WP_136795594.1	Utg857300_29
OG0002204	WP_136798185.1	Utg857152_186
OG0002205	WP_136796060.1	Utg860814_130
OG0002206	WP_136796061.1	Utg860814_131
OG0002207	WP_136796904.1	Utg860814_149
OG0002209	WP_136799175.1	Utg859750_30
OG0002217	WP_136797656.1	Utg857152_5
OG0002219	WP_167495606.1	Utg857152_54
OG0002220	WP_136795171.1	Utg857152_71
OG0002221	WP_136795160.1	Utg857152_88
OG0002222	WP_167495644.1	Utg857046_212
OG0002225	WP_136799822.1	Utg857046_165
OG0002226	WP_136799821.1	Utg857046_164
OG0002227	WP_136795737.1	Utg857046_160
OG0002228	WP_167495635.1	Utg857046_10
OG0002229	WP_136795573.1	Utg857046_8
OG0002231	WP_136795572.1	Utg857046_3
OG0002232	WP_136795571.1	Utg857046_2
OG0002233	WP_136795570.1	Utg857046_1
OG0002237	WP_136798125.1	Utg857490_32
OG0002241	WP_136798264.1	Utg859236_38
OG0002243	WP_136798253.1	Utg859236_24
OG0002245	WP_176360054.1	Utg860006_42
OG0002246	WP_136796615.1	Utg860006_43
OG0002247	WP_136796616.1	Utg860006_44
OG0002248	WP_136796625.1	Utg860006_57
OG0002249	WP_136796627.1	Utg860006_59
OG0002250	WP_228721462.1	Utg860006_81
OG0002251	WP_228721359.1	Utg859388_42
OG0002252	WP_136797994.1	Utg859388_62
OG0002253	WP_136798007.1	Utg859388_75
OG0002254	WP_167495800.1	Utg859982_35
OG0002255	WP_136797641.1	Utg859982_47
OG0002256	WP_136796423.1	Utg859982_78
OG0002257	WP_136799832.1	Utg859236_107
OG0002258	WP_136795982.1	Utg857994_29
OG0002259	WP_136797688.1	Utg859982_146
OG0002261	WP_136799292.1	Utg859098_219
OG0002263	WP_136798189.1	Utg857046_263
OG0002264	WP_136797477.1	Utg858432_114
OG0002265	WP_136796289.1	Utg859098_257
OG0002266	WP_136798469.1	Utg860006_120
OG0002267	WP_228721443.1	Utg860006_121
OG0002277	WP_136795852.1	Utg859388_127
OG0002280	WP_136797438.1	Utg866558_34
OG0002281	WP_136795761.1	Utg858432_160
OG0002282	WP_136795760.1	Utg858432_159
OG0002283	WP_136796658.1	Utg858432_146
OG0002284	WP_136796126.1	Utg858432_123
OG0002285	WP_136798749.1	Utg858432_89
OG0002286	WP_136798745.1	Utg858432_80
OG0002287	WP_136798727.1	Utg858432_40
OG0002288	WP_167495809.1	Utg858432_9
OG0002290	WP_136796538.1	Utg862138_38
OG0002291	WP_136798532.1	Utg862138_28
OG0002292	WP_136798554.1	Utg862138_3
OG0002294	WP_217907594.1	Utg857046_143
OG0002295	WP_136799101.1	Utg859098_342
OG0002297	WP_136796112.1	Utg861744_23
OG0002304	WP_136795766.1	Utg859236_5, Utg859098_32
OG0002308	WP_136795363.1	Utg857994_100
OG0002309	WP_136796090.1	Utg864866_8
OG0002310	WP_136795907.1	Utg859432_76
OG0002312	WP_136798180.1	Utg859982_164
OG0002317	WP_267314008.1, WP_248595812.1	Utg861744_57
OG0002318	WP_228721461.1	Utg859750_53
OG0002319	WP_136797807.1	Utg859750_56
OG0002320	WP_217907696.1	Utg859750_60
OG0002321	WP_136799893.1	Utg857152_161
OG0002322	WP_136796946.1	Utg859750_37
OG0002324	WP_228721477.1	Utg863716_41
OG0002325	WP_136796768.1	Utg863716_94
OG0002328	WP_136796513.1	Utg859098_397
OG0002330	WP_250697407.1	Utg860814_275
OG0002335	WP_136799654.1	Utg859098_294
OG0002339	WP_136795259.1	Utg857152_15
OG0002341	WP_136799674.1	Utg857994_221, Utg859098_396
OG0002343	WP_136796361.1	Utg859076_22
OG0002345	WP_136795635.1	Utg859098_423
OG0002346	WP_136795636.1	Utg859098_425
OG0002347	WP_136799318.1	Utg859098_430
OG0002348	WP_136798670.1	Utg862138_33
OG0002349	WP_136797852.1	Utg858432_1, Utg862138_56
OG0002350	WP_136796442.1	Utg858432_144
OG0002355	WP_136796005.1	Utg857152_146, Utg857046_92
OG0002357	WP_167495734.1	Utg857152_239
OG0002358	WP_136796162.1, WP_136797499.1	Utg857682_60
OG0002359	WP_136798987.1	Utg857994_94
OG0002360	WP_136797081.1	Utg857994_95
OG0002362	WP_136797637.1	Utg858432_155
OG0002363	WP_136798236.1	Utg859098_412
OG0002364	WP_136796492.1	Utg859750_42
OG0002365	WP_136796148.1	Utg859982_59
OG0002366	WP_136798630.1	Utg859982_208
OG0002367	WP_228721337.1	Utg860814_312
OG0002368	WP_136797841.1, WP_136798153.1	Utg862138_49
OG0002488	WP_136798616.1	Utg857994_197
OG0002498	WP_136797602.1	Utg863716_10, Utg860814_237
OG0002500	WP_136798512.1	Utg863716_107
OG0002501	WP_136798199.1	Utg857682_38
OG0002502	WP_136796998.1	Utg857682_15
OG0002504	WP_136796788.1	Utg859750_72
OG0002505	WP_136799669.1	Utg859750_23
OG0002507	WP_136798205.1	Utg857994_199
OG0002514	WP_136797077.1	Utg857682_93
OG0002515	WP_167495749.1	Utg857682_91
OG0002516	WP_167495901.1	Utg857682_81
OG0002518	WP_136797107.1	Utg857992_16
OG0002528	WP_136796851.1	Utg860814_221
OG0002532	WP_136795433.1	Utg861744_140
OG0002534	WP_136797963.1	Utg863716_19
OG0002538	WP_167495831.1	Utg859076_18
OG0002542	WP_136796287.1	Utg859432_58
OG0002549	WP_136795199.1	Utg857152_36
OG0002550	WP_136795976.1	Utg857152_51
OG0002551	WP_136795977.1	Utg857152_52
OG0002552	WP_167495605.1	Utg857152_60
OG0002556	WP_136795749.1	Utg857046_207
OG0002557	WP_136797639.1	Utg857046_184
OG0002559	WP_136795604.1	Utg857046_82
OG0002560	WP_136797526.1	Utg857682_36
OG0002563	WP_136795315.1	Utg857490_25
OG0002565	WP_167495737.1	Utg859236_108
OG0002567	WP_136799795.1	Utg859388_9
OG0002570	WP_136796983.1	Utg866558_47
OG0002572	WP_167495935.1	Utg860006_8
OG0002573	WP_228721431.1	Utg860006_37
OG0002574	WP_136798674.1	Utg860006_38
OG0002575	WP_136798673.1	Utg860006_39
OG0002577	WP_136798400.1	Utg860006_153
OG0002578	WP_228721384.1	Utg860006_160
OG0002583	WP_136799834.1	Utg859236_106
OG0002584	WP_136797691.1	Utg859982_153
OG0002585	WP_136797705.1	Utg859982_171
OG0002586	WP_167495780.1	Utg859982_183
OG0002589	WP_275942931.1	Utg859098_207
OG0002590	WP_136798191.1	Utg857046_265
OG0002594	WP_136799269.1	Utg859098_316
OG0002595	WP_167495878.1	Utg859098_335
OG0002603	WP_228721508.1	Utg858498_6
OG0002605	WP_136799034.1	Utg859388_153
OG0002606	WP_136799033.1	Utg859388_152
OG0002607	WP_136795851.1	Utg859388_128
OG0002608	WP_136799253.1	Utg859388_89
OG0002609	WP_136799042.1	Utg859982_79
OG0002611	WP_136798922.1	Utg858494_75
OG0002612	WP_136798923.1	Utg858494_76
OG0002613	WP_136798924.1	Utg858494_77
OG0002614	WP_136798926.1	Utg858494_79
OG0002619	WP_136799043.1	Utg858432_133
OG0002621	WP_217907612.1	Utg858432_55
OG0002624	WP_136796135.1	Utg864866_24
OG0002628	WP_136797985.1	Utg864866_39
OG0002629	WP_181212308.1	Utg857046_257
OG0002630	WP_136797810.1	Utg859388_31
OG0002633	WP_136795166.1	Utg857152_78
OG0002634	WP_136798057.1	Utg858494_102
OG0002635	WP_136799955.1	Utg860006_7
OG0002637	WP_136795744.1	Utg857046_202
OG0002639	WP_136798918.1	Utg857046_25
OG0002646	WP_136799886.1	Utg859750_19
OG0002648	WP_136796403.1	Utg859098_313
OG0002649	WP_136795331.1	Utg859098_308
OG0002650	WP_136795332.1	Utg859098_306
OG0002653	WP_136798846.1	Utg859098_234
OG0002655	WP_136797146.1	Utg859098_410
OG0002656	WP_136799027.1	Utg859982_116
OG0002661	WP_136796128.1	Utg865370_10
OG0002663	WP_228721496.1	Utg857152_171
OG0002664	WP_136796942.1	Utg859750_39
OG0002665	WP_136796944.1	Utg859750_41
OG0002666	WP_228721386.1	Utg859750_40
OG0002669	WP_153305539.1	Utg863716_70
OG0002674	WP_136798625.1	Utg860814_193
OG0002675	WP_136797890.1	Utg860814_239
OG0002676	WP_136797605.1	Utg859236_74
OG0002677	WP_136799385.1	Utg857076_13
OG0002683	WP_136796188.1	Utg857152_118
OG0002688	WP_217907709.1	Utg859076_66
OG0002691	WP_136798044.1	Utg858494_84
OG0002695	WP_136796469.1	Utg866558_3
OG0002696	WP_136796468.1	Utg866558_2
OG0002697	WP_136796467.1	Utg866558_1
OG0002706	WP_136798871.1	Utg857046_15
OG0002708	WP_136798451.1	Utg857152_152
OG0002709	WP_167495744.1	Utg857152_245
OG0002710	WP_136798809.1, WP_136796528.1	Utg857152_247
OG0002711	WP_167495772.1	Utg857682_120
OG0002712	WP_136795246.1	Utg857994_110
OG0002714	WP_136796178.1	Utg858494_48
OG0002715	WP_136795355.1	Utg858494_51
OG0002716	WP_136796417.1	Utg859076_64
OG0002717	WP_228721409.1	Utg859982_96
OG0002718	WP_167495719.1	Utg859982_115
OG0002719	WP_136798631.1	Utg859982_209
OG0002720	WP_136797000.1	Utg859982_211, Utg859982_210
OG0002721	WP_136795432.1, WP_136798894.1	Utg860814_231
OG0002724	WP_136798152.1	Utg862138_48
OG0002725	WP_267314027.1	Utg863716_122
OG0002914	WP_136797585.1	Utg859388_35
OG0002922	WP_136795501.1	Utg857682_30
OG0002929	WP_136798594.1	Utg859432_59
OG0002930	WP_136798593.1	Utg859432_60
OG0002954	WP_167495863.1	Utg860814_74
OG0002983	WP_217907607.1	Utg859388_19
OG0002986	WP_136798354.1	Utg857152_216
OG0003006	WP_136798925.1	Utg858494_78
OG0003007	WP_167495853.1	Utg858494_80
OG0003031	WP_136797762.1	Utg857994_141
OG0003032	WP_136795769.1	Utg857994_180, Utg857994_176
OG0003041	WP_136799635.1	Utg864866_100
OG0003042	WP_136799634.1	Utg864866_99
OG0003043	WP_217907691.1	Utg864866_97
OG0003052	WP_136795329.1	Utg859098_310
OG0003053	WP_136798195.1	Utg859098_307
OG0003067	WP_136799894.1	Utg857152_162
OG0003075	WP_167495714.1	Utg857152_248
OG0003077	WP_136796418.1	Utg863716_128
OG0003078	WP_136799018.1	Utg860814_83
OG0003081	WP_136798967.1	Utg860814_136
OG0003082	WP_136798966.1	Utg860814_137
OG0003083	WP_136795274.1	Utg860814_144
OG0003087	WP_136796004.1	Utg859098_405
OG0003088	WP_136798790.1	Utg859236_72
OG0003099	WP_217907683.1	Utg857152_145
OG0003100	WP_176360045.1, WP_136799484.1	Utg859432_5
OG0003106	WP_136796302.1	Utg857046_35
OG0003124	WP_136796473.1	Utg866558_7
OG0003125	WP_136796472.1	Utg866558_6
OG0003126	WP_167495709.1	Utg866558_5
OG0003127	WP_136796470.1	Utg866558_4
OG0003128	WP_136796462.1	Utg857992_38
OG0003130	WP_136797851.1	Utg860006_154
OG0003132	WP_136798646.1	Utg859236_50
OG0003133	WP_136795509.1	Utg857994_87
OG0003134	WP_136797539.1	Utg861744_124
OG0003138	WP_136798868.1, WP_136799660.1	Utg857046_18
OG0003139	WP_136798994.1	Utg857046_157
OG0003140	WP_136795917.1	Utg857076_12
OG0003141	WP_136797041.1	Utg857152_244
OG0003144	WP_217907633.1, WP_136799647.1, WP_136799530.1	Utg858432_59
OG0003145	WP_136799935.1, WP_136799648.1, WP_167495618.1	Utg858432_60
OG0003146	WP_136795429.1	Utg858494_67
OG0003147	WP_167495672.1, WP_136799537.1	Utg859098_295
OG0003149	WP_136797839.1	Utg859388_161
OG0003150	WP_136796440.1	Utg859750_92
OG0003151	WP_136797837.1	Utg859982_122
OG0003152	WP_136797002.1	Utg859982_213
OG0003154	WP_136795484.1	Utg860814_44
OG0003159	WP_136797399.1	Utg863716_6
OG0003160	WP_136797471.1	Utg863716_126
OG0003614	WP_136796261.1	Utg857994_98
OG0003655	WP_136798884.1	Utg861448_62
OG0003722	WP_136800000.1	Utg857682_44
OG0003747	WP_167495696.1	Utg859076_20
OG0003791	WP_136799236.1, WP_136798707.1	Utg857046_238
OG0003795	WP_136798198.1	Utg857682_61
OG0003796	WP_217907617.1	Utg857682_99
OG0003800	WP_167495842.1	Utg857994_109
OG0003803	WP_136796565.1	Utg858494_52
OG0003804	WP_136800012.1	Utg859098_14
OG0003807	WP_136798949.1	Utg859098_296
OG0003808	WP_217907596.1	Utg859098_358
OG0003810	WP_167495856.1	Utg859098_395
OG0003811	WP_136799509.1	Utg859236_67
OG0003815	WP_136795277.1	Utg859982_109
OG0003817	WP_136799324.1	Utg859982_160
OG0003818	WP_136799958.1	Utg860006_10
OG0003819	WP_167495854.1	Utg861448_47
OG0004857	WP_136797043.1	Utg857152_246
OG0004868	WP_136799649.1	Utg858432_61
OG0004869	WP_176360058.1	Utg858432_62
OG0004870	WP_136798669.1	Utg858432_67
OG0004896	WP_136796193.1	Utg859432_26
