Orthogroup	Desulfosediminicola ganghwensis IMCC35004	Desulfovibrio ferrophilus IS5
OG0000000	WP_136797951.1	WP_126376458.1
OG0000000	WP_136798610.1	WP_126379949.1
OG0000000	WP_136798833.1	WP_126379731.1
OG0000000	WP_136795862.1	WP_126379473.1, WP_126380421.1
OG0000000	WP_136798339.1, WP_136796441.1	WP_172961679.1
OG0000000	WP_136797028.1, WP_136799931.1	WP_126377754.1
OG0000000	WP_136795637.1, WP_136796984.1	WP_126380558.1
OG0000000	WP_136796539.1	WP_172961667.1
OG0000000	WP_176360009.1, WP_228721410.1	WP_126377909.1
OG0000000	WP_136798981.1	WP_126377956.1
OG0000001	WP_136796374.1	WP_126376510.1, WP_172961810.1
OG0000001	WP_136798931.1	WP_126376875.1, WP_126378261.1, WP_172961567.1, WP_126380896.1
OG0000001	WP_136799195.1	WP_126375573.1
OG0000001	WP_136798261.1	WP_126375584.1, WP_172961715.1
OG0000002	WP_217907664.1	WP_126380848.1
OG0000002	WP_136796249.1	WP_126380045.1, WP_126380572.1
OG0000002	WP_136798842.1	WP_197723458.1
OG0000002	WP_136798935.1	WP_126377640.1
OG0000002	WP_275942957.1	WP_126376855.1
OG0000002	WP_136796313.1	WP_126380920.1
OG0000002	WP_136799606.1, WP_136799805.1	WP_126378796.1
OG0000002	WP_136796899.1	WP_126380628.1
OG0000004	WP_136796385.1	WP_172961808.1
OG0000004	WP_136798650.1	WP_126381022.1
OG0000005	WP_136796309.1	WP_126375692.1
OG0000005	WP_136797383.1	WP_126376141.1
OG0000005	WP_167495701.1, WP_167495890.1	WP_126378870.1
OG0000005	WP_136799321.1	WP_126380638.1
OG0000005	WP_136799362.1, WP_167495679.1, WP_136797789.1	WP_172961730.1
OG0000007	WP_228721345.1	WP_126381476.1
OG0000007	WP_136796543.1	WP_126375925.1
OG0000007	WP_136795639.1	WP_126381411.1
OG0000007	WP_217907574.1	WP_126375605.1
OG0000007	WP_136796830.1	WP_126379380.1
OG0000008	WP_136796499.1	WP_126379377.1
OG0000008	WP_167495786.1	WP_126380866.1
OG0000008	WP_136796821.1	WP_126376430.1
OG0000008	WP_136797473.1	WP_126378253.1
OG0000009	WP_136796828.1	WP_126376614.1
OG0000009	WP_167495941.1	WP_126381118.1
OG0000009	WP_228721437.1	WP_126380358.1
OG0000010	WP_136799911.1	WP_126380060.1
OG0000010	WP_136795772.1	WP_232034795.1
OG0000011	WP_136799658.1	WP_126381100.1, WP_126380384.1
OG0000011	WP_136796266.1	WP_126375556.1
OG0000011	WP_136799595.1	WP_126379898.1
OG0000011	WP_136798603.1, WP_136798211.1, WP_217907688.1	WP_126380793.1
OG0000012	WP_228721381.1	WP_232034787.1
OG0000012	WP_136796722.1	WP_126380912.1
OG0000012	WP_136798832.1	WP_172961727.1
OG0000013	WP_228721392.1, WP_136799928.1	WP_126376569.1, WP_126379729.1
OG0000013	WP_136797029.1, WP_136799932.1, WP_136797031.1	WP_126376573.1
OG0000014	WP_176360024.1	WP_126377105.1
OG0000014	WP_136795895.1	WP_126380551.1
OG0000015	WP_228721502.1	WP_126376089.1
OG0000015	WP_136798430.1	WP_126377238.1
OG0000015	WP_136796070.1	WP_172961650.1
OG0000016	WP_136797847.1, WP_136796187.1	WP_172961559.1
OG0000016	WP_136799049.1, WP_136797826.1, WP_136795956.1, WP_167495613.1	WP_126378703.1
OG0000018	WP_167495927.1	WP_126378455.1
OG0000019	WP_136796978.1	WP_126380934.1
OG0000019	WP_228721469.1	WP_232034874.1
OG0000020	WP_136797088.1, WP_136796993.1	WP_126375608.1
OG0000020	WP_136798358.1	WP_126375676.1
OG0000021	WP_136797283.1, WP_136799171.1	WP_126380735.1
OG0000021	WP_136797285.1, WP_136796275.1	WP_126379959.1, WP_126381453.1, WP_126379546.1
OG0000023	WP_136798830.1	WP_126379216.1
OG0000024	WP_136796326.1	WP_126375630.1
OG0000024	WP_136797387.1	WP_126381489.1
OG0000024	WP_136798855.1	WP_126380860.1
OG0000026	WP_136799106.1	WP_126379565.1
OG0000026	WP_136796894.1	WP_126380889.1
OG0000027	WP_136795589.1, WP_136796842.1	WP_126376537.1, WP_126377878.1
OG0000028	WP_136798422.1	WP_126381116.1
OG0000028	WP_136799929.1, WP_136797026.1	WP_126376567.1
OG0000029	WP_136796505.1	WP_172961565.1
OG0000029	WP_136797658.1	WP_126377624.1
OG0000030	WP_136797137.1	WP_126376853.1
OG0000030	WP_228721452.1	WP_232034763.1
OG0000030	WP_228721479.1	WP_126380627.1
OG0000031	WP_136798099.1	WP_126379174.1
OG0000031	WP_228721468.1, WP_153305575.1, WP_153305538.1, WP_136797822.1, WP_228721326.1, WP_136799053.1	WP_126380000.1
OG0000032	WP_136797248.1	WP_232034896.1
OG0000032	WP_136799837.1	WP_126380997.1
OG0000033	WP_167495906.1	WP_232034906.1
OG0000033	WP_228721439.1	WP_126380666.1
OG0000034	WP_136797474.1	WP_269471682.1
OG0000035	WP_136796974.1	WP_232034774.1, WP_126381133.1, WP_172961635.1, WP_126376101.1
OG0000036	WP_136796268.1	WP_126375559.1
OG0000036	WP_136798210.1	WP_126380791.1
OG0000038	WP_136796619.1	WP_232034908.1
OG0000038	WP_136795232.1, WP_136797873.1	WP_126376738.1
OG0000039	WP_136795328.1	WP_126378763.1
OG0000039	WP_136798188.1	WP_126379639.1
OG0000040	WP_136799761.1	WP_172961731.1
OG0000041	WP_167495619.1	WP_172961587.1
OG0000042	WP_217907590.1	WP_126379529.1
OG0000042	WP_275942936.1	WP_126377521.1
OG0000045	WP_167495904.1, WP_267314012.1	WP_232034928.1
OG0000045	WP_136797412.1	WP_126379890.1
OG0000046	WP_136798985.1	WP_126380043.1
OG0000046	WP_136797836.1	WP_126379445.1
OG0000046	WP_136798359.1	WP_126375663.1
OG0000047	WP_167495646.1	WP_172961739.1
OG0000048	WP_136798807.1, WP_136797116.1	WP_126381030.1
OG0000048	WP_136795596.1	WP_126379303.1
OG0000049	WP_136799871.1	WP_172961615.1
OG0000051	WP_136799052.1, WP_136798861.1, WP_228721506.1, WP_176360047.1, WP_153305574.1, WP_267313990.1	WP_126379995.1
OG0000052	WP_136799093.1, WP_136795730.1, WP_136799536.1, WP_136799751.1, WP_136796158.1	WP_126380843.1
OG0000053	WP_136797779.1	WP_126381249.1
OG0000053	WP_136795598.1	WP_126377151.1
OG0000055	WP_136796674.1	WP_126379655.1
OG0000057	WP_136798992.1	WP_172961733.1
OG0000058	WP_136796804.1	WP_126375819.1
OG0000059	WP_136796392.1, WP_136796893.1, WP_136799176.1	WP_232034798.1
OG0000060	WP_136799403.1, WP_136796475.1	WP_126379040.1, WP_232034744.1
OG0000061	WP_136797118.1, WP_136798806.1	WP_126381032.1
OG0000062	WP_136799342.1	WP_126380870.1
OG0000062	WP_167495790.1, WP_136799168.1, WP_136796276.1	WP_126379963.1, WP_126379859.1
OG0000063	WP_136798008.1	WP_126380494.1
OG0000064	WP_136796630.1, WP_136796784.1	WP_126377057.1
OG0000065	WP_136799671.1	WP_126379160.1
OG0000066	WP_136797211.1	WP_172961713.1
OG0000067	WP_217907645.1	WP_126379961.1, WP_126379861.1
OG0000067	WP_136797286.1, WP_136797906.1, WP_136799169.1, WP_136797560.1	WP_126380869.1
OG0000068	WP_136796932.1	WP_126378496.1
OG0000068	WP_136798038.1	WP_172961792.1
OG0000069	WP_228721441.1, WP_228721419.1, WP_136796966.1	WP_126379705.1
OG0000071	WP_136799261.1	WP_126379188.1
OG0000072	WP_136799262.1	WP_126378397.1
OG0000072	WP_136796882.1	WP_126381070.1
OG0000074	WP_136800028.1	WP_126380953.1
OG0000074	WP_136795215.1, WP_136796902.1	WP_126379593.1
OG0000075	WP_136796898.1	WP_126380626.1
OG0000075	WP_136799800.1	WP_126376867.1
OG0000075	WP_136798405.1	WP_126376787.1, WP_126376781.1
OG0000077	WP_136799204.1	WP_126379711.1
OG0000077	WP_136797723.1	WP_126377449.1
OG0000078	WP_136797872.1, WP_136795211.1	WP_126376995.1, WP_126376997.1
OG0000079	WP_136798159.1	WP_232034839.1
OG0000081	WP_136797478.1	WP_172961767.1, WP_126376632.1, WP_126380364.1, WP_126376897.1, WP_126375579.1, WP_126379190.1, WP_126375794.1
OG0000083	WP_167495661.1	WP_172961574.1
OG0000084	WP_136798213.1	WP_172961782.1
OG0000084	WP_136798627.1, WP_136798215.1, WP_136799479.1	WP_126379819.1
OG0000085	WP_136796338.1	WP_172961786.1
OG0000085	WP_136796087.1	WP_126381273.1
OG0000086	WP_136795286.1	WP_126375833.1
OG0000086	WP_136798754.1	WP_126376484.1
OG0000086	WP_136799066.1	WP_126375563.1
OG0000087	WP_136796508.1	WP_126376666.1
OG0000088	WP_136795954.1	WP_126376259.1
OG0000091	WP_267314029.1, WP_136797254.1	WP_126379497.1
OG0000092	WP_136796868.1, WP_136796490.1	WP_126378232.1
OG0000093	WP_136798682.1, WP_136800036.1, WP_136799485.1, WP_136796228.1, WP_136797915.1, WP_167495929.1, WP_136798528.1	WP_126377889.1, WP_126380751.1
OG0000095	WP_136799860.1	WP_232034876.1
OG0000097	WP_136798365.1	WP_126380356.1
OG0000098	WP_136796883.1	WP_126381073.1
OG0000098	WP_136799263.1	WP_126381415.1
OG0000099	WP_136798797.1	WP_126376575.1, WP_126378972.1
OG0000100	WP_136798504.1, WP_136795568.1	WP_126380829.1, WP_232034760.1
OG0000101	WP_136796133.1, WP_275942959.1	WP_126380553.1, WP_126376877.1
OG0000102	WP_136795201.1, WP_136799936.1	WP_126375587.1
OG0000103	WP_136795741.1, WP_136795457.1	WP_126375876.1
OG0000104	WP_136795137.1	WP_126377346.1, WP_126377988.1
OG0000105	WP_167495799.1, WP_136795700.1	WP_126379501.1
OG0000106	WP_136796871.1, WP_136799199.1, WP_136797460.1	WP_126380444.1
OG0000107	WP_136797882.1	WP_126375961.1
OG0000110	WP_176359997.1	WP_126379985.1, WP_126376245.1
OG0000111	WP_136798212.1	WP_126380792.1
OG0000111	WP_136796267.1	WP_172961560.1
OG0000112	WP_136795162.1, WP_136799396.1	WP_126377306.1, WP_126379449.1
OG0000113	WP_136798881.1	WP_126376671.1
OG0000114	WP_136798085.1	WP_126377356.1
OG0000114	WP_136796322.1	WP_126376037.1
OG0000115	WP_136795176.1	WP_126377362.1
OG0000116	WP_136799062.1	WP_126376215.1
OG0000117	WP_136796980.1	WP_126380925.1
OG0000118	WP_136796981.1	WP_126381543.1
OG0000120	WP_136796277.1, WP_136797907.1, WP_217907646.1	WP_126379965.1, WP_126379857.1
OG0000120	WP_136799167.1	WP_172961620.1
OG0000126	WP_228721374.1	WP_126379210.1
OG0000127	WP_136799486.1	WP_126379366.1
OG0000127	WP_136798113.1, WP_136799487.1	WP_126379368.1
OG0000128	WP_136796763.1, WP_136795788.1	WP_232034755.1
OG0000130	WP_136796463.1	WP_172961687.1, WP_126380098.1, WP_126379042.1
OG0000131	WP_136797768.1	WP_126380299.1
OG0000132	WP_228721466.1	WP_126380313.1
OG0000132	WP_136795253.1	WP_126375702.1
OG0000133	WP_228721521.1	WP_232034812.1
OG0000134	WP_136796679.1	WP_126377750.1
OG0000135	WP_136797121.1, WP_136798501.1	WP_126379924.1
OG0000136	WP_136795808.1	WP_126377707.1
OG0000138	WP_136797829.1	WP_232034766.1
OG0000142	WP_167495789.1	WP_126377727.1
OG0000143	WP_136796789.1	WP_126376543.1, WP_126377487.1, WP_126375622.1
OG0000144	WP_136797990.1	WP_126379267.1
OG0000145	WP_136795140.1	WP_126376563.1
OG0000146	WP_136795918.1	WP_126377153.1, WP_126375637.1
OG0000148	WP_176360048.1	WP_126375591.1
OG0000150	WP_136795891.1, WP_136795197.1	WP_126377334.1
OG0000151	WP_167495648.1	WP_232034777.1, WP_126380074.1
OG0000152	WP_136796510.1	WP_126377470.1
OG0000152	WP_136796511.1	WP_126381066.1
OG0000153	WP_136795927.1	WP_126377256.1
OG0000153	WP_136799344.1	WP_126379795.1
OG0000154	WP_136796369.1	WP_126380855.1
OG0000155	WP_136799056.1	WP_126378376.1
OG0000155	WP_136798259.1	WP_126377489.1
OG0000158	WP_136797710.1	WP_126379801.1, WP_126378159.1
OG0000158	WP_136798346.1	WP_126376027.1
OG0000159	WP_136799875.1	WP_126381351.1, WP_126380841.1
OG0000160	WP_136795678.1, WP_136797909.1, WP_136796341.1	WP_126379093.1
OG0000162	WP_136797508.1, WP_136799927.1, WP_136800029.1, WP_136795728.1, WP_136796297.1	WP_126375857.1, WP_172961809.1
OG0000163	WP_136796117.1, WP_136796962.1	WP_126378343.1
OG0000164	WP_136795354.1	WP_126378223.1
OG0000164	WP_136798769.1	WP_126377539.1
OG0000166	WP_136796654.1	WP_126377850.1
OG0000166	WP_136796310.1	WP_126376718.1
OG0000167	WP_136797693.1, WP_136796506.1	WP_126380541.1
OG0000169	WP_136799778.1	WP_126376755.1
OG0000169	WP_136799319.1	WP_126376344.1
OG0000170	WP_136795168.1	WP_126377170.1
OG0000172	WP_136796611.1	WP_232034792.1
OG0000174	WP_136796534.1	WP_126378921.1
OG0000174	WP_136799964.1	WP_126378915.1
OG0000176	WP_228721447.1, WP_136798937.1	WP_126377398.1
OG0000178	WP_167495794.1	WP_172961806.1
OG0000180	WP_267314032.1, WP_136798149.1, WP_136799735.1	WP_126376686.1, WP_126376684.1
OG0000181	WP_136795143.1	WP_126380100.1
OG0000182	WP_136799369.1, WP_136797572.1, WP_136798335.1, WP_136796291.1, WP_136797999.1, WP_136798329.1	WP_126377328.1
OG0000183	WP_228721515.1	WP_126375665.1
OG0000184	WP_136799103.1	WP_126380301.1
OG0000185	WP_167495634.1	WP_126378072.1
OG0000186	WP_136795139.1, WP_136796574.1	WP_126376620.1
OG0000187	WP_136798096.1, WP_136798084.1	WP_126376003.1
OG0000189	WP_167495659.1	WP_126379679.1
OG0000190	WP_136795971.1	WP_126377864.1
OG0000191	WP_136798957.1	WP_172961744.1
OG0000193	WP_136799672.1	WP_126377830.1
OG0000194	WP_228721422.1	WP_126378106.1
OG0000194	WP_275942947.1	WP_126375723.1
OG0000195	WP_136798516.1, WP_136797868.1	WP_126381648.1, WP_126380634.1
OG0000196	WP_136798543.1	WP_126375667.1
OG0000199	WP_136795913.1, WP_136799295.1, WP_136799491.1	WP_126375709.1
OG0000200	WP_136796236.1	WP_126376251.1, WP_126381637.1
OG0000201	WP_167495912.1	WP_126377684.1
OG0000202	WP_136796191.1	WP_126376358.1
OG0000203	WP_136799198.1	WP_126380446.1
OG0000203	WP_136795326.1	WP_126376516.1
OG0000204	WP_136798353.1	WP_172961790.1
OG0000205	WP_136796816.1	WP_172961692.1, WP_126380899.1
OG0000205	WP_136799208.1	WP_126378759.1
OG0000206	WP_275942958.1	WP_126378269.1
OG0000206	WP_136795986.1, WP_136799055.1, WP_136798860.1	WP_126380556.1
OG0000206	WP_136799150.1	WP_126378092.1
OG0000207	WP_136795970.1	WP_126380263.1
OG0000207	WP_136798652.1	WP_126381038.1
OG0000208	WP_136798653.1	WP_126381041.1
OG0000208	WP_136795969.1	WP_126380261.1
OG0000209	WP_136795947.1	WP_126378432.1
OG0000210	WP_136796173.1, WP_228721446.1	WP_126379481.1
OG0000212	WP_136798936.1	WP_232034881.1
OG0000213	WP_136799586.1	WP_126379561.1
OG0000215	WP_136797400.1	WP_126379387.1
OG0000216	WP_136796319.1, WP_136796305.1	WP_126381405.1, WP_126380832.1
OG0000217	WP_136798268.1	WP_126377388.1
OG0000217	WP_217907651.1	WP_126376654.1
OG0000218	WP_136799185.1	WP_126377380.1
OG0000219	WP_136798902.1, WP_136795256.1	WP_126377392.1
OG0000220	WP_136797207.1	WP_126377954.1
OG0000220	WP_136795649.1	WP_126380131.1
OG0000220	WP_136799610.1	WP_126378751.1
OG0000221	WP_136796482.1	WP_232034814.1
OG0000222	WP_136799627.1	WP_126377752.1
OG0000223	WP_136797786.1	WP_126379433.1
OG0000224	WP_136798675.1, WP_136799000.1, WP_136799361.1, WP_136799940.1	WP_126375687.1
OG0000225	WP_136796339.1, WP_136799395.1	WP_126381110.1
OG0000226	WP_136795182.1	WP_232034915.1
OG0000227	WP_136795610.1	WP_126380765.1
OG0000227	WP_136799637.1	WP_126380781.1
OG0000228	WP_136797734.1	WP_126378318.1
OG0000230	WP_136796677.1, WP_136796408.1, WP_136796402.1	WP_126376561.1
OG0000232	WP_167495833.1	WP_126376907.1, WP_197723452.1
OG0000233	WP_136799192.1, WP_136798459.1	WP_126379699.1
OG0000234	WP_136795549.1, WP_136796624.1	WP_126375880.1, WP_172961661.1, WP_126375783.1
OG0000235	WP_136795881.1	WP_126379765.1
OG0000235	WP_136795164.1	WP_126375707.1
OG0000236	WP_136799836.1	WP_172961753.1
OG0000237	WP_136795455.1, WP_136799333.1	WP_126377266.1, WP_126377794.1
OG0000238	WP_228721474.1	WP_197723431.1
OG0000238	WP_228721413.1	WP_232034849.1
OG0000240	WP_136798651.1	WP_126381024.1
OG0000241	WP_136799335.1, WP_136798432.1, WP_217907681.1, WP_136799180.1	WP_197723440.1
OG0000243	WP_136795705.1	WP_152034911.1
OG0000244	WP_136797096.1	WP_126379395.1
OG0000244	WP_136799504.1	WP_126378654.1
OG0000248	WP_136796054.1	WP_126376690.1
OG0000249	WP_136797265.1	WP_126376424.1
OG0000250	WP_228721415.1	WP_126377694.1, WP_126381114.1, WP_126376970.1
OG0000252	WP_136797006.1, WP_136798544.1	WP_126375668.1
OG0000253	WP_136798729.1	WP_232034747.1, WP_126378732.1
OG0000254	WP_136798805.1	WP_126379613.1
OG0000255	WP_228721471.1	WP_126376715.1
OG0000257	WP_136798972.1, WP_136796084.1	WP_126377805.1
OG0000259	WP_136795856.1	WP_126380949.1
OG0000260	WP_136795470.1	WP_126376736.1
OG0000261	WP_228721335.1	WP_232034914.1
OG0000264	WP_136797181.1, WP_136795150.1	WP_126380686.1
OG0000265	WP_136797172.1, WP_136795152.1	WP_126380688.1
OG0000266	WP_136797177.1, WP_136795173.1	WP_126380663.1
OG0000267	WP_136798349.1	WP_126380945.1
OG0000270	WP_136796977.1	WP_126380933.1
OG0000271	WP_136799331.1	WP_126381034.1
OG0000273	WP_136799640.1	WP_126376722.1
OG0000274	WP_136797139.1	WP_126376851.1
OG0000274	WP_136798962.1	WP_126379464.1
OG0000275	WP_136798312.1	WP_126380161.1, WP_232034933.1
OG0000278	WP_136798548.1	WP_126375672.1
OG0000282	WP_136798615.1, WP_136798613.1	WP_126377832.1
OG0000283	WP_136798939.1, WP_136798938.1	WP_126377400.1
OG0000284	WP_167495665.1	WP_232034785.1
OG0000285	WP_275942935.1	WP_126380954.1
OG0000286	WP_136795871.1	WP_232034878.1
OG0000287	WP_136797497.1, WP_167495767.1, WP_167495611.1, WP_136797518.1	WP_126379943.1
OG0000288	WP_136796288.1	WP_126377408.1
OG0000289	WP_136795299.1	WP_126378287.1
OG0000290	WP_136795867.1	WP_126381196.1
OG0000291	WP_136799698.1	WP_126377018.1
OG0000292	WP_136796831.1	WP_126378757.1
OG0000293	WP_136797011.1, WP_136798540.1	WP_126375664.1
OG0000295	WP_267314028.1	WP_232034907.1
OG0000296	WP_136795169.1	WP_126376968.1
OG0000297	WP_136796115.1	WP_172961716.1, WP_126380746.1
OG0000298	WP_136799142.1	WP_126380478.1
OG0000298	WP_136798649.1	WP_172961668.1
OG0000299	WP_136800019.1, WP_228721361.1	WP_232034802.1
OG0000300	WP_136795446.1	WP_126376664.1
OG0000301	WP_228721397.1	WP_126376077.1
OG0000302	WP_217907611.1	WP_126381011.1
OG0000307	WP_136798552.1	WP_232034834.1
OG0000308	WP_136797005.1, WP_136798545.1	WP_126375669.1
OG0000309	WP_136795648.1, WP_136795359.1	WP_126379200.1
OG0000312	WP_136798752.1	WP_126380979.1
OG0000313	WP_136796153.1, WP_136799522.1	WP_126375836.1
OG0000314	WP_136797004.1, WP_136798547.1	WP_126375671.1
OG0000316	WP_136799061.1	WP_126376218.1
OG0000316	WP_136796772.1	WP_126375979.1
OG0000318	WP_136796516.1	WP_126376184.1
OG0000320	WP_136798174.1, WP_136796156.1	WP_126380370.1
OG0000322	WP_136799817.1	WP_126380602.1, WP_126380599.1
OG0000323	WP_136796691.1	WP_172961568.1
OG0000324	WP_136798385.1	WP_172961599.1
OG0000324	WP_136799663.1	WP_172961787.1
OG0000326	WP_136798691.1, WP_136798251.1	WP_126375696.1
OG0000327	WP_136799265.1	WP_126379184.1
OG0000332	WP_136799111.1	WP_126377537.1
OG0000333	WP_136798161.1, WP_136795163.1	WP_126380825.1
OG0000334	WP_136796110.1	WP_126378606.1
OG0000335	WP_136795148.1	WP_126380917.1
OG0000336	WP_136795857.1	WP_126380948.1
OG0000339	WP_136797650.1	WP_126375542.1
OG0000340	WP_136798577.1	WP_126379916.1
OG0000343	WP_136798728.1	WP_126378734.1
OG0000344	WP_136796304.1	WP_126379008.1
OG0000344	WP_136796318.1	WP_126380833.1
OG0000345	WP_136798582.1	WP_172961637.1
OG0000346	WP_167495793.1	WP_126381013.1
OG0000347	WP_228721417.1	WP_126380129.1
OG0000348	WP_136798409.1, WP_136798579.1	WP_232034790.1
OG0000349	WP_136795870.1	WP_126377264.1
OG0000350	WP_136797878.1	WP_126380698.1
OG0000351	WP_136798348.1	WP_126380946.1
OG0000352	WP_136800015.1, WP_136795198.1	WP_126377336.1
OG0000353	WP_136797713.1	WP_126378808.1, WP_126381186.1
OG0000355	WP_136796481.1	WP_126381547.1
OG0000356	WP_136795786.1	WP_126377915.1
OG0000357	WP_136796056.1	WP_126376942.1
OG0000358	WP_136799323.1	WP_126377529.1
OG0000359	WP_136799330.1	WP_126381036.1
OG0000360	WP_136798124.1	WP_126380696.1
OG0000361	WP_176360071.1	WP_126379495.1
OG0000363	WP_136799379.1, WP_136795394.1	WP_126377101.1
OG0000364	WP_136799030.1	WP_232034851.1
OG0000365	WP_136799028.1	WP_126379797.1
OG0000366	WP_136799525.1	WP_126376476.1
OG0000366	WP_136799524.1	WP_126376478.1
OG0000367	WP_167495620.1, WP_136797141.1	WP_126380006.1
OG0000367	WP_136795270.1	WP_126379291.1
OG0000369	WP_136795951.1, WP_167495667.1, WP_167495760.1, WP_136799363.1	WP_126379783.1
OG0000370	WP_136796262.1	WP_126380722.1
OG0000372	WP_136796218.1	WP_126376919.1
OG0000373	WP_136796172.1	WP_126377043.1, WP_126376917.1
OG0000375	WP_136796820.1	WP_172961745.1, WP_126381106.1
OG0000376	WP_136796253.1	WP_126378812.1
OG0000376	WP_136797126.1	WP_126375867.1, WP_126377201.1
OG0000379	WP_136797796.1	WP_126380632.1
OG0000379	WP_136796120.1, WP_136798265.1	WP_126378328.1, WP_126378217.1
OG0000380	WP_167495861.1, WP_136795812.1	WP_126377282.1
OG0000381	WP_228721444.1	WP_126376913.1
OG0000383	WP_136795342.1	WP_126376204.1, WP_126375889.1
OG0000383	WP_136799135.1	WP_126378000.1
OG0000384	WP_136797954.1, WP_136795632.1	WP_126379878.1
OG0000386	WP_136797084.1, WP_136799332.1, WP_136799313.1, WP_167495663.1	WP_126379713.1
OG0000387	WP_275942960.1	WP_126377103.1, WP_126379591.1
OG0000388	WP_136798003.1	WP_126379499.1
OG0000389	WP_136799133.1	WP_126380280.1
OG0000390	WP_136799223.1	WP_126380496.1
OG0000391	WP_136798011.1	WP_126377020.1
OG0000392	WP_136796053.1	WP_126377803.1
OG0000393	WP_217907665.1, WP_136799201.1	WP_126377464.1
OG0000394	WP_136797957.1	WP_126376132.1
OG0000396	WP_136795747.1	WP_126380788.1
OG0000398	WP_136797241.1	WP_126375829.1
OG0000399	WP_136796872.1	WP_126376541.1
OG0000400	WP_136797743.1	WP_126375999.1
OG0000401	WP_136798295.1	WP_126377286.1
OG0000403	WP_136797989.1	WP_232034756.1
OG0000404	WP_167495839.1	WP_232034883.1
OG0000405	WP_167495637.1	WP_126379002.1
OG0000405	WP_136796328.1, WP_136796426.1	WP_232034904.1
OG0000406	WP_136795200.1	WP_126380117.1
OG0000407	WP_136798289.1, WP_136798499.1	WP_126375697.1
OG0000408	WP_136795748.1	WP_126376130.1
OG0000409	WP_136795796.1	WP_126375727.1
OG0000410	WP_136796803.1	WP_126375949.1
OG0000411	WP_136795653.1	WP_126380543.1
OG0000412	WP_136796474.1	WP_126379030.1
OG0000413	WP_136799397.1, WP_136798200.1	WP_126379336.1
OG0000414	WP_136796979.1	WP_126380931.1
OG0000416	WP_136799500.1	WP_172961784.1
OG0000417	WP_136799378.1, WP_136799719.1	WP_126380786.1
OG0000418	WP_136798538.1	WP_126380654.1
OG0000419	WP_136795869.1	WP_232034936.1, WP_126376652.1
OG0000421	WP_136797570.1	WP_126380975.1
OG0000422	WP_136795745.1	WP_126380163.1, WP_126379072.1
OG0000423	WP_136799855.1	WP_126380506.1
OG0000425	WP_136798280.1	WP_126380914.1
OG0000427	WP_136798102.1	WP_126377181.1
OG0000428	WP_136797991.1	WP_126379265.1
OG0000431	WP_136798587.1	WP_126380348.1
OG0000433	WP_136797392.1	WP_232034808.1
OG0000433	WP_217907637.1	WP_126380900.1
OG0000434	WP_136795621.1, WP_136798965.1, WP_167495834.1	WP_126378271.1
OG0000438	WP_167495617.1	WP_197723444.1
OG0000439	WP_136797715.1	WP_126378807.1, WP_126381188.1
OG0000440	WP_136798800.1, WP_136798367.1, WP_167495880.1	WP_126380955.1
OG0000441	WP_136799700.1	WP_126378080.1
OG0000442	WP_136799662.1	WP_126379906.1
OG0000443	WP_136798155.1	WP_126380919.1
OG0000444	WP_136795830.1	WP_126378345.1
OG0000448	WP_136799264.1	WP_126379186.1
OG0000452	WP_136798431.1, WP_136799138.1	WP_126376762.1
OG0000453	WP_136796189.1	WP_172961603.1
OG0000453	WP_136798929.1	WP_126375712.1, WP_126380007.1
OG0000457	WP_217907739.1, WP_136799787.1	WP_126380273.1
OG0000458	WP_136797971.1	WP_126379457.1
OG0000459	WP_136799294.1	WP_126378236.1
OG0000460	WP_136796657.1	WP_197723457.1
OG0000461	WP_136796552.1	WP_126376122.1
OG0000463	WP_136799259.1	WP_126378471.1, WP_126378644.1
OG0000464	WP_217907710.1	WP_172961777.1, WP_172961791.1
OG0000465	WP_136797917.1, WP_167495636.1	WP_126379779.1
OG0000466	WP_136795597.1	WP_126377342.1
OG0000467	WP_136795443.1	WP_126377723.1
OG0000468	WP_136799254.1	WP_126379910.1
OG0000469	WP_136795178.1	WP_126377360.1
OG0000470	WP_136797950.1	WP_126378919.1
OG0000471	WP_217907655.1, WP_136799592.1	WP_126380492.1
OG0000472	WP_136798286.1	WP_126378642.1, WP_126377824.1
OG0000473	WP_136795442.1	WP_126377396.1
OG0000475	WP_136798639.1, WP_136796321.1	WP_126380674.1
OG0000476	WP_136798121.1	WP_126380693.1
OG0000477	WP_136795752.1	WP_126379238.1
OG0000478	WP_136796303.1	WP_126379010.1
OG0000479	WP_136795828.1	WP_126378348.1
OG0000480	WP_136798064.1	WP_126375801.1
OG0000481	WP_136795606.1	WP_126378435.1
OG0000482	WP_228721401.1	WP_126376547.1
OG0000483	WP_136797320.1	WP_126379810.1
OG0000484	WP_167495621.1	WP_126380284.1
OG0000485	WP_136795827.1	WP_126378350.1
OG0000486	WP_136797690.1	WP_126379287.1
OG0000487	WP_136795797.1	WP_126380961.1
OG0000488	WP_136796092.1	WP_126379525.1
OG0000489	WP_136796933.1	WP_126377067.1
OG0000490	WP_167495787.1	WP_172961760.1
OG0000491	WP_136797722.1	WP_126379485.1
OG0000492	WP_136798284.1	WP_126377713.1
OG0000493	WP_136795190.1	WP_126377410.1
OG0000495	WP_136796738.1	WP_126376099.1
OG0000496	WP_136796544.1	WP_126375923.1
OG0000497	WP_136796646.1	WP_126377812.1
OG0000498	WP_167495720.1	WP_172961654.1
OG0000500	WP_136798047.1	WP_126377826.1
OG0000502	WP_136799293.1	WP_126378238.1
OG0000504	WP_136796802.1	WP_126377731.1
OG0000505	WP_136799709.1	WP_126378085.1
OG0000506	WP_136798020.1	WP_126378242.1
OG0000507	WP_136799902.1	WP_126376835.1
OG0000509	WP_136796114.1	WP_126376116.1
OG0000511	WP_275942945.1	WP_126377183.1
OG0000512	WP_136796695.1	WP_126380757.1
OG0000513	WP_136798638.1, WP_136796320.1	WP_126380673.1
OG0000514	WP_136798276.1	WP_126375935.1
OG0000515	WP_136799260.1	WP_232034909.1
OG0000516	WP_136796553.1	WP_126378465.1
OG0000517	WP_176360081.1, WP_176360018.1, WP_228721387.1	WP_126377799.1
OG0000520	WP_136795974.1	WP_126379338.1
OG0000521	WP_136799214.1	WP_126380820.1
OG0000522	WP_136795791.1	WP_126377013.1
OG0000523	WP_136797774.1	WP_126376393.1
OG0000524	WP_136796105.1	WP_126380396.1
OG0000526	WP_136796771.1	WP_126375981.1
OG0000529	WP_136795167.1	WP_126378081.1
OG0000530	WP_136797947.1	WP_232034793.1
OG0000531	WP_136795868.1	WP_126375893.1
OG0000532	WP_136796622.1	WP_126377676.1
OG0000533	WP_136795206.1	WP_126375945.1
OG0000534	WP_136799314.1, WP_228721373.1	WP_126377444.1
OG0000535	WP_228721330.1	WP_126379224.1
OG0000536	WP_136797215.1	WP_126379271.1
OG0000538	WP_136798568.1	WP_126380854.1
OG0000539	WP_167495824.1	WP_126376287.1, WP_172961816.1
OG0000540	WP_136795948.1	WP_126375989.1
OG0000542	WP_136795187.1	WP_126375953.1
OG0000543	WP_136799220.1, WP_136795238.1	WP_126380762.1
OG0000544	WP_136795447.1	WP_126376662.1
OG0000545	WP_136799884.1	WP_126377049.1
OG0000546	WP_136796045.1	WP_126377155.1
OG0000547	WP_136795732.1	WP_126379146.1, WP_126379018.1
OG0000548	WP_136798584.1, WP_136799398.1	WP_126377086.1
OG0000549	WP_228721339.1	WP_126379236.1
OG0000550	WP_136799186.1	WP_126378469.1
OG0000551	WP_136797876.1	WP_126377300.1
OG0000553	WP_136799145.1	WP_126380678.1
OG0000555	WP_136795929.1	WP_126377511.1
OG0000556	WP_136797680.1	WP_126380804.1
OG0000558	WP_136798715.1, WP_136798780.1	WP_232034822.1
OG0000561	WP_136795477.1	WP_126377792.1
OG0000562	WP_136797843.1	WP_126375568.1
OG0000564	WP_136798827.1	WP_126379555.1
OG0000565	WP_136798828.1	WP_126381437.1
OG0000566	WP_136799976.1	WP_126380739.1
OG0000567	WP_275942938.1	WP_126379908.1
OG0000568	WP_136799215.1	WP_126381234.1
OG0000569	WP_136799166.1	WP_126378372.1
OG0000570	WP_136799900.1	WP_126377743.1
OG0000571	WP_136796999.1, WP_136799243.1	WP_126376091.1
OG0000572	WP_136795412.1, WP_136798183.1	WP_172961619.1
OG0000573	WP_136796833.1	WP_126377199.1, WP_126376885.1, WP_126378211.1, WP_126376234.1, WP_126375560.1
OG0000575	WP_136796055.1	WP_126376941.1
OG0000576	WP_228721434.1	WP_126376937.1
OG0000577	WP_136796694.1	WP_126377364.1
OG0000578	WP_136796106.1	WP_126380394.1
OG0000579	WP_136796116.1	WP_126380745.1
OG0000580	WP_136797869.1	WP_232034916.1
OG0000581	WP_136798094.1	WP_126376006.1
OG0000582	WP_136799881.1	WP_126375633.1
OG0000583	WP_136798106.1	WP_126379507.1
OG0000584	WP_136795130.1	WP_126379759.1
OG0000585	WP_267314034.1	WP_126379757.1
OG0000586	WP_136795133.1	WP_126381445.1
OG0000587	WP_136796681.1	WP_126376883.1
OG0000588	WP_136795136.1	WP_126379697.1
OG0000589	WP_136799267.1	WP_126376001.1
OG0000590	WP_136795740.1	WP_126375878.1
OG0000591	WP_136796047.1	WP_126376962.1
OG0000592	WP_136796678.1	WP_126380852.1
OG0000593	WP_136798724.1	WP_126379359.1
OG0000594	WP_136795196.1	WP_126376270.1
OG0000595	WP_136796620.1	WP_126380213.1
OG0000596	WP_136799290.1	WP_232034872.1
OG0000597	WP_228721343.1	WP_126377437.1
OG0000598	WP_136798726.1	WP_126378738.1
OG0000599	WP_136795803.1	WP_126377651.1
OG0000600	WP_136796770.1	WP_232034783.1
OG0000601	WP_136796051.1	WP_126375798.1
OG0000602	WP_136798689.1	WP_126377009.1
OG0000603	WP_136795861.1	WP_172961647.1
OG0000604	WP_136796790.1	WP_172961633.1
OG0000605	WP_167495727.1	WP_172961652.1
OG0000607	WP_167495615.1	WP_126380956.1
OG0000608	WP_136796551.1	WP_126376126.1
OG0000609	WP_136798299.1	WP_126379577.1
OG0000610	WP_136798049.1	WP_126376379.1
OG0000611	WP_136796676.1	WP_126379531.1
OG0000612	WP_136797973.1	WP_126379314.1
OG0000613	WP_136797974.1	WP_126379316.1
OG0000615	WP_136798056.1	WP_126378874.1
OG0000616	WP_136798054.1	WP_126378878.1
OG0000617	WP_136798082.1	WP_126376041.1
OG0000618	WP_136798080.1	WP_126376046.1
OG0000619	WP_136798079.1	WP_126376048.1
OG0000620	WP_136798078.1	WP_126376050.1
OG0000621	WP_136798077.1	WP_126376052.1
OG0000622	WP_136796952.1	WP_126380448.1
OG0000623	WP_136797745.1	WP_126378477.1
OG0000624	WP_136795798.1	WP_126380959.1
OG0000625	WP_136795799.1	WP_126380958.1
OG0000626	WP_136795453.1	WP_126376462.1
OG0000627	WP_136798048.1	WP_126376381.1
OG0000628	WP_136798169.1	WP_126376976.1
OG0000629	WP_136799712.1	WP_126378083.1
OG0000630	WP_136795203.1	WP_126376751.1
OG0000631	WP_136795205.1	WP_126376746.1
OG0000632	WP_136798012.1	WP_126380336.1
OG0000633	WP_228721385.1	WP_126378790.1
OG0000634	WP_136796709.1	WP_126377709.1
OG0000635	WP_136798248.1	WP_126375827.1
OG0000637	WP_136797997.1	WP_126379493.1
OG0000638	WP_136796958.1	WP_126376107.1
OG0000639	WP_136799266.1	WP_126379579.1
OG0000640	WP_136795860.1	WP_126379219.1
OG0000641	WP_136797958.1	WP_126379074.1
OG0000642	WP_136795582.1	WP_126380125.1
OG0000643	WP_136797731.1	WP_126376704.1
OG0000644	WP_136795210.1	WP_126380824.1
OG0000645	WP_136795595.1	WP_126377725.1
OG0000646	WP_136795671.1	WP_126378721.1
OG0000647	WP_136798733.1	WP_126378723.1
OG0000648	WP_136798730.1	WP_126378730.1
OG0000649	WP_136797729.1	WP_126376706.1
OG0000650	WP_136795609.1	WP_126380766.1
OG0000651	WP_136799221.1	WP_126380763.1
OG0000652	WP_136797778.1	WP_126376389.1
OG0000653	WP_136796672.1	WP_126379918.1
OG0000654	WP_136799882.1	WP_126375634.1
OG0000655	WP_136798117.1	WP_126380776.1
OG0000656	WP_136797867.1	WP_126377580.1
OG0000657	WP_136797866.1	WP_126377582.1
OG0000658	WP_228721325.1	WP_126377595.1
OG0000659	WP_136797861.1	WP_126377597.1
OG0000660	WP_136798536.1	WP_126378777.1
OG0000661	WP_136798535.1	WP_126378775.1
OG0000662	WP_136796949.1	WP_126376545.1
OG0000663	WP_136798564.1	WP_232034830.1
OG0000664	WP_136796623.1	WP_126377673.1
OG0000665	WP_136799885.1	WP_126380819.1
OG0000666	WP_136799100.1	WP_126377885.1
OG0000667	WP_136798768.1	WP_126380844.1
OG0000669	WP_136795465.1	WP_126378115.1
OG0000670	WP_136798720.1	WP_126375751.1
OG0000671	WP_136796632.1	WP_126379487.1
OG0000672	WP_136795194.1	WP_126381098.1
OG0000673	WP_136798019.1	WP_126377442.1
OG0000674	WP_136798269.1	WP_126380965.1
OG0000675	WP_136796648.1	WP_126380265.1
OG0000676	WP_136796673.1	WP_126377491.1
OG0000677	WP_136798061.1	WP_126376083.1
OG0000678	WP_136798062.1	WP_126376081.1
OG0000679	WP_136797979.1	WP_126379325.1
OG0000680	WP_136798104.1	WP_126379512.1
OG0000681	WP_275942944.1	WP_126376017.1
OG0000682	WP_136798090.1	WP_126376015.1
OG0000683	WP_136796610.1	WP_126378380.1
OG0000684	WP_136795149.1	WP_126380685.1
OG0000685	WP_136798068.1	WP_126376070.1
OG0000686	WP_136798042.1	WP_126376811.1
OG0000687	WP_136798073.1	WP_126376060.1
OG0000688	WP_136798075.1	WP_126376057.1
OG0000689	WP_136798076.1	WP_126376056.1
OG0000690	WP_136799408.1	WP_126377431.1
OG0000691	WP_136798087.1	WP_126376033.1
OG0000692	WP_136795261.1	WP_126375760.1
OG0000693	WP_136799132.1	WP_126380282.1
OG0000694	WP_136795128.1	WP_126379585.1
OG0000695	WP_136795434.1	WP_126380278.1
OG0000696	WP_136799137.1	WP_126380221.1
OG0000697	WP_136795170.1	WP_126381541.1
OG0000698	WP_136797972.1	WP_126379312.1
OG0000699	WP_228721367.1	WP_232034758.1
OG0000700	WP_136796692.1	WP_126377348.1
OG0000701	WP_136797686.1	WP_126376440.1
OG0000702	WP_136796773.1	WP_126380769.1
OG0000704	WP_136798736.1	WP_126378715.1
OG0000705	WP_136798735.1	WP_126378717.1
OG0000706	WP_136798734.1	WP_126378719.1
OG0000707	WP_136798732.1	WP_126378725.1
OG0000708	WP_136798725.1	WP_126381395.1
OG0000709	WP_136796760.1	WP_126376199.1
OG0000710	WP_136796652.1	WP_126380733.1
OG0000711	WP_136799402.1	WP_126379305.1
OG0000712	WP_275942932.1	WP_126380960.1
OG0000713	WP_136797845.1	WP_126379503.1
OG0000714	WP_228721375.1	WP_232034765.1
OG0000715	WP_136798105.1	WP_126379510.1
OG0000716	WP_136798103.1	WP_126379514.1
OG0000717	WP_136798093.1	WP_126376008.1
OG0000718	WP_136798092.1	WP_126376010.1
OG0000719	WP_136798091.1	WP_126376013.1
OG0000720	WP_136798089.1	WP_126376019.1
OG0000721	WP_136798086.1	WP_126376035.1
OG0000722	WP_176360112.1	WP_126376039.1
OG0000723	WP_136798081.1	WP_126376043.1
OG0000724	WP_136798143.1	WP_126376054.1
OG0000725	WP_136798074.1	WP_126376059.1
OG0000726	WP_136798072.1	WP_126376062.1
OG0000727	WP_136798067.1	WP_126381242.1
OG0000728	WP_136798066.1	WP_126381245.1
OG0000729	WP_136798142.1	WP_126376072.1
OG0000730	WP_136798065.1	WP_126376074.1
OG0000731	WP_136798060.1	WP_126376085.1
OG0000732	WP_136798059.1	WP_126381247.1
OG0000733	WP_136798058.1	WP_126376087.1
OG0000734	WP_136797859.1	WP_232034918.1
OG0000735	WP_136798298.1	WP_126380307.1
OG0000736	WP_136797871.1	WP_126377932.1
OG0000737	WP_136797865.1	WP_126377586.1
OG0000738	WP_136796043.1	WP_126377160.1
OG0000739	WP_136795806.1	WP_126379518.1
OG0000740	WP_136795739.1	WP_126380527.1
OG0000741	WP_136795188.1	WP_126380649.1
OG0000742	WP_228721329.1	WP_126379625.1
OG0000743	WP_136798110.1	WP_126380537.1
OG0000744	WP_136796621.1	WP_126377678.1
OG0000745	WP_136795840.1	WP_126375831.1
OG0000746	WP_136796741.1	WP_126378358.1
OG0000747	WP_136797738.1	WP_232034867.1
OG0000748	WP_136797740.1	WP_126375995.1
OG0000749	WP_167495666.1	WP_126376115.1
OG0000750	WP_167495626.1	WP_126381375.1
OG0000751	WP_136795444.1	WP_126377721.1
OG0000752	WP_136799608.1, WP_136796221.1	WP_126376760.1
OG0000753	WP_136797671.1	WP_126376827.1
OG0000754	WP_136796132.1	WP_126376933.1
OG0000755	WP_136796131.1	WP_126376935.1
OG0000756	WP_136799191.1	WP_126378177.1
OG0000757	WP_217907634.1, WP_136795743.1	WP_126377543.1
OG0000758	WP_136796104.1	WP_126380398.1
OG0000759	WP_136796769.1	WP_232034803.1
OG0000760	WP_136797423.1	WP_126380911.1
OG0000761	WP_136796171.1	WP_126376105.1
OG0000762	WP_136795924.1	WP_126380748.1
OG0000763	WP_136795925.1	WP_126379573.1
OG0000764	WP_136795156.1	WP_126379571.1
OG0000765	WP_136795281.1	WP_126380406.1
OG0000766	WP_136796097.1	WP_126377288.1
OG0000767	WP_136796488.1	WP_126379398.1
OG0000768	WP_228721346.1	WP_126380338.1
OG0000769	WP_136798055.1	WP_126378876.1
OG0000770	WP_136798053.1	WP_126378880.1
OG0000771	WP_228721396.1	WP_126378882.1
OG0000772	WP_136798052.1	WP_126378884.1
OG0000773	WP_136798051.1	WP_126378886.1
OG0000774	WP_136798050.1	WP_126378888.1
OG0000775	WP_228721411.1	WP_172961585.1
OG0000776	WP_136798278.1	WP_126375931.1
OG0000777	WP_136798277.1	WP_126375933.1
OG0000778	WP_136798167.1	WP_126377921.1
OG0000779	WP_136798266.1	WP_126377051.1
OG0000780	WP_136796300.1	WP_126378872.1
OG0000782	WP_136795147.1	WP_126381297.1
OG0000783	WP_136799271.1	WP_126380651.1
OG0000784	WP_136797418.1	WP_126378393.1
OG0000785	WP_136797416.1	WP_126378391.1
OG0000787	WP_228721347.1	WP_126380223.1
OG0000788	WP_136798128.1	WP_126379581.1
OG0000789	WP_136796651.1	WP_126376442.1
OG0000790	WP_136795208.1	WP_126380747.1
OG0000791	WP_136795458.1	WP_126380754.1
OG0000792	WP_136796653.1	WP_126377846.1
OG0000793	WP_136797883.1	WP_126377658.1
OG0000794	WP_136796734.1	WP_126381500.1
OG0000795	WP_136798273.1	WP_126377541.1
OG0000796	WP_136797776.1	WP_126376391.1
OG0000797	WP_167495876.1	WP_126376385.1
OG0000798	WP_136797406.1	WP_126381370.1
OG0000799	WP_275942943.1	WP_126380311.1
OG0000800	WP_275942948.1	WP_126375951.1
OG0000801	WP_228721379.1	WP_126378492.1
OG0000802	WP_136795406.1	WP_126378225.1
OG0000803	WP_136796537.1	WP_126378234.1
OG0000804	WP_136795584.1	WP_126376555.1
OG0000806	WP_136796103.1	WP_126380721.1
OG0000807	WP_136797733.1	WP_126376702.1
OG0000808	WP_136798043.1	WP_126377189.1
OG0000809	WP_136798238.1	WP_126380818.1
OG0000811	WP_136798239.1	WP_126377284.1
OG0000813	WP_136798257.1	WP_126377433.1
OG0000815	WP_136799213.1	WP_126380225.1
OG0000816	WP_136796102.1	WP_126380913.1
OG0000817	WP_136796091.1	WP_126379259.1
OG0000818	WP_136795884.1	WP_126378183.1
OG0000819	WP_136796739.1	WP_126380450.1
OG0000820	WP_136797850.1	WP_126380865.1
OG0000821	WP_136800009.1, WP_136797821.1	WP_126376769.1
OG0000821	WP_136799347.1	WP_232034775.1
OG0000822	WP_167495802.1	WP_232034801.1
OG0000823	WP_136798120.1	WP_126380692.1
OG0000824	WP_136798566.1	WP_126377036.1
OG0000825	WP_136796628.1	WP_126377038.1
OG0000826	WP_136796514.1	WP_126377887.1
OG0000827	WP_136799119.1	WP_126379835.1
OG0000828	WP_136799118.1	WP_126379837.1
OG0000829	WP_136799117.1	WP_126379839.1
OG0000830	WP_136799116.1	WP_126379841.1
OG0000831	WP_228721517.1	WP_126379843.1
OG0000832	WP_136799114.1	WP_126379845.1
OG0000833	WP_136798551.1	WP_126375675.1
OG0000834	WP_136796805.1	WP_126375821.1
OG0000835	WP_136795436.1	WP_126381353.1
OG0000836	WP_136798018.1	WP_126377439.1
OG0000837	WP_136797742.1	WP_126375997.1
OG0000838	WP_136796783.1	WP_126377055.1
OG0000839	WP_136797727.1	WP_126381271.1
OG0000841	WP_136796089.1	WP_232034887.1
OG0000842	WP_136797684.1	WP_126377655.1
OG0000843	WP_136795805.1	WP_126377649.1
OG0000844	WP_136797976.1	WP_126379318.1
OG0000845	WP_136797977.1	WP_126379321.1
OG0000846	WP_136797980.1	WP_126379327.1
OG0000847	WP_136795742.1	WP_126375875.1
OG0000848	WP_136795795.1	WP_126375728.1
OG0000849	WP_136797889.1	WP_126381363.1
OG0000850	WP_136796372.1	WP_126376950.1
OG0000851	WP_136796057.1	WP_126376944.1
OG0000852	WP_136796535.1	WP_126378181.1
OG0000853	WP_217907604.1	WP_126378386.1
OG0000854	WP_267314025.1	WP_126380504.1
OG0000855	WP_136798537.1	WP_126380773.1
OG0000856	WP_136799856.1	WP_126377187.1
OG0000858	WP_136795258.1	WP_126379599.1
OG0000859	WP_136795551.1	WP_126381514.1
OG0000860	WP_136795151.1	WP_126380687.1
OG0000861	WP_136796536.1	WP_126376444.1
OG0000862	WP_176360094.1	WP_126376989.1
OG0000863	WP_136795816.1	WP_232034806.1
OG0000864	WP_136795195.1	WP_126378925.1
OG0000865	WP_136796050.1	WP_126375800.1
OG0000866	WP_136795449.1	WP_126379777.1
OG0000867	WP_136795175.1	WP_172961830.1
OG0000868	WP_136796656.1	WP_172961655.1
OG0000869	WP_136798088.1	WP_126376021.1
OG0000870	WP_228721412.1	WP_126377026.1
OG0000871	WP_136797860.1	WP_126377599.1
OG0000872	WP_136798171.1	WP_126376972.1
OG0000873	WP_136796649.1	WP_126377268.1
OG0000874	WP_136799779.1	WP_126376758.1
OG0000875	WP_136798533.1	WP_126377682.1
OG0000876	WP_136795815.1	WP_126378786.1
OG0000877	WP_136796791.1	WP_126377032.1
OG0000878	WP_136795911.1	WP_172961613.1
OG0000879	WP_136795790.1	WP_126377191.1
OG0000881	WP_136795624.1	WP_126376618.1
OG0000882	WP_136796967.1	WP_126380705.1
OG0000884	WP_136797404.1	WP_126377296.1
OG0000885	WP_176360000.1, WP_136798583.1	WP_232034913.1
OG0000886	WP_228721348.1	WP_126378449.1
OG0000887	WP_136796176.1	WP_172961612.1, WP_126380828.1
OG0000888	WP_136795759.1	WP_126380615.1
OG0000889	WP_136796064.1	WP_126377483.1
OG0000890	WP_136795850.1	WP_126380941.1
OG0000891	WP_228721406.1	WP_232034770.1
OG0000892	WP_136798721.1	WP_126375752.1
OG0000893	WP_136798731.1	WP_232034746.1
OG0000894	WP_136799701.1	WP_126377527.1
OG0000895	WP_136796048.1	WP_126376964.1
OG0000896	WP_136796545.1	WP_126381232.1
OG0000897	WP_136800008.1, WP_136797820.1	WP_126376766.1
OG0000897	WP_136799350.1	WP_126380002.1
OG0000898	WP_228721490.1	WP_126378339.1
OG0000899	WP_136799112.1	WP_126377535.1
OG0000900	WP_136796960.1	WP_126376111.1
OG0000901	WP_136796881.1	WP_126376678.1, WP_126381077.1, WP_126381081.1
OG0000902	WP_136796509.1	WP_126375724.1
OG0000903	WP_228721318.1	WP_126375725.1
OG0000905	WP_136795839.1	WP_126378794.1
OG0000906	WP_136796785.1	WP_126377059.1
OG0000907	WP_136799670.1	WP_126375775.1
OG0000910	WP_136798366.1	WP_126380350.1
OG0000912	WP_136796822.1	WP_197723439.1, WP_126380514.1, WP_126376432.1
OG0000913	WP_136795325.1	WP_126381261.1
OG0000915	WP_228721400.1	WP_126379715.1
OG0000916	WP_136795321.1	WP_126376023.1
OG0000917	WP_136799020.1	WP_126380740.1
OG0000921	WP_136799767.1, WP_167495874.1	WP_126380712.1
OG0000922	WP_136795623.1	WP_126377748.1
OG0000923	WP_136796636.1, WP_136795580.1	WP_126376282.1
OG0000926	WP_136799974.1	WP_126380254.1, WP_126380606.1, WP_126380578.1, WP_197723451.1
OG0000929	WP_136796693.1	WP_172961643.1
OG0000930	WP_136796735.1, WP_136796298.1	WP_126379707.1
OG0000931	WP_136799280.1	WP_126380800.1
OG0000935	WP_136796687.1	WP_126376958.1
OG0000936	WP_136797788.1	WP_126380862.1
OG0000937	WP_136796818.1	WP_126379821.1
OG0000938	WP_136799641.1	WP_126380484.1
OG0000939	WP_228721519.1	WP_126379607.1
OG0000940	WP_136797984.1	WP_126375977.1
OG0000941	WP_136798112.1	WP_126378988.1
OG0000943	WP_136799279.1	WP_172961775.1
OG0000944	WP_136796512.1	WP_126380258.1
OG0000947	WP_136799076.1	WP_126376589.1
OG0000948	WP_136799075.1	WP_126376587.1
OG0000951	WP_136796286.1	WP_126378341.1
OG0000951	WP_136799377.1	WP_126380787.1
OG0000952	WP_136799153.1, WP_136799155.1	WP_126381028.1
OG0000955	WP_167495795.1, WP_136798617.1	WP_126380942.1
OG0000956	WP_136796465.1	WP_126378692.1
OG0000961	WP_136796907.1	WP_126375719.1
OG0000962	WP_136795847.1	WP_126376448.1
OG0000963	WP_136795153.1	WP_126380689.1
OG0000964	WP_136799780.1	WP_126378245.1
OG0000966	WP_136796143.1	WP_126379977.1
OG0000967	WP_136799274.1	WP_126377822.1
OG0000968	WP_136795802.1	WP_126377653.1
OG0000969	WP_136795306.1, WP_176360083.1	WP_172961822.1
OG0000971	WP_136796052.1	WP_126375796.1
OG0000972	WP_136796746.1	WP_126379334.1
OG0000974	WP_228721377.1	WP_126377744.1
OG0000976	WP_136795863.1	WP_126379222.1
OG0000977	WP_136795836.1	WP_126379206.1
OG0000978	WP_136798083.1	WP_126381240.1
OG0000979	WP_228721408.1	WP_126377746.1
OG0000980	WP_136799110.1	WP_126376929.1
OG0000981	WP_228721435.1	WP_126380293.1
OG0000983	WP_136797952.1	WP_126376452.1
OG0000984	WP_136796082.1	WP_126377069.1
OG0000985	WP_136798542.1	WP_126375666.1
OG0000987	WP_267313994.1	WP_126376688.1
OG0000988	WP_136799883.1	WP_126375636.1
OG0000989	WP_136799217.1	WP_126377040.1
OG0000990	WP_136796101.1	WP_126379256.1
OG0000991	WP_136796046.1	WP_126376837.1
OG0000992	WP_136798722.1	WP_126375753.1
OG0000994	WP_136798063.1	WP_126376079.1
OG0000995	WP_136798070.1	WP_126376066.1
OG0000996	WP_136795600.1	WP_126378463.1
OG0000998	WP_136797695.1	WP_126379281.1
OG0000999	WP_136798352.1	WP_126380838.1
OG0001000	WP_136798069.1	WP_126376068.1
OG0001002	WP_136797864.1	WP_126377590.1
OG0001003	WP_136798713.1	WP_126380935.1
OG0001004	WP_136799590.1	WP_126376817.1
OG0001005	WP_136799589.1	WP_126376815.1
OG0001006	WP_136798767.1	WP_126380845.1
OG0001007	WP_136796650.1	WP_126377270.1
OG0001008	WP_136795886.1	WP_126380704.1
OG0001009	WP_136795887.1	WP_126378169.1
OG0001010	WP_136796905.1	WP_232034879.1
OG0001014	WP_136798281.1	WP_126380452.1
OG0001015	WP_136799702.1	WP_126377525.1
OG0001016	WP_136799703.1	WP_126377523.1
OG0001017	WP_136799251.1	WP_126380938.1
OG0001018	WP_136796792.1	WP_126377034.1
OG0001020	WP_167495829.1	WP_126378132.1
OG0001022	WP_136795599.1	WP_126377149.1
OG0001024	WP_136795859.1	WP_126377406.1
OG0001025	WP_136799947.1	WP_126380092.1
OG0001025	WP_136799864.1	WP_126380157.1
OG0001027	WP_228721388.1	WP_126381126.1
OG0001028	WP_136797996.1	WP_126379491.1
OG0001029	WP_136799113.1	WP_126377533.1
OG0001030	WP_136795435.1	WP_126380276.1
OG0001031	WP_136798136.1	WP_126375710.1
OG0001033	WP_136799222.1	WP_126380764.1
OG0001034	WP_136796093.1	WP_126377545.1
OG0001035	WP_136796113.1	WP_126376118.1
OG0001037	WP_136797145.1	WP_126376422.1
OG0001038	WP_136795493.1	WP_126376931.1
OG0001040	WP_228721395.1	WP_172961699.1
OG0001043	WP_136798585.1	WP_126377088.1
OG0001044	WP_136798095.1	WP_126376004.1
OG0001045	WP_136797782.1	WP_126376692.1
OG0001046	WP_136797970.1	WP_126377495.1
OG0001047	WP_136798788.1, WP_136795398.1	WP_126375973.1
OG0001048	WP_136798750.1	WP_126376301.1
OG0001049	WP_136796953.1	WP_126376533.1
OG0001050	WP_228721423.1	WP_126380894.1
OG0001051	WP_136795556.1	WP_126380709.1
OG0001054	WP_136798315.1	WP_126380173.1
OG0001055	WP_136798578.1	WP_126380500.1
OG0001056	WP_136797793.1	WP_126377503.1
OG0001057	WP_136799630.1	WP_126377209.1
OG0001058	WP_136797780.1	WP_126376694.1
OG0001060	WP_228721350.1	WP_126377446.1, WP_232034875.1
OG0001063	WP_136798681.1	WP_126376905.1
OG0001065	WP_136798258.1	WP_126377603.1
OG0001066	WP_136798723.1	WP_126375754.1
OG0001067	WP_136797673.1	WP_126377134.1
OG0001068	WP_136799211.1	WP_126377609.1
OG0001069	WP_136797293.1, WP_136797291.1	WP_126375884.1
OG0001070	WP_136798170.1	WP_126376974.1
OG0001071	WP_136797875.1	WP_126377298.1
OG0001072	WP_136797881.1	WP_126380927.1
OG0001073	WP_167495884.1	WP_126380905.1
OG0001074	WP_136796378.1	WP_126377816.1
OG0001075	WP_136795631.1	WP_126377672.1, WP_126376658.1
OG0001076	WP_136795923.1	WP_126376113.1
OG0001078	WP_136796140.1	WP_126379983.1
OG0001080	WP_136798357.1	WP_126377304.1
OG0001082	WP_136795883.1	WP_126376454.1
OG0001083	WP_136795473.1	WP_126376338.1
OG0001084	WP_167495628.1	WP_126377790.1
OG0001086	WP_136796896.1	WP_126380887.1
OG0001088	WP_136799406.1	WP_126377429.1
OG0001090	WP_136797132.1	WP_126375869.1
OG0001090	WP_217907601.1, WP_136796254.1	WP_126378814.1
OG0001091	WP_136799196.1	WP_126380366.1
OG0001092	WP_136797661.1	WP_126380675.1
OG0001093	WP_136795400.1	WP_126380901.1
OG0001094	WP_136799708.1	WP_126378087.1
OG0001096	WP_136798041.1	WP_126380777.1
OG0001097	WP_136795656.1	WP_126375904.1
OG0001098	WP_136796525.1	WP_126380797.1
OG0001100	WP_136797720.1	WP_126379955.1
OG0001101	WP_136798147.1, WP_136798005.1	WP_126377501.1
OG0001102	WP_136797646.1	WP_126375548.1
OG0001104	WP_136795801.1	WP_126380743.1
OG0001105	WP_136798292.1	WP_126375700.1
OG0001106	WP_136798293.1	WP_126375701.1
OG0001108	WP_136799277.1	WP_232034854.1
OG0001109	WP_136799278.1	WP_126380846.1
OG0001110	WP_136799281.1	WP_126380778.1
OG0001111	WP_136795829.1	WP_126378346.1
OG0001113	WP_136798744.1	WP_126381026.1
OG0001115	WP_136795810.1	WP_126378417.1
OG0001116	WP_136799255.1	WP_126379232.1
OG0001118	WP_136799165.1	WP_126378370.1
OG0001120	WP_275942939.1	WP_126380966.1
OG0001121	WP_136799183.1	WP_126378490.1
OG0001122	WP_136795793.1	WP_126377404.1
OG0001124	WP_136798291.1	WP_126375699.1
OG0001125	WP_136799164.1	WP_126379637.1
OG0001126	WP_136799098.1	WP_126378140.1
OG0001127	WP_136799646.1	WP_126380388.1
OG0001131	WP_136796041.1	WP_126380883.1
OG0001132	WP_136799414.1	WP_126376414.1, WP_126378203.1, WP_126379855.1
OG0001135	WP_136795293.1	WP_172961658.1
OG0001136	WP_228721344.1, WP_136796572.1	WP_126375590.1
OG0001138	WP_217907641.1, WP_136795898.1, WP_136799311.1	WP_126375813.1
OG0001139	WP_136797250.1, WP_136797232.1	WP_172961683.1
OG0001142	WP_136798719.1	WP_126375750.1
OG0001144	WP_136795792.1	WP_126377011.1
OG0001147	WP_136798963.1	WP_126376399.1, WP_172961700.1
OG0001149	WP_136795373.1	WP_126377081.1
OG0001150	WP_136796954.1	WP_126377172.1
OG0001152	WP_136799121.1	WP_126379833.1
OG0001153	WP_136795544.1	WP_126378118.1
OG0001154	WP_136795189.1	WP_126380644.1
OG0001157	WP_136795459.1	WP_126378131.1
OG0001159	WP_136798237.1	WP_126381275.1
OG0001163	WP_136798071.1	WP_126376064.1
OG0001167	WP_167495741.1	WP_126379882.1
OG0001171	WP_136795479.1	WP_126378114.1
OG0001172	WP_136795463.1	WP_126378122.1
OG0001173	WP_136795462.1	WP_126378125.1
OG0001174	WP_136795481.1	WP_126378110.1
OG0001175	WP_136798132.1	WP_126377807.1
OG0001176	WP_217907581.1	WP_126379346.1
OG0001180	WP_136795303.1	WP_126376096.1
OG0001181	WP_136795302.1	WP_126376097.1
OG0001187	WP_136796495.1, WP_136796540.1	WP_126378992.1
OG0001188	WP_136798126.1	WP_126376819.1
OG0001191	WP_136798580.1	WP_126380417.1
OG0001194	WP_136798130.1	WP_126380823.1
OG0001196	WP_136799699.1	WP_126375788.1
OG0001197	WP_136797863.1	WP_126377592.1
OG0001198	WP_136797885.1	WP_126379542.1
OG0001199	WP_136797895.1	WP_172961711.1
OG0001200	WP_275942929.1	WP_126377472.1
OG0001202	WP_136796776.1	WP_126379675.1, WP_126379065.1
OG0001203	WP_136796532.1	WP_126376634.1
OG0001204	WP_217907619.1	WP_232034754.1
OG0001205	WP_136795638.1	WP_126379095.1
OG0001206	WP_136795634.1	WP_126376656.1
OG0001207	WP_136795633.1	WP_126381267.1
OG0001208	WP_136796541.1	WP_126376293.1
OG0001209	WP_136799242.1	WP_126377168.1
OG0001210	WP_136795410.1	WP_126379353.1
OG0001212	WP_136796142.1	WP_126379979.1
OG0001213	WP_136796141.1	WP_126379981.1
OG0001215	WP_228721493.1	WP_126375845.1
OG0001216	WP_136798361.1	WP_232034810.1
OG0001219	WP_136798794.1, WP_136798793.1, WP_167495837.1	WP_126376557.1
OG0001220	WP_136798571.1	WP_172961707.1
OG0001221	WP_136798567.1	WP_126378299.1
OG0001223	WP_136797040.1	WP_126379226.1
OG0001227	WP_136797099.1	WP_126380404.1
OG0001228	WP_228721365.1	WP_126379567.1
OG0001229	WP_136796111.1	WP_126378604.1
OG0001230	WP_136796094.1	WP_126379695.1
OG0001232	WP_136799407.1	WP_126381311.1
OG0001233	WP_136795872.1	WP_126377258.1
OG0001236	WP_136799197.1	WP_126380440.1
OG0001237	WP_136799200.1	WP_126380442.1
OG0001238	WP_136796364.1	WP_126376881.1
OG0001240	WP_136798235.1	WP_126380510.1
OG0001241	WP_136795333.1	WP_126379429.1
OG0001242	WP_136795207.1	WP_126375943.1
OG0001243	WP_136798823.1, WP_136795191.1	WP_126380812.1
OG0001244	WP_136795184.1	WP_126376744.1
OG0001245	WP_275942946.1	WP_126380665.1
OG0001246	WP_228721407.1	WP_126380690.1
OG0001248	WP_136795750.1	WP_126380742.1
OG0001250	WP_136799933.1, WP_136797030.1	WP_126376565.1
OG0001251	WP_136799934.1, WP_136797033.1	WP_126377762.1
OG0001252	WP_136796968.1	WP_126380682.1
OG0001253	WP_136796965.1	WP_126378779.1
OG0001254	WP_136796961.1	WP_172961586.1
OG0001256	WP_136798271.1	WP_126379192.1
OG0001257	WP_136798267.1	WP_126378483.1
OG0001258	WP_136798250.1	WP_126375823.1
OG0001259	WP_136798249.1	WP_126375825.1
OG0001260	WP_136796612.1	WP_126379168.1, WP_126378625.1
OG0001262	WP_136796626.1	WP_126378461.1
OG0001263	WP_167495658.1	WP_126379356.1
OG0001264	WP_136798714.1	WP_126379575.1
OG0001266	WP_136797760.1	WP_126379864.1
OG0001268	WP_136796421.1	WP_126378616.1
OG0001269	WP_136795892.1	WP_126380523.1, WP_126381545.1
OG0001271	WP_136795789.1	WP_232034882.1
OG0001272	WP_136799289.1	WP_126375777.1
OG0001273	WP_136799134.1	WP_126377998.1
OG0001274	WP_136797098.1	WP_126377007.1
OG0001275	WP_136799202.1	WP_126378844.1
OG0001276	WP_136799275.1	WP_126375554.1
OG0001277	WP_136799276.1	WP_126380727.1
OG0001278	WP_136799283.1	WP_126380717.1
OG0001279	WP_167495877.1	WP_126380718.1
OG0001280	WP_136797070.1, WP_136796749.1	WP_232034788.1
OG0001281	WP_176360050.1	WP_126376267.1
OG0001282	WP_136795832.1	WP_126377626.1
OG0001283	WP_136795833.1	WP_126376698.1
OG0001292	WP_167495653.1	WP_126380713.1
OG0001293	WP_136795817.1	WP_126375613.1
OG0001295	WP_136799256.1	WP_126379431.1
OG0001296	WP_136795324.1	WP_126376551.1
OG0001297	WP_136795323.1	WP_126376553.1
OG0001298	WP_136797978.1	WP_126379323.1
OG0001300	WP_136795617.1	WP_126380809.1
OG0001301	WP_136798550.1	WP_126375674.1, WP_126377780.1
OG0001302	WP_136799783.1	WP_126379196.1
OG0001303	WP_136797967.1	WP_126379681.1
OG0001304	WP_136796489.1	WP_126380490.1
OG0001305	WP_136795561.1	WP_126380380.1
OG0001306	WP_136798534.1	WP_126378384.1
OG0001308	WP_136795154.1	WP_232034800.1
OG0001309	WP_136795844.1	WP_126375967.1
OG0001311	WP_136798588.1, WP_136798503.1	WP_126380701.1
OG0001312	WP_136799415.1	WP_126379853.1
OG0001314	WP_136796639.1	WP_126380008.1
OG0001318	WP_136799891.1	WP_126376529.1, WP_126377620.1, WP_232034821.1
OG0001323	WP_136799312.1, WP_136798686.1	WP_232034847.1
OG0001324	WP_136796858.1, WP_136796184.1	WP_126376764.1, WP_126375647.1
OG0001329	WP_136796334.1	WP_126379451.1
OG0001333	WP_167495675.1, WP_228721513.1	WP_126377240.1
OG0001334	WP_167495680.1	WP_126380821.1
OG0001336	WP_136798521.1	WP_126378802.1
OG0001337	WP_167495707.1	WP_126377958.1
OG0001338	WP_136798301.1	WP_126380613.1
OG0001343	WP_136799364.1	WP_126378364.1
OG0001352	WP_136795165.1	WP_126380724.1
OG0001356	WP_136795304.1	WP_126378333.1
OG0001358	WP_136799104.1	WP_126380926.1
OG0001359	WP_136795480.1	WP_126378112.1
OG0001361	WP_136797995.1	WP_126379489.1
OG0001365	WP_136796995.1	WP_126380671.1
OG0001368	WP_136799343.1	WP_126377340.1
OG0001369	WP_136795159.1	WP_126380867.1
OG0001372	WP_136795725.1	WP_126380969.1, WP_232034939.1
OG0001374	WP_136796996.1	WP_172961646.1
OG0001380	WP_136796455.1	WP_172961834.1, WP_232034919.1
OG0001381	WP_217907723.1	WP_126377982.1
OG0001382	WP_136795307.1	WP_126377073.1
OG0001392	WP_136798377.1	WP_126380816.1
OG0001393	WP_136796450.1	WP_126377965.1
OG0001396	WP_136797877.1	WP_126377302.1
OG0001397	WP_136798553.1	WP_126380435.1
OG0001398	WP_136797891.1	WP_126378439.1
OG0001401	WP_228721320.1	WP_232034891.1
OG0001403	WP_136796775.1	WP_126379677.1
OG0001404	WP_136796777.1	WP_126379673.1
OG0001405	WP_136796779.1	WP_126379669.1
OG0001406	WP_136796780.1	WP_126379667.1
OG0001407	WP_176360029.1	WP_232034870.1
OG0001409	WP_136796337.1	WP_126379876.1
OG0001410	WP_136795467.1	WP_126378006.1
OG0001413	WP_136795492.1	WP_126375914.1
OG0001414	WP_136795877.1	WP_126380808.1
OG0001416	WP_275942953.1	WP_126380970.1
OG0001417	WP_136798203.1	WP_172961770.1
OG0001419	WP_136798355.1	WP_126375677.1
OG0001420	WP_136798360.1	WP_126380840.1
OG0001423	WP_136797111.1	WP_197723467.1
OG0001424	WP_136798958.1	WP_126377611.1
OG0001427	WP_136796634.1	WP_126381549.1
OG0001428	WP_136796119.1	WP_126380425.1
OG0001429	WP_136796095.1	WP_126381441.1
OG0001431	WP_136799286.1	WP_126379426.1
OG0001432	WP_136795430.1, WP_136797899.1	WP_172961684.1
OG0001433	WP_136795515.1	WP_126376434.1
OG0001435	WP_228721476.1	WP_126379827.1
OG0001436	WP_136798341.1, WP_136797130.1	WP_126381230.1
OG0001437	WP_136798443.1, WP_136797665.1	WP_126380667.1
OG0001439	WP_136798604.1	WP_126378295.1
OG0001442	WP_136795937.1	WP_126380372.1
OG0001443	WP_136795938.1	WP_126380677.1
OG0001446	WP_136795193.1	WP_126380810.1
OG0001447	WP_136795192.1	WP_126380811.1
OG0001448	WP_136795172.1	WP_126380662.1
OG0001451	WP_136795146.1	WP_126379263.1
OG0001452	WP_136795129.1	WP_126379761.1
OG0001454	WP_136795746.1	WP_126379371.1
OG0001455	WP_136795767.1	WP_126378374.1
OG0001456	WP_136799930.1, WP_136797027.1	WP_126377756.1
OG0001458	WP_136798101.1	WP_126379170.1
OG0001459	WP_136798100.1	WP_126379172.1
OG0001461	WP_136796973.1	WP_126375772.1
OG0001462	WP_136796959.1	WP_126376109.1
OG0001465	WP_136796951.1	WP_126380711.1
OG0001466	WP_136796950.1	WP_126380710.1
OG0001468	WP_136796807.1	WP_126379085.1
OG0001470	WP_136798262.1	WP_126380714.1
OG0001471	WP_136795873.1	WP_126381019.1
OG0001474	WP_136795855.1	WP_126375756.1
OG0001478	WP_136799037.1	WP_126380346.1
OG0001479	WP_136797725.1	WP_232034805.1
OG0001482	WP_136798010.1	WP_126376993.1
OG0001484	WP_136797645.1	WP_172961788.1
OG0001485	WP_136797675.1	WP_126381526.1
OG0001486	WP_136795889.1	WP_126378297.1
OG0001487	WP_167495660.1	WP_126375662.1
OG0001507	WP_136796690.1	WP_126380309.1
OG0001508	WP_167495722.1	WP_126378488.1
OG0001510	WP_136795848.1	WP_126378301.1
OG0001514	WP_136796700.1	WP_126381021.1
OG0001515	WP_167495723.1	WP_126380725.1
OG0001517	WP_136799184.1	WP_126380951.1
OG0001518	WP_136796643.1	WP_126380219.1
OG0001519	WP_136798275.1	WP_126375937.1
OG0001522	WP_136798549.1	WP_126377778.1, WP_126375673.1
OG0001524	WP_136795579.1	WP_126377372.1
OG0001525	WP_136799224.1	WP_126378614.1
OG0001527	WP_136795890.1	WP_126380909.1
OG0001529	WP_136796698.1	WP_126380726.1
OG0001531	WP_136797953.1	WP_126376450.1
OG0001532	WP_136795888.1	WP_172961634.1
OG0001533	WP_217907603.1	WP_126377670.1
OG0001536	WP_136796778.1	WP_126379671.1
OG0001539	WP_136795362.1	WP_126375629.1
OG0001540	WP_136796081.1, WP_136796375.1	WP_172961717.1
OG0001542	WP_136798192.1	WP_126375570.1
OG0001546	WP_136795661.1	WP_126378352.1
OG0001547	WP_136795209.1	WP_126379455.1
OG0001550	WP_136798885.1	WP_126379595.1
OG0001551	WP_136798605.1	WP_126377223.1
OG0001552	WP_136800024.1	WP_126377255.1
OG0001556	WP_136797163.1	WP_126380697.1
OG0001557	WP_136795664.1	WP_126380659.1, WP_126378792.1
OG0001562	WP_136797358.1	WP_126377630.1
OG0001568	WP_136798821.1	WP_126381094.1
OG0001569	WP_136798739.1	WP_126380849.1
OG0001570	WP_136795934.1	WP_126375600.1
OG0001571	WP_136795931.1	WP_126375603.1
OG0001575	WP_136796575.1	WP_126380851.1
OG0001580	WP_136797919.1	WP_126381009.1
OG0001590	WP_136795930.1	WP_232034827.1
OG0001592	WP_136797918.1	WP_232034815.1
OG0001593	WP_136795305.1	WP_126378331.1
OG0001596	WP_136798522.1	WP_126378445.1
OG0001602	WP_167495900.1	WP_126380962.1
OG0001604	WP_136795674.1	WP_126375596.1
OG0001605	WP_136799421.1	WP_126380672.1
OG0001607	WP_136796727.1	WP_126380585.1
OG0001612	WP_136796457.1	WP_126377975.1
OG0001613	WP_136796456.1	WP_126377973.1
OG0001617	WP_136799152.1	WP_126378094.1
OG0001617	WP_136799401.1	WP_126380025.1
OG0001619	WP_136798677.1	WP_126381305.1
OG0001620	WP_136799693.1	WP_126381578.1
OG0001622	WP_136798427.1	WP_172961805.1
OG0001623	WP_167495624.1	WP_172961675.1
OG0001625	WP_136798444.1	WP_126375741.1
OG0001629	WP_136797880.1	WP_126380928.1
OG0001631	WP_136799337.1	WP_126380897.1
OG0001632	WP_136796886.1	WP_126381075.1, WP_126376674.1
OG0001638	WP_136798168.1	WP_126377923.1
OG0001640	WP_136796767.1	WP_126377548.1
OG0001645	WP_136796325.1	WP_126378257.1
OG0001646	WP_153305540.1	WP_126375682.1, WP_126378768.1
OG0001647	WP_136797108.1	WP_126375581.1, WP_126379373.1
OG0001649	WP_136795460.1	WP_126378129.1
OG0001650	WP_136795461.1	WP_126378127.1
OG0001651	WP_167495627.1	WP_126378120.1
OG0001652	WP_136798888.1, WP_176360056.1	WP_126378621.1
OG0001653	WP_228721454.1	WP_126379926.1
OG0001654	WP_136798513.1	WP_232034809.1
OG0001656	WP_136796786.1	WP_232034846.1
OG0001657	WP_136796794.1	WP_126377919.1
OG0001660	WP_136797428.1	WP_126377378.1
OG0001664	WP_136798679.1	WP_126376696.1
OG0001668	WP_136796937.1	WP_126375578.1
OG0001676	WP_136795475.1	WP_126378213.1
OG0001677	WP_136795269.1	WP_126379471.1
OG0001678	WP_136795474.1	WP_126377784.1
OG0001681	WP_136796125.1	WP_126379767.1
OG0001682	WP_136798961.1	WP_232034764.1
OG0001683	WP_136796108.1	WP_126378610.1
OG0001684	WP_167495678.1	WP_126378612.1
OG0001687	WP_136796085.1	WP_126375678.1
OG0001689	WP_136796554.1	WP_126381129.1
OG0001690	WP_228721321.1	WP_232034811.1
OG0001691	WP_136796558.1	WP_126380885.1
OG0001694	WP_136799411.1	WP_126375642.1, WP_126375625.1
OG0001696	WP_136797133.1, WP_136798342.1	WP_126375871.1
OG0001698	WP_136796645.1	WP_126380289.1
OG0001699	WP_217907605.1	WP_126380303.1
OG0001701	WP_136795360.1	WP_126377053.1
OG0001702	WP_136795670.1	WP_126379330.1
OG0001703	WP_136795334.1	WP_232034817.1
OG0001708	WP_136799977.1	WP_126380738.1
OG0001713	WP_136797703.1	WP_126378994.1
OG0001715	WP_136795552.1	WP_126380217.1
OG0001717	WP_136798137.1	WP_126378305.1
OG0001718	WP_136798098.1	WP_126379176.1
OG0001719	WP_136798097.1	WP_126379178.1
OG0001721	WP_136795657.1	WP_126375906.1
OG0001722	WP_136796136.1	WP_126380640.1
OG0001723	WP_136797961.1	WP_126376383.1
OG0001725	WP_136798224.1	WP_126375908.1
OG0001726	WP_136798225.1	WP_126375912.1
OG0001728	WP_136799354.1, WP_136795943.1	WP_126375546.1
OG0001730	WP_153305535.1	WP_126376648.1
OG0001731	WP_176360070.1	WP_126381269.1
OG0001733	WP_217907675.1	WP_126380462.1
OG0001736	WP_136796118.1	WP_126377842.1, WP_126380354.1
OG0001739	WP_176360052.1	WP_126378366.1
OG0001740	WP_136796379.1	WP_126377818.1
OG0001741	WP_136796380.1	WP_126377820.1
OG0001742	WP_136795505.1	WP_126377531.1
OG0001757	WP_136795941.1	WP_126375939.1
OG0001770	WP_228721382.1	WP_126378711.1
OG0001771	WP_136798546.1	WP_126375670.1
OG0001772	WP_136797025.1	WP_126376571.1
OG0001777	WP_136796671.1	WP_126377448.1
OG0001781	WP_136796109.1	WP_126378608.1
OG0001783	WP_136799194.1	WP_126379527.1
OG0001784	WP_228721424.1	WP_126376577.1
OG0001785	WP_217907705.1	WP_126378171.1
OG0001787	WP_136796638.1	WP_126380010.1
OG0001788	WP_136797128.1	WP_126375873.1
OG0001790	WP_136795996.1	WP_126379998.1, WP_126376775.1
OG0001793	WP_167495695.1, WP_136799664.1	WP_126380813.1
OG0001796	WP_176360003.1	WP_126377719.1
OG0001798	WP_136799890.1	WP_126375577.1
OG0001799	WP_136795408.1	WP_126375646.1
OG0001800	WP_136795498.1	WP_126380893.1
OG0001801	WP_136795381.1	WP_172961780.1
OG0001804	WP_136796351.1	WP_126379870.1
OG0001807	WP_136796250.1	WP_126380047.1
OG0001810	WP_136796186.1	WP_126375649.1
OG0001811	WP_136796185.1	WP_126375648.1
OG0001812	WP_136796531.1	WP_126379938.1
OG0001813	WP_136798175.1, WP_136795308.1	WP_126380368.1, WP_126376720.1
OG0001815	WP_136799073.1, WP_136795417.1	WP_126376583.1
OG0001816	WP_136799394.1, WP_136799156.1	WP_126380033.1
OG0001828	WP_136797110.1	WP_232034759.1
OG0001832	WP_176360019.1, WP_267314021.1	WP_126375993.1
OG0001841	WP_136795933.1	WP_126375601.1
OG0001844	WP_136795285.1	WP_232034772.1
OG0001845	WP_136795316.1	WP_126378931.1
OG0001848	WP_136796486.1	WP_126378285.1
OG0001854	WP_136799850.1	WP_126380468.1
OG0001856	WP_136796454.1	WP_126377969.1
OG0001874	WP_136797035.1	WP_126375899.1
OG0001878	WP_136796449.1	WP_126377962.1
OG0001883	WP_136797436.1	WP_126380256.1
OG0001893	WP_228721383.1	WP_126378955.1
OG0001896	WP_136796549.1	WP_126380923.1
OG0001917	WP_136797048.1	WP_232034824.1
OG0001918	WP_136798655.1	WP_126379248.1
OG0001921	WP_136795669.1	WP_126379332.1
OG0001923	WP_136795249.1	WP_126376708.1
OG0001925	WP_136798952.1	WP_126378953.1
OG0001929	WP_136795183.1	WP_126375690.1
OG0001931	WP_136795179.1	WP_126377276.1
OG0001933	WP_217907623.1	WP_126375761.1
OG0001940	WP_136795574.1	WP_126378079.1
OG0001942	WP_136798820.1	WP_126381096.1
OG0001957	WP_136797916.1, WP_136797199.1	WP_126377760.1
OG0001962	WP_136797567.1, WP_136796629.1	WP_126376579.1
OG0001966	WP_136797123.1	WP_126376504.1
OG0001972	WP_136797811.1	WP_126376903.1
OG0001975	WP_136796696.1	WP_126380390.1
OG0001989	WP_136798190.1	WP_126379643.1
OG0001990	WP_167495726.1	WP_126379202.1
OG0001998	WP_136796680.1	WP_126375681.1
OG0002008	WP_136799268.1	WP_126376310.1
OG0002034	WP_136796401.1	WP_126379144.1
OG0002035	WP_136799820.1	WP_126380594.1
OG0002039	WP_263577274.1	WP_126378267.1
OG0002040	WP_136795961.1	WP_126379058.1
OG0002042	WP_136799813.1, WP_136799919.1	WP_126380600.1
OG0002050	WP_136798146.1	WP_126380344.1
OG0002051	WP_136797582.1	WP_232034752.1
OG0002055	WP_136797313.1	WP_232034884.1
OG0002057	WP_136795471.1	WP_126377099.1
OG0002060	WP_176359996.1, WP_136797547.1	WP_126380342.1
OG0002065	WP_136796362.1, WP_228721440.1	WP_126380021.1
OG0002066	WP_136797390.1, WP_217907715.1	WP_126376841.1
OG0002068	WP_136797402.1	WP_126376724.1
OG0002074	WP_167495691.1, WP_228721319.1	WP_126380041.1
OG0002078	WP_136795500.1	WP_126379443.1
OG0002079	WP_136795468.1	WP_126378933.1, WP_126377425.1
OG0002081	WP_136799304.1	WP_126379753.1
OG0002082	WP_136798288.1	WP_126375695.1
OG0002084	WP_136798331.1	WP_126378281.1
OG0002085	WP_275942952.1	WP_126376436.1
OG0002086	WP_136796935.1	WP_126380878.1
OG0002087	WP_136795926.1	WP_126378846.1
OG0002088	WP_136796248.1	WP_126380570.1
OG0002088	WP_136798841.1	WP_126380049.1
OG0002089	WP_136798591.1	WP_126378185.1
OG0002090	WP_136795287.1	WP_126380431.1
OG0002094	WP_217907666.1	WP_269471678.1
OG0002095	WP_136799789.1	WP_126378646.1
OG0002096	WP_136796493.1	WP_126375606.1
OG0002097	WP_136797213.1	WP_126381043.1
OG0002097	WP_136798410.1	WP_126379273.1
OG0002098	WP_136795654.1	WP_126377942.1
OG0002100	WP_136799529.1	WP_126376472.1
OG0002130	WP_136798347.1	WP_172961802.1
OG0002137	WP_136795726.1	WP_126375551.1
OG0002148	WP_136796227.1	WP_126377992.1
OG0002191	WP_136796889.1	WP_126377084.1
OG0002199	WP_136796393.1, WP_136796892.1	WP_126380645.1
OG0002202	WP_136798252.1	WP_126377466.1
OG0002212	WP_136799305.1	WP_126377505.1
OG0002227	WP_136795737.1	WP_126381224.1
OG0002238	WP_217907624.1	WP_126380201.1
OG0002254	WP_167495800.1	WP_126378619.1
OG0002260	WP_136798383.1	WP_126376317.1
OG0002263	WP_136798189.1	WP_126379641.1
OG0002280	WP_136797438.1	WP_126377622.1
OG0002298	WP_136795567.1	WP_126378074.1
OG0002304	WP_136795766.1	WP_269471677.1
OG0002314	WP_136796459.1	WP_126377978.1
OG0002315	WP_136796448.1	WP_126377960.1
OG0002325	WP_136796768.1	WP_126380658.1
OG0002328	WP_136796513.1	WP_232034893.1
OG0002330	WP_250697407.1	WP_269471685.1
OG0002333	WP_136796926.1, WP_136798819.1	WP_126375742.1
OG0002335	WP_136799654.1	WP_126380529.1
OG0002339	WP_136795259.1	WP_126376466.1
OG0002346	WP_136795636.1	WP_126376660.1
OG0002347	WP_136799318.1	WP_126376342.1
OG0002357	WP_167495734.1	WP_126380629.1
OG0002359	WP_136798987.1	WP_126377862.1
OG0002360	WP_136797081.1	WP_126377854.1
OG0002363	WP_136798236.1	WP_172961794.1
OG0002364	WP_136796492.1	WP_232034829.1
OG0002374	WP_136796832.1	WP_126378755.1
OG0002390	WP_136796798.1	WP_126378167.1
OG0002394	WP_136796668.1	WP_126378747.1
OG0002401	WP_136795662.1	WP_126379538.1
OG0002402	WP_167495924.1	WP_197723442.1, WP_126376823.1
OG0002405	WP_136798956.1, WP_136795940.1	WP_126375956.1
OG0002408	WP_136796293.1	WP_126377324.1
OG0002411	WP_136795418.1	WP_172961618.1
OG0002412	WP_136799400.1, WP_136799151.1	WP_126378096.1, WP_126380027.1
OG0002413	WP_136798989.1	WP_126375558.1
OG0002414	WP_136798873.1, WP_136796147.1	WP_126376915.1
OG0002415	WP_136799501.1	WP_126378662.1
OG0002416	WP_136799502.1	WP_126378660.1
OG0002417	WP_136799503.1	WP_126378658.1, WP_126380319.1
OG0002420	WP_136796315.1	WP_126380922.1
OG0002421	WP_136798036.1, WP_136796438.1, WP_136796192.1	WP_126378498.1
OG0002423	WP_136798478.1	WP_126379553.1
OG0002456	WP_136798209.1	WP_126377642.1
OG0002488	WP_136798616.1	WP_126380274.1
OG0002511	WP_136795616.1	WP_126376889.1
OG0002519	WP_136795268.1	WP_126379469.1
OG0002536	WP_136798586.1	WP_126381485.1
OG0002537	WP_136798664.1	WP_172961765.1
OG0002576	WP_136799975.1	WP_126380252.1
OG0002646	WP_136799886.1	WP_126380703.1
OG0002648	WP_136796403.1	WP_126376276.1
OG0002653	WP_136798846.1	WP_126378354.1
OG0002655	WP_136797146.1	WP_126377177.1
OG0002657	WP_136795585.1	WP_172961616.1
OG0002691	WP_136798044.1	WP_232034856.1
OG0002706	WP_136798871.1	WP_126379904.1
OG0002708	WP_136798451.1	WP_126375733.1
OG0002711	WP_167495772.1	WP_126375747.1
OG0002729	WP_136799643.1	WP_126377451.1
OG0002730	WP_136798843.1, WP_136795904.1	WP_126377870.1
OG0002731	WP_136795427.1	WP_126377128.1
OG0002744	WP_136796797.1	WP_126378165.1
OG0002745	WP_136796796.1	WP_126378163.1
OG0002753	WP_136797080.1	WP_126376999.1
OG0002754	WP_136798614.1, WP_136798612.1	WP_126377834.1
OG0002756	WP_136797101.1	WP_126380590.1
OG0002758	WP_136795771.1	WP_126380064.1
OG0002766	WP_136797833.1	WP_126378976.1
OG0002771	WP_136795932.1	WP_126375602.1
OG0002777	WP_136795144.1	WP_126380101.1
OG0002780	WP_136798791.1	WP_126378911.1
OG0002781	WP_136799074.1	WP_126376585.1
OG0002782	WP_136795675.1	WP_126375598.1
OG0002784	WP_136799740.1	WP_126377320.1
OG0002786	WP_136796314.1	WP_126380921.1
OG0002787	WP_136795935.1	WP_232034825.1
OG0002789	WP_167495751.1	WP_172961628.1
OG0002791	WP_136795341.1, WP_136795338.1	WP_126375886.1
OG0002792	WP_136795673.1	WP_126375595.1
OG0002795	WP_267314014.1, WP_267314013.1, WP_136798684.1	WP_126375811.1
OG0002798	WP_136796247.1	WP_126380568.1, WP_126380051.1
OG0002802	WP_136798424.1	WP_126381169.1, WP_126380004.1
OG0002898	WP_136799721.1	WP_126380014.1
OG0002908	WP_136797465.1	WP_126377896.1
OG0002943	WP_167495732.1	WP_126377242.1
OG0002970	WP_136797197.1	WP_126377764.1
OG0003028	WP_136797324.1	WP_126379814.1
OG0003055	WP_136799381.1	WP_126380470.1
OG0003078	WP_136799018.1	WP_232034750.1
OG0003095	WP_136798489.1	WP_126378503.1
OG0003096	WP_136796712.1	WP_126380437.1
OG0003099	WP_217907683.1	WP_126380857.1
OG0003105	WP_136796194.1	WP_126378590.1
OG0003141	WP_136797041.1	WP_126376500.1, WP_172961801.1
OG0003163	WP_136799724.1	WP_126379156.1
OG0003167	WP_136797481.1	WP_126378173.1
OG0003223	WP_136796556.1	WP_126378978.1
OG0003225	WP_136797152.1	WP_126381083.1
OG0003229	WP_136795880.1	WP_126379721.1
OG0003237	WP_136798683.1, WP_136798845.1	WP_126375809.1
OG0003239	WP_136795356.1	WP_126380881.1, WP_172961598.1
OG0003246	WP_136798334.1	WP_126379611.1
OG0003247	WP_136798330.1	WP_126379250.1, WP_126379344.1
OG0003249	WP_167495614.1	WP_126377390.1
OG0003252	WP_136795327.1	WP_126378761.1
OG0003260	WP_136799158.1	WP_126380016.1
OG0003261	WP_136799159.1	WP_126380019.1
OG0003262	WP_136799160.1	WP_126380023.1
OG0003263	WP_136799161.1	WP_172961737.1
OG0003269	WP_136795672.1	WP_172961642.1
OG0003270	WP_176360086.1	WP_126375597.1
OG0003278	WP_136797120.1	WP_232034771.1
OG0003279	WP_136796895.1	WP_126380888.1
OG0003280	WP_136796897.1	WP_126380886.1
OG0003282	WP_136796301.1	WP_126378291.1
OG0003283	WP_136796306.1	WP_126379829.1
OG0003284	WP_136798629.1	WP_126379967.1, WP_126377994.1
OG0003285	WP_228721428.1, WP_136797281.1	WP_232034898.1
OG0003289	WP_167495777.1	WP_232034889.1
OG0003292	WP_217907632.1	WP_126378960.1
OG0003297	WP_136796395.1	WP_126378316.1
OG0003301	WP_167495733.1	WP_126380770.1
OG0003529	WP_136798826.1	WP_232034837.1
OG0003891	WP_136797834.1	WP_126377130.1
OG0003910	WP_136797322.1	WP_126379812.1
OG0003936	WP_136798687.1	WP_126375815.1
OG0003955	WP_136799044.1	WP_126380031.1
OG0003956	WP_136799045.1	WP_126380029.1
OG0003974	WP_167495762.1	WP_197723450.1
OG0003989	WP_136799157.1	WP_232034776.1
OG0003992	WP_136796256.1	WP_126378819.1
OG0003993	WP_136796255.1	WP_126378816.1
OG0003994	WP_136796252.1	WP_126378810.1
OG0003997	WP_136797394.1	WP_126380795.1
OG0004022	WP_136799077.1	WP_126376593.1
OG0004023	WP_136795658.1	WP_126380827.1
OG0004042	WP_136798628.1	WP_126377996.1
OG0004066	WP_136795659.1	WP_126380826.1
OG0004068	WP_136796888.1	WP_172961621.1
OG0004076	WP_136798508.1	WP_126380360.1
OG0004080	WP_136795843.1	WP_126377948.1
OG0004089	WP_136798607.1	WP_172961641.1
OG0004092	WP_136798983.1	WP_126375655.1
OG0004100	WP_167495711.1	WP_126378823.1
OG0005415	WP_136797925.1	WP_126380973.1
OG0005424	WP_136798984.1	WP_126375656.1
OG0005427	WP_136799597.1	WP_232034791.1
OG0005428	WP_136799601.1	WP_126376789.1
