Orthogroup	Desulfovibrio vulgaris DP4	Desulfovibrio ferrophilus IS5
OG0000000	WP_011791609.1	WP_126376458.1
OG0000000	WP_011792763.1	WP_126376149.1
OG0000000	WP_010938245.1, WP_011792839.1	WP_126379949.1
OG0000000	WP_011793126.1	WP_126379731.1
OG0000000	WP_010938712.1	WP_126379473.1
OG0000000	WP_011791434.1	WP_126380421.1
OG0000000	WP_010940154.1	WP_126381323.1
OG0000000	WP_043629113.1	WP_126375654.1
OG0000000	WP_010938045.1	WP_172961679.1
OG0000000	WP_010940219.1	WP_126377754.1
OG0000000	WP_011792079.1	WP_126380558.1
OG0000000	WP_011791966.1, WP_011793108.1	WP_172961667.1
OG0000000	WP_011792800.1	WP_126377909.1
OG0000000	WP_011792552.1	WP_126379194.1
OG0000000	WP_011792072.1	WP_126377956.1
OG0000001	WP_010937723.1	WP_126376510.1, WP_172961810.1
OG0000001	WP_011791528.1	WP_126376875.1
OG0000001	WP_010939092.1	WP_126377423.1
OG0000001	WP_011792183.1	WP_232034871.1, WP_126377178.1
OG0000001	WP_010937422.1	WP_126380918.1
OG0000001	WP_010939946.1	WP_126377950.1
OG0000001	WP_223294637.1	WP_172961606.1, WP_126379817.1, WP_172961763.1
OG0000001	WP_010939074.1	WP_126380957.1
OG0000001	WP_010940213.1, WP_010938064.1	WP_172961695.1
OG0000001	WP_011792933.1	WP_197723432.1
OG0000001	WP_011792985.1	WP_126375584.1, WP_172961715.1
OG0000002	WP_011792861.1	WP_126380848.1
OG0000002	WP_010937409.1	WP_126380045.1, WP_126380572.1
OG0000002	WP_181409382.1	WP_126376855.1
OG0000002	WP_010938054.1	WP_126380920.1
OG0000002	WP_206215584.1	WP_126375861.1
OG0000002	WP_181409380.1	WP_126378796.1, WP_172961625.1
OG0000002	WP_011792919.1	WP_126380628.1
OG0000002	WP_010939222.1	WP_126378098.1
OG0000003	WP_011791948.1, WP_011792936.1, WP_011792186.1	WP_126378962.1
OG0000003	WP_011792805.1, WP_223294605.1	WP_269471680.1
OG0000003	WP_011791758.1, WP_011793192.1	WP_126378451.1, WP_126375592.1
OG0000003	WP_011792991.1, WP_011791551.1	WP_232034903.1, WP_126377874.1, WP_126375919.1
OG0000003	WP_011791517.1, WP_011791477.1, WP_011793099.1	WP_126377852.1
OG0000003	WP_011792169.1	WP_126380591.1
OG0000003	WP_011792750.1	WP_172961734.1
OG0000003	WP_223294650.1, WP_011792521.1, WP_010939570.1, WP_011792180.1	WP_126378859.1
OG0000003	WP_011792768.1	WP_126377940.1, WP_232034842.1
OG0000003	WP_011791461.1	WP_126378861.1, WP_126380680.1
OG0000003	WP_011792622.1	WP_172961561.1
OG0000003	WP_011793136.1, WP_010937493.1	WP_126379689.1, WP_126378840.1, WP_126380863.1
OG0000003	WP_011793047.1	WP_126377796.1, WP_126379081.1
OG0000004	WP_223294664.1	WP_172961663.1
OG0000004	WP_011791556.1	WP_126381022.1
OG0000005	WP_223294572.1	WP_126378870.1
OG0000005	WP_011791961.1	WP_126378672.1
OG0000005	WP_223294640.1	WP_126380638.1
OG0000005	WP_011792884.1, WP_011791703.1, WP_011791404.1, WP_011791738.1	WP_126379076.1, WP_126376307.1
OG0000005	WP_011791849.1, WP_011792761.1	WP_126379727.1, WP_172961688.1
OG0000005	WP_011791532.1	WP_172961730.1
OG0000006	WP_223294638.1	WP_172961697.1, WP_172961590.1, WP_126379953.1
OG0000006	WP_011792399.1	WP_172961773.1, WP_172961640.1, WP_232034929.1
OG0000006	WP_011791840.1	WP_126379851.1
OG0000006	WP_011793189.1	WP_126375661.1
OG0000006	WP_011792901.1	WP_172961584.1
OG0000007	WP_011791331.1	WP_126381476.1
OG0000007	WP_010939647.1	WP_126375925.1
OG0000007	WP_011791362.1	WP_126375605.1
OG0000007	WP_223294679.1	WP_126379380.1
OG0000008	WP_010939710.1	WP_126379377.1
OG0000008	WP_011793161.1	WP_126376430.1
OG0000008	WP_010937371.1	WP_126378253.1
OG0000009	WP_011791502.1	WP_126381017.1
OG0000010	WP_011792555.1	WP_126377455.1
OG0000010	WP_011787335.1	WP_126380060.1
OG0000010	WP_011792554.1	WP_126377453.1
OG0000010	WP_011791544.1	WP_172961742.1
OG0000011	WP_010937320.1	WP_126375556.1
OG0000011	WP_010938006.1	WP_126379898.1
OG0000012	WP_010938711.1	WP_126379475.1
OG0000012	WP_011791433.1	WP_232034787.1
OG0000012	WP_011787301.1	WP_126380912.1
OG0000012	WP_011793127.1	WP_172961727.1
OG0000013	WP_010940496.1, WP_010940473.1	WP_126381347.1
OG0000013	WP_010937456.1	WP_232034900.1, WP_126378023.1
OG0000013	WP_010940225.1, WP_010940222.1	WP_126378033.1, WP_126379737.1
OG0000013	WP_010937451.1	WP_126376569.1, WP_126379729.1
OG0000014	WP_010939857.1	WP_126377105.1, WP_126380551.1
OG0000015	WP_011792453.1	WP_126376089.1
OG0000015	WP_011791371.1	WP_126376871.1
OG0000016	WP_010940486.1	WP_126377698.1
OG0000016	WP_010938884.1	WP_126376801.1
OG0000016	WP_010939351.1	WP_126376256.1
OG0000018	WP_011791583.1	WP_232034885.1
OG0000018	WP_011793112.1	WP_126378455.1
OG0000019	WP_010938382.1	WP_126380934.1
OG0000020	WP_010937483.1	WP_126375676.1
OG0000021	WP_010937476.1	WP_126379862.1
OG0000021	WP_011791398.1	WP_126380735.1
OG0000021	WP_010937477.1	WP_126379959.1, WP_126381453.1
OG0000021	WP_010939846.1	WP_126379546.1
OG0000023	WP_010939713.1, WP_011792776.1	WP_126379216.1
OG0000023	WP_010939712.1, WP_010937960.1	WP_126379217.1
OG0000024	WP_011791375.1	WP_126375630.1
OG0000024	WP_010940347.1	WP_126381489.1
OG0000024	WP_011792124.1	WP_126380860.1
OG0000026	WP_010940054.1	WP_126379565.1
OG0000026	WP_010938934.1	WP_126380889.1
OG0000027	WP_011791819.1, WP_011792816.1	WP_126376537.1
OG0000027	WP_011791657.1	WP_126377878.1
OG0000028	WP_043629613.1	WP_126381116.1
OG0000028	WP_010940221.1	WP_126376567.1
OG0000028	WP_043629606.1	WP_126378035.1, WP_126379735.1
OG0000028	WP_010940474.1	WP_126378025.1
OG0000029	WP_011792424.1	WP_172961565.1
OG0000029	WP_010939259.1	WP_126377624.1
OG0000030	WP_011792490.1	WP_126375863.1
OG0000030	WP_010938266.1	WP_126376853.1
OG0000030	WP_011792766.1	WP_232034763.1
OG0000030	WP_010937417.1	WP_126376783.1
OG0000030	WP_010937694.1	WP_126380627.1
OG0000031	WP_011792678.1	WP_126379174.1
OG0000031	WP_010939674.1	WP_126376771.1
OG0000032	WP_011791761.1	WP_126380669.1
OG0000032	WP_014524547.1	WP_126380997.1
OG0000033	WP_011792395.1	WP_232034906.1
OG0000033	WP_011792568.1	WP_126380666.1
OG0000034	WP_010937372.1	WP_269471682.1
OG0000035	WP_011792514.1	WP_232034774.1
OG0000035	WP_181409361.1	WP_126381133.1
OG0000035	WP_011791918.1	WP_172961635.1
OG0000035	WP_011792644.1	WP_126376101.1
OG0000036	WP_011793195.1	WP_126375559.1
OG0000038	WP_010938341.1	WP_232034908.1
OG0000038	WP_010938662.1	WP_126376738.1
OG0000039	WP_010940169.1, WP_010940065.1	WP_126378763.1
OG0000039	WP_011793158.1	WP_126378255.1
OG0000040	WP_011787337.1	WP_126380168.1
OG0000042	WP_011792510.1	WP_126379529.1
OG0000042	WP_011792450.1	WP_126377521.1
OG0000043	WP_010938268.1	WP_172961570.1, WP_126380768.1, WP_126380936.1, WP_126378951.1
OG0000045	WP_011792363.1	WP_126378830.1
OG0000046	WP_011792325.1	WP_126379445.1
OG0000046	WP_081428943.1	WP_126375663.1
OG0000047	WP_011793001.1, WP_011787324.1	WP_172961739.1
OG0000047	WP_223294624.1	WP_172961741.1
OG0000048	WP_010940286.1	WP_126381030.1
OG0000048	WP_011792918.1	WP_232034796.1
OG0000048	WP_011792687.1	WP_126379303.1
OG0000049	WP_011792396.1	WP_172961615.1
OG0000052	WP_011791785.1	WP_126380843.1
OG0000053	WP_011792107.1	WP_126381249.1
OG0000053	WP_011792251.1	WP_126377151.1
OG0000055	WP_011787329.1, WP_150100250.1	WP_126380209.1
OG0000056	WP_011791723.1	WP_126375624.1, WP_126378175.1
OG0000056	WP_010937885.1	WP_126376520.1
OG0000056	WP_010937579.1	WP_126381184.1
OG0000056	WP_011792734.1	WP_126379928.1
OG0000056	WP_011791533.1	WP_126380518.1
OG0000056	WP_011793138.1	WP_126379293.1
OG0000056	WP_043629981.1, WP_011791784.1	WP_172961636.1
OG0000058	WP_010938574.1	WP_126375819.1
OG0000059	WP_010937832.1	WP_232034798.1
OG0000060	WP_011792468.1	WP_126379040.1, WP_232034744.1
OG0000061	WP_011791554.1	WP_126381032.1
OG0000062	WP_011791830.1	WP_126380870.1
OG0000062	WP_010937479.1	WP_126379963.1, WP_126379859.1
OG0000063	WP_010937703.1	WP_126380494.1
OG0000064	WP_011792376.1	WP_126377057.1
OG0000064	WP_010938346.1	WP_232034920.1
OG0000065	WP_010938763.1	WP_126379932.1
OG0000065	WP_010938364.1	WP_126379160.1
OG0000066	WP_014524570.1	WP_172961713.1
OG0000066	WP_011791664.1	WP_126377227.1
OG0000067	WP_010937478.1	WP_126379861.1
OG0000067	WP_010939732.1	WP_126380869.1
OG0000068	WP_011792000.1	WP_126378496.1
OG0000069	WP_010940354.1	WP_126379705.1
OG0000069	WP_010938241.1	WP_126381140.1
OG0000070	WP_011792560.1	WP_126378422.1
OG0000070	WP_011792594.1	WP_232034886.1
OG0000070	WP_011792137.1	WP_126378424.1
OG0000070	WP_011792909.1	WP_126376492.1
OG0000071	WP_010940006.1	WP_126379791.1
OG0000071	WP_010938017.1	WP_126376680.1
OG0000071	WP_010937857.1	WP_126379188.1
OG0000072	WP_010940007.1	WP_126379789.1, WP_126376668.1
OG0000072	WP_010937856.1	WP_126378397.1
OG0000072	WP_010938016.1	WP_126379182.1
OG0000074	WP_011791681.1	WP_126380953.1
OG0000074	WP_010939694.1	WP_126379593.1
OG0000075	WP_010938534.1	WP_126375865.1
OG0000075	WP_010937693.1	WP_126380626.1
OG0000075	WP_010937418.1	WP_126376787.1, WP_126376781.1
OG0000076	WP_011792812.1	WP_126375693.1, WP_126381049.1
OG0000076	WP_010939190.1	WP_126377024.1
OG0000076	WP_223294670.1	WP_172961659.1
OG0000077	WP_010938705.1	WP_126379711.1
OG0000077	WP_011792992.1	WP_126377449.1
OG0000078	WP_011791625.1	WP_172961764.1
OG0000078	WP_011792202.1	WP_126376995.1, WP_126376997.1
OG0000079	WP_011792883.1	WP_232034839.1, WP_126380539.1
OG0000080	WP_011791635.1	WP_126375851.1, WP_126375849.1
OG0000081	WP_010940308.1	WP_126375579.1, WP_126379190.1
OG0000082	WP_010937942.1	WP_232034762.1
OG0000082	WP_010939878.1	WP_126379022.1
OG0000082	WP_010939503.1	WP_126377927.1
OG0000082	WP_011793168.1	WP_126380332.1
OG0000082	WP_010937359.1	WP_126380330.1
OG0000083	WP_011791490.1	WP_126377578.1
OG0000083	WP_223294658.1, WP_011792935.1	WP_172961574.1
OG0000083	WP_043629947.1	WP_126378765.1, WP_126375658.1
OG0000083	WP_010938152.1	WP_126380521.1
OG0000084	WP_011791721.1	WP_126379819.1
OG0000085	WP_011791400.1	WP_172961786.1
OG0000085	WP_011792371.1	WP_126381273.1
OG0000086	WP_011792617.1	WP_126375833.1
OG0000086	WP_011792094.1	WP_126376484.1
OG0000086	WP_011792911.1	WP_126375563.1
OG0000087	WP_010939136.1	WP_126377394.1
OG0000087	WP_010940040.1	WP_126379228.1
OG0000088	WP_011792102.1	WP_126376259.1
OG0000091	WP_043629736.1	WP_126379497.1
OG0000092	WP_011791541.1	WP_126378232.1
OG0000093	WP_010938329.1	WP_126377889.1, WP_126380751.1
OG0000094	WP_011792116.1	WP_126379747.1
OG0000095	WP_011792244.1	WP_232034876.1
OG0000097	WP_011792054.1	WP_126380356.1
OG0000098	WP_011791697.1	WP_126376676.1, WP_126379787.1
OG0000098	WP_011792837.1	WP_126381415.1
OG0000098	WP_010938015.1	WP_126378399.1
OG0000099	WP_011792998.1	WP_126376575.1, WP_126378972.1
OG0000100	WP_010939709.1	WP_126380829.1
OG0000100	WP_011791837.1	WP_232034760.1
OG0000101	WP_010939270.1	WP_126380553.1
OG0000101	WP_011792822.1	WP_126376877.1
OG0000102	WP_010940470.1	WP_126375587.1
OG0000103	WP_010938528.1	WP_126375876.1
OG0000104	WP_010939083.1	WP_126377346.1
OG0000104	WP_014524275.1	WP_126377988.1
OG0000105	WP_010938500.1	WP_126379501.1
OG0000106	WP_011792615.1	WP_126380444.1
OG0000107	WP_010937936.1	WP_126375961.1
OG0000110	WP_010938886.1	WP_232034912.1
OG0000110	WP_010939354.1	WP_126379985.1, WP_126376245.1
OG0000111	WP_011793196.1	WP_172961560.1
OG0000112	WP_011792830.1	WP_126377306.1
OG0000112	WP_011792050.1	WP_126379449.1
OG0000114	WP_011792216.1	WP_126377356.1
OG0000114	WP_010938595.1	WP_126376037.1
OG0000115	WP_010939125.1	WP_126377362.1
OG0000116	WP_011791823.1	WP_126376215.1
OG0000117	WP_011791822.1	WP_126380925.1
OG0000118	WP_011791821.1	WP_126381543.1
OG0000119	WP_011793090.1	WP_126378138.1
OG0000120	WP_011793100.1	WP_126379965.1, WP_126379857.1
OG0000120	WP_010939361.1	WP_126377828.1
OG0000122	WP_011792236.1	WP_172961804.1
OG0000123	WP_011792099.1	WP_126376239.1
OG0000123	WP_010938887.1	WP_126376807.1
OG0000126	WP_010940460.1	WP_126379210.1
OG0000127	WP_010937986.1	WP_126379366.1
OG0000127	WP_181409358.1	WP_126379368.1
OG0000128	WP_011791538.1	WP_232034755.1
OG0000129	WP_010937945.1	WP_126376839.1
OG0000130	WP_223294580.1	WP_172961687.1
OG0000130	WP_011176619.1	WP_126380098.1
OG0000131	WP_011791342.1	WP_126380299.1
OG0000131	WP_011792836.1, WP_010937626.1	WP_232034794.1
OG0000132	WP_010940606.1	WP_126380313.1
OG0000132	WP_010939230.1	WP_126378656.1, WP_126375702.1
OG0000133	WP_010938383.1	WP_232034812.1
OG0000134	WP_010938551.1	WP_126377750.1
OG0000135	WP_011791597.1	WP_126380248.1
OG0000135	WP_011792726.1	WP_126379924.1
OG0000136	WP_049758095.1	WP_126377707.1
OG0000137	WP_010939747.1	WP_126380924.1
OG0000138	WP_011792381.1	WP_126376412.1
OG0000138	WP_010940324.1	WP_232034766.1
OG0000142	WP_011792996.1	WP_126377727.1
OG0000143	WP_011792337.1	WP_126376543.1, WP_126377487.1, WP_126375622.1
OG0000145	WP_043629618.1	WP_126376563.1
OG0000146	WP_011791431.1	WP_126380419.1
OG0000146	WP_011792250.1	WP_126377153.1
OG0000146	WP_010938190.1	WP_126375637.1
OG0000146	WP_010937699.1	WP_126380631.1
OG0000147	WP_011792469.1	WP_126378684.1
OG0000150	WP_010939076.1	WP_126377334.1
OG0000152	WP_011792323.1	WP_126377470.1
OG0000152	WP_010940001.1	WP_126381066.1, WP_172961651.1
OG0000153	WP_010940442.1	WP_126380676.1
OG0000153	WP_010940352.1	WP_126379795.1
OG0000154	WP_011792501.1	WP_126380855.1
OG0000155	WP_010938876.1	WP_126377489.1
OG0000157	WP_010940371.1	WP_126377733.1
OG0000157	WP_010940197.1	WP_172961657.1, WP_126380940.1
OG0000157	WP_011792645.1	WP_126376103.1
OG0000157	WP_049758070.1	WP_126375621.1, WP_126375641.1
OG0000157	WP_010938275.1	WP_172961704.1, WP_126377001.1, WP_126379020.1, WP_126378866.1
OG0000159	WP_010939223.1	WP_126381351.1
OG0000159	WP_011793043.1	WP_126380841.1
OG0000160	WP_010939839.1	WP_126379093.1
OG0000161	WP_011791997.1	WP_232034768.1, WP_126378650.1
OG0000162	WP_010938840.1	WP_126375857.1
OG0000162	WP_011792479.1, WP_011791513.1	WP_172961809.1
OG0000163	WP_010940363.1	WP_126378343.1
OG0000164	WP_011791543.1	WP_126378223.1
OG0000164	WP_011791450.1	WP_126377539.1
OG0000165	WP_011787399.1, WP_010938560.1	WP_232034880.1
OG0000166	WP_011791768.1	WP_126377850.1
OG0000167	WP_010937731.1	WP_126380541.1
OG0000168	WP_010937578.1	WP_126381182.1
OG0000168	WP_010937835.1	WP_126381180.1
OG0000168	WP_010939250.1, WP_010939253.1	WP_126375657.1, WP_126375553.1
OG0000169	WP_011792420.1	WP_126376755.1
OG0000169	WP_010937667.1	WP_126376344.1
OG0000170	WP_011792245.1	WP_126377170.1
OG0000172	WP_011791937.1	WP_232034792.1
OG0000174	WP_011792674.1	WP_126378921.1
OG0000174	WP_010938157.1	WP_126378915.1
OG0000176	WP_011791793.1, WP_011792152.1, WP_010939204.1	WP_126377398.1
OG0000179	WP_010938734.1	WP_126379401.1
OG0000179	WP_010939715.1, WP_010939359.1	WP_126379755.1, WP_126377123.1, WP_126377121.1, WP_126378894.1, WP_126375971.1, WP_126379261.1
OG0000180	WP_011792418.1, WP_010937666.1, WP_010938677.1	WP_126376686.1, WP_126376684.1
OG0000181	WP_043629990.1	WP_126380072.1, WP_172961740.1, WP_126380100.1
OG0000183	WP_010937739.1	WP_126380586.1
OG0000183	WP_011791957.1	WP_126375665.1
OG0000184	WP_010940610.1	WP_126380301.1
OG0000185	WP_011791484.1	WP_126378072.1
OG0000187	WP_010940180.1	WP_126376003.1
OG0000188	WP_011791809.1	WP_126380802.1
OG0000189	WP_011791869.1, WP_011792391.1	WP_126379679.1
OG0000190	WP_010939066.1, WP_011793101.1	WP_126377864.1
OG0000191	WP_010938461.1	WP_172961744.1
OG0000192	WP_011791950.1	WP_126379340.1
OG0000193	WP_010939362.1	WP_126377830.1
OG0000194	WP_011787414.1	WP_126378106.1
OG0000194	WP_010939235.1	WP_126375723.1
OG0000195	WP_011791944.1	WP_126381648.1, WP_126380634.1
OG0000196	WP_010937737.1	WP_126380588.1
OG0000196	WP_011791954.1	WP_126375667.1
OG0000199	WP_011792175.1	WP_126375709.1
OG0000200	WP_010939353.1	WP_126376251.1
OG0000200	WP_011176580.1	WP_126381637.1
OG0000200	WP_011791341.1	WP_126380297.1
OG0000201	WP_011791421.1, WP_011792846.1	WP_126377684.1
OG0000201	WP_011792442.1	WP_126376387.1
OG0000202	WP_011793009.1	WP_126376358.1, WP_126375680.1
OG0000203	WP_011791587.1	WP_126380446.1
OG0000203	WP_011791454.1	WP_126376516.1
OG0000204	WP_011793045.1	WP_172961790.1
OG0000204	WP_011791422.1	WP_172961728.1
OG0000204	WP_011791438.1	WP_126378027.1
OG0000205	WP_010937341.1	WP_172961692.1, WP_126380899.1
OG0000205	WP_011791913.1	WP_126378759.1
OG0000205	WP_011792096.1, WP_011791373.1	WP_126379244.1
OG0000206	WP_010939741.1	WP_126380556.1
OG0000207	WP_011792220.1	WP_126380263.1
OG0000207	WP_010940291.1	WP_126381038.1
OG0000208	WP_011791552.1	WP_126381041.1
OG0000208	WP_010939070.1	WP_126380261.1
OG0000209	WP_011792598.1	WP_126378432.1
OG0000209	WP_011791412.1	WP_126376468.1
OG0000210	WP_014524330.1	WP_126379481.1
OG0000211	WP_011791766.1	WP_126378828.1
OG0000211	WP_011792255.1	WP_126377139.1
OG0000212	WP_010939209.1	WP_232034881.1
OG0000213	WP_223294656.1	WP_126379561.1
OG0000215	WP_010937992.1	WP_126379387.1
OG0000216	WP_010938636.1	WP_126381405.1
OG0000216	WP_011793129.1	WP_126380832.1
OG0000217	WP_010939133.1	WP_126377388.1
OG0000217	WP_010939603.1, WP_223294665.1	WP_126376654.1
OG0000218	WP_010938558.1	WP_126377380.1
OG0000219	WP_014524381.1	WP_126377392.1
OG0000220	WP_010938294.1	WP_126380131.1
OG0000220	WP_010939219.1	WP_126378751.1
OG0000221	WP_011792772.1	WP_232034814.1
OG0000222	WP_011791920.1	WP_126377752.1
OG0000222	WP_223294689.1	WP_126380413.1
OG0000223	WP_010938648.1	WP_126379433.1
OG0000225	WP_010939784.1	WP_126381110.1
OG0000226	WP_010939105.1	WP_232034915.1
OG0000227	WP_011792871.1	WP_126380765.1
OG0000227	WP_011793143.1	WP_126380781.1
OG0000228	WP_011791456.1	WP_126380386.1
OG0000228	WP_011792579.1	WP_126378318.1
OG0000229	WP_011792120.1	WP_126378283.1
OG0000230	WP_010939852.1	WP_126376561.1
OG0000232	WP_011791500.1	WP_126376907.1
OG0000232	WP_011791499.1	WP_197723452.1
OG0000233	WP_010938704.1	WP_126379699.1
OG0000234	WP_014524184.1	WP_126375880.1
OG0000234	WP_010939427.1	WP_126375783.1
OG0000235	WP_010939791.1	WP_126379765.1
OG0000235	WP_010938191.1	WP_126375707.1
OG0000237	WP_011792782.1	WP_126377266.1
OG0000237	WP_011792427.1	WP_126377794.1
OG0000239	WP_010937469.1	WP_126380937.1
OG0000240	WP_043629138.1	WP_126381024.1
OG0000240	WP_010938105.1, WP_043629997.1	WP_126379988.1
OG0000240	WP_011792780.1, WP_011792799.1	WP_126381060.1
OG0000242	WP_011792730.1	WP_172961595.1
OG0000243	WP_010940402.1	WP_152034911.1
OG0000244	WP_010940229.1	WP_126379395.1, WP_126378654.1, WP_126380246.1
OG0000248	WP_010938759.1	WP_126376690.1
OG0000250	WP_011791427.1	WP_126377694.1
OG0000250	WP_010939149.1	WP_126381114.1, WP_126376970.1
OG0000252	WP_011791958.1	WP_126375668.1
OG0000253	WP_011791802.1	WP_232034747.1
OG0000253	WP_011791801.1	WP_126378732.1
OG0000254	WP_010939526.1	WP_126379613.1
OG0000254	WP_010940325.1	WP_126379617.1
OG0000257	WP_011791929.1	WP_126377805.1
OG0000259	WP_011792770.1	WP_126380949.1
OG0000260	WP_010939132.1	WP_126377383.1
OG0000261	WP_011792785.1	WP_232034914.1
OG0000263	WP_223294628.1	WP_172961789.1
OG0000264	WP_010938076.1	WP_126380686.1
OG0000265	WP_010938078.1	WP_126380688.1
OG0000266	WP_010938217.1	WP_126380663.1
OG0000270	WP_010937324.1	WP_126380933.1
OG0000271	WP_010940288.1	WP_126381034.1
OG0000272	WP_010938742.1	WP_126379423.1
OG0000273	WP_010938516.1	WP_126376722.1
OG0000274	WP_010938265.1	WP_126376851.1
OG0000274	WP_043629524.1	WP_126379464.1
OG0000277	WP_011791810.1	WP_232034831.1
OG0000278	WP_010937741.1	WP_126380584.1
OG0000278	WP_011791959.1	WP_126375672.1, WP_126377776.1, WP_126377774.1
OG0000280	WP_010937609.1	WP_126379987.1, WP_232034773.1, WP_126376296.1
OG0000282	WP_011792059.1, WP_011792618.1	WP_126377832.1
OG0000283	WP_011791794.1, WP_010939207.1	WP_126377400.1
OG0000284	WP_011792788.1	WP_232034785.1
OG0000285	WP_010940031.1	WP_126380954.1
OG0000286	WP_011792784.1	WP_232034878.1
OG0000287	WP_010937317.1, WP_043629761.1, WP_011792648.1	WP_126379943.1
OG0000288	WP_011792198.1	WP_126377408.1
OG0000289	WP_011792179.1	WP_126378287.1
OG0000289	WP_011793145.1	WP_126375897.1
OG0000290	WP_011791783.1	WP_126381196.1
OG0000291	WP_010939194.1	WP_126377018.1
OG0000291	WP_011792170.1	WP_126375792.1
OG0000292	WP_011792092.1	WP_126378090.1
OG0000292	WP_011791915.1	WP_126378757.1
OG0000295	WP_223294586.1	WP_232034907.1
OG0000296	WP_010940232.1, WP_010939150.1	WP_126376968.1
OG0000297	WP_011792575.1	WP_172961716.1, WP_126380746.1
OG0000298	WP_011793137.1	WP_126380478.1
OG0000299	WP_011791465.1	WP_232034802.1
OG0000300	WP_010939567.1, WP_010939601.1	WP_126376664.1
OG0000301	WP_011792454.1	WP_126376077.1
OG0000302	WP_011791854.1	WP_126376779.1
OG0000309	WP_010937603.1	WP_126379200.1
OG0000311	WP_010937595.1	WP_126377668.1, WP_126380177.1
OG0000312	WP_011793105.1	WP_126380979.1
OG0000313	WP_011791965.1, WP_011792492.1	WP_126375836.1
OG0000316	WP_010939745.1	WP_126376218.1
OG0000316	WP_043629054.1	WP_126375979.1
OG0000320	WP_011792826.1	WP_126380370.1
OG0000321	WP_011792110.1	WP_232034945.1
OG0000323	WP_011791621.1	WP_172961568.1, WP_172961580.1
OG0000324	WP_011792866.1	WP_172961787.1
OG0000326	WP_011792611.1	WP_126375696.1
OG0000327	WP_011792744.1, WP_010937853.1	WP_126379184.1
OG0000332	WP_011791449.1	WP_126377537.1
OG0000333	WP_011792647.1	WP_126380825.1
OG0000335	WP_011791909.1	WP_126380917.1
OG0000336	WP_010937968.1	WP_126380948.1
OG0000337	WP_011792628.1	WP_126380785.1
OG0000338	WP_011793021.1	WP_126379709.1
OG0000339	WP_011791786.1	WP_126375542.1
OG0000340	WP_010938005.1	WP_126379916.1
OG0000343	WP_011791800.1	WP_126378734.1
OG0000344	WP_011792447.1	WP_126379008.1
OG0000345	WP_010938967.1	WP_172961637.1
OG0000346	WP_011791853.1	WP_126376777.1
OG0000348	WP_011791623.1	WP_232034790.1
OG0000349	WP_011792783.1	WP_126377264.1
OG0000350	WP_010938092.1	WP_126380698.1
OG0000352	WP_010939077.1	WP_126377336.1
OG0000353	WP_010939841.1	WP_126378808.1, WP_126381186.1
OG0000354	WP_010938317.1	WP_126375853.1
OG0000355	WP_011792771.1	WP_126381547.1
OG0000356	WP_010939497.1	WP_126377915.1
OG0000357	WP_011792314.1	WP_126376942.1
OG0000358	WP_011792626.1	WP_126377529.1
OG0000359	WP_011791553.1	WP_126381036.1
OG0000360	WP_010938090.1	WP_126380696.1
OG0000360	WP_010938970.1	WP_126377079.1
OG0000361	WP_010938503.1	WP_126379495.1
OG0000363	WP_011792691.1	WP_126377101.1
OG0000364	WP_011792640.1	WP_232034851.1
OG0000365	WP_010939592.1, WP_010937330.1	WP_126379797.1
OG0000366	WP_011791409.1	WP_126376476.1
OG0000366	WP_011791408.1	WP_126376478.1
OG0000367	WP_011791636.1	WP_126380006.1
OG0000367	WP_011791518.1	WP_126379291.1
OG0000369	WP_010940010.1	WP_126379783.1
OG0000375	WP_011791652.1	WP_172961745.1, WP_126381106.1, WP_126376843.1
OG0000376	WP_011792547.1	WP_126375867.1, WP_126377201.1
OG0000379	WP_010938720.1	WP_126378328.1
OG0000379	WP_010940036.1	WP_126378217.1
OG0000380	WP_010939093.1	WP_126377282.1
OG0000381	WP_011791991.1	WP_126376913.1
OG0000382	WP_010937943.1	WP_126379417.1
OG0000382	WP_010939504.1	WP_126377929.1
OG0000382	WP_011793167.1	WP_126380334.1
OG0000384	WP_010937551.1	WP_126379878.1
OG0000387	WP_010939695.1	WP_126377103.1, WP_126379591.1
OG0000388	WP_010938501.1	WP_126379499.1
OG0000389	WP_010940621.1	WP_126380280.1
OG0000390	WP_010937704.1	WP_126380496.1
OG0000391	WP_010939193.1	WP_126377020.1
OG0000392	WP_011791927.1	WP_126377803.1
OG0000393	WP_011792321.1	WP_126377464.1
OG0000394	WP_011792428.1	WP_126376132.1
OG0000395	WP_011791505.1	WP_126377729.1
OG0000396	WP_011792627.1	WP_126380788.1
OG0000397	WP_010937773.1	WP_126380761.1
OG0000398	WP_011792462.1	WP_126375829.1
OG0000399	WP_010937883.1	WP_126376541.1
OG0000400	WP_011791616.1	WP_126375999.1
OG0000401	WP_010939095.1	WP_126377286.1
OG0000403	WP_011792485.1	WP_232034756.1
OG0000404	WP_010940163.1	WP_126380502.1
OG0000405	WP_010940310.1	WP_232034904.1
OG0000407	WP_011792056.1	WP_126375697.1
OG0000408	WP_011792429.1	WP_126376130.1
OG0000409	WP_011792140.1	WP_126375727.1
OG0000410	WP_010937473.1	WP_126375949.1
OG0000411	WP_043629982.1	WP_126380543.1
OG0000412	WP_223294696.1	WP_126379030.1
OG0000412	WP_011792467.1	WP_172961686.1
OG0000413	WP_010937629.1	WP_126379336.1
OG0000414	WP_010938768.1, WP_011792538.1	WP_126380931.1
OG0000415	WP_011793093.1	WP_126378136.1
OG0000418	WP_011792638.1	WP_126380654.1
OG0000419	WP_011791482.1	WP_232034936.1
OG0000421	WP_011792174.1	WP_126380975.1, WP_126380183.1, WP_126377166.1, WP_126375708.1
OG0000422	WP_011792752.1	WP_126379072.1
OG0000423	WP_011793124.1	WP_126380506.1
OG0000424	WP_011792329.1	WP_232034868.1
OG0000425	WP_010940414.1	WP_126380914.1
OG0000426	WP_011792875.1	WP_126380760.1
OG0000427	WP_258312758.1	WP_126377181.1
OG0000428	WP_010938540.1	WP_126379265.1
OG0000429	WP_011793152.1	WP_126379605.1
OG0000431	WP_011792086.1	WP_126380348.1
OG0000433	WP_011793177.1	WP_126380900.1
OG0000435	WP_010937470.1	WP_126381045.1
OG0000436	WP_011792953.1	WP_126380205.1
OG0000436	WP_011792988.1	WP_126377737.1
OG0000438	WP_043629227.1	WP_197723444.1
OG0000439	WP_010939842.1	WP_126378807.1, WP_126381188.1
OG0000440	WP_011791680.1	WP_126380955.1
OG0000441	WP_043629623.1	WP_126378080.1
OG0000442	WP_011792528.1	WP_126379906.1
OG0000443	WP_010939164.1	WP_126380919.1
OG0000444	WP_014524613.1	WP_126378345.1
OG0000446	WP_010937614.1	WP_126379389.1
OG0000446	WP_010938736.1	WP_126379406.1
OG0000447	WP_011792504.1	WP_126379793.1, WP_126379505.1
OG0000448	WP_010940009.1, WP_010938014.1	WP_126379786.1
OG0000448	WP_010937854.1	WP_126379186.1
OG0000451	WP_011792582.1, WP_011793115.1	WP_172961703.1
OG0000451	WP_011791610.1	WP_126376456.1
OG0000452	WP_223294646.1	WP_126376762.1
OG0000453	WP_010940146.1	WP_126375712.1, WP_126380007.1
OG0000454	WP_011792813.1, WP_011792133.1	WP_126381051.1
OG0000457	WP_011791333.1	WP_126380273.1
OG0000458	WP_011792053.1	WP_126379457.1
OG0000459	WP_010940242.1	WP_126378236.1
OG0000460	WP_043629230.1	WP_197723457.1
OG0000461	WP_010938112.1	WP_126376122.1
OG0000463	WP_011792431.1	WP_126378471.1, WP_126378644.1
OG0000464	WP_223294644.1	WP_126380647.1
OG0000465	WP_010938458.1, WP_011792597.1, WP_014524374.1	WP_126379779.1
OG0000466	WP_010939080.1	WP_126377342.1
OG0000467	WP_010937632.1	WP_126377723.1
OG0000468	WP_011792746.1	WP_126379910.1
OG0000469	WP_011792195.1	WP_126377360.1
OG0000470	WP_011792673.1	WP_126378919.1
OG0000471	WP_010937702.1	WP_126380492.1
OG0000472	WP_011791932.1	WP_126378642.1, WP_126377824.1
OG0000473	WP_010939210.1	WP_126377396.1
OG0000475	WP_011791402.1	WP_126380674.1
OG0000476	WP_011792707.1	WP_126380693.1
OG0000477	WP_011791415.1	WP_126379238.1
OG0000478	WP_011792446.1	WP_126379010.1
OG0000479	WP_011791861.1, WP_010940359.1	WP_126378348.1
OG0000480	WP_010937325.1, WP_010939491.1	WP_126375801.1
OG0000481	WP_219995814.1	WP_126378435.1
OG0000482	WP_010937881.1	WP_126376547.1
OG0000484	WP_011791338.1	WP_126380284.1
OG0000485	WP_011791862.1, WP_010940358.1	WP_126378350.1
OG0000486	WP_011792689.1	WP_126379287.1
OG0000487	WP_010938229.1	WP_126380961.1
OG0000488	WP_010938489.1	WP_126379525.1
OG0000489	WP_010938975.1	WP_126377067.1
OG0000490	WP_010937352.1	WP_172961760.1
OG0000491	WP_011791780.1	WP_126379485.1
OG0000492	WP_011792326.1	WP_126377713.1
OG0000493	WP_011791776.1, WP_011792197.1	WP_126377410.1
OG0000494	WP_011792051.1	WP_172961673.1, WP_126379453.1
OG0000495	WP_043629742.1	WP_126376099.1
OG0000496	WP_011791907.1	WP_126375923.1
OG0000497	WP_011791930.1	WP_126377812.1
OG0000498	WP_223294660.1	WP_172961654.1
OG0000500	WP_011792097.1	WP_126377826.1
OG0000501	WP_010938312.1	WP_172961582.1
OG0000502	WP_011791592.1	WP_126378238.1
OG0000503	WP_011792249.1	WP_126377195.1
OG0000504	WP_010940372.1	WP_126377731.1
OG0000505	WP_011792089.1	WP_126378085.1
OG0000506	WP_010940239.1	WP_126378242.1
OG0000507	WP_011792008.1, WP_011792327.1	WP_126376835.1
OG0000509	WP_011792698.1	WP_126376116.1
OG0000510	WP_011787353.1	WP_126380646.1
OG0000511	WP_010938955.1	WP_126377183.1
OG0000512	WP_010937769.1	WP_126380757.1
OG0000513	WP_011791403.1	WP_126380673.1
OG0000514	WP_011791911.1	WP_126375935.1
OG0000516	WP_011793110.1	WP_126378465.1
OG0000517	WP_010939622.1	WP_126377799.1
OG0000519	WP_011791791.1	WP_232034888.1
OG0000520	WP_010937630.1	WP_126379338.1
OG0000521	WP_010938037.1	WP_126380820.1
OG0000522	WP_011792155.1	WP_126377013.1
OG0000523	WP_010938645.1	WP_126376393.1
OG0000524	WP_010937314.1	WP_126380396.1
OG0000526	WP_011791368.1	WP_126375981.1
OG0000529	WP_011791940.1	WP_126378081.1
OG0000530	WP_164561900.1	WP_232034793.1
OG0000531	WP_011793151.1	WP_126375893.1
OG0000532	WP_010940501.1	WP_126377676.1
OG0000533	WP_011792113.1	WP_126375945.1
OG0000534	WP_010938822.1	WP_126377444.1
OG0000535	WP_011792779.1	WP_126379224.1
OG0000536	WP_010940049.1	WP_126379271.1
OG0000538	WP_010939273.1	WP_126380854.1
OG0000539	WP_011792109.1	WP_126376287.1, WP_172961816.1
OG0000540	WP_043629788.1	WP_126375989.1
OG0000541	WP_011792686.1	WP_126379308.1
OG0000542	WP_011793103.1	WP_126375953.1
OG0000543	WP_011792874.1	WP_126380762.1
OG0000544	WP_010939602.1	WP_126376662.1
OG0000545	WP_010939218.1	WP_126377049.1
OG0000546	WP_081428870.1	WP_126377155.1
OG0000548	WP_010938966.1	WP_126377086.1
OG0000549	WP_011792519.1, WP_223294639.1	WP_126379236.1
OG0000550	WP_011791414.1	WP_126378469.1
OG0000551	WP_011791394.1	WP_126377300.1
OG0000553	WP_010940353.1	WP_126380678.1
OG0000555	WP_010938859.1	WP_126377511.1
OG0000556	WP_010940534.1	WP_126380804.1
OG0000558	WP_010938694.1	WP_232034822.1
OG0000561	WP_011792559.1	WP_126377792.1
OG0000562	WP_011792500.1	WP_126375568.1
OG0000566	WP_011792887.1, WP_011792888.1	WP_126380739.1
OG0000567	WP_011792529.1	WP_126379908.1
OG0000568	WP_010940570.1	WP_126381234.1
OG0000569	WP_011792578.1, WP_010938457.1	WP_126378372.1
OG0000570	WP_011792432.1	WP_126377743.1
OG0000571	WP_011792452.1	WP_126376091.1
OG0000572	WP_011791668.1	WP_172961619.1
OG0000573	WP_010939702.1	WP_126377199.1, WP_126376885.1, WP_126378211.1, WP_126376234.1
OG0000573	WP_010939490.1, WP_010938553.1	WP_126375560.1
OG0000575	WP_011792315.1	WP_126376941.1
OG0000576	WP_010938916.1	WP_126376937.1
OG0000577	WP_010939126.1	WP_126377364.1
OG0000578	WP_011791317.1	WP_126380394.1
OG0000579	WP_011792576.1	WP_126380745.1
OG0000580	WP_010938909.1	WP_232034916.1
OG0000581	WP_010940182.1	WP_126376006.1
OG0000582	WP_010938185.1	WP_126375633.1
OG0000583	WP_011792506.1	WP_126379507.1
OG0000584	WP_010938376.1	WP_126379759.1
OG0000585	WP_010938375.1	WP_126379757.1
OG0000586	WP_010938373.1	WP_126381445.1
OG0000587	WP_011791757.1	WP_126376883.1
OG0000588	WP_011793193.1	WP_126379697.1
OG0000589	WP_010940177.1	WP_126376001.1
OG0000590	WP_011792493.1	WP_126375878.1
OG0000591	WP_010939154.1	WP_126376962.1
OG0000592	WP_010937795.1	WP_126380852.1
OG0000593	WP_010939717.1	WP_126379359.1
OG0000594	WP_011792105.1	WP_126376270.1
OG0000595	WP_043629095.1	WP_126380213.1
OG0000596	WP_010939198.1	WP_232034872.1
OG0000597	WP_010938825.1	WP_126377437.1
OG0000598	WP_010939782.1	WP_126378738.1
OG0000599	WP_010938256.1	WP_126377651.1
OG0000600	WP_011793123.1	WP_232034783.1
OG0000601	WP_011792532.1	WP_126375798.1
OG0000602	WP_010939199.1	WP_126377009.1
OG0000603	WP_010939174.1	WP_172961647.1
OG0000604	WP_223294672.1	WP_172961633.1
OG0000605	WP_011792614.1	WP_172961652.1
OG0000607	WP_043629197.1	WP_126380956.1
OG0000608	WP_010938113.1	WP_126376126.1
OG0000609	WP_010939740.1	WP_126379577.1
OG0000610	WP_043629734.1	WP_126376379.1
OG0000611	WP_010940503.1	WP_126379531.1
OG0000612	WP_011792682.1	WP_126379314.1
OG0000613	WP_010938136.1	WP_126379316.1
OG0000615	WP_010938173.1	WP_126378874.1
OG0000616	WP_010938170.1	WP_126378878.1
OG0000617	WP_010938599.1	WP_126376041.1
OG0000618	WP_010938601.1	WP_126376046.1
OG0000619	WP_010938602.1	WP_126376048.1
OG0000620	WP_010938603.1	WP_126376050.1
OG0000621	WP_010938604.1	WP_126376052.1
OG0000622	WP_010940201.1	WP_126380448.1
OG0000623	WP_011791413.1	WP_126378477.1
OG0000624	WP_010938227.1	WP_126380959.1
OG0000625	WP_010938226.1	WP_126380958.1
OG0000626	WP_011792978.1	WP_126376462.1
OG0000627	WP_011792444.1	WP_126376381.1
OG0000628	WP_011792199.1	WP_126376976.1
OG0000629	WP_011792088.1	WP_126378083.1
OG0000630	WP_010938669.1	WP_126376751.1
OG0000631	WP_010938667.1	WP_126376746.1
OG0000632	WP_010937362.1	WP_126380336.1
OG0000633	WP_181409338.1	WP_126378790.1
OG0000634	WP_011793164.1	WP_126377709.1
OG0000635	WP_010938578.1	WP_126375827.1
OG0000637	WP_010938504.1	WP_126379493.1
OG0000638	WP_010938199.1	WP_126376107.1
OG0000639	WP_043629256.1	WP_126379579.1
OG0000640	WP_010937959.1	WP_126379219.1
OG0000641	WP_010938000.1	WP_126379074.1
OG0000642	WP_011793050.1	WP_126380125.1
OG0000643	WP_010938865.1	WP_126376704.1
OG0000644	WP_011792392.1	WP_126380824.1
OG0000645	WP_011792997.1	WP_126377725.1
OG0000646	WP_011791805.1	WP_126378721.1
OG0000647	WP_010939773.1	WP_126378723.1
OG0000648	WP_010939777.1	WP_126378730.1
OG0000649	WP_010938866.1	WP_126376706.1
OG0000650	WP_011792870.1	WP_126380766.1
OG0000651	WP_011792873.1	WP_126380763.1
OG0000652	WP_010938643.1	WP_126376389.1
OG0000653	WP_043629518.1	WP_126379918.1
OG0000654	WP_011792650.1	WP_126375634.1
OG0000655	WP_011792855.1	WP_126380776.1
OG0000656	WP_010937817.1	WP_126377580.1
OG0000657	WP_010937816.1	WP_126377582.1
OG0000658	WP_011792851.1	WP_126377595.1
OG0000659	WP_181409373.1	WP_126377597.1
OG0000660	WP_010939789.1	WP_126378777.1
OG0000661	WP_010939788.1	WP_126378775.1
OG0000662	WP_011792821.1	WP_126376545.1
OG0000663	WP_010938977.1	WP_232034830.1
OG0000664	WP_223294688.1	WP_126377673.1
OG0000665	WP_010938035.1	WP_126380819.1
OG0000666	WP_010938853.1, WP_014524388.1	WP_126377885.1
OG0000667	WP_010939263.1	WP_126380844.1
OG0000670	WP_011791970.1	WP_126375751.1
OG0000671	WP_010938507.1	WP_126379487.1
OG0000672	WP_011791432.1	WP_126381098.1
OG0000673	WP_010938823.1	WP_126377442.1
OG0000674	WP_011791534.1	WP_126380965.1
OG0000675	WP_011791332.1	WP_126380265.1
OG0000676	WP_010938875.1	WP_126377491.1
OG0000677	WP_010938622.1	WP_126376083.1
OG0000678	WP_010938621.1	WP_126376081.1
OG0000679	WP_010938140.1	WP_126379325.1
OG0000680	WP_010938494.1	WP_126379512.1
OG0000681	WP_010940187.1	WP_126376017.1
OG0000682	WP_043629159.1	WP_126376015.1
OG0000683	WP_010939599.1	WP_126378380.1
OG0000684	WP_010938075.1	WP_126380685.1
OG0000685	WP_010938614.1	WP_126376070.1
OG0000686	WP_010938890.1	WP_126376811.1
OG0000687	WP_010938609.1	WP_126376060.1
OG0000688	WP_010938607.1	WP_126376057.1
OG0000689	WP_010938606.1	WP_126376056.1
OG0000690	WP_010938747.1	WP_126377431.1
OG0000691	WP_010938593.1	WP_126376033.1
OG0000692	WP_049758104.1	WP_126375760.1
OG0000693	WP_011791337.1	WP_126380282.1
OG0000694	WP_011792542.1	WP_126379585.1
OG0000695	WP_011791336.1	WP_126380278.1
OG0000696	WP_011791441.1	WP_126380221.1
OG0000697	WP_011791481.1	WP_126381541.1
OG0000698	WP_010938134.1	WP_126379312.1
OG0000699	WP_011792683.1	WP_232034758.1
OG0000700	WP_011792217.1	WP_126377348.1
OG0000701	WP_011792484.1	WP_126376440.1
OG0000702	WP_011792477.1	WP_126380769.1
OG0000704	WP_010939769.1	WP_126378715.1
OG0000705	WP_010939770.1	WP_126378717.1
OG0000706	WP_223294677.1	WP_126378719.1
OG0000707	WP_011791804.1	WP_126378725.1
OG0000708	WP_010939783.1	WP_126381395.1
OG0000709	WP_043629306.1	WP_126376199.1
OG0000710	WP_011791775.1	WP_126380733.1
OG0000711	WP_010938129.1	WP_126379305.1
OG0000712	WP_010938228.1	WP_126380960.1
OG0000713	WP_010938499.1	WP_126379503.1
OG0000714	WP_011792505.1	WP_232034765.1
OG0000715	WP_010938495.1	WP_126379510.1
OG0000716	WP_010938493.1	WP_126379514.1
OG0000717	WP_010940183.1	WP_126376008.1
OG0000718	WP_010940184.1	WP_126376010.1
OG0000719	WP_010940185.1	WP_126376013.1
OG0000720	WP_011791613.1	WP_126376019.1
OG0000721	WP_010938594.1	WP_126376035.1
OG0000722	WP_010938597.1	WP_126376039.1
OG0000723	WP_011792455.1	WP_126376043.1
OG0000724	WP_010938605.1	WP_126376054.1
OG0000725	WP_010938608.1	WP_126376059.1
OG0000726	WP_010938610.1	WP_126376062.1
OG0000727	WP_010938615.1	WP_126381242.1
OG0000728	WP_010938616.1	WP_126381245.1
OG0000729	WP_010938617.1	WP_126376072.1
OG0000730	WP_010938618.1	WP_126376074.1
OG0000731	WP_010938623.1	WP_126376085.1
OG0000732	WP_010938624.1	WP_126381247.1
OG0000733	WP_010938625.1	WP_126376087.1
OG0000734	WP_011791926.1	WP_232034918.1
OG0000735	WP_011791344.1	WP_126380307.1
OG0000736	WP_011791987.1	WP_126377932.1
OG0000737	WP_011792849.1	WP_126377586.1
OG0000738	WP_010938947.1	WP_126377160.1
OG0000739	WP_011792507.1	WP_126379518.1
OG0000740	WP_010940646.1	WP_126380527.1
OG0000741	WP_010939720.1	WP_126380649.1
OG0000742	WP_014524672.1	WP_126379625.1
OG0000743	WP_010937757.1	WP_126380537.1
OG0000744	WP_010940500.1	WP_126377678.1
OG0000745	WP_011792461.1	WP_126375831.1
OG0000746	WP_043629470.1	WP_126378358.1
OG0000747	WP_049758073.1	WP_232034867.1
OG0000748	WP_010940172.1	WP_126375995.1
OG0000749	WP_011792699.1	WP_126376115.1
OG0000750	WP_043629133.1	WP_126381375.1
OG0000751	WP_010937633.1	WP_126377721.1
OG0000752	WP_010938673.1	WP_126376760.1
OG0000753	WP_011792330.1	WP_126376827.1
OG0000754	WP_010938914.1	WP_126376933.1
OG0000755	WP_011792317.1	WP_126376935.1
OG0000756	WP_011792702.1	WP_126378177.1
OG0000757	WP_010937395.1	WP_126377543.1
OG0000758	WP_014524181.1	WP_126380398.1
OG0000759	WP_011792877.1	WP_232034803.1
OG0000760	WP_010940408.1	WP_126380911.1
OG0000761	WP_010938200.1	WP_126376105.1
OG0000762	WP_011792572.1	WP_126380748.1
OG0000763	WP_010938389.1	WP_126379573.1
OG0000764	WP_011792535.1	WP_126379571.1
OG0000765	WP_010937393.1	WP_126380406.1
OG0000766	WP_010939096.1	WP_126377288.1
OG0000767	WP_081428877.1	WP_126379398.1
OG0000768	WP_010937363.1	WP_126380338.1
OG0000769	WP_010938172.1	WP_126378876.1
OG0000770	WP_011792660.1	WP_126378880.1
OG0000771	WP_011792661.1	WP_126378882.1
OG0000772	WP_010938167.1	WP_126378884.1
OG0000773	WP_011792663.1	WP_126378886.1
OG0000774	WP_011792664.1	WP_126378888.1
OG0000775	WP_011791908.1	WP_172961585.1
OG0000776	WP_011791910.1	WP_126375931.1
OG0000777	WP_010939641.1	WP_126375933.1
OG0000778	WP_010939500.1	WP_126377921.1
OG0000779	WP_011792378.1	WP_126377051.1
OG0000780	WP_011792658.1	WP_126378872.1
OG0000782	WP_011792254.1	WP_126381297.1
OG0000783	WP_010939719.1	WP_126380651.1
OG0000784	WP_010938343.1	WP_126378393.1
OG0000785	WP_010938342.1	WP_126378391.1
OG0000787	WP_011791423.1	WP_126380223.1
OG0000788	WP_011791827.1	WP_126379581.1
OG0000789	WP_011792483.1	WP_126376442.1
OG0000790	WP_011791446.1	WP_126380747.1
OG0000792	WP_011791774.1	WP_126377846.1
OG0000793	WP_011792862.1	WP_126377658.1
OG0000794	WP_011791622.1	WP_126381500.1
OG0000795	WP_011791453.1	WP_126377541.1
OG0000796	WP_011792441.1	WP_126376391.1
OG0000797	WP_043629431.1	WP_126376385.1
OG0000798	WP_011792740.1	WP_126381370.1
OG0000799	WP_011791345.1	WP_126380311.1
OG0000800	WP_010937472.1	WP_126375951.1
OG0000801	WP_043629175.1	WP_126378492.1
OG0000802	WP_010940307.1	WP_126378225.1
OG0000803	WP_011791590.1	WP_126378234.1
OG0000804	WP_010937892.1	WP_126376555.1
OG0000806	WP_011791474.1	WP_126380721.1
OG0000807	WP_010938864.1	WP_126376702.1
OG0000808	WP_010938952.1	WP_126377189.1
OG0000809	WP_011792736.1	WP_126380818.1
OG0000811	WP_010939094.1	WP_126377284.1
OG0000813	WP_011792341.1	WP_126377433.1
OG0000814	WP_011793113.1	WP_126379739.1
OG0000815	WP_011791424.1	WP_126380225.1
OG0000816	WP_011791479.1	WP_126380913.1
OG0000817	WP_011791536.1	WP_126379259.1
OG0000818	WP_011792705.1	WP_126378183.1
OG0000819	WP_010940202.1	WP_126380450.1
OG0000821	WP_010939675.1	WP_126376769.1
OG0000822	WP_010938089.1	WP_232034801.1
OG0000823	WP_010938086.1	WP_126380692.1
OG0000824	WP_010939184.1	WP_126377036.1
OG0000825	WP_011792161.1	WP_126377038.1
OG0000827	WP_011791788.1	WP_126379835.1
OG0000828	WP_010939804.1	WP_126379837.1
OG0000829	WP_010939805.1	WP_126379839.1
OG0000830	WP_010939806.1	WP_126379841.1
OG0000831	WP_010939807.1	WP_126379843.1
OG0000832	WP_010939808.1	WP_126379845.1
OG0000834	WP_011792463.1	WP_126375821.1
OG0000835	WP_010939342.1	WP_126381353.1
OG0000836	WP_010938824.1	WP_126377439.1
OG0000837	WP_010940174.1	WP_126375997.1
OG0000838	WP_011792377.1	WP_126377055.1
OG0000839	WP_011792343.1	WP_126381271.1
OG0000841	WP_010938881.1	WP_232034887.1
OG0000842	WP_011792613.1	WP_126377655.1
OG0000843	WP_010938257.1	WP_126377649.1
OG0000844	WP_010938137.1	WP_126379318.1
OG0000845	WP_010938138.1	WP_126379321.1
OG0000846	WP_011792681.1	WP_126379327.1
OG0000847	WP_011792495.1	WP_126375875.1
OG0000848	WP_011792139.1	WP_126375728.1
OG0000849	WP_010937833.1	WP_126381363.1
OG0000850	WP_010938922.1	WP_126376950.1
OG0000851	WP_010938919.1	WP_126376944.1
OG0000852	WP_011792704.1	WP_126378181.1
OG0000853	WP_011792566.1	WP_126378386.1
OG0000854	WP_010937424.1	WP_126380504.1
OG0000855	WP_010937798.1	WP_126380773.1
OG0000856	WP_011792247.1	WP_126377187.1
OG0000858	WP_010939912.1	WP_126379599.1
OG0000859	WP_011791709.1	WP_126381514.1
OG0000860	WP_010938077.1	WP_126380687.1
OG0000861	WP_010938546.1	WP_126376444.1
OG0000862	WP_011792201.1	WP_126376989.1
OG0000863	WP_081428900.1	WP_232034806.1
OG0000864	WP_011791790.1	WP_126378925.1
OG0000865	WP_010938393.1	WP_126375800.1
OG0000866	WP_011792165.1	WP_126379777.1
OG0000867	WP_011791469.1	WP_172961830.1
OG0000869	WP_010940189.1	WP_126376021.1
OG0000870	WP_011792158.1	WP_126377026.1
OG0000871	WP_010937809.1	WP_126377599.1
OG0000872	WP_010939147.1	WP_126376972.1
OG0000873	WP_011792149.1	WP_126377268.1
OG0000874	WP_010938672.1	WP_126376758.1
OG0000875	WP_010940499.1	WP_126377682.1
OG0000876	WP_010938699.1	WP_126378786.1
OG0000877	WP_010939186.1	WP_126377032.1
OG0000878	WP_011792977.1	WP_172961613.1
OG0000879	WP_258312757.1	WP_126377191.1
OG0000881	WP_010939506.1	WP_126376618.1
OG0000882	WP_010938252.1	WP_126380705.1
OG0000883	WP_011791339.1	WP_126380291.1
OG0000883	WP_011793109.1	WP_126375689.1
OG0000884	WP_010939107.1	WP_126377296.1
OG0000885	WP_011791792.1	WP_232034913.1
OG0000886	WP_011791527.1	WP_126378449.1
OG0000887	WP_011793162.1, WP_011792895.1	WP_172961612.1, WP_126380828.1
OG0000888	WP_010937584.1, WP_011176621.1	WP_126380615.1
OG0000889	WP_010938879.1	WP_126377483.1
OG0000890	WP_011791978.1	WP_126380941.1
OG0000891	WP_014524309.1	WP_232034770.1
OG0000892	WP_011791971.1	WP_126375752.1
OG0000893	WP_010939776.1	WP_232034746.1
OG0000894	WP_011792451.1	WP_126377527.1
OG0000895	WP_011792181.1	WP_126376964.1
OG0000896	WP_011791906.1	WP_126381232.1
OG0000897	WP_010939676.1	WP_126376766.1
OG0000898	WP_011792843.1	WP_126378339.1
OG0000899	WP_011791448.1	WP_126377535.1
OG0000900	WP_010938197.1	WP_126376111.1
OG0000902	WP_010939236.1	WP_126375724.1
OG0000903	WP_011792142.1	WP_126375725.1
OG0000906	WP_011792375.1	WP_126377059.1
OG0000907	WP_010940042.1	WP_126375775.1
OG0000908	WP_011792858.1	WP_126380772.1, WP_126380771.1, WP_126380868.1
OG0000910	WP_011791981.1	WP_126380350.1
OG0000912	WP_011793160.1	WP_197723439.1, WP_126380514.1, WP_126376432.1
OG0000913	WP_011792729.1	WP_126381261.1
OG0000915	WP_011792400.1	WP_126379715.1
OG0000915	WP_010937886.1	WP_232034860.1
OG0000917	WP_011792886.1	WP_126380740.1
OG0000921	WP_010940434.1	WP_126380712.1
OG0000922	WP_010939520.1	WP_126377748.1
OG0000923	WP_010937348.1	WP_126376282.1
OG0000927	WP_011792951.1	WP_126379437.1, WP_126380612.1
OG0000929	WP_010939086.1	WP_172961643.1
OG0000931	WP_011791399.1	WP_126380800.1
OG0000932	WP_011792842.1	WP_126381558.1
OG0000933	WP_011792845.1	WP_126377115.1, WP_126377562.1
OG0000934	WP_011792666.1	WP_126378896.1, WP_126377119.1
OG0000935	WP_010938927.1	WP_126376958.1
OG0000936	WP_010938888.1	WP_126380862.1
OG0000937	WP_011791842.1	WP_126379821.1
OG0000938	WP_011792370.1	WP_126379806.1
OG0000938	WP_011792162.1	WP_126380484.1
OG0000939	WP_011791844.1	WP_126375721.1
OG0000940	WP_011792354.1	WP_126375977.1
OG0000941	WP_223294582.1	WP_126378988.1
OG0000943	WP_011792636.1	WP_172961775.1
OG0000944	WP_011793146.1	WP_126380258.1
OG0000946	WP_223294697.1	WP_126378201.1
OG0000947	WP_010940062.1	WP_126376589.1
OG0000948	WP_010940061.1	WP_126376587.1
OG0000951	WP_010940476.1	WP_126378341.1, WP_126380787.1
OG0000952	WP_010940285.1, WP_011791833.1	WP_126381028.1
OG0000955	WP_010940356.1	WP_126380942.1
OG0000956	WP_011792474.1	WP_126378692.1
OG0000959	WP_223294594.1	WP_126379004.1, WP_126380963.1, WP_126378832.1, WP_126375571.1, WP_126376327.1, WP_232034922.1, WP_126378066.1, WP_126380964.1
OG0000961	WP_011792502.1	WP_126375719.1
OG0000961	WP_010940497.1	WP_126379751.1
OG0000962	WP_010938550.1	WP_126376448.1
OG0000963	WP_010938079.1	WP_126380689.1
OG0000964	WP_011791593.1	WP_126378245.1
OG0000966	WP_011792905.1	WP_126379977.1
OG0000967	WP_010939606.1	WP_126377822.1
OG0000968	WP_010938255.1	WP_126377653.1
OG0000969	WP_010938719.1	WP_172961822.1
OG0000971	WP_010938395.1	WP_126375796.1
OG0000972	WP_010937628.1	WP_126379334.1
OG0000974	WP_081428990.1	WP_126377744.1
OG0000976	WP_011792778.1	WP_126379222.1
OG0000978	WP_010938598.1	WP_126381240.1
OG0000979	WP_011791977.1	WP_126377746.1
OG0000980	WP_011792367.1	WP_126376929.1
OG0000981	WP_011791340.1	WP_126380293.1
OG0000983	WP_010940191.1	WP_126376452.1
OG0000984	WP_011792238.1	WP_126377069.1
OG0000985	WP_011791955.1	WP_126375666.1
OG0000987	WP_010938679.1	WP_126376688.1
OG0000988	WP_011792649.1	WP_126375636.1
OG0000989	WP_010939182.1	WP_126377040.1
OG0000990	WP_011791537.1	WP_126379256.1
OG0000991	WP_010938900.1	WP_126376837.1
OG0000992	WP_011791972.1	WP_126375753.1
OG0000994	WP_010938620.1	WP_126376079.1
OG0000995	WP_010938612.1	WP_126376066.1
OG0000996	WP_010937452.1	WP_126378463.1
OG0000998	WP_011792690.1	WP_126379281.1
OG0000999	WP_011793046.1	WP_126380838.1
OG0001000	WP_010938613.1	WP_126376068.1
OG0001003	WP_010939733.1	WP_126380935.1
OG0001004	WP_011792332.1	WP_126376817.1
OG0001005	WP_010938892.1	WP_126376815.1
OG0001006	WP_010939262.1	WP_126380845.1
OG0001007	WP_010939214.1	WP_126377270.1
OG0001008	WP_011792606.1	WP_126380704.1
OG0001009	WP_010940563.1	WP_126378169.1
OG0001014	WP_010940203.1	WP_126380452.1
OG0001015	WP_010938630.1	WP_126377525.1
OG0001016	WP_010938631.1	WP_126377523.1
OG0001017	WP_011793104.1	WP_126380938.1
OG0001018	WP_010939185.1	WP_126377034.1
OG0001020	WP_011787310.1	WP_126378132.1
OG0001022	WP_011792252.1	WP_126377149.1
OG0001024	WP_010939119.1	WP_126377406.1
OG0001028	WP_010938505.1	WP_126379491.1
OG0001029	WP_010940458.1	WP_126377533.1
OG0001030	WP_011791335.1	WP_126380276.1
OG0001031	WP_011792176.1	WP_126375710.1
OG0001032	WP_011793020.1	WP_126376636.1
OG0001033	WP_011792872.1	WP_126380764.1
OG0001034	WP_010939171.1	WP_126377545.1
OG0001035	WP_010938110.1	WP_126376118.1
OG0001038	WP_010938913.1	WP_126376931.1
OG0001040	WP_011792665.1	WP_172961699.1
OG0001043	WP_010938965.1	WP_126377088.1
OG0001044	WP_010940181.1	WP_126376004.1
OG0001045	WP_011792372.1	WP_126376692.1
OG0001046	WP_011792338.1	WP_126377495.1
OG0001047	WP_011792791.1	WP_126375973.1
OG0001048	WP_010939514.1	WP_126376301.1
OG0001049	WP_010938069.1	WP_126376533.1
OG0001050	WP_011792256.1	WP_126380894.1
OG0001051	WP_011791463.1	WP_126380709.1
OG0001053	WP_011792885.1	WP_126380164.1
OG0001054	WP_011792948.1	WP_126380173.1
OG0001055	WP_011791624.1	WP_126380500.1
OG0001056	WP_010938831.1	WP_126377503.1
OG0001058	WP_010938868.1	WP_126376694.1
OG0001059	WP_010939072.1	WP_126375734.1
OG0001060	WP_010938821.1	WP_126377446.1
OG0001063	WP_011791498.1	WP_126376905.1
OG0001064	WP_011791726.1, WP_011792241.1	WP_126378984.1
OG0001065	WP_011791629.1	WP_126377603.1
OG0001066	WP_010939530.1	WP_126375754.1
OG0001067	WP_011792243.1	WP_126377134.1
OG0001068	WP_043629168.1	WP_126377609.1
OG0001070	WP_010939146.1	WP_126376974.1
OG0001071	WP_011791395.1	WP_126377298.1
OG0001072	WP_010939581.1	WP_126380927.1
OG0001075	WP_010939385.1	WP_126377672.1, WP_126376658.1
OG0001076	WP_011792646.1	WP_126376113.1
OG0001078	WP_011792902.1	WP_126379983.1
OG0001080	WP_010937870.1	WP_126377304.1
OG0001082	WP_011791611.1	WP_126376454.1
OG0001083	WP_011792557.1	WP_126376338.1
OG0001084	WP_011792558.1	WP_126377790.1
OG0001088	WP_011792380.1	WP_126377429.1
OG0001090	WP_011792548.1	WP_126375869.1
OG0001091	WP_010938477.1	WP_126380366.1
OG0001092	WP_011791460.1	WP_126380675.1
OG0001093	WP_011793176.1	WP_126380901.1
OG0001094	WP_011792090.1	WP_126378087.1
OG0001096	WP_010937763.1	WP_126380777.1
OG0001097	WP_010939573.1	WP_126375904.1
OG0001098	WP_011791374.1, WP_011792631.1	WP_126380797.1
OG0001100	WP_011791602.1	WP_126379955.1
OG0001101	WP_010938871.1	WP_126377501.1
OG0001102	WP_010939814.1	WP_126375548.1
OG0001103	WP_011792135.1	WP_126377946.1
OG0001103	WP_011792879.1	WP_126380752.1
OG0001104	WP_011792513.1	WP_126380743.1
OG0001105	WP_011792143.1	WP_126375700.1
OG0001106	WP_010939231.1	WP_126375701.1
OG0001108	WP_011791983.1	WP_232034854.1
OG0001109	WP_011792694.1	WP_126380846.1
OG0001110	WP_010938306.1	WP_126380778.1
OG0001111	WP_010940360.1	WP_126378346.1
OG0001112	WP_010937840.1	WP_126381176.1
OG0001113	WP_010940284.1	WP_126381026.1
OG0001114	WP_011793169.1	WP_126380328.1
OG0001115	WP_011792562.1	WP_126378417.1
OG0001116	WP_223294612.1	WP_126379232.1
OG0001117	WP_011793095.1	WP_126375805.1, WP_232034892.1, WP_126375607.1
OG0001118	WP_010938324.1	WP_126378370.1
OG0001120	WP_011791315.1	WP_126380966.1
OG0001121	WP_043629650.1	WP_126378490.1
OG0001122	WP_223294614.1	WP_126377404.1
OG0001124	WP_010939233.1	WP_126375699.1
OG0001127	WP_011791607.1	WP_126380388.1
OG0001130	WP_223294641.1	WP_172961597.1, WP_126379435.1
OG0001131	WP_011793025.1	WP_232034877.1
OG0001132	WP_010939281.1	WP_126376414.1
OG0001132	WP_011176701.1	WP_126378203.1
OG0001136	WP_011791366.1	WP_126375590.1
OG0001142	WP_010939535.1	WP_126375750.1
OG0001144	WP_010939197.1	WP_126377011.1
OG0001147	WP_011792541.1	WP_172961700.1
OG0001149	WP_011792240.1	WP_126377081.1
OG0001150	WP_010938957.1	WP_126377172.1
OG0001152	WP_011791789.1	WP_126379833.1
OG0001153	WP_011787307.1	WP_126378118.1
OG0001154	WP_010937910.1	WP_126380644.1
OG0001157	WP_011176593.1	WP_126378131.1
OG0001160	WP_043629368.1	WP_126379781.1
OG0001163	WP_010938611.1	WP_126376064.1
OG0001164	WP_010938296.1	WP_126378226.1
OG0001167	WP_011792456.1	WP_126379882.1
OG0001171	WP_011787306.1	WP_126378114.1
OG0001172	WP_011787308.1	WP_126378122.1
OG0001173	WP_011787309.1	WP_126378125.1
OG0001174	WP_011787304.1	WP_126378110.1
OG0001175	WP_010939611.1	WP_126377807.1
OG0001178	WP_010940487.1	WP_126377696.1
OG0001180	WP_010938205.1	WP_126376096.1
OG0001181	WP_011792642.1	WP_126376097.1
OG0001187	WP_010940539.1	WP_126378992.1
OG0001188	WP_010938894.1	WP_126376819.1
OG0001191	WP_081428954.1	WP_126380417.1
OG0001194	WP_010940003.1	WP_126380823.1
OG0001196	WP_011792172.1	WP_126375788.1
OG0001197	WP_011792850.1	WP_126377592.1
OG0001198	WP_011791925.1	WP_126379542.1
OG0001199	WP_011791416.1	WP_172961711.1
OG0001200	WP_010938903.1	WP_126377472.1
OG0001202	WP_010938583.1	WP_126379675.1
OG0001202	WP_010937996.1	WP_126379065.1
OG0001203	WP_011791984.1	WP_126376634.1
OG0001204	WP_011792151.1	WP_232034754.1
OG0001206	WP_011792081.1	WP_126376656.1
OG0001207	WP_010939380.1	WP_126381267.1
OG0001208	WP_011792398.1, WP_011792695.1	WP_126376293.1
OG0001209	WP_010938959.1	WP_126377168.1
OG0001212	WP_011792904.1	WP_126379979.1
OG0001213	WP_011792903.1	WP_126379981.1
OG0001215	WP_223294587.1	WP_126375845.1
OG0001216	WP_011793044.1	WP_232034810.1
OG0001221	WP_011792591.1	WP_126378299.1
OG0001223	WP_043629194.1	WP_126379226.1
OG0001227	WP_010940235.1	WP_126380404.1
OG0001228	WP_011791323.1	WP_126379567.1
OG0001230	WP_011791831.1	WP_126379695.1
OG0001232	WP_010938748.1	WP_126381311.1
OG0001233	WP_011792786.1	WP_126377258.1
OG0001236	WP_010938476.1	WP_126380440.1
OG0001237	WP_223294583.1	WP_126380442.1
OG0001240	WP_010938524.1	WP_126380510.1
OG0001241	WP_010938745.1	WP_126379429.1
OG0001242	WP_011792112.1	WP_126375943.1
OG0001243	WP_010937711.1	WP_126380812.1
OG0001244	WP_010938666.1	WP_126376744.1
OG0001245	WP_011792632.1	WP_126380665.1
OG0001246	WP_011792709.1	WP_126380690.1
OG0001248	WP_010938481.1	WP_126380742.1
OG0001252	WP_010939940.1	WP_126380682.1
OG0001253	WP_011792403.1	WP_126378779.1
OG0001254	WP_010939643.1	WP_172961586.1
OG0001256	WP_010938142.1	WP_126379192.1
OG0001257	WP_010937806.1	WP_126378483.1
OG0001258	WP_010938576.1	WP_126375823.1
OG0001259	WP_010938577.1	WP_126375825.1
OG0001260	WP_010938590.1	WP_126379168.1, WP_126378625.1
OG0001262	WP_010937569.1, WP_010937449.1	WP_126378461.1
OG0001263	WP_011792781.1, WP_010937994.1	WP_126379356.1
OG0001264	WP_011792534.1	WP_126379575.1
OG0001266	WP_081428952.1	WP_126379864.1
OG0001269	WP_011791483.1	WP_126380523.1, WP_126381545.1
OG0001271	WP_011792191.1	WP_232034882.1
OG0001272	WP_011792498.1, WP_011791995.1	WP_126375777.1
OG0001274	WP_010939200.1	WP_126377007.1
OG0001275	WP_010938274.1	WP_126378844.1
OG0001276	WP_011791515.1	WP_126375554.1
OG0001277	WP_011791516.1	WP_126380727.1
OG0001278	WP_011791467.1	WP_126380717.1
OG0001279	WP_011791468.1	WP_126380718.1
OG0001280	WP_043629792.1	WP_232034788.1
OG0001281	WP_011792104.1	WP_126376267.1
OG0001282	WP_010940171.1	WP_126377626.1
OG0001283	WP_011792342.1	WP_126376698.1
OG0001284	WP_011793006.1, WP_011791847.1	WP_126380238.1
OG0001285	WP_011793007.1	WP_126380240.1
OG0001286	WP_011176697.1, WP_010937617.1	WP_126381474.1
OG0001287	WP_010938738.1	WP_126379412.1
OG0001288	WP_010938737.1	WP_172961639.1, WP_126379409.1
OG0001289	WP_011787378.1, WP_010940491.1	WP_126377688.1
OG0001290	WP_011176682.1, WP_011791425.1	WP_126377690.1
OG0001292	WP_010940433.1	WP_126380713.1
OG0001293	WP_010938180.1	WP_126375613.1
OG0001295	WP_011792439.1	WP_126379431.1
OG0001296	WP_011792728.1	WP_126376551.1
OG0001297	WP_011792727.1	WP_126376553.1
OG0001298	WP_010938139.1	WP_126379323.1
OG0001300	WP_011792711.1	WP_126380809.1
OG0001302	WP_011792553.1	WP_126379196.1
OG0001303	WP_011792389.1	WP_126379681.1
OG0001304	WP_011792915.1	WP_126380490.1
OG0001305	WP_010940448.1	WP_126380380.1
OG0001306	WP_011792567.1	WP_126378384.1
OG0001308	WP_011792710.1	WP_232034800.1
OG0001309	WP_011792536.1	WP_126375967.1
OG0001311	WP_011791669.1	WP_126380701.1
OG0001312	WP_011787398.1	WP_126378205.1
OG0001314	WP_010937896.1	WP_126380008.1
OG0001318	WP_011791692.1	WP_126376529.1, WP_126377620.1, WP_232034821.1
OG0001324	WP_010937902.1, WP_011792809.1	WP_126376764.1, WP_126375647.1
OG0001329	WP_010939420.1	WP_126379451.1
OG0001334	WP_010938040.1	WP_126380821.1
OG0001336	WP_190275056.1	WP_126378802.1
OG0001337	WP_011792071.1, WP_010939393.1	WP_126377958.1
OG0001343	WP_010938287.1	WP_126378364.1
OG0001346	WP_010938652.1	WP_126380198.1, WP_126379623.1
OG0001352	WP_011792853.1	WP_126380724.1
OG0001356	WP_010938717.1	WP_126378333.1
OG0001358	WP_011792890.1	WP_126380926.1
OG0001359	WP_011787305.1	WP_126378112.1
OG0001361	WP_010938506.1	WP_126379489.1
OG0001368	WP_010939079.1	WP_126377340.1
OG0001372	WP_010940207.1	WP_126380969.1
OG0001372	WP_010937606.1	WP_232034939.1
OG0001374	WP_011791946.1	WP_172961646.1
OG0001375	WP_010938510.1	WP_126375718.1
OG0001377	WP_011793019.1	WP_126377666.1
OG0001380	WP_223294683.1	WP_232034919.1
OG0001381	WP_011792062.1	WP_126377982.1
OG0001382	WP_011792239.1	WP_126377073.1
OG0001387	WP_010940624.1	WP_126380175.1
OG0001393	WP_010939396.1	WP_126377965.1
OG0001396	WP_043629066.1	WP_126377302.1
OG0001398	WP_223294642.1	WP_126378439.1
OG0001401	WP_010937640.1	WP_232034891.1
OG0001403	WP_011792459.1	WP_126379677.1
OG0001404	WP_010938584.1	WP_126379673.1
OG0001405	WP_010938586.1	WP_126379669.1
OG0001406	WP_010938587.1	WP_126379667.1
OG0001412	WP_010937797.1	WP_126380903.1
OG0001413	WP_011792892.1	WP_126375914.1
OG0001414	WP_011793010.1	WP_126380808.1
OG0001416	WP_011791841.1	WP_126380970.1
OG0001419	WP_011793041.1	WP_126375677.1
OG0001420	WP_010937557.1	WP_126380840.1
OG0001423	WP_011793125.1	WP_197723467.1
OG0001424	WP_010940151.1	WP_126377611.1
OG0001427	WP_011791846.1	WP_126381549.1
OG0001429	WP_010939729.1	WP_126381441.1
OG0001433	WP_223294685.1	WP_126376434.1
OG0001435	WP_010939853.1	WP_126379827.1
OG0001436	WP_010938368.1	WP_126381230.1
OG0001437	WP_043629457.1	WP_126380667.1
OG0001439	WP_011793094.1	WP_126378295.1
OG0001442	WP_011792129.1	WP_126380372.1
OG0001443	WP_010940441.1	WP_126380677.1
OG0001446	WP_010937709.1	WP_126380810.1
OG0001447	WP_010937710.1	WP_126380811.1
OG0001448	WP_011792634.1	WP_126380662.1
OG0001452	WP_010938377.1	WP_126379761.1
OG0001453	WP_011792163.1	WP_126380799.1
OG0001454	WP_011792758.1	WP_126379371.1
OG0001455	WP_010939726.1	WP_126378374.1, WP_126381108.1
OG0001456	WP_010940220.1	WP_126377756.1
OG0001458	WP_010938146.1	WP_126379170.1
OG0001459	WP_011792679.1	WP_126379172.1
OG0001461	WP_010939487.1	WP_126375772.1
OG0001462	WP_010938198.1	WP_126376109.1
OG0001465	WP_011791464.1	WP_126380711.1
OG0001466	WP_043629201.1	WP_126380710.1
OG0001468	WP_011791975.1	WP_126379085.1
OG0001470	WP_010940431.1	WP_126380714.1
OG0001471	WP_010938043.1	WP_172961563.1
OG0001473	WP_011792544.1	WP_126376650.1
OG0001474	WP_010939529.1	WP_126375756.1
OG0001475	WP_011791921.1	WP_126380744.1, WP_126375817.1
OG0001477	WP_011793139.1	WP_126379649.1
OG0001478	WP_011792085.1	WP_126380346.1
OG0001479	WP_010937799.1	WP_232034805.1
OG0001482	WP_010939113.1	WP_126376993.1
OG0001484	WP_223294610.1	WP_172961788.1
OG0001485	WP_011792912.1	WP_126381526.1
OG0001486	WP_011791686.1	WP_126378297.1
OG0001490	WP_011793004.1	WP_126380229.1
OG0001491	WP_010937622.1	WP_126380231.1
OG0001492	WP_010937621.1	WP_126380233.1
OG0001493	WP_011793005.1	WP_126380235.1
OG0001494	WP_010938209.1	WP_126379014.1
OG0001495	WP_010937357.1	WP_126380325.1
OG0001496	WP_014524186.1	WP_126380323.1
OG0001497	WP_010937354.1	WP_126380321.1
OG0001498	WP_010940492.1	WP_126377686.1
OG0001499	WP_010937818.1	WP_126377576.1
OG0001500	WP_010937819.1	WP_126377574.1
OG0001501	WP_223294608.1	WP_126377572.1
OG0001502	WP_010937821.1	WP_126377570.1
OG0001503	WP_010937822.1	WP_126377568.1
OG0001504	WP_010937827.1	WP_126377558.1
OG0001505	WP_011792667.1	WP_126378898.1
OG0001507	WP_010940608.1	WP_126380309.1
OG0001508	WP_010940144.1	WP_126378488.1
OG0001510	WP_010938301.1	WP_126378301.1
OG0001514	WP_011791695.1	WP_126381021.1
OG0001515	WP_011791694.1	WP_126380725.1
OG0001517	WP_011791682.1	WP_126380951.1
OG0001518	WP_011791442.1	WP_126380219.1
OG0001519	WP_011791912.1	WP_126375937.1
OG0001524	WP_010939130.1	WP_126377372.1
OG0001527	WP_011791687.1	WP_126380909.1
OG0001529	WP_043629654.1	WP_126380726.1
OG0001531	WP_011791612.1	WP_126376450.1
OG0001532	WP_010940024.1	WP_172961634.1
OG0001533	WP_010938036.1	WP_126377670.1
OG0001536	WP_010938585.1	WP_126379671.1
OG0001539	WP_011791322.1	WP_126375629.1
OG0001540	WP_011791324.1	WP_172961717.1
OG0001542	WP_010939181.1	WP_126375570.1
OG0001547	WP_043629705.1	WP_126379455.1
OG0001551	WP_223294648.1	WP_126377223.1
OG0001552	WP_011791563.1, WP_011787354.1	WP_126377255.1
OG0001556	WP_010938091.1	WP_126380697.1
OG0001557	WP_010940039.1	WP_126380659.1
OG0001557	WP_011791673.1	WP_126378792.1
OG0001562	WP_010939057.1	WP_126377630.1
OG0001563	WP_011793163.1	WP_126377711.1
OG0001563	WP_010938291.1, WP_010937955.1	WP_126377742.1
OG0001564	WP_223294645.1, WP_010937572.1	WP_126378047.1, WP_126378056.1
OG0001565	WP_010937616.1	WP_126379283.1
OG0001566	WP_043629599.1, WP_011791923.1	WP_172961627.1
OG0001566	WP_011791585.1	WP_172961747.1
OG0001566	WP_043629069.1	WP_172961748.1
OG0001568	WP_011792712.1	WP_126381094.1
OG0001568	WP_010937489.1	WP_126378134.1
OG0001569	WP_011792860.1	WP_126380849.1
OG0001570	WP_011792206.1	WP_126375600.1
OG0001571	WP_011792209.1	WP_126375603.1
OG0001575	WP_010937794.1	WP_126380851.1
OG0001577	WP_011792366.1	WP_126379872.1
OG0001581	WP_011792561.1	WP_126378419.1
OG0001583	WP_011791321.1	WP_126380340.1
OG0001584	WP_010939073.1	WP_126379101.1
OG0001590	WP_011792210.1	WP_232034827.1
OG0001593	WP_011792394.1	WP_126378331.1
OG0001596	WP_011791526.1	WP_126378445.1
OG0001602	WP_011792223.1	WP_126380962.1
OG0001604	WP_081428804.1	WP_126375596.1
OG0001607	WP_010937740.1	WP_126380585.1
OG0001612	WP_011792065.1	WP_126377975.1
OG0001613	WP_011792066.1	WP_126377973.1
OG0001616	WP_011792659.1	WP_126379459.1
OG0001617	WP_010939226.1	WP_126378094.1
OG0001617	WP_010939942.1	WP_126380025.1
OG0001619	WP_010940552.1	WP_126381305.1
OG0001620	WP_011791382.1	WP_126381578.1
OG0001625	WP_010939886.1	WP_126375741.1
OG0001631	WP_043629597.1	WP_126380897.1
OG0001638	WP_010939501.1	WP_126377923.1
OG0001640	WP_223294595.1	WP_126377548.1
OG0001643	WP_010938827.1	WP_126379874.1
OG0001645	WP_010938290.1	WP_126378257.1
OG0001647	WP_011792756.1	WP_126375581.1, WP_126379373.1
OG0001649	WP_011176592.1	WP_126378129.1
OG0001650	WP_011176591.1	WP_126378127.1
OG0001653	WP_011792733.1	WP_126379926.1
OG0001654	WP_011791778.1	WP_232034809.1
OG0001656	WP_010939484.1	WP_232034846.1
OG0001657	WP_011791988.1	WP_126377919.1
OG0001668	WP_010937941.1	WP_126375578.1
OG0001676	WP_011791678.1	WP_126378213.1
OG0001677	WP_010938183.1	WP_126379471.1
OG0001678	WP_011792545.1	WP_126377784.1
OG0001681	WP_011791796.1	WP_126379767.1
OG0001682	WP_010937979.1	WP_232034764.1
OG0001687	WP_011792914.1	WP_126375678.1
OG0001689	WP_011792111.1	WP_126381129.1
OG0001695	WP_223294622.1	WP_126378966.1
OG0001696	WP_011792549.1	WP_126375871.1
OG0001698	WP_010940617.1	WP_126380289.1
OG0001701	WP_010938753.1	WP_126377053.1
OG0001702	WP_011791818.1, WP_011791508.1	WP_126379330.1
OG0001703	WP_011792619.1	WP_232034817.1
OG0001708	WP_011792889.1	WP_126380738.1
OG0001712	WP_011792164.1	WP_126380798.1
OG0001713	WP_011792430.1	WP_126378994.1
OG0001715	WP_011791443.1	WP_126380217.1
OG0001716	WP_011792091.1, WP_011787321.1	WP_126378088.1
OG0001717	WP_010939234.1	WP_126378305.1
OG0001718	WP_011792677.1	WP_126379176.1
OG0001719	WP_010938150.1	WP_126379178.1
OG0001721	WP_010939574.1	WP_126375906.1
OG0001727	WP_011787356.1	WP_172961645.1
OG0001730	WP_010938292.1	WP_126376648.1
OG0001731	WP_010938863.1	WP_126381269.1
OG0001733	WP_011792840.1	WP_126380462.1
OG0001739	WP_223294592.1	WP_126378366.1
OG0001742	WP_010938194.1	WP_126377531.1
OG0001747	WP_010938212.1	WP_126380656.1
OG0001750	WP_010937828.1	WP_126377556.1
OG0001757	WP_010939585.1	WP_126375939.1
OG0001772	WP_010940223.1	WP_126376571.1
OG0001777	WP_010940333.1	WP_126377448.1
OG0001783	WP_010938488.1	WP_126379527.1
OG0001787	WP_010937897.1	WP_126380010.1
OG0001788	WP_011792550.1	WP_126375873.1
OG0001790	WP_011791852.1	WP_126379998.1, WP_126376775.1
OG0001791	WP_010939797.1	WP_126379651.1
OG0001791	WP_010940343.1	WP_126380847.1
OG0001792	WP_011792838.1	WP_126379947.1
OG0001793	WP_011792867.1	WP_126380813.1
OG0001796	WP_011792122.1	WP_126377719.1
OG0001798	WP_011791691.1	WP_126375577.1
OG0001799	WP_223294678.1	WP_126375646.1
OG0001804	WP_011792048.1	WP_126379870.1
OG0001807	WP_011793135.1	WP_126380047.1
OG0001810	WP_010937899.1	WP_126375649.1
OG0001811	WP_011792810.1	WP_126375648.1
OG0001812	WP_010938391.1	WP_126379938.1
OG0001815	WP_010940059.1	WP_126376583.1
OG0001816	WP_010940392.1	WP_126380033.1
OG0001817	WP_011792415.1	WP_126380625.1, WP_126376124.1, WP_126380736.1
OG0001823	WP_010938920.1	WP_126376946.1
OG0001828	WP_011792757.1	WP_232034759.1
OG0001832	WP_011791608.1	WP_126375993.1
OG0001835	WP_011792551.1	WP_126379162.1
OG0001841	WP_011792207.1	WP_126375601.1
OG0001843	WP_011791872.1	WP_126378517.1
OG0001844	WP_011791985.1	WP_232034772.1
OG0001845	WP_010938262.1	WP_126378931.1
OG0001846	WP_011792856.1	WP_126380269.1
OG0001856	WP_010939398.1	WP_126377969.1
OG0001859	WP_011792685.1	WP_126379310.1
OG0001874	WP_011792145.1	WP_126375899.1
OG0001878	WP_011792069.1	WP_126377962.1
OG0001883	WP_010940170.1	WP_126380256.1
OG0001899	WP_011792590.1	WP_126378303.1
OG0001921	WP_010939755.1	WP_126379332.1
OG0001922	WP_010939220.1	WP_126378102.1
OG0001922	WP_014524368.1	WP_126378100.1
OG0001923	WP_011792319.1	WP_126376708.1
OG0001925	WP_010937339.1	WP_126378953.1
OG0001929	WP_010937454.1	WP_126375690.1
OG0001931	WP_010939217.1	WP_126377276.1
OG0001932	WP_014524404.1	WP_126377147.1
OG0001933	WP_011792531.1	WP_126375761.1
OG0001942	WP_043629506.1	WP_126381096.1
OG0001966	WP_011792526.1	WP_126376504.1
OG0001972	WP_011791497.1	WP_126376903.1
OG0001975	WP_010940198.1	WP_126380390.1
OG0001978	WP_010938878.1	WP_126377485.1
OG0001990	WP_223294687.1	WP_126379202.1
OG0001993	WP_010938750.1	WP_126377427.1
OG0001998	WP_010938713.1	WP_126375681.1
OG0002023	WP_011792388.1	WP_172961718.1
OG0002027	WP_011792130.1	WP_172961743.1
OG0002042	WP_011787334.1	WP_126380600.1
OG0002045	WP_011792625.1	WP_126376360.1, WP_126378076.1
OG0002051	WP_223294573.1	WP_232034752.1
OG0002065	WP_011791471.1	WP_126380021.1
OG0002075	WP_010938320.1	WP_126378313.1
OG0002078	WP_011791945.1	WP_126379443.1
OG0002081	WP_011792055.1	WP_126379753.1
OG0002082	WP_043629474.1	WP_126375695.1
OG0002084	WP_011792592.1	WP_126378281.1
OG0002085	WP_010937974.1	WP_126376436.1
OG0002086	WP_011793040.1	WP_126380878.1
OG0002087	WP_010937940.1	WP_126378846.1
OG0002088	WP_010937408.1	WP_126380570.1
OG0002089	WP_010939914.1, WP_011792127.1	WP_126378185.1
OG0002091	WP_011792073.1	WP_172961754.1
OG0002095	WP_011792589.1	WP_126378646.1
OG0002095	WP_010940211.1	WP_126376290.1
OG0002096	WP_011791363.1	WP_126375606.1
OG0002097	WP_010940050.1	WP_126379273.1
OG0002098	WP_010937904.1	WP_126377942.1
OG0002100	WP_010940520.1	WP_126376472.1
OG0002103	WP_011792907.1	WP_126376490.1
OG0002109	WP_011792246.1	WP_126377185.1
OG0002112	WP_011792242.1	WP_126377164.1
OG0002116	WP_011791779.1	WP_126379483.1
OG0002117	WP_081428847.1	WP_126375838.1
OG0002137	WP_010937607.1	WP_126375551.1
OG0002140	WP_011792348.1	WP_172961607.1
OG0002142	WP_011792313.1	WP_126376948.1
OG0002146	WP_011793033.1	WP_126378051.1, WP_126378060.1
OG0002146	WP_010937838.1	WP_126381174.1
OG0002147	WP_010937837.1	WP_126381171.1
OG0002147	WP_010937573.1	WP_126378058.1, WP_126378049.1
OG0002170	WP_011792741.1	WP_172961602.1
OG0002191	WP_010938968.1	WP_126377084.1
OG0002199	WP_011792844.1	WP_126380645.1
OG0002202	WP_011792322.1	WP_126377466.1
OG0002234	WP_043629288.1	WP_126377814.1
OG0002238	WP_011787348.1	WP_126380201.1
OG0002268	WP_011792841.1	WP_126381178.1
OG0002299	WP_010937492.1, WP_043629144.1	WP_126380616.1
OG0002305	WP_010939708.1	WP_232034925.1
OG0002307	WP_011791584.1	WP_126380053.1
OG0002314	WP_011792064.1	WP_126377978.1
OG0002315	WP_011792070.1	WP_126377960.1
OG0002325	WP_011792635.1	WP_126380658.1
OG0002329	WP_010937444.1	WP_126379741.1
OG0002333	WP_049758115.1	WP_126375742.1
OG0002339	WP_043629591.1	WP_126376466.1
OG0002340	WP_010938003.1, WP_014524292.1	WP_126380681.1, WP_126378864.1
OG0002344	WP_011792719.1, WP_011791732.1	WP_126379091.1, WP_126375683.1
OG0002346	WP_011792078.1	WP_126376660.1
OG0002347	WP_081429029.1	WP_126376342.1
OG0002354	WP_263053287.1	WP_126376202.1
OG0002357	WP_010937696.1	WP_126380629.1
OG0002359	WP_011793154.1	WP_126377862.1
OG0002360	WP_011791405.1	WP_126377854.1
OG0002364	WP_011791364.1	WP_232034829.1
OG0002370	WP_011791951.1	WP_126381496.1, WP_126375902.1, WP_232034816.1
OG0002374	WP_011791914.1	WP_126378755.1
OG0002387	WP_011792754.1, WP_011791700.1	WP_126375549.1, WP_126378323.1
OG0002389	WP_011791539.1	WP_172961712.1
OG0002397	WP_010938651.1	WP_172961676.1
OG0002401	WP_010939689.1	WP_126379538.1
OG0002402	WP_014524379.1	WP_197723442.1, WP_126376823.1
OG0002405	WP_010937938.1	WP_126375956.1
OG0002411	WP_010940058.1	WP_172961618.1
OG0002412	WP_011792146.1	WP_126378096.1, WP_126380027.1
OG0002413	WP_010937691.1	WP_126375558.1
OG0002414	WP_011792854.1	WP_126376915.1
OG0002415	WP_010940605.1	WP_126380315.1, WP_126378662.1
OG0002416	WP_010940604.1	WP_126378660.1, WP_126380317.1
OG0002417	WP_010940603.1	WP_126378658.1, WP_126380319.1
OG0002420	WP_010939614.1, WP_010939613.1, WP_011792724.1	WP_126380922.1
OG0002421	WP_011792001.1	WP_126378498.1
OG0002423	WP_010939714.1	WP_126379553.1
OG0002424	WP_010940077.1	WP_126377879.1
OG0002424	WP_011791820.1, WP_010937891.1	WP_126376535.1
OG0002425	WP_011791503.1, WP_011792715.1, WP_011792857.1	WP_126380775.1
OG0002431	WP_010940240.1	WP_126378240.1
OG0002440	WP_011793173.1	WP_126380476.1
OG0002442	WP_011792156.1	WP_126377016.1
OG0002445	WP_011791803.1	WP_126378727.1
OG0002447	WP_010939267.1	WP_126380859.1
OG0002454	WP_010939127.1	WP_126377366.1
OG0002456	WP_011791440.1	WP_126377642.1
OG0002458	WP_010940204.1	WP_126380456.1
OG0002459	WP_011792218.1	WP_126377338.1
OG0002473	WP_010939688.1	WP_197723433.1
OG0002476	WP_011792126.1	WP_126380858.1
OG0002479	WP_011792949.1	WP_126380211.1
OG0002480	WP_010938337.1	WP_126378382.1
OG0002496	WP_011792920.1	WP_126378368.1
OG0002513	WP_011791755.1	WP_172961600.1
OG0002519	WP_010938182.1	WP_126379469.1
OG0002536	WP_011792087.1	WP_126381485.1
OG0002597	WP_011791437.1	WP_126375969.1
OG0002627	WP_011791631.1	WP_126377607.1
OG0002652	WP_014524311.1	WP_126379866.1
OG0002653	WP_010938281.1	WP_126378354.1
OG0002654	WP_011792881.1	WP_126380780.1
OG0002657	WP_011791521.1	WP_172961616.1
OG0002670	WP_141291704.1	WP_126379894.1, WP_126375588.1, WP_172961752.1
OG0002684	WP_190275052.1	WP_126378578.1
OG0002685	WP_190275051.1	WP_232034743.1
OG0002686	WP_011791897.1	WP_126378592.1
OG0002700	WP_011792173.1	WP_126375770.1
OG0002701	WP_011791725.1	WP_126375768.1
OG0002711	WP_010939272.1	WP_126375747.1
OG0002722	WP_011792848.1	WP_126377584.1
OG0002723	WP_011791595.1	WP_126380633.1, WP_172961724.1
OG0002729	WP_011792993.1	WP_126377451.1
OG0002751	WP_011792384.1	WP_126379823.1, WP_126379415.1
OG0002753	WP_010939111.1	WP_126376999.1
OG0002756	WP_011792349.1	WP_126380590.1
OG0002758	WP_043629985.1	WP_126380064.1
OG0002766	WP_014524345.1	WP_126378976.1
OG0002771	WP_011792208.1	WP_126375602.1
OG0002777	WP_011787326.1	WP_126380101.1
OG0002780	WP_011792540.1	WP_126378911.1
OG0002781	WP_010940060.1	WP_126376585.1
OG0002782	WP_258312770.1	WP_126375598.1
OG0002784	WP_010939274.1	WP_126377320.1
OG0002786	WP_010938053.1	WP_126380921.1
OG0002787	WP_223294684.1	WP_232034825.1
OG0002789	WP_010938264.1	WP_172961628.1
OG0002792	WP_010940248.1	WP_126375595.1
OG0002798	WP_010937407.1	WP_126380568.1, WP_126380051.1
OG0002802	WP_010937570.1	WP_126381169.1
OG0002802	WP_010937432.1	WP_126380004.1
OG0002805	WP_011792908.1	WP_126381287.1
OG0002807	WP_010937719.1	WP_126377045.1
OG0002808	WP_010940429.1	WP_126380716.1
OG0002808	WP_011791658.1	WP_126376336.1, WP_126375599.1
OG0002809	WP_011791542.1	WP_126375985.1
OG0002810	WP_043629245.1	WP_126377246.1, WP_126380767.1
OG0002811	WP_011792703.1, WP_010938098.1, WP_010937678.1, WP_043629791.1	WP_126378179.1
OG0002825	WP_011792876.1	WP_126380759.1
OG0002838	WP_010938889.1	WP_126376809.1
OG0002848	WP_010938635.1	WP_126379006.1
OG0002870	WP_011792696.1	WP_126376128.1
OG0002876	WP_010938923.1	WP_126376952.1
OG0002877	WP_010940329.1	WP_126378447.1
OG0002881	WP_011792868.1	WP_126377944.1
OG0002882	WP_011792253.1	WP_126377143.1
OG0002887	WP_043629647.1	WP_126381372.1
OG0002888	WP_011791519.1	WP_126379693.1
OG0002899	WP_223294591.1	WP_126378273.1
OG0002943	WP_043629980.1	WP_126377242.1
OG0002946	WP_011792653.1	WP_126381213.1
OG0002980	WP_011792954.1	WP_126380203.1
OG0003002	WP_011792723.1	WP_126379886.1
OG0003003	WP_181409343.1	WP_126379745.1
OG0003039	WP_011793132.1	WP_126381007.1, WP_126380831.1
OG0003102	WP_011792027.1	WP_126378575.1
OG0003104	WP_011792018.1	WP_126378588.1
OG0003131	WP_014524207.1	WP_126376845.1
OG0003135	WP_011792025.1	WP_126378580.1, WP_172961681.1
OG0003136	WP_223294676.1	WP_126377613.1
OG0003158	WP_010938321.1	WP_126378314.1
OG0003166	WP_011793182.1	WP_126380563.1
OG0003167	WP_011791377.1	WP_126378173.1
OG0003169	WP_011792898.1	WP_126380657.1
OG0003171	WP_010939679.1	WP_126378852.1
OG0003181	WP_010940377.1	WP_126381047.1
OG0003200	WP_011791662.1	WP_126377236.1
OG0003211	WP_010940403.1	WP_232034832.1
OG0003217	WP_010937615.1	WP_172961714.1
OG0003227	WP_010939615.1	WP_126375842.1, WP_232034838.1
OG0003229	WP_011792732.1	WP_126379721.1
OG0003246	WP_011791974.1	WP_126379611.1
OG0003270	WP_010940246.1	WP_126375597.1
OG0003282	WP_011791713.1	WP_126378291.1
OG0003297	WP_011792580.1	WP_126378316.1
OG0003301	WP_011792859.1	WP_126380770.1
OG0003305	WP_010939818.1	WP_126376410.1
OG0003306	WP_011793027.1, WP_010938063.1	WP_126380730.1
OG0003307	WP_010937746.1	WP_126380427.1
OG0003309	WP_010939058.1	WP_126377632.1
OG0003310	WP_043629424.1	WP_232034864.1, WP_126375947.1, WP_126377741.1
OG0003312	WP_010940519.1	WP_126376470.1
OG0003313	WP_010937829.1	WP_172961566.1, WP_126377554.1
OG0003314	WP_011791677.1	WP_126378219.1, WP_126379930.1
OG0003315	WP_010938349.1	WP_126378413.1
OG0003316	WP_010937767.1	WP_126378868.1, WP_126380429.1, WP_126380755.1
OG0003317	WP_010938508.1	WP_126378986.1
OG0003318	WP_011792434.1	WP_126379627.1
OG0003319	WP_011791457.1	WP_126380378.1
OG0003320	WP_010937568.1	WP_126381167.1
OG0003320	WP_010937836.1	WP_126381556.1
OG0003321	WP_011792797.1	WP_232034819.1
OG0003362	WP_011792864.1	WP_126377664.1
OG0003379	WP_011792046.1	WP_126375785.1
OG0003408	WP_043629535.1	WP_126379973.1
OG0003665	WP_010938764.1	WP_126379804.1
OG0003725	WP_011792717.1	WP_126380734.1
OG0003735	WP_011793106.1	WP_126380981.1
OG0003755	WP_011791582.1	WP_232034780.1
OG0003812	WP_011792472.1	WP_126378686.1
OG0003863	WP_010937909.1	WP_126380643.1
OG0003926	WP_011791594.1	WP_126378249.1
OG0003996	WP_223294576.1	WP_126379629.1
OG0004048	WP_011792211.1	WP_126377420.1
OG0004080	WP_011792460.1	WP_126377948.1
OG0004089	WP_223294695.1	WP_172961641.1
OG0004092	WP_011791487.1	WP_126375655.1
OG0004100	WP_011791762.1	WP_126378823.1
OG0004105	WP_010939097.1	WP_126375604.1
OG0004111	WP_010939559.1	WP_126379214.1
OG0004112	WP_011792345.1	WP_126377507.1
OG0004113	WP_011792346.1	WP_126377509.1
OG0004118	WP_011792565.1	WP_126378403.1
OG0004120	WP_011792819.1	WP_232034862.1, WP_126375544.1
OG0004121	WP_010937611.1	WP_126375562.1
OG0004122	WP_011792657.1	WP_126375616.1
OG0004123	WP_010938473.1	WP_126376640.1, WP_126375619.1
OG0004124	WP_011792863.1	WP_126379888.1, WP_126375686.1
OG0004125	WP_011792138.1	WP_126376365.1, WP_126375732.1
OG0004127	WP_043629711.1	WP_126375790.1
OG0004130	WP_011792100.1	WP_126376242.1
OG0004131	WP_011791410.1	WP_126376474.1
OG0004132	WP_010937717.1	WP_126376494.1
OG0004133	WP_010940511.1	WP_126379242.1, WP_126376682.1
OG0004134	WP_010938668.1	WP_126376749.1
OG0004135	WP_011792335.1	WP_126376797.1
OG0004136	WP_011792390.1	WP_126376799.1
OG0004137	WP_011792117.1	WP_126376847.1, WP_126379799.1
OG0004138	WP_011792182.1	WP_126376966.1, WP_126379048.1
OG0004139	WP_011792200.1, WP_011792224.1	WP_126376978.1
OG0004140	WP_010940642.1	WP_126381131.1, WP_126377003.1
OG0004141	WP_010937826.1	WP_126377117.1, WP_126377560.1
OG0004142	WP_011792379.1	WP_126377280.1
OG0004143	WP_011792213.1	WP_126377416.1
OG0004144	WP_011792336.1	WP_126377482.1
OG0004145	WP_010937813.1	WP_126377588.1
OG0004146	WP_011793032.1	WP_232034901.1, WP_126378062.1
OG0004147	WP_010940237.1	WP_126378247.1
OG0004148	WP_010938282.1	WP_126378356.1
OG0004149	WP_010938347.1	WP_126378409.1
OG0004150	WP_011792300.1, WP_011793083.1	WP_126378511.1
OG0004153	WP_011793144.1	WP_126379099.1
OG0004154	WP_011792639.1	WP_126379297.1, WP_126379301.1
OG0004155	WP_010940290.1, WP_010938731.1	WP_126379392.1
OG0004156	WP_010938741.1, WP_043629530.1	WP_126379420.1
OG0004157	WP_011791825.1	WP_126379536.1
OG0004158	WP_010939166.1	WP_126379551.1, WP_126380411.1
OG0004160	WP_011793153.1	WP_126379603.1
OG0004161	WP_011792114.1	WP_126379749.1
OG0004162	WP_011792807.1	WP_126380642.1
OG0004163	WP_011791462.1	WP_126380707.1
OG0004164	WP_010938832.1	WP_126380796.1
OG0004165	WP_010940532.1	WP_126380805.1
OG0004167	WP_011793031.1, WP_011793036.1	WP_126381165.1
OG0004168	WP_011791617.1	WP_126381236.1
OG0004169	WP_010940619.1	WP_126381478.1
OG0004170	WP_011792899.1	WP_172961601.1
OG0004171	WP_010937880.1	WP_172961617.1
OG0004172	WP_011792193.1	WP_172961644.1
OG0004173	WP_010940649.1	WP_172961691.1
OG0004174	WP_011791444.1	WP_172961751.1
OG0004175	WP_011793194.1, WP_011791459.1	WP_172961758.1
OG0004176	WP_014524242.1, WP_190275053.1	WP_172961781.1
OG0004177	WP_223294651.1, WP_010939921.1	WP_197723454.1
OG0004178	WP_011792373.1	WP_232034873.1
OG0005501	WP_010937610.1	WP_126375561.1
OG0005502	WP_010938905.1	WP_126375567.1
OG0005503	WP_011791320.1	WP_126375572.1
OG0005504	WP_014524329.1	WP_126375574.1
OG0005505	WP_014524348.1	WP_126375575.1
OG0005507	WP_011792214.1	WP_126375593.1
OG0005509	WP_043629313.1	WP_126375628.1
OG0005511	WP_043629513.1	WP_126375638.1
OG0005512	WP_011791814.1	WP_126375640.1
OG0005513	WP_081428832.1	WP_126375644.1
OG0005514	WP_011792125.1	WP_126375651.1
OG0005516	WP_011792141.1	WP_126375726.1
OG0005517	WP_011791969.1	WP_126375749.1
OG0005519	WP_223294662.1	WP_126375774.1
OG0005520	WP_010938829.1	WP_126375891.1
OG0005521	WP_010937937.1	WP_126375958.1
OG0005522	WP_011793049.1	WP_126376248.1
OG0005523	WP_010939352.1	WP_126376253.1
OG0005524	WP_011792103.1	WP_126376264.1
OG0005525	WP_011792108.1	WP_126376279.1
OG0005526	WP_223294632.1	WP_126376322.1
OG0005528	WP_011792419.1	WP_126376363.1
OG0005529	WP_010938543.1	WP_126376438.1
OG0005530	WP_010938547.1	WP_126376446.1
OG0005531	WP_011792910.1	WP_126376496.1
OG0005532	WP_011791704.1	WP_126376498.1
OG0005533	WP_010938273.1	WP_126376502.1
OG0005534	WP_010938714.1	WP_126376508.1
OG0005535	WP_011792820.1	WP_126376522.1
OG0005536	WP_043629543.1	WP_126376539.1
OG0005537	WP_141291167.1	WP_126376602.1
OG0005538	WP_011792496.1	WP_126376642.1
OG0005539	WP_010939597.1	WP_126376646.1
OG0005540	WP_011792426.1	WP_126376734.1
OG0005541	WP_011792423.1	WP_126376740.1
OG0005542	WP_011792422.1	WP_126376742.1
OG0005543	WP_010938670.1	WP_126376753.1
OG0005544	WP_011792720.1	WP_126376793.1
OG0005545	WP_011792333.1	WP_126376813.1
OG0005546	WP_011792331.1	WP_126376825.1
OG0005547	WP_011792328.1	WP_126376833.1
OG0005548	WP_010938924.1	WP_126376954.1
OG0005549	WP_011792312.1	WP_126376956.1
OG0005550	WP_010939114.1	WP_126376991.1
OG0005551	WP_011792157.1	WP_126377022.1
OG0005552	WP_011792159.1	WP_126377028.1
OG0005553	WP_011792374.1	WP_126377061.1
OG0005554	WP_010938972.1	WP_126377075.1
OG0005555	WP_010938971.1	WP_126377077.1
OG0005556	WP_010938940.1	WP_126377145.1
OG0005557	WP_010938946.1	WP_126377157.1
OG0005558	WP_011792248.1	WP_126377193.1
OG0005560	WP_011791665.1	WP_126377225.1
OG0005561	WP_010940069.1	WP_126377231.1
OG0005562	WP_010940070.1	WP_126377233.1
OG0005563	WP_010938554.1	WP_126377244.1
OG0005564	WP_010939911.1	WP_126377250.1
OG0005565	WP_010939215.1	WP_126377272.1
OG0005566	WP_010939216.1	WP_126377274.1
OG0005567	WP_010940656.1	WP_126377308.1
OG0005569	WP_010939082.1	WP_126377344.1
OG0005571	WP_043629382.1	WP_126377358.1
OG0005572	WP_011792194.1	WP_126377368.1
OG0005573	WP_010939131.1	WP_126377374.1
OG0005574	WP_010938911.1	WP_126377462.1
OG0005575	WP_223294571.1	WP_126377497.1
OG0005576	WP_011792340.1	WP_126377499.1
OG0005577	WP_011792448.1	WP_126377515.1
OG0005578	WP_011792449.1	WP_126377517.1
OG0005579	WP_010938633.1	WP_126377519.1
OG0005580	WP_011792168.1	WP_126377547.1
OG0005581	WP_010937830.1	WP_126377552.1
OG0005582	WP_010937824.1	WP_126377564.1
OG0005583	WP_010939052.1	WP_126377633.1
OG0005584	WP_010940002.1	WP_126377644.1
OG0005585	WP_043629086.1	WP_126377700.1
OG0005586	WP_010940484.1	WP_126377701.1
OG0005587	WP_011791429.1	WP_126377703.1
OG0005588	WP_011792620.1	WP_126377745.1
OG0005589	WP_010937671.1	WP_126377836.1
OG0005590	WP_011792979.1	WP_126377838.1
OG0005591	WP_011792980.1	WP_126377840.1
OG0005592	WP_010940076.1	WP_126377881.1
OG0005593	WP_011791989.1	WP_126377917.1
OG0005594	WP_010939502.1	WP_126377925.1
OG0005595	WP_011791558.1	WP_126377936.1
OG0005596	WP_011793157.1	WP_126377952.1
OG0005599	WP_011787417.1	WP_126378193.1
OG0005600	WP_190275058.1	WP_126378199.1
OG0005601	WP_011792814.1	WP_126378289.1
OG0005602	WP_014524423.1	WP_126378293.1
OG0005603	WP_010938238.1	WP_126378320.1
OG0005604	WP_010938833.1	WP_126378378.1
OG0005605	WP_011792564.1	WP_126378411.1
OG0005606	WP_011792563.1	WP_126378415.1
OG0005607	WP_010939173.1	WP_126378428.1
OG0005608	WP_010937446.1	WP_126378459.1
OG0005611	WP_011792028.1	WP_126378573.1
OG0005613	WP_223294578.1	WP_126378676.1
OG0005614	WP_010939781.1	WP_126378736.1
OG0005615	WP_010939786.1	WP_126378749.1
OG0005616	WP_010939787.1	WP_126378773.1
OG0005618	WP_011792668.1	WP_126378900.1
OG0005619	WP_043629488.1	WP_126378902.1
OG0005620	WP_011792672.1	WP_126378906.1
OG0005621	WP_011792675.1	WP_126378923.1
OG0005622	WP_043629460.1	WP_126378946.1
OG0005623	WP_010938030.1	WP_126378980.1
OG0005626	WP_010937995.1	WP_126379063.1
OG0005627	WP_011792753.1	WP_126379067.1
OG0005628	WP_010940677.1	WP_126379069.1
OG0005630	WP_011791750.1	WP_126379107.1
OG0005631	WP_011791749.1	WP_126379109.1
OG0005632	WP_011791748.1	WP_126379113.1
OG0005633	WP_010940670.1	WP_126379115.1
OG0005634	WP_011791745.1	WP_126379123.1
OG0005635	WP_011791742.1	WP_126379127.1
OG0005636	WP_010939600.1	WP_126379143.1
OG0005637	WP_014524279.1	WP_126379164.1
OG0005638	WP_043629493.1	WP_126379166.1
OG0005639	WP_043629098.1	WP_126379212.1
OG0005640	WP_011791540.1	WP_126379252.1
OG0005641	WP_011792688.1	WP_126379289.1
OG0005643	WP_011792760.1	WP_126379361.1
OG0005644	WP_011792755.1	WP_126379384.1
OG0005645	WP_011792508.1	WP_126379520.1
OG0005646	WP_011792509.1	WP_126379522.1
OG0005647	WP_011792735.1	WP_126379544.1
OG0005648	WP_014524287.1	WP_126379583.1
OG0005649	WP_010938236.1	WP_126379633.1
OG0005650	WP_010940344.1	WP_126379653.1
OG0005651	WP_010937649.1	WP_126379659.1
OG0005652	WP_010938727.1	WP_126379683.1
OG0005653	WP_011791586.1	WP_126379723.1
OG0005654	WP_010937600.1	WP_126379825.1
OG0005655	WP_011792237.1	WP_126379847.1
OG0005656	WP_010938050.1	WP_126379922.1
OG0005657	WP_010937929.1	WP_126379971.1
OG0005658	WP_011792794.1	WP_126379975.1
OG0005659	WP_043629147.1	WP_126380149.1
OG0005660	WP_081428967.1	WP_126380170.1
OG0005662	WP_011793003.1	WP_126380227.1
OG0005663	WP_010940614.1	WP_126380295.1
OG0005664	WP_011791343.1	WP_126380305.1
OG0005665	WP_011791318.1	WP_126380392.1
OG0005666	WP_010937316.1	WP_126380400.1
OG0005668	WP_011791605.1	WP_126380458.1
OG0005669	WP_223294649.1	WP_126380464.1
OG0005670	WP_010937705.1	WP_126380472.1
OG0005671	WP_010937706.1	WP_126380474.1
OG0005673	WP_011787370.1	WP_126380547.1
OG0005674	WP_011787410.1	WP_126380576.1
OG0005675	WP_010937738.1	WP_126380587.1
OG0005676	WP_011791752.1	WP_126380637.1
OG0005677	WP_043629479.1	WP_126380655.1
OG0005678	WP_010938215.1	WP_126380661.1
OG0005679	WP_223294593.1	WP_126380664.1
OG0005680	WP_010939939.1	WP_126380683.1
OG0005681	WP_011792708.1	WP_126380691.1
OG0005682	WP_010938088.1	WP_126380694.1
OG0005683	WP_010940438.1	WP_126380708.1
OG0005684	WP_010940425.1	WP_126380720.1
OG0005685	WP_011791397.1	WP_126380729.1
OG0005686	WP_011792574.1	WP_126380750.1
OG0005687	WP_010937768.1	WP_126380756.1
OG0005688	WP_223294611.1	WP_126380779.1
OG0005689	WP_010940531.1	WP_126380806.1
OG0005690	WP_010940530.1	WP_126380807.1
OG0005691	WP_223294597.1	WP_126380817.1
OG0005692	WP_010940445.1	WP_126380822.1
OG0005693	WP_043629235.1	WP_126380830.1
OG0005694	WP_011793131.1	WP_126380834.1
OG0005695	WP_011793133.1	WP_126380836.1
OG0005696	WP_010940206.1	WP_126380968.1
OG0005697	WP_011792588.1	WP_126381120.1
OG0005698	WP_010939844.1	WP_126381190.1
OG0005699	WP_010939104.1	WP_126381206.1
OG0005700	WP_081428958.1	WP_126381333.1
OG0005701	WP_010938345.1	WP_126381367.1
OG0005702	WP_011792670.1	WP_126381403.1
OG0005703	WP_011792913.1	WP_126381524.1
OG0005707	WP_011792362.1	WP_172961583.1
OG0005708	WP_014524277.1	WP_172961589.1
OG0005709	WP_011792123.1	WP_172961622.1
OG0005710	WP_223294633.1	WP_172961629.1
OG0005711	WP_011791426.1	WP_172961653.1
OG0005712	WP_010938305.1	WP_172961674.1
OG0005713	WP_011792466.1	WP_172961685.1
OG0005714	WP_010939837.1	WP_172961696.1
OG0005715	WP_010937346.1	WP_172961721.1
OG0005716	WP_011793008.1	WP_172961725.1
OG0005717	WP_011791581.1	WP_172961749.1
OG0005718	WP_164561638.1	WP_172961783.1
OG0005719	WP_011792792.1	WP_172961807.1
OG0005720	WP_010937839.1	WP_172961811.1
OG0005721	WP_010937447.1	WP_172961823.1
OG0005723	WP_011792020.1	WP_232034742.1
OG0005724	WP_010939785.1	WP_232034748.1
OG0005725	WP_011791547.1	WP_232034751.1
OG0005726	WP_010938132.1	WP_232034757.1
OG0005727	WP_011792385.1	WP_232034761.1
OG0005728	WP_010940662.1	WP_232034782.1
OG0005729	WP_014524187.1	WP_232034784.1
OG0005730	WP_011791452.1	WP_232034789.1
OG0005731	WP_010938904.1	WP_232034820.1
OG0005732	WP_011793042.1	WP_232034836.1
OG0005733	WP_010939161.1	WP_232034840.1
OG0005734	WP_010939618.1	WP_232034855.1
OG0005735	WP_010939403.1	WP_232034894.1
OG0005736	WP_011792063.1	WP_232034895.1
OG0005738	WP_011791630.1	WP_232034917.1
OG0005739	WP_011792896.1	WP_232034935.1
