Orthogroup	Shewanella oneidensis MR-1	Geobacter sulfurreducens PCA
OG0000000	WP_011073030.1, WP_011074304.1	WP_010943217.1
OG0000000	WP_011074101.1	WP_164930426.1
OG0000000	WP_011072957.1, WP_011073458.1	WP_010943974.1
OG0000000	WP_011073114.1, WP_011073484.1	WP_010942585.1
OG0000001	WP_011074067.1	WP_010942201.1
OG0000001	WP_011072190.1	WP_010943962.1, WP_010943987.1, WP_010942950.1, WP_010942288.1, WP_010942315.1
OG0000001	WP_011071723.1	WP_010941620.1, WP_010943599.1, WP_010942049.1
OG0000001	WP_011073536.1, WP_011072697.1	WP_238525143.1
OG0000002	WP_011071850.1	WP_010943324.1, WP_010943450.1, WP_010943451.1
OG0000002	WP_011071977.1, WP_011070837.1	WP_010942147.1
OG0000002	WP_011073420.1, WP_011074249.1	WP_010942002.1
OG0000002	WP_011071300.1	WP_165443456.1
OG0000003	WP_274544340.1	WP_010943291.1, WP_010941584.1, WP_010943573.1, WP_010943215.1, WP_010942023.1, WP_010941692.1, WP_010941415.1, WP_010941693.1, WP_010941068.1, WP_262421270.1, WP_010941696.1, WP_010941069.1, WP_010941695.1, WP_010941697.1, WP_010941408.1, WP_010941603.1, WP_010941245.1, WP_010943777.1
OG0000003	WP_011073164.1	WP_010941702.1
OG0000003	WP_011072186.1, WP_011074229.1	WP_010943007.1, WP_010941428.1, WP_010941246.1, WP_010942348.1, WP_010943814.1
OG0000004	WP_011073049.1, WP_011073640.1	WP_010943442.1, WP_010941506.1, WP_010942299.1, WP_081461260.1, WP_235044997.1
OG0000005	WP_011073304.1, WP_011074077.1, WP_011071149.1, WP_164925775.1	WP_010943211.1, WP_010941570.1
OG0000007	WP_011074183.1	WP_010942419.1
OG0000007	WP_164925702.1	WP_010942909.1
OG0000007	WP_011072831.1	WP_010943050.1
OG0000007	WP_011071147.1	WP_010941823.1, WP_010942828.1
OG0000007	WP_011073487.1	WP_010941164.1
OG0000008	WP_011071114.1	WP_010941163.1
OG0000008	WP_011072998.1	WP_010941060.1
OG0000008	WP_011073986.1, WP_011073326.1, WP_011071990.1	WP_010943408.1
OG0000008	WP_011072024.1	WP_010943303.1
OG0000008	WP_011074282.1	WP_010943335.1
OG0000009	WP_011071150.1, WP_011073726.1, WP_164925773.1	WP_010943210.1
OG0000011	WP_011073029.1	WP_010942699.1
OG0000012	WP_011074100.1	WP_010941669.1
OG0000012	WP_011074303.1	WP_010941439.1
OG0000013	WP_011073853.1, WP_011071620.1	WP_235044968.1, WP_010943331.1, WP_010942065.1
OG0000014	WP_011074069.1	WP_010941119.1, WP_010943578.1
OG0000014	WP_011072169.1, WP_202950644.1, WP_011070474.1	WP_193360255.1
OG0000015	WP_011072514.1	WP_010943443.1
OG0000015	WP_011072017.1	WP_010940939.1, WP_010943414.1
OG0000015	WP_011073837.1, WP_011071537.1, WP_011071133.1, WP_011071304.1	WP_010941995.1
OG0000016	WP_011072313.1	WP_010941944.1
OG0000016	WP_011072183.1	WP_010942863.1, WP_010942852.1
OG0000016	WP_011072497.1	WP_010943385.1, WP_010941887.1, WP_010941569.1, WP_010941781.1, WP_010942859.1, WP_010942689.1
OG0000017	WP_011071143.1	WP_010942680.1
OG0000017	WP_011070777.1, WP_011071144.1, WP_011073357.1	WP_049786599.1, WP_010942420.1, WP_010942421.1
OG0000018	WP_011073068.1	WP_010942615.1, WP_010941284.1, WP_010942606.1, WP_010942605.1, WP_235045001.1, WP_235044879.1, WP_010942157.1, WP_010944069.1
OG0000019	WP_011071727.1	WP_010941763.1
OG0000019	WP_011074040.1	WP_010942524.1
OG0000020	WP_011074129.1, WP_011074133.1	WP_010943745.1
OG0000021	WP_011071922.1	WP_010943262.1
OG0000021	WP_011071923.1	WP_010943261.1
OG0000022	WP_011071803.1, WP_011072720.1	WP_010942550.1, WP_010941573.1, WP_010941244.1, WP_010940866.1, WP_010940882.1
OG0000024	WP_011071179.1	WP_010940864.1
OG0000024	WP_011071227.1, WP_011072757.1	WP_010941159.1
OG0000026	WP_011070872.1	WP_010943583.1
OG0000026	WP_006084975.1, WP_011070442.1, WP_164925607.1	WP_010943263.1, WP_010941067.1
OG0000027	WP_011074132.1, WP_011074128.1, WP_011070509.1	WP_010941441.1
OG0000029	WP_011074043.1, WP_011073001.1	WP_010941460.1
OG0000029	WP_011070465.1, WP_011074263.1	WP_010941173.1
OG0000030	WP_011071301.1	WP_010941465.1, WP_010944016.1, WP_010943289.1
OG0000032	WP_011071972.1	WP_010940928.1
OG0000033	WP_011070784.1	WP_010943085.1
OG0000033	WP_011074290.1	WP_010941969.1
OG0000034	WP_011073987.1, WP_011073327.1, WP_011071991.1	WP_010943409.1
OG0000034	WP_011074281.1	WP_010943334.1
OG0000034	WP_011072022.1	WP_010943302.1
OG0000035	WP_011074169.1, WP_011070429.1	WP_010942933.1, WP_010940966.1, WP_010943642.1, WP_010943212.1, WP_010941571.1, WP_010942704.1
OG0000037	WP_238560573.1	WP_164930422.1
OG0000038	WP_011073885.1, WP_011073886.1	WP_010940700.1, WP_010943808.1, WP_010941445.1, WP_010941452.1
OG0000039	WP_011072587.1	WP_010942129.1
OG0000040	WP_011071891.1, WP_011073960.1	WP_010942495.1
OG0000042	WP_011071918.1	WP_010942434.1
OG0000043	WP_011073456.1	WP_010941851.1, WP_010942192.1
OG0000044	WP_011070883.1	WP_235045025.1, WP_010941704.1, WP_010941143.1, WP_235044883.1, WP_010941489.1, WP_010940687.1, WP_010940929.1, WP_010941354.1, WP_235044900.1, WP_010943968.1, WP_010943441.1, WP_010944047.1, WP_010941544.1, WP_010942925.1, WP_010943621.1, WP_010943770.1, WP_235044903.1, WP_010943307.1, WP_010940779.1, WP_010943202.1, WP_010941024.1, WP_010943020.1, WP_010943024.1, WP_010941698.1, WP_235044983.1, WP_010943203.1, WP_010943083.1, WP_010943167.1, WP_235044979.1
OG0000045	WP_011070924.1	WP_010942953.1
OG0000045	WP_011071240.1	WP_010942368.1
OG0000045	WP_011073210.1	WP_010942204.1
OG0000047	WP_164925892.1	WP_010942630.1, WP_262421271.1
OG0000049	WP_011073980.1, WP_164925751.1	WP_010941476.1, WP_010941028.1
OG0000049	WP_011074421.1, WP_238560596.1	WP_010942390.1
OG0000050	WP_011072948.1	WP_010940875.1
OG0000053	WP_164925924.1	WP_010941160.1
OG0000053	WP_011071230.1	WP_010942464.1
OG0000054	WP_011073937.1	WP_010940843.1
OG0000058	WP_164925641.1	WP_010942454.1, WP_010941840.1
OG0000059	WP_011070866.1	WP_010942126.1
OG0000060	WP_011070776.1	WP_010942137.1
OG0000060	WP_011070564.1	WP_041913993.1
OG0000062	WP_011071925.1	WP_010942081.1
OG0000063	WP_011072151.1	WP_010942168.1, WP_010942767.1
OG0000064	WP_011070635.1, WP_011071564.1	WP_010943928.1
OG0000065	WP_011071952.1	WP_010941490.1
OG0000065	WP_011070961.1	WP_010941029.1, WP_010942716.1, WP_010943066.1, WP_010940694.1
OG0000065	WP_011071919.1	WP_010942732.1
OG0000067	WP_011071924.1	WP_010942082.1
OG0000068	WP_011073624.1	WP_010942354.1
OG0000069	WP_011072035.1	WP_010942028.1
OG0000070	WP_011074269.1	WP_235045000.1, WP_010942882.1, WP_010942892.1
OG0000074	WP_011072654.1	WP_010943063.1, WP_010943161.1, WP_010940892.1
OG0000075	WP_011071302.1	WP_010944017.1, WP_010941466.1
OG0000076	WP_202950651.1	WP_010941344.1, WP_010941953.1, WP_010941955.1, WP_010941803.1
OG0000076	WP_011072185.1	WP_010940969.1, WP_010943214.1, WP_010943053.1
OG0000076	WP_011073088.1	WP_010942860.1, WP_010942858.1
OG0000077	WP_011073434.1	WP_010942316.1
OG0000077	WP_011071152.1	WP_010941855.1
OG0000080	WP_011073977.1, WP_011073844.1	WP_010940950.1
OG0000081	WP_011073637.1	WP_010940930.1, WP_010943560.1, WP_010943273.1, WP_010941703.1, WP_010941070.1
OG0000082	WP_011071708.1, WP_011073949.1	WP_010941678.1, WP_010943655.1
OG0000084	WP_011070711.1	WP_010943981.1
OG0000085	WP_011073684.1	WP_010940999.1, WP_010940757.1
OG0000087	WP_011071464.1	WP_010942653.1
OG0000088	WP_202950650.1	WP_010941945.1
OG0000088	WP_011073093.1	WP_010940968.1, WP_010942862.1, WP_010943817.1
OG0000091	WP_011074036.1	WP_010941129.1
OG0000091	WP_011072711.1	WP_010942248.1
OG0000092	WP_011072485.1, WP_011071838.1	WP_010940844.1
OG0000092	WP_011071174.1	WP_010942735.1, WP_010941590.1
OG0000093	WP_011073475.1	WP_010941779.1
OG0000094	WP_011074278.1	WP_010943189.1
OG0000095	WP_011071060.1	WP_010940777.1
OG0000095	WP_011072735.1	WP_010942900.1
OG0000096	WP_011070949.1, WP_011071828.1	WP_010941484.1, WP_010941769.1
OG0000100	WP_011073485.1, WP_011073486.1	WP_010941165.1
OG0000101	WP_011072328.1, WP_011072538.1	WP_010943782.1
OG0000103	WP_011073353.1, WP_011071066.1, WP_011073588.1	WP_010941607.1, WP_010942480.1
OG0000104	WP_011070888.1, WP_255211589.1	WP_262421275.1
OG0000105	WP_011072710.1	WP_010942250.1
OG0000105	WP_011074037.1, WP_164925736.1	WP_010941127.1, WP_010941128.1
OG0000106	WP_011074309.1, WP_011070542.1	WP_010943341.1
OG0000107	WP_011070652.1	WP_010943755.1
OG0000107	WP_011073518.1	WP_193360258.1
OG0000107	WP_011070960.1	WP_010942207.1
OG0000110	WP_011072317.1, WP_164925686.1	WP_010941804.1
OG0000110	WP_164925741.1	WP_235044926.1, WP_010942855.1, WP_010940967.1
OG0000112	WP_011070877.1	WP_010942274.1
OG0000113	WP_011070488.1, WP_193378422.1	WP_010942320.1
OG0000114	WP_011070614.1	WP_010943489.1
OG0000114	WP_011071132.1	WP_010943165.1
OG0000115	WP_011070766.1	WP_010943892.1
OG0000115	WP_011070806.1	WP_010944056.1
OG0000117	WP_011071862.1	WP_010941759.1
OG0000118	WP_011071863.1	WP_010941758.1
OG0000119	WP_011073622.1	WP_010943592.1
OG0000119	WP_011073418.1, WP_011074247.1	WP_010942000.1
OG0000119	WP_011073419.1, WP_011074248.1	WP_010942001.1
OG0000121	WP_011073062.1	WP_010942597.1
OG0000122	WP_011073479.1	WP_010943368.1, WP_010943370.1
OG0000123	WP_011072319.1	WP_010941806.1
OG0000123	WP_011072189.1	WP_010943384.1
OG0000126	WP_011071224.1	WP_010943126.1
OG0000126	WP_164925838.1	WP_010943898.1
OG0000128	WP_011072719.1	WP_010941589.1
OG0000128	WP_164925918.1	WP_010943853.1
OG0000129	WP_011074177.1, WP_011072325.1, WP_011072531.1, WP_011072068.1	WP_010941713.1
OG0000129	WP_011074222.1	WP_010943266.1
OG0000129	WP_011072440.1	WP_010943778.1
OG0000131	WP_011074276.1	WP_010942881.1
OG0000133	WP_011071864.1	WP_010941757.1
OG0000134	WP_011072921.1	WP_010942241.1
OG0000136	WP_011070754.1	WP_010941670.1
OG0000138	WP_011072065.1	WP_010941764.1
OG0000142	WP_011074267.1	WP_010942899.1
OG0000143	WP_011070641.1	WP_010941975.1
OG0000143	WP_011070643.1, WP_011070826.1, WP_011072164.1	WP_010943891.1
OG0000144	WP_011073693.1	WP_010941482.1
OG0000145	WP_011072293.1, WP_274544323.1	WP_010942949.1
OG0000147	WP_011070775.1	WP_010942139.1
OG0000147	WP_011070565.1	WP_010940995.1
OG0000147	WP_011073810.1	WP_010942428.1
OG0000150	WP_011071499.1	WP_010943710.1
OG0000151	WP_164925895.1	WP_010942486.1
OG0000154	WP_011072019.1, WP_011071020.1	WP_164930455.1
OG0000154	WP_011071098.1, WP_011072297.1	WP_010943751.1
OG0000155	WP_011071290.1	WP_010943603.1, WP_010943552.1, WP_010943023.1
OG0000156	WP_011072753.1, WP_172966557.1	WP_010942747.1
OG0000158	WP_011072993.1, WP_011073603.1, WP_164925679.1	WP_010941382.1
OG0000160	WP_011073363.1	WP_010943765.1
OG0000160	WP_011072083.1, WP_011073275.1	WP_010941051.1, WP_010940903.1
OG0000161	WP_011071608.1	WP_010942875.1
OG0000163	WP_011072686.1	WP_010940702.1, WP_010942942.1
OG0000164	WP_011070705.1	WP_010941317.1
OG0000165	WP_011072113.1	WP_010942130.1
OG0000165	WP_011074254.1	WP_010942470.1
OG0000166	WP_011072678.1, WP_011074265.1	WP_010943267.1
OG0000168	WP_011070460.1	WP_010942284.1
OG0000168	WP_011072275.1	WP_010943207.1
OG0000169	WP_011072289.1, WP_164925791.1	WP_010942556.1
OG0000170	WP_011072841.1, WP_011071331.1, WP_164925722.1	WP_010942052.1
OG0000172	WP_011072346.1	WP_235045029.1, WP_010941991.1
OG0000173	WP_011074070.1	WP_010943577.1, WP_010941118.1
OG0000176	WP_011072162.1	WP_010940798.1
OG0000177	WP_011072918.1, WP_011070748.1, WP_164925593.1	WP_010942766.1, WP_010940741.1
OG0000179	WP_011073121.1, WP_011073122.1	WP_010943665.1
OG0000183	WP_011071285.1	WP_010941007.1
OG0000184	WP_011073828.1	WP_010943067.1
OG0000186	WP_011072441.1	WP_010940745.1, WP_010942944.1
OG0000187	WP_011070604.1, WP_011070615.1	WP_010943488.1
OG0000189	WP_011072980.1	WP_010943971.1, WP_010942239.1
OG0000189	WP_011074152.1	WP_010941595.1
OG0000189	WP_011073532.1, WP_011073389.1, WP_011074151.1	WP_010941596.1
OG0000190	WP_011074103.1	WP_010943251.1
OG0000191	WP_011073796.1	WP_010940707.1
OG0000192	WP_011071668.1	WP_010940935.1, WP_010941861.1, WP_010943387.1
OG0000196	WP_011071284.1	WP_010944054.1
OG0000197	WP_011072025.1	WP_010941767.1
OG0000200	WP_011073090.1, WP_011074346.1, WP_202950646.1, WP_011074338.1	WP_010940782.1
OG0000201	WP_011073893.1	WP_010942481.1, WP_010941167.1
OG0000205	WP_011072292.1	WP_275450049.1
OG0000207	WP_011071697.1	WP_010942266.1
OG0000208	WP_011071698.1	WP_010942265.1
OG0000209	WP_011072940.1	WP_010942186.1
OG0000210	WP_011070824.1	WP_010941518.1
OG0000211	WP_011073968.1, WP_011073834.1	WP_010940834.1
OG0000212	WP_011072160.1	WP_010940796.1, WP_010941451.1
OG0000213	WP_011073715.1, WP_011072039.1	WP_010943935.1
OG0000214	WP_011071851.1	WP_010943452.1, WP_010943323.1, WP_010943453.1
OG0000215	WP_011072513.1	WP_010942713.1
OG0000216	WP_011070906.1	WP_010943613.1
OG0000217	WP_011072567.1	WP_010942056.1
OG0000218	WP_011073221.1	WP_010941105.1
OG0000219	WP_011073290.1	WP_010942171.1
OG0000221	WP_011072274.1	WP_010943208.1
OG0000221	WP_011073067.1	WP_010942604.1
OG0000222	WP_011073677.1	WP_010942108.1
OG0000223	WP_011071799.1	WP_010942050.1
OG0000225	WP_011072456.1	WP_010943944.1
OG0000226	WP_011071424.1, WP_011073006.1	WP_010943254.1
OG0000226	WP_011073007.1, WP_011071423.1	WP_010943255.1
OG0000227	WP_011072928.1	WP_010943010.1
OG0000228	WP_011072718.1	WP_010941331.1
OG0000228	WP_011073400.1	WP_010940759.1
OG0000230	WP_238560519.1	WP_010943336.1
OG0000233	WP_011072421.1	WP_010943635.1, WP_010941266.1
OG0000234	WP_007644947.1	WP_010943824.1, WP_010940956.1
OG0000235	WP_011070658.1	WP_010942669.1
OG0000236	WP_011073712.1, WP_011070717.1	WP_235044991.1, WP_235044960.1, WP_010943847.1, WP_235044941.1
OG0000239	WP_011073040.1	WP_010943048.1
OG0000242	WP_011072198.1	WP_235044978.1, WP_010943967.1, WP_010943145.1
OG0000243	WP_011073841.1	WP_010942936.1, WP_010942841.1
OG0000245	WP_011072111.1	WP_010943105.1
OG0000249	WP_011070495.1, WP_011070799.1, WP_011071836.1	WP_010943406.1, WP_010943405.1
OG0000250	WP_011073096.1	WP_010943679.1
OG0000252	WP_011071280.1	WP_010944046.1
OG0000253	WP_011073904.1	WP_010943698.1
OG0000253	WP_011073905.1	WP_010943699.1
OG0000254	WP_011071486.1	WP_010943176.1, WP_010940756.1, WP_010943910.1
OG0000256	WP_011073793.1	WP_010943325.1
OG0000256	WP_238560588.1	WP_010943449.1
OG0000257	WP_011070755.1	WP_010943933.1, WP_010941115.1
OG0000260	WP_011071974.1	WP_010942469.1
OG0000262	WP_011071933.1, WP_164925915.1	WP_010941612.1, WP_010941613.1
OG0000263	WP_011074170.1, WP_011071948.1, WP_011073757.1	WP_010941522.1, WP_235044914.1
OG0000264	WP_011074330.1	WP_010940789.1
OG0000265	WP_011074332.1	WP_010940787.1
OG0000266	WP_011074335.1	WP_010941002.1
OG0000267	WP_011070862.1	WP_010942780.1, WP_010941497.1
OG0000270	WP_011071728.1	WP_010940685.1, WP_010941762.1
OG0000271	WP_011072821.1	WP_010943344.1
OG0000272	WP_011072181.1	WP_010942075.1
OG0000277	WP_011074053.1	WP_010940802.1, WP_010943774.1
OG0000280	WP_011073661.1	WP_010941072.1, WP_010940808.1
OG0000282	WP_011074294.1	WP_010943444.1
OG0000283	WP_011072163.1	WP_010940799.1, WP_010941447.1
OG0000284	WP_011070541.1, WP_011072419.1	WP_010942003.1, WP_010941315.1, WP_010941575.1
OG0000285	WP_011072952.1	WP_010941784.1
OG0000288	WP_011071130.1	WP_010942662.1
OG0000288	WP_164925856.1	WP_010943065.1
OG0000290	WP_011072343.1, WP_238560560.1	WP_010944031.1
OG0000291	WP_011071410.1	WP_010942921.1, WP_010942449.1
OG0000293	WP_011071286.1	WP_010944055.1
OG0000295	WP_011073887.1	WP_010942132.1
OG0000296	WP_011072380.1	WP_010943239.1, WP_010942391.1
OG0000297	WP_011072139.1	WP_010943720.1
OG0000299	WP_011073882.1	WP_010941531.1
OG0000300	WP_011072153.1	WP_010941042.1
OG0000301	WP_011071783.1	WP_010943464.1
OG0000303	WP_011073360.1	WP_235044981.1
OG0000304	WP_011070783.1, WP_011072332.1	WP_010943295.1
OG0000304	WP_011072031.1	WP_010943072.1, WP_010943087.1
OG0000305	WP_011073686.1	WP_010943229.1, WP_010941629.1
OG0000307	WP_011071274.1	WP_010941019.1
OG0000308	WP_011071279.1	WP_010941014.1, WP_010944044.1
OG0000309	WP_011071595.1, WP_011070438.1	WP_010942664.1
OG0000311	WP_011072135.1	WP_010943716.1
OG0000312	WP_011073984.1	WP_010941556.1
OG0000312	WP_011070819.1	WP_010944022.1
OG0000314	WP_011071277.1	WP_010944042.1
OG0000315	WP_274544499.1, WP_141135407.1	WP_010941223.1
OG0000318	WP_011071900.1, WP_011071905.1, WP_011071629.1, WP_238560522.1	WP_010941278.1, WP_235045030.1, WP_010942843.1, WP_010941884.1
OG0000320	WP_011072305.1	WP_010942929.1
OG0000325	WP_011071119.1	WP_010941180.1
OG0000326	WP_011072729.1	WP_010941340.1
OG0000331	WP_011072391.1, WP_011070665.1	WP_010942832.1
OG0000332	WP_011072097.1	WP_010940771.1
OG0000333	WP_011072976.1	WP_010942670.1
OG0000334	WP_011072784.1	WP_010942005.1
OG0000335	WP_011070931.1	WP_010942466.1
OG0000336	WP_011072277.1	WP_010942057.1
OG0000337	WP_011071254.1, WP_011070598.1	WP_010942098.1
OG0000337	WP_011073303.1	WP_010942393.1
OG0000338	WP_011072304.1	WP_010941156.1
OG0000339	WP_011071571.1	WP_010941334.1
OG0000341	WP_011074400.1, WP_011074453.1, WP_011074405.1	WP_010942355.1
OG0000343	WP_011073906.1	WP_010943700.1
OG0000345	WP_011071734.1	WP_010942600.1
OG0000345	WP_164925834.1	WP_010942401.1
OG0000347	WP_011071237.1	WP_010941557.1
OG0000350	WP_011073022.1	WP_235044984.1
OG0000351	WP_011074194.1, WP_011074442.1	WP_010941822.1, WP_010942781.1, WP_010941496.1, WP_235044931.1, WP_010941985.1
OG0000352	WP_011071500.1	WP_010942812.1, WP_010943711.1
OG0000353	WP_011071907.1	WP_010943880.1
OG0000355	WP_011072812.1	WP_010941203.1
OG0000355	WP_011073416.1	WP_010943779.1
OG0000356	WP_011073744.1	WP_010942796.1, WP_010943738.1
OG0000357	WP_011073698.1	WP_010942533.1
OG0000358	WP_011072420.1	WP_010941267.1
OG0000359	WP_011072820.1	WP_010944058.1, WP_010943345.1
OG0000360	WP_007651015.1	WP_010942731.1, WP_010941394.1
OG0000361	WP_011072713.1	WP_010942246.1
OG0000361	WP_011072771.1	WP_010940962.1
OG0000366	WP_011072246.1	WP_010941660.1
OG0000370	WP_011072355.1, WP_011073328.1, WP_011072369.1, WP_011073742.1, WP_011074161.1, WP_011072290.1	WP_010940937.1
OG0000371	WP_011071109.1, WP_011071046.1, WP_011074066.1	WP_235044970.1, WP_010942091.1
OG0000375	WP_011073160.1	WP_010943304.1
OG0000378	WP_011072003.1	WP_275450045.1
OG0000381	WP_011070926.1	WP_010943166.1
OG0000382	WP_011073950.1	WP_010943654.1
OG0000385	WP_164925904.1	WP_235044980.1
OG0000388	WP_006081231.1	WP_010942249.1
OG0000389	WP_011072489.1, WP_011070448.1	WP_010940805.1
OG0000390	WP_011071396.1	WP_010941122.1
OG0000391	WP_011074277.1	WP_010942461.1
OG0000392	WP_011070947.1	WP_010940827.1
OG0000393	WP_011070464.1	WP_010943825.1
OG0000394	WP_011073054.1, WP_011073075.1	WP_010943002.1
OG0000395	WP_011072444.1	WP_010942541.1
OG0000397	WP_011070943.1	WP_010943018.1
OG0000398	WP_011071816.1	WP_010941523.1
OG0000399	WP_011074310.1, WP_164925796.1	WP_010943768.1
OG0000400	WP_011072977.1, WP_011073596.1	WP_010943724.1
OG0000401	WP_011072333.1	WP_010940699.1
OG0000402	WP_011073147.1	WP_223106389.1, WP_010942160.1, WP_010943148.1
OG0000403	WP_011073692.1	WP_010941483.1, WP_010941592.1, WP_010942545.1
OG0000404	WP_011071509.1	WP_010941863.1, WP_010942824.1
OG0000406	WP_011073884.1	WP_010941749.1
OG0000407	WP_007647520.1	WP_010941720.1
OG0000408	WP_238560562.1, WP_011073864.1	WP_010943001.1
OG0000409	WP_011071363.1	WP_010943829.1
OG0000410	WP_011071375.1	WP_010941931.1
OG0000411	WP_164925601.1, WP_011074142.1	WP_010940979.1
OG0000412	WP_011070563.1	WP_010940997.1
OG0000412	WP_011070657.1	WP_010942671.1
OG0000413	WP_011073296.1	WP_010942923.1
OG0000414	WP_011071865.1	WP_010941756.1
OG0000415	WP_011073705.1, WP_011074080.1	WP_010943593.1
OG0000418	WP_011072966.1	WP_010943506.1
OG0000419	WP_011072397.1	WP_010941890.1, WP_010941487.1
OG0000420	WP_011073084.1	WP_010943328.1
OG0000421	WP_011074212.1	WP_010943179.1
OG0000423	WP_164925682.1	WP_010942177.1, WP_010943722.1
OG0000425	WP_011074325.1	WP_010940943.1
OG0000426	WP_011072924.1	WP_010943019.1
OG0000427	WP_011072306.1	WP_010943733.1
OG0000428	WP_011073691.1	WP_010941481.1, WP_010942544.1, WP_010941594.1
OG0000429	WP_011072763.1	WP_010942369.1, WP_010942069.1
OG0000433	WP_011071889.1	WP_010941430.1
OG0000434	WP_011073587.1	WP_010943321.1
OG0000435	WP_011072708.1	WP_010941462.1
OG0000436	WP_011073144.1	WP_235044860.1
OG0000439	WP_011071906.1	WP_010943881.1
OG0000443	WP_011073208.1	WP_010943783.1, WP_010944019.1
OG0000444	WP_011070433.1, WP_011074432.1, WP_011073269.1, WP_011071523.1	WP_010940703.1
OG0000446	WP_011073130.1	WP_010941087.1
OG0000449	WP_011071298.1	WP_010942222.1
OG0000452	WP_011070761.1, WP_011072428.1, WP_011070965.1	WP_010943275.1
OG0000457	WP_011074002.1	WP_010942557.1
OG0000458	WP_011072562.1	WP_010943913.1, WP_010942869.1
OG0000459	WP_011073913.1	WP_010942547.1
OG0000460	WP_011072676.1	WP_010942228.1
OG0000461	WP_011071367.1	WP_010940711.1
OG0000462	WP_011073690.1	WP_010941479.1
OG0000463	WP_011071797.1	WP_010942901.1
OG0000466	WP_006080725.1	WP_010943714.1, WP_010941574.1
OG0000467	WP_011072155.1	WP_010940977.1
OG0000468	WP_011070714.1	WP_010941157.1
OG0000469	WP_011073401.1	WP_235045036.1, WP_010941169.1
OG0000470	WP_011072536.1, WP_011073891.1	WP_010940811.1
OG0000471	WP_011072667.1	WP_010942071.1
OG0000472	WP_011073223.1	WP_010943177.1
OG0000473	WP_011072156.1	WP_010940976.1
OG0000474	WP_011071577.1, WP_011071238.1	WP_010941000.1
OG0000475	WP_011073167.1	WP_010942285.1
OG0000476	WP_011071399.1	WP_010942721.1, WP_010943097.1
OG0000477	WP_011074312.1	WP_010941662.1
OG0000478	WP_164925611.1	WP_010943615.1
OG0000479	WP_011072689.1	WP_010940705.1
OG0000480	WP_006081934.1	WP_010942395.1
OG0000481	WP_011074353.1, WP_011074200.1	WP_010942262.1, WP_010940718.1
OG0000482	WP_011070515.1, WP_011074122.1	WP_010941444.1
OG0000484	WP_011070446.1, WP_011071740.1, WP_011072239.1	WP_010943984.1
OG0000485	WP_011072690.1	WP_010940706.1
OG0000486	WP_011073892.1	WP_010942693.1
OG0000487	WP_011071362.1	WP_010943830.1
OG0000488	WP_011073923.1, WP_011071649.1	WP_010941054.1
OG0000489	WP_011072308.1	WP_010942709.1
OG0000490	WP_011073738.1, WP_011072517.1	WP_010941675.1
OG0000491	WP_011073025.1	WP_010941876.1
OG0000492	WP_011072105.1	WP_010941312.1, WP_010941313.1
OG0000493	WP_011070602.1	WP_010942580.1
OG0000494	WP_011073291.1	WP_010942170.1
OG0000495	WP_011071232.1	WP_010943252.1
OG0000496	WP_011072269.1, WP_011072271.1	WP_010942910.1
OG0000497	WP_011070462.1	WP_010941636.1, WP_010942416.1
OG0000498	WP_011070463.1, WP_011073289.1	WP_010942417.1
OG0000499	WP_011071680.1	WP_010942708.1
OG0000500	WP_011073302.1, WP_011070723.1	WP_010942876.1
OG0000502	WP_011073914.1	WP_010942548.1
OG0000503	WP_011071506.1	WP_010941055.1
OG0000504	WP_011071374.1	WP_010941928.1
OG0000505	WP_011072417.1	WP_010941251.1
OG0000506	WP_011073396.1	WP_010942552.1
OG0000507	WP_011072805.1	WP_010941554.1
OG0000508	WP_011072950.1	WP_010940877.1
OG0000509	WP_011071177.1	WP_010943992.1
OG0000510	WP_164925926.1	WP_010940919.1
OG0000511	WP_011072320.1	WP_010941133.1, WP_010942396.1
OG0000512	WP_011071575.1	WP_010943245.1, WP_010942472.1
OG0000513	WP_011073166.1	WP_010942286.1
OG0000514	WP_011071796.1	WP_010942904.1, WP_010941664.1
OG0000515	WP_011073016.1	WP_010942903.1
OG0000516	WP_011070666.1	WP_010942477.1
OG0000518	WP_011070475.1	WP_010942917.1, WP_010941533.1
OG0000519	WP_011071210.1	WP_010944033.1
OG0000520	WP_011071914.1	WP_010941526.1, WP_010940890.1
OG0000521	WP_011072700.1	WP_010942403.1
OG0000522	WP_011070929.1	WP_010942447.1
OG0000523	WP_011071704.1	WP_010941346.1, WP_010942408.1
OG0000524	WP_011070427.1	WP_010940681.1
OG0000525	WP_011073918.1	WP_010941564.1
OG0000526	WP_011072542.1	WP_010942399.1
OG0000527	WP_011071884.1, WP_011072327.1	WP_010943934.1, WP_010942656.1
OG0000529	WP_011070851.1	WP_010941106.1, WP_010942647.1
OG0000530	WP_011072392.1	WP_010942516.1
OG0000531	WP_011071357.1	WP_010942261.1, WP_010940720.1
OG0000532	WP_011071368.1	WP_010940712.1, WP_010940981.1
OG0000533	WP_011072568.1	WP_010942872.1
OG0000534	WP_011070880.1	WP_010942487.1
OG0000535	WP_011071476.1, WP_011071473.1	WP_010943192.1
OG0000536	WP_011071542.1	WP_235044944.1
OG0000537	WP_011073663.1	WP_010941663.1
OG0000538	WP_011073746.1	WP_010943938.1, WP_275450053.1
OG0000539	WP_011072201.1	WP_010942181.1
OG0000540	WP_011073236.1	WP_010942258.1
OG0000541	WP_011071541.1	WP_010941826.1
OG0000541	WP_011072254.1	WP_010942526.1
OG0000542	WP_011073694.1	WP_010942538.1
OG0000543	WP_011072926.1	WP_010943017.1
OG0000544	WP_011072157.1	WP_010940974.1
OG0000545	WP_011072102.1	WP_010943465.1
OG0000546	WP_011071505.1, WP_011071161.1	WP_010943608.1
OG0000547	WP_011074097.1	WP_010941434.1
OG0000548	WP_011071430.1	WP_010942272.1
OG0000549	WP_011073367.1	WP_010941832.1
OG0000550	WP_164925726.1	WP_235045013.1
OG0000551	WP_011071057.1	WP_010941895.1
OG0000555	WP_011070543.1	WP_010941961.1
OG0000560	WP_011071253.1	WP_010943389.1
OG0000566	WP_011072774.1	WP_010941728.1, WP_010941185.1
OG0000569	WP_011072791.1	WP_010941600.1
OG0000570	WP_011071815.1	WP_010942880.1
OG0000571	WP_011070592.1	WP_010941269.1
OG0000573	WP_011070600.1	WP_010941979.1
OG0000576	WP_011073695.1	WP_010942537.1
OG0000577	WP_011071502.1	WP_010942510.1
OG0000578	WP_011070425.1	WP_010940679.1
OG0000579	WP_011072382.1	WP_010943242.1
OG0000580	WP_011071401.1	WP_010943827.1
OG0000581	WP_011070605.1	WP_010943499.1
OG0000582	WP_011072691.1	WP_010944070.1
OG0000583	WP_011072298.1, WP_011073315.1	WP_010942332.1
OG0000584	WP_011070420.1	WP_010944075.1
OG0000585	WP_011070421.1	WP_010944076.1
OG0000586	WP_011070423.1	WP_010944078.1
OG0000587	WP_011073319.1	WP_010942289.1
OG0000588	WP_011071543.1	WP_010942073.1
OG0000589	WP_011073895.1	WP_010941392.1
OG0000590	WP_011071782.1	WP_010942465.1
OG0000591	WP_011071988.1	WP_010940835.1
OG0000592	WP_011070797.1	WP_010941272.1
OG0000593	WP_011071160.1	WP_010942349.1
OG0000594	WP_164925584.1	WP_010943186.1
OG0000595	WP_011073680.1	WP_010943920.1
OG0000596	WP_011070930.1	WP_235044854.1
OG0000597	WP_011070933.1	WP_010942643.1
OG0000598	WP_011073908.1	WP_010943702.1
OG0000599	WP_006083042.1	WP_010941327.1
OG0000600	WP_011070456.1	WP_010942136.1
OG0000601	WP_011070650.1	WP_010940829.1
OG0000602	WP_011073283.1, WP_011073273.1, WP_011073768.1, WP_011073717.1	WP_010942444.1
OG0000603	WP_011071702.1	WP_010942707.1
OG0000604	WP_011073440.1	WP_010940693.1
OG0000605	WP_011073439.1	WP_010943003.1
OG0000606	WP_011072376.1	WP_010941673.1
OG0000607	WP_164925802.1	WP_010940800.1
OG0000608	WP_011071703.1	WP_010940710.1
OG0000610	WP_011073188.1	WP_010942105.1
OG0000611	WP_011071421.1	WP_010941932.1
OG0000612	WP_011071798.1	WP_010941310.1
OG0000613	WP_006080791.1	WP_010941309.1
OG0000614	WP_011072032.1	WP_010941719.1
OG0000615	WP_011071784.1	WP_010942566.1
OG0000616	WP_011071786.1	WP_010942564.1
OG0000617	WP_011070618.1	WP_010943485.1
OG0000618	WP_011070620.1	WP_010943483.1
OG0000619	WP_006083596.1	WP_010943482.1
OG0000620	WP_006083595.1	WP_010943481.1
OG0000621	WP_011070621.1	WP_010943480.1
OG0000623	WP_011073687.1	WP_010943723.1
OG0000624	WP_007650346.1	WP_010943850.1
OG0000625	WP_011073451.1	WP_010943851.1
OG0000626	WP_011073399.1	WP_010940760.1
OG0000627	WP_011073042.1	WP_010942106.1
OG0000628	WP_011071409.1	WP_010942919.1
OG0000630	WP_011073225.1	WP_041914001.1
OG0000631	WP_011073224.1	WP_276524825.1
OG0000632	WP_011073222.1	WP_010943180.1
OG0000634	WP_011073362.1	WP_010943241.1
OG0000635	WP_011071429.1	WP_010942450.1
OG0000636	WP_011071283.1	WP_010944053.1
OG0000637	WP_011072714.1	WP_010942245.1
OG0000638	WP_011070724.1	WP_010942878.1
OG0000639	WP_011072734.1	WP_010942898.1
OG0000640	WP_011072733.1	WP_010942897.1
OG0000642	WP_011072310.1	WP_010940715.1
OG0000643	WP_011072175.1	WP_010941323.1
OG0000644	WP_011071416.1	WP_010941325.1
OG0000645	WP_011072241.1	WP_010943691.1
OG0000646	WP_011070601.1	WP_010943692.1
OG0000647	WP_011073899.1	WP_010943693.1
OG0000648	WP_011073903.1	WP_010943697.1
OG0000649	WP_011073601.1	WP_010941322.1
OG0000650	WP_011072929.1	WP_010943006.1
OG0000651	WP_238560600.1	WP_010943016.1
OG0000652	WP_011071706.1	WP_010942410.1
OG0000653	WP_011071555.1	WP_010941921.1
OG0000655	WP_011074260.1	WP_010941209.1
OG0000656	WP_011071432.1	WP_010942230.1
OG0000657	WP_011071433.1	WP_010942231.1
OG0000658	WP_011071436.1	WP_010942236.1
OG0000659	WP_011071437.1	WP_010942237.1
OG0000660	WP_006083052.1	WP_010943504.1
OG0000661	WP_011073682.1	WP_010943505.1
OG0000663	WP_011070907.1	WP_010943737.1
OG0000664	WP_011074083.1	WP_010943342.1
OG0000665	WP_011073514.1	WP_010943897.1
OG0000666	WP_011073620.1	WP_276524820.1
OG0000667	WP_011071021.1	WP_010943951.1
OG0000668	WP_011071182.1	WP_010943747.1
OG0000670	WP_011072407.1	WP_010941735.1
OG0000671	WP_006079870.1	WP_010942874.1
OG0000672	WP_011073376.1	WP_010941965.1
OG0000673	WP_011074185.1	WP_010941900.1
OG0000674	WP_011074184.1	WP_010941793.1
OG0000675	WP_011074182.1	WP_010942418.1
OG0000676	WP_011074181.1	WP_010941316.1
OG0000677	WP_006083577.1	WP_010943461.1
OG0000678	WP_011070630.1	WP_010943462.1
OG0000679	WP_011071566.1	WP_164930419.1
OG0000680	WP_011073313.1	WP_010942334.1
OG0000681	WP_007644333.1	WP_010943494.1
OG0000682	WP_011070609.1	WP_010943495.1
OG0000684	WP_011074329.1	WP_010940790.1
OG0000685	WP_011070627.1	WP_010943470.1
OG0000686	WP_011072309.1	WP_010941171.1
OG0000687	WP_011070623.1	WP_010943475.1
OG0000688	WP_011070622.1	WP_010943477.1
OG0000689	WP_007644429.1	WP_010943478.1
OG0000690	WP_011073293.1	WP_010943978.1
OG0000691	WP_011070612.1	WP_010943491.1
OG0000692	WP_011070424.1	WP_010940678.1
OG0000693	WP_011070447.1	WP_010940806.1
OG0000694	WP_011070419.1	WP_010944074.1
OG0000695	WP_011072408.1	WP_010942109.1
OG0000696	WP_011071503.1	WP_010941175.1
OG0000697	WP_011073781.1	WP_010943823.1
OG0000698	WP_011070671.1	WP_010941311.1
OG0000699	WP_011070673.1	WP_010941314.1
OG0000700	WP_011073442.1	WP_010942509.1
OG0000701	WP_011073824.1	WP_010942457.1
OG0000702	WP_011070774.1	WP_010942686.1
OG0000703	WP_011070854.1	WP_010943912.1
OG0000704	WP_011073896.1	WP_010943688.1
OG0000705	WP_011073897.1	WP_010943689.1
OG0000706	WP_011073898.1	WP_010943690.1
OG0000707	WP_011073900.1	WP_010943694.1
OG0000708	WP_011073909.1	WP_010943703.1
OG0000709	WP_011074146.1	WP_010941854.1
OG0000710	WP_011072679.1	WP_010942229.1
OG0000711	WP_011071661.1	WP_010942353.1
OG0000712	WP_011073450.1	WP_010943831.1
OG0000713	WP_011073318.1	WP_010942252.1
OG0000714	WP_011073316.1	WP_010942331.1
OG0000715	WP_011073314.1	WP_010942333.1
OG0000716	WP_011073312.1	WP_010942335.1
OG0000717	WP_011070606.1	WP_010943498.1
OG0000718	WP_011070607.1	WP_010943497.1
OG0000719	WP_011070608.1	WP_010943496.1
OG0000720	WP_011070610.1	WP_010943493.1
OG0000721	WP_011070613.1	WP_010943490.1
OG0000722	WP_011070616.1	WP_010943487.1
OG0000723	WP_037421480.1	WP_010943484.1
OG0000724	WP_006083593.1	WP_010943479.1
OG0000725	WP_006083590.1	WP_010943476.1
OG0000726	WP_011070624.1	WP_010943474.1
OG0000727	WP_007644438.1	WP_010943469.1
OG0000728	WP_006083582.1	WP_010943468.1
OG0000729	WP_011070628.1	WP_010943467.1
OG0000730	WP_011070629.1	WP_010943466.1
OG0000731	WP_011070631.1	WP_010943460.1
OG0000732	WP_011070632.1	WP_010943459.1
OG0000733	WP_007644470.1	WP_010943458.1
OG0000734	WP_011073925.1	WP_010942240.1
OG0000735	WP_011073924.1	WP_010941785.1
OG0000737	WP_011071434.1	WP_010942233.1
OG0000738	WP_011073375.1	WP_010943606.1
OG0000739	WP_011071405.1	WP_010942849.1
OG0000740	WP_011074057.1	WP_010942479.1
OG0000741	WP_011071209.1	WP_010942525.1
OG0000743	WP_011073366.1	WP_010942133.1
OG0000744	WP_007651394.1	WP_010942877.1
OG0000745	WP_011073823.1	WP_010940804.1
OG0000746	WP_011071412.1	WP_010942838.1
OG0000747	WP_011070765.1	WP_010943729.1
OG0000748	WP_011073821.1	WP_010943728.1
OG0000749	WP_011072580.1	WP_010943205.1
OG0000750	WP_164925864.1	WP_010940975.1
OG0000751	WP_011072154.1	WP_010940978.1
OG0000752	WP_011074006.1	WP_010942554.1
OG0000753	WP_011072469.1	WP_010943874.1
OG0000754	WP_011073297.1	WP_010942540.1
OG0000755	WP_011073591.1	WP_010942539.1
OG0000756	WP_011071973.1	WP_010943890.1
OG0000758	WP_011072389.1	WP_010940682.1
OG0000759	WP_011072383.1	WP_010943243.1
OG0000760	WP_011072381.1	WP_010943240.1
OG0000761	WP_011072377.1	WP_010942107.1
OG0000762	WP_011070644.1	WP_010940819.1
OG0000763	WP_011073286.1	WP_010940821.1
OG0000764	WP_011073284.1	WP_010940824.1
OG0000766	WP_011071550.1	WP_010942471.1
OG0000767	WP_011071557.1	WP_010942868.1
OG0000768	WP_011071558.1	WP_193360270.1
OG0000769	WP_011071785.1	WP_010942565.1
OG0000770	WP_011071787.1	WP_010942563.1
OG0000771	WP_011071788.1	WP_010942562.1
OG0000772	WP_011071789.1	WP_010942561.1
OG0000773	WP_011071790.1	WP_010942560.1
OG0000774	WP_011071791.1	WP_010942559.1
OG0000775	WP_011071792.1	WP_010942908.1
OG0000776	WP_011071794.1	WP_010942906.1
OG0000777	WP_011071795.1	WP_010942905.1
OG0000779	WP_011071800.1	WP_010942455.1
OG0000780	WP_011071749.1, WP_011071820.1	WP_010941248.1
OG0000781	WP_011073035.1	WP_010943501.1, WP_010943424.1
OG0000782	WP_011073287.1	WP_010942467.1
OG0000783	WP_011071159.1	WP_010942350.1
OG0000784	WP_011073172.1	WP_010942835.1
OG0000785	WP_011073171.1	WP_010942834.1
OG0000786	WP_011072331.1	WP_010943294.1
OG0000787	WP_011070935.1	WP_010941674.1
OG0000788	WP_011073678.1	WP_010942131.1
OG0000789	WP_011072712.1	WP_010942247.1
OG0000790	WP_011072561.1	WP_010942870.1
OG0000791	WP_011071065.1	WP_010941878.1
OG0000792	WP_011072680.1	WP_010942227.1
OG0000793	WP_011070932.1	WP_010942644.1
OG0000794	WP_011073191.1	WP_010941772.1
OG0000795	WP_011073184.1	WP_010942865.1
OG0000796	WP_011071705.1	WP_010942409.1
OG0000797	WP_011073173.1	WP_010942411.1
OG0000798	WP_011073009.1	WP_010943257.1, WP_010941835.1
OG0000799	WP_011073010.1	WP_010943258.1
OG0000800	WP_011072962.1	WP_010942281.1
OG0000801	WP_011072965.1	WP_010943004.1
OG0000802	WP_011072968.1	WP_010943507.1
OG0000803	WP_011073915.1	WP_010943508.1
OG0000805	WP_202950643.1	WP_010941347.1
OG0000806	WP_011070467.1	WP_010940684.1
OG0000807	WP_011071415.1	WP_010941324.1
OG0000808	WP_011071579.1	WP_010942568.1
OG0000809	WP_011073282.1	WP_010942688.1
OG0000810	WP_011071545.1	WP_010942940.1
OG0000811	WP_011070778.1	WP_010942581.1
OG0000813	WP_011071913.1	WP_010943976.1
OG0000815	WP_011070798.1	WP_010941271.1
OG0000816	WP_011073227.1	WP_010942438.1
OG0000817	WP_011073228.1	WP_010940708.1
OG0000818	WP_011073777.1	WP_010942733.1
OG0000819	WP_011072582.1	WP_010942277.1
OG0000820	WP_011072999.1	WP_010941062.1
OG0000822	WP_011073801.1	WP_010942723.1
OG0000823	WP_011071398.1	WP_010942720.1
OG0000824	WP_011070431.1	WP_010941241.1
OG0000825	WP_011070430.1	WP_010941242.1
OG0000827	WP_011072150.1	WP_010942167.1
OG0000828	WP_011072149.1	WP_010942166.1
OG0000829	WP_006081652.1	WP_010942165.1
OG0000830	WP_011072303.1	WP_010942164.1
OG0000831	WP_011072302.1	WP_010942163.1
OG0000832	WP_011072301.1	WP_193360261.1
OG0000833	WP_011071275.1	WP_010941018.1, WP_010944040.1
OG0000834	WP_011071428.1	WP_235044855.1
OG0000835	WP_011070823.1	WP_010942522.1
OG0000836	WP_011074274.1	WP_010941899.1
OG0000837	WP_011073597.1	WP_010943725.1
OG0000838	WP_011073598.1	WP_010943895.1
OG0000839	WP_011073600.1	WP_010941321.1
OG0000840	WP_011072008.1	WP_010941368.1
OG0000840	WP_274544500.1	WP_010941369.1
OG0000841	WP_011071454.1	WP_010940957.1
OG0000842	WP_011073662.1	WP_010941268.1
OG0000843	WP_011073672.1	WP_010941329.1
OG0000844	WP_011071568.1	WP_010941307.1
OG0000845	WP_011071567.1	WP_200858943.1
OG0000846	WP_011071565.1	WP_010941303.1
OG0000848	WP_011071402.1	WP_010943828.1
OG0000849	WP_011073799.1	WP_010943181.1
OG0000850	WP_011073702.1	WP_010942529.1
OG0000851	WP_011073699.1	WP_010942532.1
OG0000852	WP_011072140.1	WP_010943721.1
OG0000853	WP_011072138.1	WP_010943719.1
OG0000854	WP_011072134.1	WP_010942178.1
OG0000855	WP_011070647.1	WP_010943503.1
OG0000856	WP_011074259.1	WP_010943641.1
OG0000858	WP_011072100.1	WP_010943026.1
OG0000859	WP_011074328.1	WP_010940944.1
OG0000860	WP_011074331.1	WP_010940788.1
OG0000861	WP_011074339.1	WP_010944072.1
OG0000862	WP_011074340.1	WP_010944073.1
OG0000863	WP_011070478.1	WP_010943343.1
OG0000864	WP_011070664.1	WP_010943985.1
OG0000865	WP_011070651.1	WP_010940832.1
OG0000866	WP_011073972.1	WP_010943896.1
OG0000867	WP_011071513.1	WP_010941005.1
OG0000868	WP_011072677.1	WP_010943265.1
OG0000869	WP_011070611.1	WP_010943492.1
OG0000870	WP_011072267.1	WP_010940695.1
OG0000871	WP_011071439.1	WP_041914012.1
OG0000872	WP_164925631.1	WP_010942918.1
OG0000873	WP_011073365.1	WP_010943758.1
OG0000874	WP_011072288.1	WP_010942555.1
OG0000875	WP_164925707.1	WP_010940803.1
OG0000876	WP_011072699.1	WP_010942402.1
OG0000877	WP_011073189.1	WP_010941776.1
OG0000878	WP_011071077.1	WP_010941797.1
OG0000879	WP_011071578.1	WP_010942567.1
OG0000880	WP_011073529.1	WP_010941860.1
OG0000881	WP_011074056.1	WP_010941168.1
OG0000882	WP_011071526.1	WP_010941800.1
OG0000883	WP_011073527.1	WP_010942727.1
OG0000884	WP_011073008.1	WP_010943256.1
OG0000885	WP_011071212.1	WP_010942273.1
OG0000886	WP_011072563.1	WP_010941176.1
OG0000887	WP_011072458.1, WP_238560563.1	WP_010940850.1
OG0000888	WP_011073848.1	WP_010940920.1, WP_010942624.1
OG0000889	WP_011073575.1	WP_010941682.1
OG0000890	WP_164925658.1	WP_010942994.1
OG0000891	WP_011070422.1	WP_010944077.1
OG0000892	WP_011072406.1	WP_010941736.1
OG0000893	WP_011073902.1	WP_010943696.1
OG0000894	WP_011071915.1	WP_010942437.1
OG0000895	WP_011073967.1	WP_193360259.1
OG0000896	WP_011071261.1	WP_010942911.1
OG0000898	WP_011073310.1	WP_010940818.1
OG0000899	WP_011072098.1	WP_010940772.1
OG0000900	WP_011073931.1	WP_010942879.1
OG0000904	WP_011070639.1, WP_011070832.1	WP_010943253.1
OG0000906	WP_011073004.1	WP_010943893.1
OG0000913	WP_011074305.1	WP_010943338.1
OG0000917	WP_011072775.1	WP_010941186.1, WP_010941729.1, WP_010942987.1, WP_010941731.1
OG0000921	WP_011073077.1	WP_010942587.1
OG0000922	WP_011072424.1, WP_011070816.1	WP_010942658.1
OG0000930	WP_011070869.1	WP_010943684.1
OG0000931	WP_011071294.1	WP_010943639.1
OG0000933	WP_011073124.1	WP_010943669.1
OG0000934	WP_011073119.1	WP_010943664.1
OG0000935	WP_011073874.1	WP_010943604.1
OG0000937	WP_011073920.1	WP_235044965.1
OG0000938	WP_011073257.1	WP_010943070.1
OG0000941	WP_011072468.1	WP_275450052.1
OG0000943	WP_011071295.1	WP_010943638.1
OG0000951	WP_238560605.1, WP_011074188.1	WP_010941232.1
OG0000955	WP_011073794.1	WP_010941480.1, WP_010942128.1
OG0000961	WP_011073616.1	WP_010942484.1
OG0000962	WP_011071400.1	WP_010943826.1
OG0000963	WP_011074333.1	WP_010940786.1
OG0000965	WP_011071986.1	WP_010944057.1
OG0000966	WP_011071982.1	WP_010943173.1
OG0000967	WP_011072285.1	WP_010941771.1
OG0000968	WP_011073674.1	WP_010941326.1
OG0000969	WP_011071083.1	WP_010942661.1, WP_010941044.1
OG0000970	WP_011073218.1, WP_164925680.1	WP_010943924.1
OG0000971	WP_011070649.1	WP_010940828.1
OG0000973	WP_011072330.1	WP_010943293.1
OG0000974	WP_011073441.1	WP_010940791.1
OG0000976	WP_011072922.1	WP_010942094.1
OG0000978	WP_011070617.1	WP_010943486.1
OG0000979	WP_164925847.1	WP_010941686.1, WP_010943869.1
OG0000980	WP_274544339.1	WP_010940742.1
OG0000981	WP_011074337.1	WP_010940783.1
OG0000982	WP_011071987.1	WP_010944067.1
OG0000984	WP_011071124.1	WP_010941114.1
OG0000989	WP_011073368.1	WP_010942846.1
OG0000991	WP_011071373.1	WP_010940836.1
OG0000992	WP_011072405.1	WP_010941737.1
OG0000994	WP_006083579.1	WP_010943463.1
OG0000995	WP_007644434.1	WP_010943472.1
OG0001000	WP_011070626.1	WP_010943471.1
OG0001001	WP_011072235.1	WP_197714222.1
OG0001002	WP_011071435.1	WP_010942234.1
OG0001003	WP_011073309.1	WP_010942706.1
OG0001006	WP_011071022.1	WP_010943952.1
OG0001007	WP_011073364.1	WP_010943757.1
OG0001008	WP_011070820.1	WP_010941108.1
OG0001009	WP_011073576.1	WP_010941109.1
OG0001010	WP_011071534.1	WP_010944060.1
OG0001012	WP_011074022.1	WP_010940916.1
OG0001013	WP_011074031.1	WP_010941123.1
OG0001014	WP_011073929.1	WP_010942282.1
OG0001015	WP_011071916.1	WP_010942436.1
OG0001016	WP_011071917.1	WP_010942435.1
OG0001017	WP_011073311.1	WP_010943812.1
OG0001018	WP_011071559.1	WP_010941240.1
OG0001019	WP_011073034.1	WP_010943423.1
OG0001023	WP_202950653.1	WP_010943862.1
OG0001024	WP_011072590.1	WP_010941469.1
OG0001026	WP_011072549.1	WP_010940973.1
OG0001027	WP_011074050.1	WP_010943098.1
OG0001028	WP_011072715.1	WP_010942244.1
OG0001029	WP_011072099.1	WP_010940773.1
OG0001030	WP_011073187.1	WP_010942303.1
OG0001031	WP_011073398.1	WP_010941319.1
OG0001032	WP_011073582.1, WP_011071676.1	WP_010941558.1, WP_010943932.1
OG0001036	WP_011071067.1	WP_010941667.1
OG0001037	WP_011071746.1	WP_010941788.1
OG0001038	WP_011073168.1	WP_010942280.1
OG0001039	WP_011071441.1	WP_010940814.1
OG0001040	WP_011072535.1	WP_010942558.1
OG0001042	WP_011071282.1	WP_010941011.1, WP_010943356.1, WP_010944051.1
OG0001043	WP_011071431.1	WP_010942271.1
OG0001044	WP_006079871.1	WP_010943500.1
OG0001049	WP_011070599.1	WP_010943554.1
OG0001050	WP_011070873.1	WP_010943584.1
OG0001051	WP_164925908.1	WP_010941971.1
OG0001052	WP_011072202.1	WP_010942180.1
OG0001054	WP_011073437.1	WP_010942612.1
OG0001055	WP_011071514.1	WP_010941926.1
OG0001057	WP_011072803.1	WP_010940846.1
OG0001059	WP_011073838.1, WP_011070794.1	WP_010940872.1
OG0001066	WP_011072404.1	WP_010941738.1
OG0001072	WP_011073547.1, WP_011071309.1	WP_010941057.1
OG0001073	WP_164925959.1	WP_010941065.1
OG0001081	WP_011071599.1	WP_010943771.1
OG0001085	WP_011070848.1	WP_010943537.1
OG0001085	WP_011070875.1	WP_010943586.1
OG0001086	WP_011073941.1, WP_011070876.1	WP_010943587.1
OG0001088	WP_011072570.1	WP_010943706.1
OG0001089	WP_011072949.1	WP_010940878.1
OG0001093	WP_011071888.1	WP_010941431.1
OG0001100	WP_011071908.1	WP_010943977.1
OG0001103	WP_011072112.1	WP_010942582.1
OG0001104	WP_011073298.1	WP_010941834.1
OG0001107	WP_011073071.1	WP_235044861.1
OG0001108	WP_011071531.1	WP_010943620.1
OG0001109	WP_011071297.1	WP_010943619.1
OG0001110	WP_011071296.1	WP_010943640.1
OG0001114	WP_011070537.1, WP_011073106.1	WP_010941088.1
OG0001116	WP_011071228.1	WP_010941299.1
OG0001118	WP_011072698.1	WP_010941601.1
OG0001119	WP_011071038.1	WP_010942058.1
OG0001120	WP_011072242.1	WP_010941817.1
OG0001121	WP_011070513.1	WP_010943980.1
OG0001126	WP_011073623.1	WP_010943591.1
OG0001130	WP_011071045.1	WP_010941950.1
OG0001136	WP_193378418.1	WP_010944006.1
OG0001143	WP_011073641.1	WP_010943899.1
OG0001144	WP_011072250.1	WP_010942446.1
OG0001145	WP_011070773.1	WP_010941181.1
OG0001146	WP_011072684.1	WP_010941229.1, WP_010941816.1, WP_010943438.1, WP_010941086.1, WP_010943784.1
OG0001147	WP_011071475.1	WP_010943346.1
OG0001148	WP_011074236.1	WP_010942006.1
OG0001149	WP_011070587.1, WP_011072272.1	WP_010941610.1
OG0001156	WP_011072515.1	WP_010941291.1
OG0001160	WP_011070670.1	WP_010942729.1
OG0001161	WP_011073317.1	WP_010942330.1
OG0001163	WP_011070625.1	WP_010943473.1
OG0001165	WP_011070792.1	WP_010944063.1
OG0001166	WP_011070659.1	WP_010942668.1
OG0001169	WP_011074030.1	WP_010941125.1
OG0001177	WP_011073498.1	WP_010942542.1
OG0001178	WP_011073095.1	WP_010943678.1
OG0001179	WP_011073930.1	WP_010942439.1
OG0001180	WP_011071393.1	WP_010943071.1
OG0001181	WP_011071392.1	WP_010941048.1
OG0001186	WP_011073246.1	WP_010942966.1, WP_235044885.1
OG0001189	WP_164925866.1	WP_010942182.1
OG0001190	WP_011070675.1	WP_235044993.1
OG0001191	WP_011071164.1	WP_010943351.1
OG0001192	WP_011072762.1	WP_010942370.1
OG0001194	WP_011072273.1	WP_010942121.1
OG0001204	WP_011072832.1	WP_010943052.1
OG0001205	WP_011072830.1	WP_010943051.1
OG0001217	WP_011074342.1, WP_011073625.1	WP_010942067.1
OG0001227	WP_011073253.1	WP_010943863.1
OG0001229	WP_011070516.1	WP_010941716.1
OG0001239	WP_164925911.1	WP_010941096.1
OG0001240	WP_011073211.1	WP_010941020.1
OG0001241	WP_011074047.1	WP_010941193.1
OG0001247	WP_011070679.1	WP_010943502.1
OG0001249	WP_011073198.1	WP_010941536.1, WP_010940985.1
OG0001273	WP_011070810.1	WP_235044901.1
OG0001284	WP_011073111.1	WP_010941079.1
OG0001285	WP_011073110.1	WP_010941080.1
OG0001286	WP_011073109.1	WP_010941081.1
OG0001287	WP_011073107.1	WP_010941084.1
OG0001288	WP_011073131.1	WP_010941085.1
OG0001289	WP_011073099.1	WP_010941095.1
OG0001290	WP_011073098.1	WP_010943681.1
OG0001296	WP_011074306.1	WP_010943339.1
OG0001297	WP_011074307.1	WP_010943340.1
OG0001314	WP_011072781.1	WP_010943404.1
OG0001317	WP_011073212.1, WP_011071529.1	WP_010941865.1
OG0001327	WP_011073764.1	WP_010942127.1
OG0001328	WP_011070553.1, WP_011071247.1	WP_010941339.1, WP_010941233.1
OG0001330	WP_011071425.1	WP_010941918.1
OG0001336	WP_011072792.1	WP_010941819.1
OG0001343	WP_011074090.1	WP_010941774.1, WP_010941353.1
OG0001349	WP_011074001.1	WP_010941154.1
OG0001350	WP_011070655.1	WP_010942673.1
OG0001351	WP_011070654.1	WP_010942674.1
OG0001356	WP_011071084.1	WP_010941046.1
OG0001357	WP_011070560.1	WP_010943960.1
OG0001358	WP_011070914.1	WP_010942511.1
OG0001366	WP_011070860.1	WP_010941495.1, WP_010944009.1, WP_010942782.1, WP_010941984.1
OG0001368	WP_011071501.1	WP_010943713.1
OG0001369	WP_011073000.1	WP_010941064.1
OG0001373	WP_011070939.1	WP_010943563.1, WP_010942293.1
OG0001375	WP_011074280.1	WP_010943191.1
OG0001377	WP_011072137.1	WP_010943718.1
OG0001379	WP_011070653.1	WP_010942675.1
OG0001382	WP_011071082.1	WP_010941043.1
OG0001384	WP_011072161.1	WP_010940797.1
OG0001389	WP_164925684.1	WP_010941031.1
OG0001392	WP_011072783.1	WP_010943093.1, WP_010943092.1
OG0001392	WP_011072825.1	WP_010942641.1
OG0001395	WP_011073271.1	WP_010942338.1
OG0001411	WP_011073390.1	WP_010941021.1
OG0001412	WP_011074297.1	WP_010940959.1, WP_010941360.1
OG0001413	WP_011071607.1	WP_010942174.1
OG0001423	WP_011073251.1	WP_010943456.1
OG0001426	WP_164925867.1	WP_010942341.1
OG0001428	WP_011071965.1	WP_010943707.1
OG0001432	WP_011073158.1	WP_010942957.1
OG0001440	WP_011073215.1	WP_010941351.1
OG0001441	WP_011070959.1	WP_010942482.1
OG0001445	WP_011070574.1	WP_010942337.1
OG0001468	WP_011074225.1	WP_010940909.1
OG0001472	WP_011074256.1	WP_010942123.1
OG0001475	WP_011071389.1	WP_235044870.1
OG0001481	WP_164925719.1	WP_010941112.1
OG0001490	WP_011073133.1	WP_010941075.1
OG0001491	WP_011073132.1	WP_010941076.1
OG0001492	WP_011073113.1	WP_010941077.1
OG0001493	WP_164925897.1	WP_010941078.1
OG0001494	WP_011073105.1	WP_010941089.1
OG0001495	WP_011073104.1	WP_010941090.1
OG0001496	WP_011073102.1	WP_010941092.1
OG0001497	WP_011073101.1	WP_010941093.1
OG0001498	WP_011073100.1	WP_010941094.1
OG0001499	WP_011073129.1	WP_010943677.1
OG0001500	WP_011073128.1	WP_010943676.1
OG0001501	WP_011073136.1	WP_010943675.1
OG0001502	WP_011073127.1	WP_010943674.1
OG0001503	WP_011073126.1	WP_010943673.1
OG0001504	WP_006082602.1	WP_010943667.1
OG0001505	WP_011073117.1	WP_010943663.1
OG0001511	WP_011072591.1	WP_010941117.1
OG0001512	WP_011072462.1	WP_010941709.1
OG0001528	WP_011071954.1	WP_010941132.1
OG0001535	WP_011070807.1	WP_010942914.1
OG0001538	WP_011071157.1, WP_011073002.1	WP_010942717.1
OG0001539	WP_011071371.1	WP_010942084.1
OG0001541	WP_011073711.1	WP_010943775.1
OG0001546	WP_011072036.1	WP_010943708.1
OG0001550	WP_011070760.1	WP_010940931.1
OG0001556	WP_011071535.1	WP_010941249.1, WP_010941035.1
OG0001558	WP_011071894.1	WP_010942351.1
OG0001562	WP_011073665.1	WP_010943355.1
OG0001563	WP_011073019.1, WP_011073135.1, WP_011072079.1	WP_010941542.1
OG0001570	WP_011074203.1	WP_010940894.1
OG0001571	WP_011074202.1	WP_010940897.1
OG0001575	WP_011073383.1	WP_010941273.1, WP_010942943.1
OG0001576	WP_011071278.1	WP_010944043.1, WP_010941015.1
OG0001581	WP_011072769.1	WP_010942726.1
OG0001583	WP_011070452.1	WP_010943185.1
OG0001584	WP_011072194.1	WP_010941463.1
OG0001585	WP_011072467.1	WP_010941151.1
OG0001586	WP_011072466.1	WP_010942366.1
OG0001590	WP_011074210.1	WP_010940898.1
OG0001594	WP_011070768.1	WP_010943196.1, WP_010942386.1
OG0001595	WP_011070789.1	WP_010942483.1, WP_010940859.1, WP_010941145.1
OG0001603	WP_011073926.1	WP_010941619.1
OG0001610	WP_011071276.1	WP_010944041.1, WP_010941017.1
OG0001611	WP_011071281.1	WP_010944049.1, WP_010941012.1
OG0001626	WP_011071563.1	WP_010941517.1
OG0001631	WP_011070432.1	WP_010941230.1
OG0001648	WP_011074054.1	WP_010942744.1
OG0001667	WP_011072824.1	WP_010943965.1
OG0001680	WP_011070767.1	WP_010941190.1
OG0001688	WP_011073840.1	WP_010942839.1
OG0001700	WP_011073447.1	WP_010941234.1
OG0001711	WP_011074261.1	WP_010940751.1
OG0001729	WP_011070591.1	WP_010941848.1
OG0001748	WP_011073125.1	WP_010943672.1
OG0001749	WP_011073123.1	WP_010943668.1
OG0001751	WP_011073120.1	WP_010943643.1
OG0001776	WP_011072078.1	WP_010942499.1
OG0001783	WP_011072265.1	WP_010941553.1
OG0001786	WP_011074412.1, WP_011071259.1	WP_010941997.1
OG0001794	WP_011071194.1	WP_010942219.1
OG0001795	WP_011073868.1	WP_010942100.1
OG0001800	WP_011070874.1	WP_010943585.1
OG0001801	WP_011070956.1	WP_010940713.1
OG0001810	WP_011072747.1	WP_010942743.1
OG0001816	WP_011073911.1	WP_010943390.1
OG0001818	WP_011070884.1	WP_010940780.1, WP_010942924.1, WP_235044896.1, WP_010943873.1
OG0001820	WP_011071178.1	WP_010941492.1
OG0001821	WP_011071271.1	WP_010943172.1
OG0001823	WP_011073262.1, WP_011073700.1, WP_011073280.1	WP_010942531.1
OG0001831	WP_011072743.1	WP_010941357.1
OG0001834	WP_011072512.1, WP_011072260.1	WP_010942032.1
OG0001837	WP_011070458.1	WP_010940698.1
OG0001839	WP_011072096.1	WP_010942173.1
OG0001841	WP_011074205.1	WP_010940895.1
OG0001846	WP_011072427.1	WP_010943766.1
OG0001846	WP_011071381.1	WP_010943264.1
OG0001847	WP_011072118.1	WP_010941155.1
OG0001858	WP_011071073.1	WP_010942112.1
OG0001859	WP_011073703.1, WP_011072255.1	WP_010942527.1
OG0001860	WP_011073573.1	WP_276524823.1
OG0001897	WP_011070477.1	WP_235044888.1
OG0001981	WP_011070708.1	WP_010941510.1
OG0002001	WP_011073103.1	WP_010941091.1
OG0002002	WP_011073097.1	WP_010943680.1
OG0002003	WP_011073086.1	WP_010941037.1
OG0002032	WP_011072173.1	WP_235044904.1
OG0002038	WP_011071266.1	WP_235044985.1
OG0002062	WP_011071839.1	WP_010942963.1
OG0002063	WP_011072214.1	WP_010941134.1, WP_010943439.1, WP_010942185.1
OG0002073	WP_164925839.1	WP_010940980.1, WP_010941849.1
OG0002076	WP_011073561.1	WP_010943413.1, WP_010942513.1
OG0002077	WP_238560540.1	WP_010943230.1, WP_164930410.1, WP_010940723.1
OG0002082	WP_011072543.1	WP_010942209.1
OG0002083	WP_011072196.1	WP_010941681.1
OG0002090	WP_011071092.1	WP_010941050.1
OG0002091	WP_011071361.1, WP_011071463.1	WP_010941684.1
OG0002098	WP_011071322.1	WP_010941789.1
OG0002103	WP_011073820.1	WP_010942344.1, WP_010942945.1
OG0002105	WP_011074096.1	WP_010941982.1
OG0002109	WP_011070855.1	WP_010942665.1
OG0002112	WP_011073528.1, WP_011072152.1	WP_010944030.1
OG0002113	WP_011073530.1	WP_010940858.1
OG0002116	WP_011074215.1	WP_010941148.1
OG0002117	WP_011072978.1, WP_011072460.1	WP_010941679.1
OG0002118	WP_011073797.1	WP_010941537.1
OG0002125	WP_011073633.1	WP_010941639.1
OG0002140	WP_011073513.1	WP_010942362.1
OG0002142	WP_011073701.1	WP_010941396.1
OG0002150	WP_011072813.1	WP_010941871.1
OG0002151	WP_011070469.1	WP_010942011.1
OG0002154	WP_238560492.1, WP_011073358.1, WP_238560493.1	WP_010941727.1
OG0002171	WP_011072238.1	WP_010942997.1
OG0002188	WP_011070829.1	WP_010943428.1
OG0002218	WP_011072577.1	WP_010942111.1
OG0002234	WP_011070461.1	WP_010942413.1
OG0002289	WP_011072448.1	WP_010940793.1
OG0002310	WP_011072089.1	WP_010942372.1
OG0002322	WP_011070835.1	WP_010941913.1
OG0002323	WP_011073976.1	WP_010940952.1
OG0002334	WP_011071231.1	WP_010941514.1
OG0002336	WP_011073248.1	WP_010942964.1
OG0002337	WP_011073247.1	WP_010942965.1
OG0002338	WP_011073245.1	WP_010942967.1
OG0002348	WP_011072095.1	WP_235044975.1
OG0002371	WP_011070586.1, WP_011073649.1	WP_010943966.1
OG0002372	WP_011071096.1	WP_010940848.1
OG0002384	WP_011070790.1	WP_010942304.1
OG0002388	WP_011074029.1	WP_010940913.1
OG0002391	WP_011072244.1	WP_010943986.1, WP_010943780.1
OG0002393	WP_011073956.1	WP_010943388.1
OG0002413	WP_011070841.1	WP_010940933.1
OG0002419	WP_011071120.1	WP_010942267.1
OG0002425	WP_011074000.1	WP_010943872.1
OG0002428	WP_011072663.1, WP_011070503.1, WP_011071449.1, WP_011073958.1, WP_238560509.1	WP_010942307.1
OG0002431	WP_011073916.1	WP_010942551.1
OG0002434	WP_011072795.1	WP_010943955.1
OG0002438	WP_011070449.1	WP_041914065.1
OG0002442	WP_011071561.1	WP_010942448.1
OG0002445	WP_011073901.1	WP_010943695.1
OG0002447	WP_011073585.1	WP_010943822.1
OG0002450	WP_011073352.1	WP_010941161.1
OG0002454	WP_011073720.1	WP_010942295.1
OG0002461	WP_164925826.1	WP_010941983.1
OG0002473	WP_011072063.1	WP_010942915.1
OG0002476	WP_011071967.1	WP_010941581.1
OG0002477	WP_011072794.1	WP_010943954.1
OG0002478	WP_011073078.1	WP_010942498.1
OG0002480	WP_011072136.1	WP_010943717.1
OG0002485	WP_011071809.1	WP_010942873.1
OG0002495	WP_011071146.1	WP_010942827.1
OG0002508	WP_011071582.1	WP_010941930.1
OG0002513	WP_011073378.1	WP_010943299.1
OG0002623	WP_011071871.1	WP_010941868.1
OG0002662	WP_011070535.1	WP_164930458.1
OG0002689	WP_011073329.1, WP_011071336.1	WP_010943998.1
OG0002698	WP_011070566.1	WP_010940994.1
OG0002703	WP_011071979.1	WP_010940907.1
OG0002726	WP_011074144.1	WP_010941237.1, WP_010943314.1
OG0002757	WP_011070691.1	WP_010943861.1
OG0002762	WP_011073073.1	WP_235044915.1
OG0002793	WP_011072759.1	WP_010940855.1
OG0002794	WP_011070506.1	WP_235044943.1
OG0002796	WP_011074061.1	WP_010943380.1
OG0002803	WP_011071612.1, WP_011070731.1	WP_010942010.1
OG0002809	WP_011070734.1, WP_011070733.1	WP_010943317.1
OG0002814	WP_011071879.1, WP_011073942.1	WP_010941519.1, WP_010942215.1
OG0002829	WP_011070864.1	WP_010943421.1
OG0002855	WP_011071885.1	WP_010940795.1, WP_010940847.1
OG0002857	WP_011072789.1	WP_010941739.1
OG0002872	WP_011071808.1	WP_010942346.1
OG0002885	WP_011073195.1, WP_011072655.1	WP_010940812.1
OG0002934	WP_011073736.1	WP_010941617.1
OG0002938	WP_011071074.1	WP_010940910.1
OG0002971	WP_011071641.1, WP_011074235.1	WP_010942007.1
OG0003056	WP_011073205.1	WP_235044956.1
OG0003196	WP_011070520.1	WP_010941416.1
OG0003198	WP_011074224.1	WP_010943579.1
OG0003218	WP_011073417.1, WP_011074246.1	WP_010941999.1
OG0003250	WP_011070532.1	WP_010941457.1
OG0003264	WP_011074266.1	WP_010943685.1, WP_010940880.1
OG0003275	WP_011073336.1	WP_010943415.1
OG0003303	WP_011073003.1	WP_010942734.1
OG0003304	WP_011070910.1, WP_011072503.1	WP_010943818.1
OG0003317	WP_011071017.1	WP_010941471.1
OG0003318	WP_011073754.1	WP_010941355.1
OG0003319	WP_011072558.1	WP_010943378.1
OG0003327	WP_238560594.1	WP_010941388.1
OG0003327	WP_011072188.1	WP_010943819.1
OG0003328	WP_011072234.1	WP_010943572.1, WP_010941923.1, WP_010942842.1
OG0003337	WP_011070426.1	WP_010940680.1
OG0003338	WP_011070934.1	WP_010942642.1
OG0003350	WP_164925902.1	WP_010940823.1
OG0003355	WP_011073235.1	WP_010941189.1
OG0003358	WP_011073554.1	WP_010941873.1
OG0003360	WP_011071911.1	WP_010943095.1
OG0003363	WP_011073520.1	WP_010943163.1
OG0003367	WP_011072920.1	WP_010942476.1
OG0003372	WP_011070473.1	WP_010943121.1
OG0003373	WP_011073292.1	WP_010941188.1
OG0003376	WP_011072685.1	WP_010943188.1
OG0003377	WP_011073294.1	WP_010943979.1
OG0003380	WP_011073537.1	WP_010943989.1
OG0003381	WP_011074018.1	WP_010941980.1
OG0003382	WP_011073785.1	WP_010942701.1
OG0003383	WP_164925824.1	WP_010942826.1
OG0003387	WP_011072807.1	WP_010941791.1
OG0003391	WP_011074082.1	WP_235044974.1
OG0003392	WP_011074081.1	WP_010943337.1
OG0003393	WP_011073555.1	WP_010941872.1
OG0003407	WP_011072919.1	WP_010942475.1
OG0003417	WP_011071176.1	WP_010941691.1
OG0003428	WP_011073795.1	WP_010941561.1
OG0003435	WP_011073519.1	WP_010942361.1
OG0003436	WP_011073512.1	WP_010942363.1
OG0003452	WP_011073055.1	WP_010943618.1
OG0003459	WP_011073288.1	WP_010942172.1
OG0003545	WP_238560502.1	WP_010943580.1
OG0003824	WP_011073875.1	WP_010943605.1
OG0003930	WP_011072816.1	WP_010940908.1
OG0004070	WP_011071776.1	WP_235044922.1
OG0004083	WP_011072947.1	WP_010940876.1
OG0004126	WP_011071325.1	WP_010941521.1
OG0004128	WP_011073644.1	WP_010940868.1
OG0004187	WP_011072033.1	WP_010941503.1, WP_010941393.1
OG0004192	WP_011070585.1, WP_164925776.1	WP_010942715.1
OG0004195	WP_164925780.1, WP_011070958.1	WP_010943611.1
OG0004196	WP_011072367.1, WP_011074160.1	WP_010944032.1
OG0005814	WP_011070571.1	WP_010940989.1
OG0005815	WP_011073806.1	WP_010940993.1
OG0005817	WP_164925618.1	WP_010941224.1
OG0005824	WP_011073961.1	WP_010941513.1
OG0005828	WP_011071717.1	WP_010941627.1
OG0005830	WP_011074226.1	WP_010941858.1
OG0005831	WP_011074243.1	WP_010941870.1
OG0005845	WP_011071569.1	WP_010942928.1
OG0005849	WP_011072030.1	WP_010943088.1
OG0005850	WP_011072348.1	WP_010943151.1
OG0005852	WP_011072525.1	WP_010943200.1
OG0005856	WP_011072115.1	WP_010943358.1
OG0005859	WP_011073422.1	WP_010943374.1
OG0005865	WP_238560566.1	WP_010943858.1
OG0005866	WP_011071317.1	WP_010944062.1
OG0005868	WP_011070771.1	WP_193360265.1
OG0005870	WP_011071250.1	WP_235045010.1
