Orthogroup	Shewanella oneidensis MR-1	Desulfocapsa_06_corrosive
OG0000000	WP_011073030.1	Utg323180_444
OG0000000	WP_011074304.1	Utg323262_151, Utg323180_138
OG0000000	WP_011074101.1	Utg323180_238, Utg323316_173
OG0000000	WP_011072957.1	Utg323262_120
OG0000001	WP_011074067.1, WP_011073330.1	Utg323180_225
OG0000001	WP_011070909.1	Utg323180_510
OG0000001	WP_011072190.1	Utg323300_105, Utg324810_63
OG0000001	WP_011073890.1	Utg323316_129
OG0000001	WP_011071723.1	Utg323180_418, Utg323074_106, Utg323180_183
OG0000002	WP_011071850.1	Utg323632_46
OG0000002	WP_011071490.1	Utg323316_94
OG0000002	WP_011071300.1	Utg323300_202, Utg323160_86
OG0000003	WP_011073164.1	Utg323632_206
OG0000003	WP_011074095.1	Utg323180_390
OG0000004	WP_011073049.1, WP_011073640.1	Utg323266_65, Utg323316_191, Utg323152_14, Utg323152_471, Utg323074_85, Utg323180_529, Utg323300_52, Utg323152_27, Utg323300_412, Utg323266_76, Utg323266_66, Utg323180_453, Utg323152_588, Utg323180_502, Utg323180_462, Utg323152_104, Utg323180_416, Utg323632_135, Utg323180_613, Utg323180_419, Utg323262_186, Utg323300_14
OG0000005	WP_011071458.1	Utg323152_391
OG0000005	WP_164925775.1	Utg323632_133
OG0000006	WP_011071478.1	Utg323990_58
OG0000006	WP_238560533.1	Utg323632_356
OG0000006	WP_011072409.1	Utg323180_218, Utg323180_148
OG0000007	WP_011074183.1	Utg323632_239
OG0000007	WP_164925702.1	Utg323632_51
OG0000007	WP_011072831.1	Utg323152_106
OG0000007	WP_011071147.1	Utg323262_116
OG0000007	WP_011073487.1	Utg323632_81
OG0000008	WP_011071114.1	Utg323632_80
OG0000008	WP_011072998.1	Utg323160_91, Utg323262_89
OG0000008	WP_011073161.1	Utg323300_42
OG0000008	WP_011072024.1	Utg323300_399
OG0000008	WP_011073334.1	Utg323392_185
OG0000009	WP_011071150.1, WP_011073726.1	Utg323632_134
OG0000009	WP_164925773.1	Utg323140_138, Utg323392_3
OG0000009	WP_011071594.1	Utg323180_288
OG0000011	WP_011073029.1	Utg323180_549
OG0000012	WP_011073115.1	Utg323140_106
OG0000013	WP_011073862.1	Utg323180_152, Utg323140_78
OG0000014	WP_011074106.1, WP_011073413.1, WP_011074228.1	Utg323392_110
OG0000014	WP_011074069.1	Utg324810_58
OG0000015	WP_011072514.1	Utg323392_212, Utg323632_27
OG0000015	WP_011072017.1	Utg325220_80
OG0000015	WP_011071264.1	Utg323140_91
OG0000016	WP_011072497.1	Utg323300_407, Utg323300_334
OG0000017	WP_011071143.1	Utg323990_184
OG0000017	WP_011070777.1, WP_011071144.1, WP_011073357.1	Utg323990_193, Utg323990_194, Utg323180_486
OG0000018	WP_011073068.1	Utg323152_201
OG0000019	WP_011071727.1	Utg323140_131
OG0000019	WP_011074040.1	Utg323300_146
OG0000019	WP_011072402.1, WP_011073412.1	Utg323262_129
OG0000020	WP_011070833.1	Utg323152_283, Utg323632_271, Utg323152_268
OG0000020	WP_011074129.1, WP_011074133.1	Utg323300_116
OG0000021	WP_011071923.1	Utg323152_38
OG0000022	WP_011071803.1, WP_011072720.1	Utg323152_194, Utg323180_278, Utg323392_113
OG0000024	WP_011073749.1	Utg323180_286
OG0000024	WP_011071179.1	Utg323074_45
OG0000026	WP_011070872.1	Utg323632_118
OG0000026	WP_006084975.1, WP_011070442.1	Utg323300_371
OG0000027	WP_011074132.1, WP_011074128.1	Utg323300_118
OG0000027	WP_011071257.1	Utg323392_79, Utg323180_188
OG0000030	WP_011071301.1	Utg323160_85, Utg323160_112
OG0000032	WP_011074076.1	Utg323300_122
OG0000033	WP_011074290.1	Utg323140_147, Utg323140_146
OG0000034	WP_011073333.1	Utg323392_186, Utg323392_187
OG0000035	WP_011074169.1, WP_011070429.1	Utg323180_199, Utg323262_95, Utg323300_305, Utg323300_236
OG0000037	WP_238560573.1	Utg323160_55, Utg323160_54, Utg323180_53, Utg323180_177, Utg323180_533
OG0000038	WP_011073885.1, WP_011073886.1	Utg323990_153, Utg323180_685, Utg323180_684
OG0000040	WP_011071891.1, WP_011073960.1	Utg323990_66
OG0000042	WP_011071918.1	Utg323152_383
OG0000043	WP_011073456.1	Utg323262_134, Utg323140_196, Utg323990_243, Utg323160_116, Utg323180_525, Utg323180_599
OG0000044	WP_011070883.1	Utg323316_69, Utg323300_443
OG0000045	WP_011070924.1	Utg323180_405, Utg323180_245
OG0000045	WP_011071240.1	Utg324810_80, Utg323990_79
OG0000045	WP_011073210.1	Utg323300_218
OG0000047	WP_164925892.1	Utg323990_19, Utg323074_218, Utg323316_238, Utg323074_155
OG0000049	WP_011073706.1, WP_011073980.1, WP_164925751.1, WP_011073209.1	Utg323300_370
OG0000052	WP_011074450.1, WP_011071675.1	Utg323262_71, Utg323152_537, Utg323074_111, Utg323300_411
OG0000053	WP_164925924.1	Utg323392_224
OG0000053	WP_011073632.1	Utg323180_371
OG0000053	WP_011071230.1	Utg323316_144
OG0000054	WP_011073962.1	Utg323316_271, Utg323316_253
OG0000054	WP_011073937.1	Utg323990_236
OG0000055	WP_011073153.1	Utg323990_203, Utg323152_348, Utg323152_241
OG0000056	WP_011072681.1	Utg323180_501
OG0000058	WP_164925641.1	Utg323180_619, Utg323152_288, Utg323632_274, Utg323152_273, Utg323180_393, Utg323180_545
OG0000060	WP_011070564.1	Utg323300_75, Utg323632_306
OG0000062	WP_011071925.1	Utg323392_166, Utg323140_118
OG0000063	WP_011071975.1	Utg323632_334
OG0000063	WP_011072151.1	Utg323392_142
OG0000065	WP_011071952.1, WP_011070961.1	Utg323140_85, Utg323160_21
OG0000065	WP_011071919.1	Utg323140_2, Utg323180_2
OG0000068	WP_011073624.1	Utg323990_51, Utg323180_344, Utg325220_60
OG0000070	WP_011074269.1	Utg323990_69
OG0000074	WP_011072654.1	Utg323180_421, Utg325220_79
OG0000075	WP_011071302.1	Utg323160_84
OG0000076	WP_011073088.1	Utg323180_458, Utg323152_263
OG0000077	WP_011071152.1	Utg323074_141
OG0000079	WP_011071515.1	Utg323392_205
OG0000080	WP_011073977.1	Utg323140_241
OG0000080	WP_011074382.1	Utg323152_20
OG0000080	WP_011073024.1	Utg323316_249
OG0000081	WP_011073637.1	Utg323180_392, Utg323266_79
OG0000082	WP_011071708.1, WP_011073949.1	Utg323392_216, Utg323152_318
OG0000085	WP_011073684.1	Utg323180_592
OG0000086	WP_011073755.1	Utg323392_34
OG0000087	WP_011071464.1	Utg323140_87, Utg323152_497, Utg323632_128
OG0000088	WP_274544479.1	Utg325220_103
OG0000088	WP_011073093.1	Utg323180_457, Utg323152_262
OG0000091	WP_011074036.1	Utg323180_478
OG0000091	WP_011072711.1	Utg323392_150
OG0000092	WP_011072485.1, WP_011071838.1	Utg323300_130
OG0000092	WP_011071174.1	Utg323152_94, Utg323180_509
OG0000093	WP_011073475.1	Utg323180_45
OG0000094	WP_011074278.1	Utg323152_240, Utg323990_23
OG0000095	WP_011071060.1	Utg323300_425
OG0000095	WP_011072735.1	Utg323990_63
OG0000096	WP_011071494.1	Utg323392_43
OG0000099	WP_011072500.1, WP_165443312.1	Utg323990_106, Utg323140_213, Utg324810_13, Utg323180_500, Utg323074_101, Utg323074_64
OG0000100	WP_011073485.1, WP_011073486.1	Utg323316_117, Utg323632_82
OG0000101	WP_011072328.1, WP_011072538.1	Utg323266_38, Utg323180_20
OG0000103	WP_011073353.1, WP_011071066.1, WP_011073588.1	Utg323316_301, Utg323180_100
OG0000105	WP_011072710.1	Utg323392_148
OG0000105	WP_011074037.1	Utg323180_490
OG0000106	WP_011074309.1, WP_011070542.1	Utg323300_138, Utg323300_125, Utg323316_317
OG0000107	WP_011070960.1	Utg323266_55
OG0000110	WP_164925741.1	Utg323140_35, Utg323152_265
OG0000112	WP_011070877.1	Utg323300_361
OG0000113	WP_011070488.1, WP_193378422.1	Utg323316_179
OG0000114	WP_011071132.1	Utg323448_59, Utg323180_193
OG0000115	WP_011070766.1	Utg323300_341
OG0000115	WP_011070806.1	Utg323990_86
OG0000116	WP_011071533.1	Utg323300_39
OG0000117	WP_238560518.1	Utg323316_188
OG0000118	WP_011071863.1	Utg323140_128
OG0000119	WP_011073622.1	Utg323180_425
OG0000121	WP_011073062.1	Utg323074_180
OG0000122	WP_011073479.1	Utg323392_164, Utg323180_512, Utg323300_431, Utg323262_85
OG0000123	WP_011072189.1	Utg323152_264, Utg325220_102
OG0000124	WP_011072315.1	Utg323180_456
OG0000126	WP_011073889.1, WP_011071224.1, WP_011072559.1	Utg323392_137
OG0000126	WP_164925838.1	Utg323140_162
OG0000127	WP_011070937.1, WP_011070936.1	Utg323448_31
OG0000128	WP_011072719.1	Utg323180_277
OG0000128	WP_164925918.1	Utg323152_202
OG0000129	WP_011074177.1, WP_011072325.1, WP_011072531.1, WP_011072068.1	Utg323180_691
OG0000130	WP_011073813.1, WP_011071510.1	Utg323140_62, Utg323632_319
OG0000131	WP_011074276.1	Utg323074_120
OG0000131	WP_011073076.1	Utg323990_32
OG0000133	WP_011071864.1	Utg323140_126
OG0000133	WP_011073952.1	Utg323316_190
OG0000134	WP_011072921.1	Utg323140_101
OG0000134	WP_011070453.1	Utg323152_247
OG0000135	WP_011072682.1	Utg323300_373
OG0000135	WP_011072007.1	Utg323300_234
OG0000136	WP_011070754.1	Utg323152_230
OG0000136	WP_011072090.1, WP_011073658.1	Utg323392_39
OG0000137	WP_011073955.1	Utg323316_187, Utg323632_120, Utg323074_21, Utg323300_15
OG0000138	WP_011072065.1	Utg323392_64
OG0000138	WP_011074179.1	Utg323180_280
OG0000143	WP_011070641.1	Utg323140_49
OG0000143	WP_011070643.1, WP_011070826.1, WP_011072164.1	Utg323180_33
OG0000144	WP_011073693.1	Utg323392_160
OG0000145	WP_011072293.1, WP_274544323.1	Utg323180_144, Utg323180_511, Utg323074_35, Utg323074_36
OG0000147	WP_011070775.1	Utg323392_141
OG0000147	WP_011070565.1	Utg323632_318
OG0000150	WP_011071499.1	Utg323152_400, Utg323316_140, Utg323300_310
OG0000151	WP_164925895.1	Utg323316_242
OG0000154	WP_011071098.1, WP_011072297.1	Utg323160_129, Utg323266_10
OG0000156	WP_011072753.1, WP_172966557.1	Utg323316_158
OG0000158	WP_011071551.1	Utg323180_251
OG0000160	WP_011072083.1, WP_011073275.1	Utg323180_213
OG0000163	WP_011072686.1	Utg323160_83, Utg323262_107
OG0000164	WP_011070705.1	Utg323300_166
OG0000165	WP_011074254.1	Utg323140_175
OG0000166	WP_011072678.1	Utg323632_248
OG0000166	WP_011074265.1	Utg324810_90
OG0000168	WP_011070460.1	Utg323300_260
OG0000169	WP_011072289.1	Utg323152_503
OG0000169	WP_164925791.1	Utg323392_14
OG0000170	WP_164925722.1	Utg323300_350
OG0000172	WP_011071837.1	Utg323990_178
OG0000173	WP_011074070.1	Utg324810_59
OG0000177	WP_164925652.1, WP_011071660.1	Utg323300_73
OG0000178	WP_011071538.1	Utg323316_122, Utg324810_77
OG0000179	WP_011073121.1, WP_011073122.1	Utg323152_376
OG0000183	WP_011071285.1	Utg323632_25
OG0000184	WP_011073828.1	Utg323392_66
OG0000184	WP_011073827.1	Utg324548_16
OG0000185	WP_011071291.1	Utg323152_69
OG0000187	WP_011070604.1, WP_011070615.1	Utg323448_60, Utg323448_47
OG0000188	WP_011072672.1	Utg323300_307
OG0000189	WP_011073743.1	Utg323990_133
OG0000190	WP_011074103.1	Utg323140_75
OG0000191	WP_011073796.1	Utg323180_105
OG0000192	WP_011071668.1	Utg323180_399
OG0000193	WP_011071804.1	Utg323392_230, Utg323140_4, Utg323180_1
OG0000195	WP_011072959.1	Utg323152_119, Utg323180_690
OG0000197	WP_011072025.1	Utg323448_28
OG0000197	WP_011070709.1	Utg323180_590
OG0000198	WP_011071934.1	Utg323316_285
OG0000200	WP_011074338.1	Utg323074_145
OG0000201	WP_011073893.1	Utg323180_6
OG0000203	WP_011074121.1	Utg323262_83, Utg323300_137, Utg323262_67
OG0000205	WP_011072292.1	Utg323266_99
OG0000207	WP_011071697.1	Utg323266_113
OG0000208	WP_011071698.1	Utg323266_114
OG0000210	WP_011070824.1	Utg323300_167
OG0000211	WP_011073968.1, WP_011073834.1	Utg323140_182
OG0000212	WP_011072160.1	Utg324810_52
OG0000214	WP_011071851.1	Utg323632_45
OG0000215	WP_011072513.1	Utg324810_67
OG0000216	WP_011070906.1	Utg323316_146
OG0000217	WP_011072567.1	Utg324548_25, Utg323262_16
OG0000218	WP_011073221.1	Utg323632_371, Utg323266_87, Utg323266_88
OG0000219	WP_011073290.1	Utg323180_543, Utg323300_291
OG0000222	WP_011073677.1	Utg323262_114
OG0000223	WP_011071799.1	Utg323392_219
OG0000225	WP_011072456.1	Utg323152_460
OG0000226	WP_011071424.1, WP_011073006.1, WP_011073007.1, WP_011071423.1	Utg323300_329
OG0000227	WP_011072928.1	Utg323632_351
OG0000228	WP_011073400.1	Utg323074_134
OG0000230	WP_011070594.1	Utg323152_249
OG0000232	WP_011072554.1	Utg323152_484
OG0000232	WP_011072555.1	Utg323152_485
OG0000233	WP_011072421.1	Utg323152_10, Utg323266_103
OG0000234	WP_007644947.1	Utg323990_146
OG0000235	WP_011070658.1	Utg323180_210, Utg323300_358
OG0000236	WP_011073712.1, WP_011070717.1	Utg323152_193
OG0000238	WP_011071225.1	Utg325220_109, Utg323316_194
OG0000239	WP_011073040.1	Utg323266_22, Utg324548_14
OG0000242	WP_011072198.1	Utg323152_279, Utg323632_279, Utg323152_284
OG0000243	WP_011073841.1	Utg323180_67, Utg323266_94, Utg323160_100, Utg323160_101
OG0000244	WP_011072179.1	Utg323152_496, Utg323180_143, Utg323180_142, Utg323180_141
OG0000245	WP_011072111.1	Utg323316_355
OG0000249	WP_011070495.1, WP_011070799.1, WP_011071836.1	Utg323632_328
OG0000250	WP_011073096.1	Utg323152_330
OG0000253	WP_011073904.1, WP_011073905.1	Utg323632_102
OG0000256	WP_238560588.1	Utg323632_47
OG0000257	WP_011070755.1	Utg323990_211, Utg324810_19
OG0000260	WP_011071974.1	Utg323140_174
OG0000261	WP_011073501.1	Utg323300_415
OG0000261	WP_011073468.1	Utg323990_127
OG0000262	WP_011071339.1, WP_011071933.1, WP_164925915.1	Utg323152_138, Utg323152_139
OG0000263	WP_011073465.1	Utg323300_416
OG0000264	WP_011074330.1	Utg323262_53, Utg323300_385
OG0000265	WP_011074332.1	Utg323262_60, Utg323300_383
OG0000266	WP_011074335.1	Utg323262_57, Utg323300_345
OG0000267	WP_011070862.1, WP_011074441.1, WP_011074195.1	Utg323316_169
OG0000268	WP_238560570.1	Utg323180_596
OG0000268	WP_011071397.1	Utg323180_274
OG0000269	WP_011071681.1	Utg323448_118, Utg323448_117
OG0000270	WP_011071728.1	Utg323300_147, Utg323140_132
OG0000271	WP_011072821.1	Utg323266_111, Utg323140_109
OG0000272	WP_011072181.1	Utg324810_29, Utg323152_381
OG0000277	WP_011074053.1	Utg323990_152
OG0000277	WP_164925622.1	Utg323990_162
OG0000280	WP_011073661.1	Utg323152_299, Utg323152_300
OG0000282	WP_011074294.1	Utg323262_154
OG0000283	WP_011072163.1	Utg324810_45
OG0000284	WP_011070541.1, WP_011072419.1	Utg323300_134
OG0000285	WP_011072952.1	Utg324548_26
OG0000286	WP_011071292.1	Utg323990_126, Utg323300_413
OG0000288	WP_011071130.1	Utg323180_284
OG0000288	WP_164925856.1	Utg323152_159
OG0000290	WP_011072343.1, WP_238560560.1	Utg323990_110
OG0000291	WP_011071410.1	Utg323152_390
OG0000294	WP_011073467.1	Utg323300_417
OG0000295	WP_011073887.1	Utg323990_154, Utg323074_122
OG0000296	WP_011072380.1	Utg323180_360, Utg323140_32, Utg323300_349
OG0000299	WP_011073882.1	Utg323392_237, Utg323632_41
OG0000300	WP_011072153.1	Utg323180_71, Utg324810_53
OG0000301	WP_011071783.1	Utg323448_82
OG0000303	WP_011073360.1	Utg323990_183, Utg323990_188
OG0000305	WP_011073686.1	Utg323990_250
OG0000306	WP_164925703.1, WP_011071113.1	Utg323152_287
OG0000308	WP_011071279.1	Utg323632_21
OG0000309	WP_011071595.1, WP_011070438.1	Utg323300_194
OG0000311	WP_011072135.1	Utg323152_590, Utg323074_222, Utg323990_2
OG0000312	WP_011070819.1	Utg323632_140, Utg323632_141
OG0000313	WP_011073771.1	Utg323316_67
OG0000315	WP_076611921.1	Utg323180_180, Utg323300_449, Utg323300_159, Utg323152_459, Utg323160_49, Utg323262_194
OG0000315	WP_274544499.1, WP_141135407.1	Utg323160_50, Utg323262_195
OG0000318	WP_011071900.1, WP_011071905.1, WP_011071629.1, WP_238560522.1	Utg323316_214, Utg323316_207
OG0000319	WP_011072205.1	Utg323180_608
OG0000320	WP_011072305.1	Utg323300_402
OG0000322	WP_011073058.1	Utg323074_213
OG0000323	WP_011074098.1	Utg323392_252, Utg323074_32
OG0000324	WP_011071654.1, WP_238560608.1, WP_011070844.1	Utg323262_158
OG0000325	WP_011071119.1	Utg323140_86, Utg323632_345, Utg323632_283
OG0000326	WP_011072729.1	Utg323990_210
OG0000329	WP_164925650.1, WP_011071245.1	Utg323160_39
OG0000331	WP_011072391.1, WP_011070665.1	Utg323074_59
OG0000332	WP_011072097.1	Utg323632_344, Utg323632_343
OG0000333	WP_011072976.1	Utg323300_359
OG0000335	WP_011070931.1	Utg323316_153, Utg323300_388, Utg323300_389
OG0000337	WP_011073303.1	Utg323632_59
OG0000338	WP_011072304.1	Utg323300_340
OG0000339	WP_011071571.1	Utg323152_478
OG0000340	WP_011071556.1	Utg323300_112
OG0000341	WP_011074400.1, WP_011074453.1	Utg325220_86
OG0000343	WP_011073906.1	Utg323632_101
OG0000345	WP_164925834.1	Utg323140_249
OG0000349	WP_011071293.1, WP_011073469.1	Utg323300_414, Utg323990_125
OG0000350	WP_011073022.1	Utg323266_68, Utg323392_31
OG0000351	WP_011074194.1, WP_011074442.1	Utg323316_170
OG0000352	WP_011071500.1	Utg323300_309
OG0000353	WP_011071907.1	Utg323152_411
OG0000354	WP_011073978.1	Utg323140_240
OG0000355	WP_011072812.1	Utg323180_503
OG0000356	WP_011073744.1	Utg325220_24, Utg323152_199
OG0000357	WP_011073698.1	Utg323140_190
OG0000358	WP_011072420.1	Utg323152_183, Utg323180_133
OG0000359	WP_011072820.1	Utg323266_112, Utg323140_110
OG0000360	WP_007651015.1	Utg323448_18
OG0000362	WP_011070529.1	Utg323152_544
OG0000362	WP_011072049.1	Utg323074_50
OG0000366	WP_011072246.1	Utg323180_120
OG0000370	WP_011072355.1, WP_011073328.1, WP_011072369.1, WP_011073742.1, WP_011074161.1, WP_011072290.1	Utg323074_44
OG0000371	WP_011071109.1	Utg323300_419
OG0000372	WP_011070445.1	Utg323316_334
OG0000373	WP_011070440.1	Utg323316_333
OG0000374	WP_011071852.1	Utg323152_495
OG0000375	WP_011073160.1	Utg323300_400
OG0000378	WP_011072003.1	Utg323300_225, Utg323180_281
OG0000381	WP_011070926.1	Utg323266_59, Utg323262_166
OG0000382	WP_011071707.1, WP_011073950.1	Utg323152_317
OG0000383	WP_011070809.1	Utg323074_113
OG0000385	WP_164925904.1	Utg323990_182, Utg323990_189
OG0000388	WP_006081231.1	Utg323392_149
OG0000389	WP_011072489.1, WP_011070448.1	Utg325220_115
OG0000390	WP_011071396.1	Utg323152_156
OG0000391	WP_011074277.1	Utg323392_139
OG0000393	WP_011070464.1	Utg323392_115
OG0000395	WP_011072444.1	Utg323392_102
OG0000397	WP_011070943.1	Utg323152_152
OG0000398	WP_011071816.1	Utg323316_283
OG0000399	WP_011074310.1, WP_164925796.1	Utg323074_27
OG0000400	WP_011072977.1, WP_011073596.1	Utg323074_129
OG0000401	WP_011072333.1	Utg323448_26, Utg323152_132
OG0000402	WP_011073147.1	Utg323990_13, Utg323074_201
OG0000403	WP_011073692.1	Utg323392_161
OG0000404	WP_011071509.1	Utg323632_90
OG0000406	WP_011073884.1	Utg323300_304, Utg323632_208
OG0000407	WP_007647520.1	Utg323300_231
OG0000408	WP_011073864.1	Utg323316_309
OG0000409	WP_011071363.1	Utg323152_214, Utg323152_215
OG0000410	WP_011071375.1	Utg323180_618
OG0000411	WP_164925601.1, WP_011074142.1	Utg323180_184
OG0000412	WP_011070563.1	Utg323632_307
OG0000413	WP_011073296.1	Utg323632_56
OG0000414	WP_011071865.1	Utg323140_130
OG0000417	WP_011071995.1	Utg323316_134
OG0000418	WP_011072966.1	Utg323632_29
OG0000419	WP_011072397.1	Utg323990_112
OG0000420	WP_011073084.1	Utg323392_158
OG0000421	WP_011074212.1	Utg323300_89
OG0000423	WP_164925682.1	Utg323152_258, Utg323152_259
OG0000424	WP_011074411.1	Utg323180_488, Utg323990_209
OG0000425	WP_011074325.1	Utg323632_72
OG0000426	WP_011072924.1	Utg323152_151
OG0000427	WP_011072306.1	Utg323448_41
OG0000428	WP_011073691.1	Utg323392_159
OG0000429	WP_011072763.1	Utg323632_282
OG0000433	WP_011071889.1	Utg323316_347
OG0000434	WP_011073587.1	Utg323316_227, Utg323180_553
OG0000435	WP_011072708.1	Utg323316_84
OG0000436	WP_011073144.1	Utg323152_368
OG0000437	WP_011071215.1	Utg323300_48, Utg323140_223, Utg323262_143
OG0000439	WP_011071906.1	Utg323152_408
OG0000443	WP_011073208.1	Utg324810_34
OG0000444	WP_011070433.1, WP_011074432.1, WP_011073269.1, WP_011071523.1	Utg323152_45
OG0000446	WP_011073130.1	Utg323152_316
OG0000449	WP_011071298.1	Utg323152_593
OG0000453	WP_011071070.1	Utg323300_394
OG0000457	WP_011074002.1	Utg323140_93
OG0000458	WP_011072562.1	Utg323632_292
OG0000459	WP_011073913.1	Utg323152_197
OG0000460	WP_011072676.1	Utg323632_251
OG0000461	WP_011071367.1	Utg323266_1, Utg323180_610
OG0000462	WP_011073690.1	Utg323392_157
OG0000463	WP_011071797.1	Utg323152_557
OG0000464	WP_011070898.1	Utg323266_64
OG0000466	WP_006080725.1	Utg323316_143
OG0000467	WP_011072155.1	Utg324810_50
OG0000468	WP_011070714.1	Utg323152_550
OG0000469	WP_011073401.1	Utg323300_339
OG0000470	WP_011072536.1, WP_011073891.1	Utg323632_217
OG0000471	WP_011072667.1	Utg323180_23
OG0000472	WP_011073223.1	Utg323990_82
OG0000474	WP_011071577.1, WP_011071238.1	Utg323392_19
OG0000475	WP_011073167.1	Utg323300_262
OG0000476	WP_011071399.1	Utg323448_21
OG0000477	WP_011074312.1	Utg323316_316
OG0000478	WP_164925611.1	Utg323316_148
OG0000479	WP_011072689.1	Utg323152_47
OG0000480	WP_006081934.1	Utg323448_83
OG0000481	WP_011074353.1, WP_011074200.1	Utg323316_184
OG0000482	WP_011074122.1	Utg323300_126
OG0000484	WP_011070446.1, WP_011071740.1, WP_011072239.1	Utg323300_196
OG0000485	WP_011072690.1	Utg323152_48
OG0000486	WP_011073892.1	Utg323152_439
OG0000487	WP_011071362.1	Utg323152_216
OG0000488	WP_011073923.1, WP_011071649.1	Utg323160_29
OG0000489	WP_011072308.1	Utg323392_46
OG0000490	WP_011073738.1, WP_011072517.1	Utg323180_708
OG0000491	WP_011073025.1	Utg323074_142
OG0000492	WP_011072105.1	Utg323180_163
OG0000493	WP_011070602.1	Utg323300_317
OG0000494	WP_011073291.1	Utg323300_293
OG0000495	WP_011071232.1	Utg323152_176
OG0000496	WP_011072269.1, WP_011072271.1	Utg323632_52
OG0000497	WP_011070462.1	Utg323632_236
OG0000498	WP_011070463.1, WP_011073289.1	Utg323632_237
OG0000499	WP_011071680.1	Utg323300_95, Utg323180_506
OG0000500	WP_011073302.1	Utg323448_101
OG0000501	WP_011073979.1	Utg323392_55
OG0000502	WP_011073914.1	Utg323152_196
OG0000503	WP_011071506.1	Utg323180_35
OG0000504	WP_011071374.1	Utg323180_617
OG0000505	WP_011072417.1	Utg323316_99, Utg323266_72
OG0000506	WP_011073396.1	Utg323262_175, Utg323152_506
OG0000507	WP_011072805.1	Utg323180_43
OG0000508	WP_011072950.1	Utg323300_12
OG0000509	WP_011071177.1	Utg323160_78
OG0000510	WP_164925926.1	Utg323180_484
OG0000511	WP_011072320.1	Utg323316_346
OG0000512	WP_011071575.1	Utg323074_26
OG0000513	WP_011073166.1	Utg323300_263
OG0000514	WP_011071796.1	Utg323632_76
OG0000515	WP_011073016.1	Utg323152_558
OG0000516	WP_011070666.1	Utg323180_611, Utg323266_2
OG0000518	WP_011070475.1	Utg323180_544
OG0000520	WP_011071914.1	Utg323392_86
OG0000521	WP_011072700.1	Utg323152_146
OG0000522	WP_011070929.1	Utg323152_209
OG0000523	WP_011071704.1	Utg323392_227
OG0000524	WP_011070427.1, WP_011073645.1	Utg323160_66
OG0000525	WP_011073918.1	Utg323180_243
OG0000526	WP_011072542.1	Utg323180_264
OG0000527	WP_011071884.1	Utg323990_77
OG0000528	WP_011071265.1	Utg323316_180
OG0000529	WP_011070851.1	Utg323300_351
OG0000530	WP_011072392.1	Utg323632_211, Utg323632_212
OG0000531	WP_011071357.1	Utg323990_111
OG0000532	WP_011071368.1	Utg323990_149
OG0000533	WP_011072568.1	Utg323300_299
OG0000535	WP_011071476.1, WP_011071473.1	Utg323180_111
OG0000537	WP_011073663.1	Utg323152_226
OG0000538	WP_011073746.1	Utg323140_264, Utg325220_1
OG0000539	WP_011072201.1	Utg323180_65
OG0000540	WP_011073236.1	Utg323990_215, Utg323990_214
OG0000542	WP_011073694.1	Utg323300_321
OG0000543	WP_011072926.1	Utg323152_153
OG0000544	WP_011072157.1	Utg324810_54
OG0000545	WP_011072102.1	Utg323140_9
OG0000546	WP_011071505.1	Utg323140_178
OG0000547	WP_011071600.1, WP_011074097.1	Utg323180_527
OG0000548	WP_011071430.1	Utg323140_246
OG0000549	WP_011073367.1	Utg323392_28
OG0000550	WP_164925726.1	Utg323632_387, Utg323392_263
OG0000551	WP_011071057.1	Utg323180_674, Utg323180_673
OG0000552	WP_164925920.1, WP_011071621.1	Utg324810_41, Utg323074_43, Utg323632_58, Utg323074_42
OG0000554	WP_011074140.1, WP_011074327.1, WP_164925735.1, WP_011073660.1, WP_011071387.1, WP_011071669.1, WP_011073464.1, WP_238560559.1, WP_011071033.1	Utg323300_276
OG0000555	WP_011070543.1	Utg323180_103
OG0000558	WP_011072569.1	Utg323152_97
OG0000560	WP_011071253.1	Utg323074_183, Utg323266_40
OG0000566	WP_011072774.1	Utg323300_374
OG0000569	WP_011072791.1	Utg323632_362
OG0000570	WP_011071815.1	Utg323316_297
OG0000571	WP_011070592.1	Utg323300_101
OG0000572	WP_011071622.1, WP_011072167.1, WP_011073947.1, WP_011071353.1	Utg323152_431
OG0000576	WP_011073695.1	Utg323266_35
OG0000577	WP_011071502.1	Utg323074_28
OG0000578	WP_011070425.1	Utg323160_67
OG0000579	WP_011072382.1	Utg323160_81
OG0000580	WP_011071401.1	Utg323180_689
OG0000581	WP_011070605.1	Utg323448_49
OG0000582	WP_011072691.1	Utg323140_12
OG0000583	WP_011072298.1, WP_011073315.1	Utg323448_37
OG0000584	WP_011070420.1	Utg323316_328
OG0000585	WP_011070421.1	Utg323316_329
OG0000586	WP_011070423.1	Utg323316_331
OG0000587	WP_011073319.1	Utg323152_245
OG0000588	WP_011071543.1	Utg323316_336
OG0000589	WP_011073895.1	Utg323152_565
OG0000590	WP_011071782.1	Utg323316_300
OG0000591	WP_011071988.1	Utg323140_180
OG0000592	WP_011070797.1	Utg323152_248
OG0000593	WP_011071160.1	Utg323632_96
OG0000594	WP_164925584.1	Utg323300_311
OG0000595	WP_011073680.1	Utg323990_151
OG0000596	WP_011070930.1	Utg323152_192
OG0000597	WP_011070933.1	Utg323152_175
OG0000598	WP_011073908.1	Utg323632_99
OG0000599	WP_006083042.1	Utg323152_223
OG0000600	WP_011070456.1	Utg323180_267
OG0000601	WP_011070650.1	Utg323140_185
OG0000602	WP_011073283.1, WP_011073273.1, WP_011073768.1, WP_011073717.1	Utg323152_172
OG0000603	WP_011071702.1	Utg323990_83
OG0000604	WP_011073440.1	Utg323180_32
OG0000605	WP_011073439.1	Utg323180_276
OG0000606	WP_011072376.1	Utg323266_43
OG0000607	WP_164925802.1	Utg323300_283
OG0000608	WP_011071703.1	Utg323180_609
OG0000609	WP_011072357.1	Utg323074_153, Utg323074_152
OG0000610	WP_011073188.1	Utg323448_99
OG0000611	WP_011071421.1	Utg323152_250
OG0000612	WP_011071798.1	Utg323632_295
OG0000613	WP_006080791.1	Utg323632_296
OG0000614	WP_011072032.1	Utg323300_233
OG0000615	WP_011071784.1	Utg323448_90
OG0000616	WP_011071786.1	Utg323448_92
OG0000617	WP_011070618.1	Utg323448_63
OG0000618	WP_011070620.1	Utg323448_65
OG0000619	WP_006083596.1	Utg323448_66
OG0000620	WP_006083595.1	Utg323448_67
OG0000621	WP_011070621.1	Utg323448_68
OG0000623	WP_011073687.1	Utg323074_128
OG0000624	WP_007650346.1	Utg323152_218
OG0000625	WP_011073451.1	Utg323152_219
OG0000626	WP_011073399.1	Utg324810_60
OG0000627	WP_011073042.1	Utg323448_100
OG0000628	WP_011071409.1	Utg323180_312
OG0000630	WP_011073225.1	Utg323300_302
OG0000631	WP_011073224.1	Utg323300_300
OG0000632	WP_011073222.1	Utg323392_138
OG0000634	WP_011073362.1	Utg323074_110
OG0000635	WP_011071429.1	Utg323990_206
OG0000637	WP_011072714.1	Utg323392_155
OG0000638	WP_011070724.1	Utg323262_113
OG0000639	WP_011072734.1	Utg323152_564
OG0000640	WP_011072733.1	Utg323990_80
OG0000641	WP_011073048.1	Utg323632_228
OG0000642	WP_011072310.1	Utg323316_136
OG0000643	WP_011072175.1	Utg323074_137
OG0000644	WP_011071416.1	Utg323300_295
OG0000645	WP_011072241.1	Utg323316_141
OG0000646	WP_011070601.1	Utg323632_108
OG0000647	WP_011073899.1	Utg323632_107
OG0000648	WP_011073903.1	Utg323632_103
OG0000649	WP_011073601.1	Utg323074_138
OG0000650	WP_011072929.1	Utg323632_350
OG0000651	WP_238560600.1	Utg323152_154
OG0000652	WP_011071706.1	Utg323392_225
OG0000653	WP_011071555.1	Utg323152_255
OG0000655	WP_011074260.1	Utg323448_27
OG0000656	WP_011071432.1	Utg323180_692
OG0000657	WP_011071433.1	Utg323180_693
OG0000658	WP_011071436.1	Utg323180_697
OG0000659	WP_011071437.1	Utg323180_698
OG0000660	WP_006083052.1	Utg323632_33
OG0000661	WP_011073682.1	Utg323632_34
OG0000662	WP_011074308.1	Utg323262_165, Utg323262_164
OG0000663	WP_011070907.1	Utg323140_228
OG0000664	WP_011074083.1	Utg323990_147
OG0000665	WP_011073514.1	Utg323140_6
OG0000666	WP_011073620.1	Utg323180_423
OG0000667	WP_011071021.1	Utg323300_165
OG0000668	WP_011071182.1	Utg323392_257
OG0000669	WP_011072767.1, WP_011071992.1	Utg323160_12, Utg324810_104
OG0000670	WP_011072407.1	Utg323632_92
OG0000671	WP_006079870.1	Utg323990_137
OG0000672	WP_011073376.1	Utg323300_313
OG0000673	WP_011074185.1	Utg323152_509
OG0000674	WP_011074184.1	Utg324548_24
OG0000675	WP_011074182.1	Utg323632_238
OG0000676	WP_011074181.1	Utg323152_254
OG0000677	WP_006083577.1	Utg323448_85
OG0000678	WP_011070630.1	Utg323448_84
OG0000679	WP_011071566.1	Utg323632_301
OG0000680	WP_011073313.1	Utg323448_39
OG0000681	WP_007644333.1	Utg323448_54
OG0000682	WP_011070609.1	Utg323448_53
OG0000683	WP_011071611.1	Utg323990_179
OG0000684	WP_011074329.1	Utg323300_386
OG0000685	WP_011070627.1	Utg323448_77
OG0000686	WP_011072309.1	Utg323448_114
OG0000687	WP_011070623.1	Utg323448_73
OG0000688	WP_011070622.1	Utg323448_71
OG0000689	WP_007644429.1	Utg323448_70
OG0000690	WP_011073293.1	Utg323300_99
OG0000691	WP_011070612.1	Utg323448_57
OG0000692	WP_011070424.1	Utg323300_284
OG0000693	WP_011070447.1	Utg325220_116
OG0000694	WP_011070419.1	Utg323316_326
OG0000695	WP_011072408.1	Utg324810_39
OG0000696	WP_011071503.1	Utg325220_114
OG0000697	WP_011073781.1	Utg323300_348
OG0000698	WP_011070671.1	Utg323632_294
OG0000699	WP_011070673.1	Utg323632_360
OG0000700	WP_011073442.1	Utg323074_31
OG0000701	WP_011073824.1	Utg323152_442
OG0000702	WP_011070774.1	Utg323180_262
OG0000703	WP_011070854.1	Utg323300_223
OG0000704	WP_011073896.1	Utg323632_111
OG0000705	WP_011073897.1	Utg323632_110
OG0000706	WP_011073898.1	Utg323632_109
OG0000707	WP_011073900.1	Utg323632_105
OG0000708	WP_011073909.1	Utg323632_98
OG0000709	WP_011074146.1	Utg323152_170
OG0000710	WP_011072679.1	Utg323632_246
OG0000711	WP_011071661.1	Utg323300_74
OG0000712	WP_011073450.1	Utg323152_217
OG0000713	WP_011073318.1	Utg323392_146
OG0000714	WP_011073316.1	Utg323392_144
OG0000715	WP_011073314.1	Utg323448_38
OG0000716	WP_011073312.1	Utg323448_40
OG0000717	WP_011070606.1	Utg323448_50
OG0000718	WP_011070607.1	Utg323448_51
OG0000719	WP_011070608.1	Utg323448_52
OG0000720	WP_011070610.1	Utg323448_55
OG0000721	WP_011070613.1	Utg323448_58
OG0000722	WP_011070616.1	Utg323448_61
OG0000723	WP_037421480.1	Utg323448_64
OG0000724	WP_006083593.1	Utg323448_69
OG0000725	WP_006083590.1	Utg323448_72
OG0000726	WP_011070624.1	Utg323448_74
OG0000727	WP_007644438.1	Utg323448_78
OG0000728	WP_006083582.1	Utg323448_79
OG0000729	WP_011070628.1	Utg323448_80
OG0000730	WP_011070629.1	Utg323448_81
OG0000731	WP_011070631.1	Utg323448_86
OG0000732	WP_011070632.1	Utg323448_87
OG0000733	WP_007644470.1	Utg323448_88
OG0000734	WP_011073925.1	Utg323180_700
OG0000735	WP_011073924.1	Utg323074_151
OG0000737	WP_011071434.1	Utg323180_694
OG0000738	WP_011073375.1	Utg323140_176
OG0000739	WP_011071405.1	Utg323152_227
OG0000740	WP_011074057.1	Utg323316_299
OG0000741	WP_011071209.1	Utg323300_319
OG0000742	WP_011073511.1	Utg323316_284
OG0000743	WP_011073366.1	Utg323448_33
OG0000744	WP_007651394.1	Utg323990_150
OG0000745	WP_011073823.1	Utg323392_96
OG0000746	WP_011071412.1	Utg323152_179
OG0000747	WP_011070765.1	Utg323074_132
OG0000748	WP_011073821.1	Utg323074_131
OG0000749	WP_011072580.1	Utg323180_110
OG0000750	WP_164925864.1	Utg324810_48
OG0000751	WP_011072154.1	Utg324810_51
OG0000752	WP_011074006.1	Utg323180_291
OG0000753	WP_011072469.1	Utg323152_450
OG0000754	WP_011073297.1	Utg323266_37
OG0000755	WP_011073591.1	Utg323266_36
OG0000756	WP_011071973.1	Utg323152_9
OG0000758	WP_011072389.1	Utg323160_65
OG0000759	WP_011072383.1	Utg323180_268
OG0000760	WP_011072381.1	Utg323140_99
OG0000761	WP_011072377.1	Utg323266_44
OG0000762	WP_011070644.1	Utg323180_108
OG0000763	WP_011073286.1	Utg323180_107
OG0000764	WP_011073284.1	Utg323300_379
OG0000766	WP_011071550.1	Utg323160_38
OG0000767	WP_011071557.1	Utg323180_507
OG0000768	WP_011071558.1	Utg323632_232
OG0000769	WP_011071785.1	Utg323448_91
OG0000770	WP_011071787.1	Utg323448_93
OG0000771	WP_011071788.1	Utg323448_94
OG0000772	WP_011071789.1	Utg323448_95
OG0000773	WP_011071790.1	Utg323448_96
OG0000774	WP_011071791.1	Utg323448_97
OG0000775	WP_011071792.1	Utg323300_280
OG0000776	WP_011071794.1	Utg323632_74
OG0000777	WP_011071795.1	Utg323632_75
OG0000779	WP_011071800.1	Utg324548_29
OG0000780	WP_011071749.1, WP_011071820.1	Utg323074_40
OG0000781	WP_011073035.1	Utg323392_152
OG0000782	WP_011073287.1	Utg323300_390
OG0000783	WP_011071159.1	Utg323152_80
OG0000784	WP_011073172.1	Utg323140_102
OG0000785	WP_011073171.1	Utg323140_103
OG0000787	WP_011070935.1	Utg323632_68
OG0000788	WP_011073678.1	Utg323316_75, Utg323316_74
OG0000789	WP_011072712.1	Utg323632_245
OG0000790	WP_011072561.1	Utg323300_297
OG0000791	WP_011071065.1	Utg323180_99
OG0000792	WP_011072680.1	Utg323632_247
OG0000793	WP_011070932.1	Utg323180_665
OG0000794	WP_011073191.1	Utg323152_166
OG0000795	WP_011073184.1	Utg324548_10
OG0000796	WP_011071705.1	Utg323392_226
OG0000797	WP_011073173.1	Utg323152_78
OG0000798	WP_011073009.1	Utg323140_157
OG0000799	WP_011073010.1	Utg323262_161
OG0000800	WP_011072962.1	Utg323300_103
OG0000801	WP_011072965.1	Utg323632_142
OG0000802	WP_011072968.1	Utg323152_508
OG0000803	WP_011073915.1	Utg323632_49
OG0000805	WP_202950643.1	Utg323074_179
OG0000806	WP_011070467.1	Utg323160_64
OG0000807	WP_011071415.1	Utg323074_136
OG0000808	WP_011071579.1	Utg323448_113
OG0000809	WP_011073282.1	Utg323180_317
OG0000810	WP_011071545.1	Utg323392_199
OG0000811	WP_011070778.1	Utg323180_318
OG0000813	WP_011071913.1	Utg323990_217
OG0000815	WP_011070798.1	Utg323152_145
OG0000816	WP_011073227.1	Utg323160_60
OG0000817	WP_011073228.1	Utg323160_28
OG0000818	WP_011073777.1	Utg323152_392
OG0000819	WP_011072582.1	Utg323152_177
OG0000820	WP_011072999.1	Utg323160_92
OG0000822	WP_011073801.1	Utg323448_19
OG0000823	WP_011071398.1	Utg323448_22
OG0000824	WP_011070431.1	Utg323140_266, Utg325220_3
OG0000825	WP_011070430.1	Utg323990_142
OG0000826	WP_011070886.1, WP_011072282.1, WP_011072232.1	Utg323180_412
OG0000827	WP_011072150.1	Utg323632_335
OG0000828	WP_011072149.1	Utg323632_336
OG0000829	WP_006081652.1	Utg323632_337
OG0000830	WP_011072303.1	Utg323632_338
OG0000831	WP_011072302.1	Utg323632_339
OG0000832	WP_011072301.1	Utg323632_340
OG0000833	WP_011071275.1	Utg323632_14
OG0000834	WP_011071428.1	Utg323180_620
OG0000836	WP_011074274.1	Utg323152_510
OG0000837	WP_011073597.1	Utg323074_130
OG0000838	WP_011073598.1	Utg323180_39
OG0000839	WP_011073600.1	Utg323074_139
OG0000840	WP_011072008.1	Utg323140_168
OG0000841	WP_011071454.1	Utg324810_75
OG0000842	WP_011073662.1	Utg323152_444
OG0000843	WP_011073672.1	Utg323152_225
OG0000844	WP_011071568.1	Utg323632_298
OG0000845	WP_011071567.1	Utg323632_299
OG0000846	WP_011071565.1	Utg323632_302
OG0000848	WP_011071402.1	Utg323152_213
OG0000849	WP_011073799.1	Utg323180_649
OG0000850	WP_011073702.1	Utg323266_11, Utg323160_130
OG0000851	WP_011073699.1	Utg323140_191
OG0000852	WP_011072140.1	Utg323632_42
OG0000853	WP_011072138.1	Utg323632_35
OG0000854	WP_011072134.1	Utg323152_260
OG0000855	WP_011070647.1	Utg323632_31
OG0000856	WP_011074259.1	Utg323152_257
OG0000858	WP_011072100.1	Utg323300_288
OG0000859	WP_011074328.1	Utg323632_3, Utg323316_96
OG0000860	WP_011074331.1	Utg323300_384
OG0000861	WP_011074339.1	Utg323632_43
OG0000862	WP_011074340.1	Utg323316_335
OG0000863	WP_011070478.1	Utg323392_26
OG0000864	WP_011070664.1	Utg323300_312
OG0000865	WP_011070651.1	Utg323140_184
OG0000866	WP_011073972.1	Utg324810_56
OG0000867	WP_011071513.1	Utg323300_342
OG0000868	WP_011072677.1	Utg323632_250
OG0000869	WP_011070611.1	Utg323448_56
OG0000870	WP_011072267.1	Utg323300_279
OG0000871	WP_011071439.1	Utg323180_699
OG0000872	WP_164925631.1	Utg323180_314
OG0000873	WP_011073365.1	Utg323632_242
OG0000874	WP_011072288.1	Utg323152_504
OG0000875	WP_164925707.1	Utg323632_38
OG0000876	WP_011072699.1	Utg323392_25
OG0000877	WP_011073189.1	Utg323180_31
OG0000878	WP_011071077.1	Utg323160_74
OG0000879	WP_011071578.1	Utg323152_205
OG0000880	WP_011071574.1	Utg323140_268, Utg325220_62
OG0000881	WP_011074056.1	Utg323316_231
OG0000882	WP_011071526.1	Utg323262_102
OG0000883	WP_011073527.1	Utg323262_110
OG0000884	WP_011073008.1	Utg323140_158
OG0000885	WP_011071212.1	Utg323140_247
OG0000886	WP_011072563.1	Utg323180_127
OG0000887	WP_011072458.1, WP_238560563.1	Utg323300_41
OG0000888	WP_011073848.1	Utg323180_439
OG0000889	WP_011073575.1	Utg323316_321
OG0000890	WP_164925658.1	Utg323392_107
OG0000891	WP_011070422.1	Utg323316_330
OG0000892	WP_011072406.1	Utg323632_93
OG0000893	WP_011073902.1	Utg323632_104
OG0000894	WP_011071915.1	Utg323152_386
OG0000895	WP_011073967.1	Utg323140_181
OG0000896	WP_011071261.1	Utg323632_54
OG0000898	WP_011073310.1	Utg325220_118
OG0000899	WP_011072098.1	Utg323632_342
OG0000900	WP_011073931.1	Utg323262_111
OG0000904	WP_011070639.1, WP_011070832.1	Utg323180_505
OG0000906	WP_011073004.1	Utg323180_37
OG0000907	WP_011072361.1	Utg323180_3, Utg323140_1
OG0000912	WP_011073162.1	Utg323300_43, Utg323300_398
OG0000913	WP_011074305.1	Utg323262_68
OG0000914	WP_011074130.1, WP_011074134.1, WP_011070511.1	Utg323300_115
OG0000916	WP_011071226.1	Utg323316_195
OG0000917	WP_011072775.1	Utg323300_377
OG0000918	WP_011073981.1	Utg323392_56, Utg323180_566, Utg323180_574, Utg323180_396
OG0000921	WP_011073077.1	Utg323316_298
OG0000922	WP_011072424.1, WP_011070816.1	Utg323316_229
OG0000928	WP_011073038.1, WP_011073037.1	Utg323392_136
OG0000930	WP_011070869.1	Utg323152_167
OG0000931	WP_011071294.1	Utg323152_71
OG0000933	WP_011073124.1	Utg323152_342
OG0000934	WP_011073119.1	Utg323152_374
OG0000935	WP_011073874.1	Utg323392_48
OG0000937	WP_011073920.1	Utg323074_117
OG0000938	WP_011073257.1	Utg323140_18, Utg323392_59
OG0000939	WP_011073586.1	Utg323632_214
OG0000941	WP_011072468.1	Utg323990_116, Utg323448_32
OG0000942	WP_011071188.1, WP_011071352.1	Utg323152_425
OG0000943	WP_011071295.1	Utg323152_72
OG0000947	WP_011071351.1, WP_011071187.1	Utg323152_426
OG0000948	WP_011071186.1, WP_011071350.1	Utg323152_427
OG0000951	WP_011074188.1	Utg323266_80
OG0000952	WP_011071701.1	Utg323266_108
OG0000954	WP_011072585.1	Utg323392_60, Utg323632_229
OG0000955	WP_011073794.1	Utg323392_188
OG0000962	WP_011071400.1	Utg323392_104
OG0000963	WP_011074333.1	Utg323300_382
OG0000966	WP_011071982.1	Utg323262_124
OG0000967	WP_011072285.1	Utg323074_88
OG0000968	WP_011073674.1	Utg323152_222
OG0000970	WP_011073218.1, WP_164925680.1	Utg323448_24
OG0000971	WP_011070649.1	Utg323140_186
OG0000974	WP_011073441.1	Utg323632_293
OG0000975	WP_011072741.1, WP_011073201.1	Utg323300_17
OG0000976	WP_011072922.1	Utg323990_85
OG0000977	WP_011071875.1	Utg323152_39
OG0000978	WP_011070617.1	Utg323448_62
OG0000979	WP_164925847.1	Utg323300_360
OG0000980	WP_274544339.1	Utg323632_348
OG0000981	WP_011074337.1	Utg323160_41
OG0000982	WP_011071987.1	Utg323160_37
OG0000984	WP_011071124.1	Utg324810_16
OG0000989	WP_011073368.1	Utg323152_150
OG0000991	WP_011071373.1	Utg323140_179
OG0000992	WP_011072405.1	Utg323632_94
OG0000995	WP_007644434.1	Utg323448_75
OG0000999	WP_011073020.1	Utg323180_137
OG0001000	WP_011070626.1	Utg323448_76
OG0001001	WP_011072235.1	Utg323300_401
OG0001002	WP_011071435.1	Utg323180_695
OG0001003	WP_011073309.1	Utg323990_38
OG0001004	WP_011072574.1	Utg323140_68
OG0001005	WP_011072575.1	Utg323140_69
OG0001006	WP_011071022.1	Utg323300_164
OG0001007	WP_011073364.1	Utg323632_244
OG0001008	WP_011070820.1	Utg323152_394
OG0001009	WP_011073576.1	Utg323152_395
OG0001010	WP_011071534.1	Utg323300_40
OG0001011	WP_011074007.1	Utg323180_292
OG0001012	WP_011074022.1	Utg323180_475
OG0001013	WP_011074031.1	Utg323180_440
OG0001014	WP_011073929.1	Utg323632_71
OG0001015	WP_011071916.1	Utg323152_385
OG0001016	WP_011071917.1	Utg323152_384
OG0001017	WP_011073311.1	Utg323392_130
OG0001018	WP_011071559.1	Utg323180_30
OG0001019	WP_011073034.1	Utg323392_151
OG0001023	WP_202950653.1	Utg324810_43
OG0001024	WP_011072590.1	Utg323990_78
OG0001026	WP_011072549.1	Utg323074_108
OG0001027	WP_011074050.1	Utg323262_93
OG0001029	WP_011072099.1	Utg323632_341
OG0001030	WP_011073187.1	Utg324810_40
OG0001031	WP_011073398.1	Utg323316_83
OG0001036	WP_011071067.1	Utg323300_378
OG0001037	WP_011071746.1	Utg323266_56, Utg323074_118
OG0001038	WP_011073168.1	Utg323300_76
OG0001039	WP_011071441.1	Utg323632_226
OG0001040	WP_011072535.1	Utg323448_98
OG0001043	WP_011071431.1	Utg323140_245
OG0001044	WP_006079871.1	Utg323448_48
OG0001045	WP_011073857.1	Utg323392_222
OG0001048	WP_011072263.1	Utg323632_137
OG0001049	WP_011070599.1	Utg323262_148
OG0001050	WP_011070873.1	Utg323632_116
OG0001051	WP_164925908.1	Utg323316_103
OG0001052	WP_011072202.1	Utg323180_63, Utg323180_64
OG0001054	WP_011073437.1	Utg323632_78
OG0001055	WP_011071514.1	Utg323140_254
OG0001057	WP_011072803.1	Utg323266_53
OG0001058	WP_011073856.1	Utg323392_223
OG0001059	WP_011073838.1, WP_011070794.1	Utg325220_91
OG0001063	WP_011072556.1	Utg323152_486
OG0001064	WP_011072895.1	Utg323140_17
OG0001066	WP_011072404.1	Utg323632_95
OG0001069	WP_011071048.1	Utg323152_418
OG0001070	WP_011071408.1	Utg323180_313
OG0001072	WP_011073547.1	Utg323180_668
OG0001078	WP_011073881.1	Utg323262_123
OG0001081	WP_011071599.1	Utg323266_115
OG0001082	WP_011072827.1	Utg323180_204, Utg323632_375
OG0001085	WP_011070875.1	Utg323140_42
OG0001086	WP_011073941.1, WP_011070876.1	Utg323140_41
OG0001088	WP_011072570.1	Utg323300_97
OG0001093	WP_011071888.1	Utg323316_348
OG0001094	WP_011072416.1	Utg323316_100, Utg323266_73
OG0001095	WP_011071372.1, WP_011070831.1, WP_011071319.1, WP_011071597.1	Utg323448_104
OG0001100	WP_011071908.1	Utg323074_143
OG0001104	WP_011073298.1	Utg323152_221
OG0001107	WP_011072442.1	Utg323152_83
OG0001108	WP_011071531.1	Utg323152_74
OG0001109	WP_011071297.1	Utg323152_73
OG0001110	WP_011071296.1	Utg323152_70
OG0001114	WP_011070537.1, WP_011073106.1	Utg323152_320, Utg323152_319
OG0001115	WP_011073192.1	Utg323392_20
OG0001116	WP_011071228.1	Utg323152_551
OG0001118	WP_011072698.1	Utg323632_363
OG0001119	WP_011071038.1	Utg323632_225
OG0001120	WP_011072242.1	Utg323632_40
OG0001121	WP_011070513.1	Utg323632_368
OG0001122	WP_164925909.1	Utg323300_158, Utg323300_51
OG0001126	WP_011073623.1	Utg323180_426
OG0001130	WP_011071045.1	Utg323180_461
OG0001131	WP_164925752.1	Utg323266_63
OG0001133	WP_011072487.1, WP_011072208.1, WP_011072110.1	Utg324548_38
OG0001134	WP_011074198.1	Utg324810_86, Utg324810_83
OG0001142	WP_011071426.1	Utg323632_91
OG0001143	WP_011073641.1	Utg323180_198
OG0001144	WP_011072250.1	Utg323140_97
OG0001145	WP_011070773.1	Utg323074_133
OG0001156	WP_011072515.1	Utg323632_376
OG0001158	WP_011073505.1	Utg323300_422
OG0001160	WP_011070670.1	Utg323140_8
OG0001161	WP_011073317.1	Utg323392_145
OG0001162	WP_011073836.1	Utg323152_612
OG0001164	WP_011073767.1	Utg323152_143
OG0001165	WP_011070792.1	Utg323180_603
OG0001166	WP_011070659.1	Utg323990_176
OG0001167	WP_011070739.1	Utg323180_420
OG0001168	WP_011074034.1	Utg323180_474
OG0001169	WP_011074030.1	Utg323180_479
OG0001176	WP_238560541.1	Utg323266_50
OG0001178	WP_011073095.1	Utg323152_331
OG0001179	WP_011073930.1	Utg323180_524
OG0001186	WP_011073246.1	Utg323300_247
OG0001188	WP_011072572.1	Utg323316_71
OG0001189	WP_164925866.1	Utg323180_66
OG0001191	WP_011071164.1	Utg323140_251
OG0001192	WP_011072762.1	Utg323632_281
OG0001194	WP_011072273.1	Utg323316_77
OG0001195	WP_011072177.1	Utg323632_60
OG0001196	WP_011071411.1	Utg323152_389
OG0001203	WP_011070468.1	Utg323180_214
OG0001204	WP_011072832.1	Utg323152_110
OG0001205	WP_011072830.1	Utg323152_107, Utg323152_109, Utg323152_108
OG0001208	WP_011072519.1	Utg323180_44
OG0001217	WP_011074342.1	Utg323180_350
OG0001218	WP_238560547.1	Utg323392_172
OG0001220	WP_011073814.1	Utg323140_261
OG0001222	WP_011073213.1	Utg325220_88
OG0001224	WP_011072544.1	Utg323074_114, Utg323152_522
OG0001227	WP_011073253.1	Utg323632_381, Utg323300_251
OG0001228	WP_164925813.1	Utg323300_168
OG0001229	WP_011070516.1	Utg323392_249, Utg323160_73
OG0001231	WP_011072193.1	Utg323300_16
OG0001234	WP_011072498.1	Utg323180_498
OG0001238	WP_011073014.1, WP_011073570.1	Utg323180_231
OG0001239	WP_164925911.1	Utg323990_155
OG0001240	WP_011073211.1	Utg323140_161
OG0001241	WP_011074047.1	Utg323300_214
OG0001247	WP_011070679.1	Utg323316_340
OG0001249	WP_011073198.1	Utg323316_226
OG0001266	WP_011070547.1	Utg323074_125
OG0001267	WP_011074089.1	Utg323180_208
OG0001273	WP_011070810.1	Utg323152_231
OG0001275	WP_011073786.1	Utg323152_87
OG0001283	WP_011072785.1	Utg323152_42
OG0001284	WP_011073111.1	Utg323152_308
OG0001285	WP_011073110.1	Utg323152_309
OG0001286	WP_011073109.1	Utg323152_310
OG0001287	WP_011073107.1	Utg323152_314, Utg323152_313
OG0001288	WP_011073131.1	Utg323152_315
OG0001289	WP_011073099.1	Utg323152_327
OG0001290	WP_011073098.1	Utg323152_328
OG0001292	WP_011073681.1	Utg323392_24
OG0001294	WP_011073614.1	Utg323392_87
OG0001296	WP_011074306.1	Utg323262_69
OG0001297	WP_011074307.1	Utg323262_70
OG0001309	WP_011072338.1	Utg323392_100
OG0001311	WP_011073408.1	Utg323074_49
OG0001314	WP_011072781.1	Utg323180_567
OG0001315	WP_011073258.1	Utg323180_680
OG0001317	WP_011073212.1, WP_011071529.1	Utg323300_421
OG0001319	WP_011073359.1	Utg323990_181
OG0001326	WP_011073190.1	Utg323152_571, Utg323152_570
OG0001328	WP_011070553.1, WP_011071247.1	Utg323262_168
OG0001330	WP_011071425.1	Utg323180_706
OG0001332	WP_011073438.1	Utg323990_57
OG0001340	WP_011072573.1	Utg324548_5
OG0001347	WP_011073577.1	Utg324548_35
OG0001348	WP_011073331.1	Utg323140_133
OG0001349	WP_011074001.1	Utg323300_430
OG0001350	WP_011070655.1	Utg323140_258
OG0001351	WP_011070654.1	Utg323140_257
OG0001353	WP_011074021.1	Utg323180_491
OG0001355	WP_011072388.1	Utg323152_168
OG0001357	WP_011070560.1	Utg323990_123
OG0001358	WP_011070914.1	Utg323300_193
OG0001362	WP_011072176.1	Utg323632_61
OG0001363	WP_011072373.1	Utg323632_286
OG0001364	WP_011073584.1	Utg323990_216
OG0001365	WP_011072454.1	Utg323140_112
OG0001366	WP_011070860.1	Utg323316_172
OG0001369	WP_011073000.1	Utg323300_365
OG0001373	WP_011070939.1	Utg323074_37
OG0001374	WP_011072453.1	Utg323140_113
OG0001375	WP_011074280.1	Utg323152_237
OG0001376	WP_011073149.1	Utg323152_545
OG0001377	WP_011072137.1	Utg323074_223, Utg323990_3
OG0001378	WP_011073216.1	Utg323392_106
OG0001379	WP_011070653.1	Utg323140_256
OG0001383	WP_011071010.1, WP_011070661.1	Utg323392_265, Utg323160_3, Utg323632_146, Utg323152_8
OG0001384	WP_011072161.1	Utg324810_47
OG0001385	WP_011074023.1	Utg323180_489
OG0001389	WP_164925684.1	Utg323316_104
OG0001391	WP_011074319.1	Utg323300_157, Utg323300_155
OG0001395	WP_011073271.1	Utg323180_688
OG0001409	WP_011070856.1	Utg323180_209
OG0001411	WP_011073390.1	Utg323392_169
OG0001412	WP_011074297.1	Utg323180_134
OG0001413	WP_011071607.1	Utg323266_14
OG0001421	WP_011072224.1	Utg323140_208
OG0001423	WP_011073251.1	Utg323300_255
OG0001426	WP_164925867.1	Utg323180_605, Utg323180_606
OG0001428	WP_011071965.1	Utg323160_108
OG0001439	WP_011070923.1	Utg323266_41
OG0001440	WP_011073215.1	Utg323180_13
OG0001441	WP_011070959.1	Utg323300_170
OG0001445	WP_011070574.1	Utg323300_278
OG0001449	WP_011073394.1, WP_011073193.1, WP_011072087.1	Utg324810_69
OG0001468	WP_011074225.1	Utg323316_186
OG0001469	WP_011073829.1	Utg324548_17
OG0001472	WP_011074256.1	Utg323990_122
OG0001473	WP_011073140.1	Utg323990_88, Utg323990_89
OG0001475	WP_011071389.1	Utg323990_67
OG0001481	WP_164925719.1	Utg323392_167
OG0001490	WP_011073133.1	Utg323152_304
OG0001491	WP_011073132.1	Utg323152_305
OG0001492	WP_011073113.1	Utg323152_306
OG0001493	WP_164925897.1	Utg323152_307
OG0001494	WP_011073105.1	Utg323152_321
OG0001495	WP_011073104.1	Utg323152_322
OG0001496	WP_011073102.1	Utg323152_324
OG0001497	WP_011073101.1	Utg323152_325
OG0001498	WP_011073100.1	Utg323152_326
OG0001499	WP_011073129.1	Utg323152_333
OG0001500	WP_011073128.1	Utg323152_334
OG0001501	WP_011073136.1	Utg323152_335
OG0001502	WP_011073127.1	Utg323152_336
OG0001503	WP_011073126.1	Utg323152_337
OG0001504	WP_006082602.1	Utg323152_344
OG0001505	WP_011073117.1	Utg323152_373
OG0001511	WP_011072591.1	Utg323392_123
OG0001512	WP_011072462.1	Utg323392_125
OG0001521	WP_011072384.1, WP_011072337.1	Utg323632_28
OG0001523	WP_011072748.1	Utg323152_126
OG0001528	WP_011071954.1	Utg323392_44
OG0001535	WP_011070807.1	Utg323180_615
OG0001537	WP_011072227.1	Utg323140_206, Utg323990_117
OG0001538	WP_011071157.1, WP_011073002.1	Utg323180_92, Utg323074_81
OG0001539	WP_011071371.1	Utg323074_86
OG0001541	WP_011073711.1	Utg323152_487
OG0001546	WP_011072036.1	Utg323300_151
OG0001548	WP_011073335.1, WP_011073259.1, WP_011071743.1	Utg323392_177
OG0001550	WP_011070760.1	Utg325220_78
OG0001581	WP_011072769.1	Utg323152_188
OG0001584	WP_011072194.1	Utg323300_142
OG0001585	WP_011072467.1	Utg323140_252
OG0001586	WP_011072466.1	Utg323152_554
OG0001594	WP_011070768.1, WP_011072220.1	Utg323152_102
OG0001598	WP_011073023.1	Utg323392_32
OG0001604	WP_011071928.1	Utg323300_10
OG0001606	WP_011070466.1	Utg323140_263
OG0001608	WP_011072018.1	Utg323152_585
OG0001609	WP_011072683.1	Utg323316_232
OG0001615	WP_011072114.1	Utg323140_61
OG0001624	WP_164925630.1	Utg323632_332
OG0001629	WP_011073546.1	Utg323180_667
OG0001634	WP_011074026.1	Utg323180_472
OG0001641	WP_164925720.1	Utg323180_254
OG0001658	WP_011072410.1	Utg323180_26
OG0001659	WP_011072411.1	Utg323180_25
OG0001666	WP_011072225.1	Utg323140_207
OG0001667	WP_011072824.1	Utg323152_133
OG0001669	WP_011072375.1	Utg323152_96
OG0001670	WP_011072990.1	Utg323140_232
OG0001671	WP_011072988.1	Utg323140_235
OG0001680	WP_011070767.1	Utg323160_121
OG0001688	WP_011073840.1	Utg324810_61
OG0001692	WP_011074017.1, WP_011071633.1, WP_011074126.1	Utg323140_55
OG0001693	WP_011071358.1	Utg323300_100
OG0001695	WP_011072495.1	Utg323180_499
OG0001700	WP_011073447.1	Utg323300_171
OG0001708	WP_011072773.1	Utg323300_375
OG0001710	WP_011073819.1, WP_011073982.1, WP_011072470.1	Utg323392_57
OG0001711	WP_011074261.1	Utg323316_322
OG0001722	WP_011074052.1	Utg323180_172
OG0001725	WP_011073523.1	Utg324548_32
OG0001726	WP_011073522.1	Utg324548_34
OG0001736	WP_011071530.1	Utg323160_87
OG0001739	WP_011071016.1	Utg323152_185
OG0001745	WP_011071877.1	Utg323152_41
OG0001746	WP_011071876.1	Utg323152_40
OG0001748	WP_011073125.1	Utg323152_338
OG0001749	WP_011073123.1	Utg323152_343
OG0001751	WP_011073120.1	Utg323152_375
OG0001755	WP_011072251.1	Utg323392_98
OG0001756	WP_011074252.1	Utg323392_103
OG0001763	WP_011070590.1	Utg323632_373, Utg323632_374
OG0001766	WP_011072006.1, WP_011072172.1	Utg324810_24
OG0001769	WP_011071394.1	Utg323632_132
OG0001774	WP_011070561.1	Utg323152_144
OG0001776	WP_011072078.1	Utg323074_200, Utg323262_8, Utg323152_519
OG0001783	WP_011072265.1	Utg323152_36
OG0001784	WP_164925781.1	Utg323152_407
OG0001785	WP_011073748.1	Utg323180_531
OG0001786	WP_011074412.1, WP_011071259.1	Utg323180_535
OG0001787	WP_011072782.1	Utg323180_568
OG0001795	WP_011073868.1	Utg323300_337, Utg323300_90, Utg323300_91
OG0001798	WP_011070830.1	Utg323392_210
OG0001799	WP_011071037.1	Utg323448_120
OG0001800	WP_011070874.1	Utg323632_117
OG0001801	WP_011070956.1	Utg323632_304
OG0001802	WP_011073436.1, WP_011071964.1	Utg324548_23
OG0001804	WP_011072262.1	Utg324810_85
OG0001822	WP_011074334.1	Utg323262_59
OG0001834	WP_011072260.1	Utg323152_116
OG0001836	WP_011074171.1, WP_011073788.1, WP_011070681.1	Utg323180_582
OG0001840	WP_011072804.1	Utg323180_422
OG0001847	WP_011072118.1	Utg323152_493
OG0001857	WP_011071869.1	Utg323074_61
OG0001858	WP_011071073.1	Utg323392_101
OG0001859	WP_011073703.1, WP_011072255.1	Utg323392_241
OG0001863	WP_011072060.1	Utg323392_50
OG0001864	WP_164925690.1, WP_164925689.1	Utg323266_47
OG0001873	WP_011073370.1	Utg323180_621
OG0001893	WP_011070528.1	Utg323632_88
OG0001895	WP_164925592.1	Utg323140_151
OG0001896	WP_011072398.1	Utg323632_268
OG0001897	WP_011070477.1	Utg323316_279
OG0001902	WP_011071874.1	Utg323160_117
OG0001903	WP_011070584.1	Utg323448_126, Utg323632_5, Utg323300_161
OG0001908	WP_011070697.1	Utg324810_66
OG0001913	WP_164925937.1	Utg323300_121
OG0001916	WP_011070976.1, WP_011072613.1	Utg323632_180, Utg323180_557
OG0001959	WP_011071137.1, WP_011071814.1	Utg323990_163
OG0001961	WP_011074313.1	Utg323152_453
OG0001967	WP_011070900.1	Utg323990_73
OG0001968	WP_011073150.1	Utg323152_359, Utg323990_65
OG0001981	WP_011070708.1	Utg323392_231
OG0001983	WP_011071459.1	Utg323152_234
OG0001989	WP_011072023.1	Utg323316_351
OG0002001	WP_011073103.1	Utg323152_323
OG0002002	WP_011073097.1	Utg323152_329
OG0002003	WP_011073086.1	Utg323152_380
OG0002007	WP_011074068.1	Utg323152_556
OG0002029	WP_037422212.1	Utg324810_38
OG0002032	WP_011072173.1	Utg324810_25
OG0002036	WP_011071679.1	Utg323316_199
OG0002047	WP_011071689.1	Utg323152_118
OG0002048	WP_011071348.1, WP_011071184.1	Utg323152_429
OG0002049	WP_011071183.1, WP_011071347.1	Utg323152_430
OG0002050	WP_164925931.1	Utg323152_466
OG0002062	WP_011071839.1	Utg323300_256
OG0002063	WP_011072214.1	Utg323300_269
OG0002068	WP_011072979.1	Utg323632_203
OG0002105	WP_011074096.1	Utg323180_203
OG0002107	WP_011074220.1	Utg323160_6, Utg324810_100, Utg323160_7
OG0002118	WP_011073797.1	Utg323316_78
OG0002125	WP_011073633.1	Utg323262_22
OG0002142	WP_011073701.1	Utg323392_240
OG0002150	WP_011072813.1	Utg323300_18
OG0002154	WP_238560492.1, WP_011073358.1, WP_238560493.1	Utg323990_191
OG0002156	WP_011070954.1	Utg323180_648
OG0002164	WP_011070685.1	Utg323180_265
OG0002177	WP_164925697.1	Utg323140_205
OG0002188	WP_011070829.1	Utg323180_211
OG0002189	WP_011072011.1	Utg323632_380
OG0002208	WP_011071154.1	Utg323140_239
OG0002218	WP_011072577.1	Utg323180_600
OG0002234	WP_011070461.1	Utg323316_102
OG0002256	WP_011071014.1	Utg323152_481
OG0002269	WP_011071547.1	Utg323300_49
OG0002273	WP_011070815.1	Utg323300_216
OG0002274	WP_011072414.1	Utg323392_52
OG0002289	WP_011072448.1	Utg323632_67
OG0002303	WP_011071980.1	Utg323152_124
OG0002310	WP_011072089.1	Utg323140_212
OG0002312	WP_011071349.1	Utg323152_428
OG0002320	WP_011073544.1	Utg323180_22
OG0002322	WP_011070835.1	Utg323180_89
OG0002323	WP_011073976.1	Utg323180_179
OG0002334	WP_011071231.1	Utg323262_182, Utg323262_185
OG0002336	WP_011073248.1	Utg323300_245
OG0002337	WP_011073247.1	Utg323300_246
OG0002338	WP_011073245.1	Utg323300_248
OG0002348	WP_011072095.1	Utg323632_44
OG0002354	WP_011071324.1	Utg325220_95
OG0002438	WP_011070449.1	Utg323180_362, Utg323262_136
OG0002458	WP_011072219.1	Utg323180_570
OG0002481	WP_011073863.1	Utg323140_77
OG0002482	WP_011074025.1	Utg323180_482
OG0002544	WP_011070921.1	Utg323180_476
OG0002554	WP_011072776.1	Utg323300_376
OG0002566	WP_011073619.1	Utg323262_200
OG0002595	WP_011072799.1	Utg323152_65
OG0002602	WP_011073142.1, WP_011073156.1	Utg323152_346
OG0002623	WP_011071871.1	Utg323180_139
OG0002647	WP_011074111.1, WP_011073279.1, WP_011072670.1	Utg323140_197, Utg323180_713
OG0002651	WP_011070925.1	Utg323152_115
OG0002652	WP_011071384.1	Utg323152_127
OG0002662	WP_011070535.1	Utg323180_59
OG0002674	WP_011072204.1	Utg323180_607
OG0002677	WP_238560508.1	Utg323262_119
OG0002680	WP_011071601.1	Utg323300_34
OG0002683	WP_011071069.1	Utg323300_395
OG0002688	WP_011072312.1	Utg323392_4
OG0002689	WP_011073329.1, WP_011071336.1	Utg323392_36
OG0002698	WP_011070566.1	Utg323632_316
OG0002700	WP_011073063.1	Utg323990_26
OG0002703	WP_011071979.1	Utg323990_141
OG0002836	WP_011071200.1	Utg323632_30
OG0002880	WP_011071713.1	Utg323140_152
OG0002938	WP_011071074.1	Utg323300_254
OG0002979	WP_011073148.1	Utg323152_367
OG0003011	WP_011073812.1	Utg323632_233
OG0003016	WP_011071609.1	Utg323392_211
OG0003020	WP_011072451.1	Utg323140_115
OG0003040	WP_011072798.1, WP_011073626.1	Utg323140_51
OG0003056	WP_011073205.1	Utg323152_114
OG0003074	WP_011073502.1	Utg323180_363
OG0003093	WP_011071761.1	Utg323300_23
OG0003108	WP_011070897.1	Utg323316_192
OG0003122	WP_011072621.1	Utg323632_171
OG0003129	WP_011073069.1	Utg323990_14
OG0003353	WP_011071540.1	Utg323152_463
OG0003468	WP_011073839.1	Utg323180_653
OG0003490	WP_011072452.1	Utg323140_114
OG0003491	WP_011072706.1	Utg323300_93
OG0003510	WP_011070812.1	Utg323140_135
OG0003523	WP_011073252.1	Utg323632_377
OG0003569	WP_011070687.1	Utg323140_28
OG0003681	WP_011071122.1	Utg323180_61
OG0003683	WP_011072494.1	Utg323180_140
OG0003703	WP_011072130.1	Utg323180_702
OG0003704	WP_011072131.1	Utg323180_703
OG0003721	WP_164925828.1	Utg323266_74
OG0003726	WP_274544484.1	Utg323300_77
OG0003744	WP_011071003.1	Utg323316_20
OG0003767	WP_011074196.1	Utg323632_85
OG0003768	WP_011070991.1, WP_011072628.1	Utg323632_165
OG0003769	WP_011072627.1, WP_011070990.1	Utg323632_166
OG0003775	WP_011070588.1	Utg323632_327
OG0003782	WP_011070863.1	Utg323990_242
OG0004650	WP_011071457.1	Utg323140_33
OG0004675	WP_011073145.1	Utg323152_365
OG0004676	WP_011073146.1	Utg323152_366
OG0004677	WP_011073152.1	Utg323152_369
OG0004678	WP_011073151.1	Utg323152_370
OG0004702	WP_164925667.1	Utg323180_70
OG0004769	WP_011071586.1	Utg323300_8
OG0004770	WP_011071585.1	Utg323300_9
OG0004771	WP_011071199.1	Utg323300_21
OG0004824	WP_011070583.1	Utg323448_127
OG0004826	WP_011071001.1	Utg323632_159
OG0004827	WP_011071000.1	Utg323632_160
OG0004830	WP_011070969.1	Utg323632_187
OG0004831	WP_011070968.1	Utg323632_188
OG0004846	WP_172966546.1	Utg324810_71
