Orthogroup	Shewanella oneidensis MR-1	Desulforhopalus vacuolatus DSM 9700
OG0000000	WP_011073030.1	WP_275888964.1
OG0000000	WP_011074304.1	WP_205218029.1
OG0000000	WP_011071819.1, WP_011074107.1	WP_205217973.1
OG0000001	WP_011074067.1	WP_205220029.1
OG0000001	WP_011073330.1	WP_205218203.1
OG0000001	WP_011071093.1	WP_205220390.1
OG0000001	WP_011070909.1, WP_011071801.1, WP_011072190.1	WP_205217623.1
OG0000001	WP_164925657.1, WP_011073617.1	WP_205219167.1
OG0000001	WP_011073385.1, WP_011073536.1, WP_011072697.1	WP_205217330.1
OG0000002	WP_011073574.1	WP_205217333.1
OG0000002	WP_011071850.1	WP_205218052.1, WP_205220147.1
OG0000002	WP_011074078.1	WP_205220205.1
OG0000002	WP_011071049.1	WP_205217673.1, WP_205219874.1
OG0000002	WP_011071300.1	WP_205217653.1, WP_205218384.1
OG0000004	WP_011073049.1, WP_011073640.1	WP_205220089.1, WP_240192173.1, WP_240192101.1, WP_205218090.1, WP_205220090.1, WP_205217587.1, WP_205217538.1, WP_240192123.1, WP_205219499.1, WP_205217688.1
OG0000005	WP_011071149.1	WP_205219789.1, WP_275889005.1
OG0000006	WP_011070957.1, WP_011070793.1	WP_205219109.1
OG0000006	WP_011072463.1, WP_011072496.1, WP_011073589.1, WP_011073842.1, WP_238560533.1, WP_011070885.1	WP_205218839.1
OG0000007	WP_011074183.1	WP_240192033.1
OG0000007	WP_164925702.1	WP_205217665.1
OG0000007	WP_011072831.1	WP_205219793.1
OG0000007	WP_011071147.1	WP_205219899.1
OG0000008	WP_011071114.1	WP_205218335.1
OG0000008	WP_011072998.1	WP_205219114.1
OG0000008	WP_011074282.1	WP_205218627.1
OG0000009	WP_011071150.1, WP_011073726.1	WP_240192111.1
OG0000009	WP_164925773.1	WP_205217584.1, WP_240192132.1
OG0000010	WP_011073061.1	WP_205219586.1
OG0000011	WP_011073029.1	WP_205219955.1, WP_205219423.1, WP_205219705.1, WP_205219709.1, WP_240191925.1, WP_205220094.1, WP_205217300.1
OG0000014	WP_011074106.1, WP_011073413.1, WP_011074228.1	WP_205219172.1
OG0000014	WP_011074069.1	WP_205219411.1
OG0000015	WP_011072514.1	WP_205217767.1
OG0000017	WP_011071143.1	WP_205220326.1, WP_205219770.1
OG0000017	WP_011070777.1, WP_011071144.1, WP_011073357.1	WP_205218243.1, WP_275888989.1, WP_275888990.1, WP_275889003.1
OG0000018	WP_011073068.1	WP_205218117.1, WP_205219840.1
OG0000019	WP_011071727.1	WP_205217874.1
OG0000019	WP_011071456.1, WP_007644695.1	WP_205219173.1
OG0000020	WP_011070833.1	WP_205217884.1
OG0000021	WP_011071922.1	WP_205218466.1
OG0000021	WP_011071923.1	WP_240191977.1, WP_205218500.1, WP_205218098.1
OG0000022	WP_011071803.1, WP_011072720.1	WP_205218149.1
OG0000022	WP_011072576.1, WP_011071867.1, WP_011071042.1	WP_205219460.1
OG0000024	WP_011071179.1	WP_205218703.1
OG0000026	WP_006084975.1, WP_011070442.1	WP_240192012.1
OG0000027	WP_011074132.1, WP_011074128.1, WP_011070509.1, WP_011071257.1	WP_240192067.1
OG0000030	WP_011071301.1	WP_205220225.1, WP_205218797.1
OG0000033	WP_011070784.1	WP_205217574.1
OG0000033	WP_011074290.1	WP_205219469.1
OG0000034	WP_011074281.1	WP_205218628.1
OG0000036	WP_011073027.1	WP_205217302.1, WP_205220093.1
OG0000037	WP_238560573.1	WP_275889034.1, WP_275889001.1, WP_275889028.1, WP_205220283.1, WP_275889032.1, WP_240192185.1
OG0000038	WP_011073885.1, WP_011073886.1	WP_205218672.1, WP_205219654.1, WP_205219655.1
OG0000039	WP_011072119.1, WP_011071747.1	WP_205217786.1, WP_205219425.1
OG0000039	WP_011072587.1, WP_011071252.1, WP_011073765.1	WP_205217373.1
OG0000040	WP_011071891.1, WP_011073960.1	WP_205219588.1
OG0000041	WP_011071116.1	WP_205218333.1
OG0000042	WP_011071918.1	WP_205218976.1
OG0000043	WP_011073456.1	WP_205218478.1
OG0000044	WP_011070883.1	WP_205219513.1
OG0000045	WP_011070924.1	WP_205219978.1
OG0000045	WP_011073210.1	WP_205218812.1
OG0000047	WP_164925892.1	WP_205220001.1, WP_205219188.1
OG0000048	WP_011072589.1	WP_205217850.1
OG0000052	WP_011074450.1, WP_011071675.1	WP_205218833.1
OG0000053	WP_164925924.1	WP_205219828.1
OG0000053	WP_011071230.1	WP_205219575.1
OG0000054	WP_011073962.1	WP_205217416.1
OG0000054	WP_011073937.1	WP_205217689.1, WP_205219669.1
OG0000055	WP_011073153.1	WP_205218241.1
OG0000058	WP_164925641.1	WP_205217357.1, WP_205219380.1
OG0000060	WP_011070564.1	WP_205219391.1
OG0000062	WP_011071925.1	WP_205218096.1, WP_205218468.1
OG0000063	WP_011071975.1	WP_205218947.1
OG0000063	WP_011072151.1	WP_205217751.1
OG0000065	WP_011071952.1, WP_011070961.1	WP_205217314.1
OG0000065	WP_011071919.1	WP_205217454.1
OG0000070	WP_011074269.1	WP_240192170.1
OG0000074	WP_011072654.1	WP_205218276.1, WP_205217575.1
OG0000075	WP_011071302.1	WP_205217847.1, WP_205218385.1
OG0000077	WP_011073434.1	WP_205219095.1
OG0000079	WP_011071515.1	WP_205219237.1
OG0000080	WP_011070637.1	WP_205220256.1, WP_205220254.1
OG0000082	WP_011071708.1, WP_011073949.1	WP_205219215.1
OG0000084	WP_011070711.1	WP_205217368.1
OG0000085	WP_011073685.1	WP_205217395.1
OG0000087	WP_011071464.1	WP_205219845.1, WP_205217731.1
OG0000091	WP_011074036.1	WP_205218848.1
OG0000091	WP_011072711.1	WP_205217745.1
OG0000092	WP_011071174.1	WP_205218658.1
OG0000093	WP_011073475.1	WP_240191946.1, WP_205219233.1
OG0000094	WP_011074278.1	WP_205218242.1, WP_205219153.1, WP_205218401.1
OG0000095	WP_011071060.1	WP_205219361.1, WP_205218407.1
OG0000095	WP_011073461.1	WP_205219360.1
OG0000095	WP_011072735.1	WP_205218965.1
OG0000096	WP_011073337.1, WP_011074108.1	WP_240191921.1
OG0000100	WP_011071115.1	WP_205218334.1
OG0000101	WP_011072328.1, WP_011072538.1	WP_240192163.1, WP_205219783.1
OG0000103	WP_011073353.1, WP_011071066.1, WP_011073588.1	WP_205218404.1, WP_205218456.1
OG0000105	WP_011072710.1	WP_240191944.1
OG0000105	WP_011074037.1	WP_240192046.1
OG0000106	WP_011074309.1, WP_011070542.1	WP_205218448.1
OG0000110	WP_164925741.1	WP_205220030.1
OG0000112	WP_011070877.1	WP_205218422.1
OG0000113	WP_011070488.1, WP_193378422.1	WP_205219581.1
OG0000114	WP_011071132.1	WP_205217943.1, WP_205217401.1
OG0000115	WP_011070766.1	WP_205217489.1
OG0000115	WP_011070806.1	WP_205219679.1
OG0000116	WP_011071533.1	WP_205219082.1, WP_205217409.1
OG0000117	WP_238560518.1	WP_205219976.1, WP_205219085.1
OG0000118	WP_164925923.1	WP_205219975.1
OG0000118	WP_011071863.1	WP_240191957.1
OG0000119	WP_011073622.1	WP_205220193.1
OG0000119	WP_011074079.1	WP_205220204.1
OG0000121	WP_011073062.1	WP_275888929.1
OG0000122	WP_011073479.1	WP_205218626.1, WP_205220332.1
OG0000123	WP_011072189.1	WP_205220031.1
OG0000126	WP_011073889.1, WP_011071224.1, WP_011072559.1	WP_205219649.1
OG0000126	WP_164925838.1	WP_205218524.1
OG0000127	WP_011070937.1	WP_205219440.1
OG0000127	WP_011070936.1	WP_205219441.1
OG0000128	WP_011072719.1	WP_205219057.1
OG0000128	WP_164925918.1	WP_205218118.1
OG0000129	WP_011074177.1, WP_011072325.1, WP_011072531.1, WP_011072068.1	WP_205218969.1
OG0000129	WP_011074222.1, WP_011072440.1	WP_205220177.1
OG0000131	WP_011074276.1	WP_240192135.1
OG0000133	WP_011071864.1	WP_205217878.1
OG0000133	WP_011073952.1	WP_205219974.1, WP_205219087.1
OG0000134	WP_011072921.1	WP_205218809.1
OG0000134	WP_011070453.1	WP_205219067.1
OG0000136	WP_011070754.1	WP_240191980.1
OG0000136	WP_011072090.1, WP_011073658.1	WP_205220066.1
OG0000137	WP_011073955.1	WP_205219084.1
OG0000141	WP_011071945.1	WP_205219914.1
OG0000143	WP_011070643.1, WP_011070826.1, WP_011072164.1	WP_205219037.1
OG0000144	WP_011073693.1	WP_205217734.1
OG0000145	WP_011072293.1, WP_274544323.1	WP_205218440.1
OG0000147	WP_011070775.1	WP_205217752.1
OG0000148	WP_011074172.1	WP_205218212.1
OG0000150	WP_011071499.1	WP_240192129.1
OG0000151	WP_164925895.1	WP_240192019.1
OG0000154	WP_011071098.1, WP_011072297.1	WP_205217327.1
OG0000155	WP_011071290.1	WP_205219544.1, WP_240192148.1, WP_205219521.1
OG0000156	WP_011072753.1, WP_172966557.1	WP_205220095.1
OG0000160	WP_011072083.1, WP_011073275.1	WP_240191992.1, WP_205217391.1
OG0000161	WP_011071608.1	WP_205218217.1
OG0000163	WP_011072686.1	WP_205218549.1, WP_205219249.1
OG0000164	WP_011072564.1	WP_205218897.1
OG0000164	WP_011070705.1	WP_205218605.1
OG0000165	WP_011074254.1	WP_240192087.1
OG0000166	WP_011072678.1	WP_205219180.1
OG0000169	WP_011072289.1	WP_205220075.1
OG0000170	WP_164925722.1	WP_205218419.1
OG0000172	WP_011072346.1, WP_011071837.1	WP_205217862.1
OG0000173	WP_011074070.1	WP_205219412.1
OG0000183	WP_011071285.1	WP_205218585.1, WP_240191953.1
OG0000184	WP_011073828.1	WP_205219494.1
OG0000184	WP_011073827.1	WP_205218375.1
OG0000185	WP_011071291.1	WP_205218077.1
OG0000187	WP_011070604.1, WP_011070615.1	WP_205217955.1, WP_205217942.1
OG0000188	WP_011072672.1	WP_205217562.1
OG0000190	WP_011074103.1	WP_205218562.1
OG0000191	WP_011073796.1	WP_205220111.1
OG0000192	WP_011071668.1	WP_205220299.1, WP_205219236.1, WP_205219235.1
OG0000193	WP_011071804.1	WP_205219213.1, WP_240191910.1
OG0000195	WP_011072959.1	WP_205219651.1
OG0000196	WP_011071284.1	WP_205218584.1
OG0000197	WP_011072025.1	WP_205218369.1
OG0000201	WP_011073893.1	WP_205217441.1
OG0000207	WP_011071697.1	WP_205218036.1, WP_205219126.1, WP_205218366.1
OG0000208	WP_011071698.1	WP_205218367.1, WP_205218037.1, WP_205219125.1
OG0000210	WP_011070824.1	WP_205220183.1, WP_205218604.1
OG0000211	WP_011073834.1	WP_205219339.1
OG0000212	WP_011072160.1	WP_205219475.1, WP_205219027.1
OG0000213	WP_011073715.1	WP_205219979.1
OG0000214	WP_011071851.1	WP_205220148.1, WP_205218051.1, WP_205220149.1
OG0000215	WP_011072513.1	WP_240192049.1
OG0000216	WP_011070906.1	WP_205218263.1
OG0000217	WP_011072567.1	WP_205218771.1
OG0000218	WP_011073221.1	WP_205218878.1
OG0000219	WP_011073290.1	WP_240191915.1
OG0000221	WP_011073067.1	WP_205219290.1, WP_275888997.1
OG0000222	WP_011073677.1	WP_205219254.1
OG0000223	WP_011071799.1	WP_205218711.1
OG0000224	WP_011072707.1	WP_205218600.1
OG0000225	WP_011072456.1	WP_205217392.1
OG0000226	WP_011073007.1, WP_011071423.1	WP_205217492.1
OG0000227	WP_011072928.1	WP_205219130.1
OG0000228	WP_011072718.1	WP_205220231.1
OG0000228	WP_011073400.1	WP_205219809.1
OG0000230	WP_011070594.1	WP_205219065.1
OG0000232	WP_011072554.1, WP_011072555.1	WP_205218345.1
OG0000233	WP_011072421.1	WP_240192116.1
OG0000234	WP_007644947.1	WP_205218677.1
OG0000235	WP_011070658.1	WP_240192153.1
OG0000238	WP_011071225.1	WP_205219359.1, WP_205217607.1
OG0000239	WP_011073040.1	WP_240192164.1, WP_205218936.1
OG0000243	WP_011073841.1	WP_240192155.1
OG0000245	WP_011072111.1	WP_205217699.1, WP_240191912.1, WP_205219832.1, WP_240191911.1, WP_240192063.1
OG0000248	WP_011070648.1	WP_205218516.1
OG0000252	WP_011071280.1	WP_205218581.1
OG0000253	WP_011073904.1	WP_205217628.1
OG0000256	WP_011073793.1	WP_205218053.1
OG0000256	WP_238560588.1	WP_205220146.1
OG0000257	WP_011070755.1	WP_205218346.1
OG0000261	WP_011073468.1	WP_205219746.1
OG0000263	WP_011074170.1, WP_011071948.1, WP_011073757.1	WP_205219912.1
OG0000264	WP_011074330.1	WP_275888954.1, WP_205218431.1
OG0000265	WP_011074332.1	WP_205218056.1, WP_205218429.1
OG0000266	WP_011074335.1	WP_205218059.1, WP_205217485.1
OG0000268	WP_238560570.1	WP_205220292.1
OG0000268	WP_011071397.1	WP_205219054.1
OG0000269	WP_011071681.1	WP_205217555.1, WP_205217337.1, WP_205220167.1, WP_205217898.1, WP_205217899.1
OG0000270	WP_011071728.1	WP_205217873.1
OG0000271	WP_011072821.1	WP_205217707.1, WP_205218394.1
OG0000272	WP_011072181.1	WP_205219285.1, WP_205219287.1
OG0000277	WP_011074053.1	WP_205220291.1
OG0000282	WP_011074294.1	WP_205219859.1
OG0000283	WP_011072163.1	WP_275888985.1
OG0000285	WP_011072952.1	WP_205218739.1
OG0000286	WP_011071292.1	WP_205219747.1
OG0000286	WP_011073470.1	WP_205219922.1
OG0000288	WP_164925856.1	WP_205217354.1
OG0000290	WP_011072343.1, WP_238560560.1	WP_205219839.1
OG0000291	WP_011071410.1	WP_205218886.1
OG0000293	WP_011071286.1	WP_205218586.1
OG0000294	WP_011071947.1	WP_205219913.1
OG0000295	WP_011073887.1	WP_240192031.1
OG0000296	WP_011072380.1	WP_205218418.1
OG0000297	WP_011072139.1	WP_205220467.1
OG0000298	WP_011074272.1	WP_205219296.1
OG0000299	WP_011073882.1	WP_205219229.1, WP_205217776.1
OG0000300	WP_011072153.1	WP_205218591.1
OG0000301	WP_011071783.1	WP_275888940.1
OG0000303	WP_011073360.1	WP_205220325.1
OG0000307	WP_011071274.1	WP_205218575.1
OG0000308	WP_011071279.1	WP_205218580.1, WP_205217762.1
OG0000309	WP_011071595.1, WP_011070438.1	WP_205217461.1
OG0000311	WP_011072135.1	WP_205219196.1
OG0000312	WP_011070819.1	WP_205217647.1
OG0000314	WP_011071277.1	WP_205218578.1
OG0000315	WP_076611921.1	WP_205219334.1
OG0000320	WP_011072305.1	WP_205217581.1
OG0000322	WP_011073058.1	WP_205220004.1
OG0000325	WP_011071119.1	WP_205219843.1
OG0000326	WP_011072729.1	WP_205217341.1, WP_240192136.1
OG0000329	WP_164925650.1, WP_011071245.1	WP_205217971.1
OG0000331	WP_011072391.1, WP_011070665.1	WP_240192075.1
OG0000332	WP_011072097.1	WP_205219138.1
OG0000333	WP_011072976.1	WP_205217404.1
OG0000335	WP_011070931.1	WP_240192018.1
OG0000337	WP_011073303.1	WP_205217681.1
OG0000338	WP_011071236.1, WP_011072304.1	WP_205217490.1
OG0000339	WP_011071571.1	WP_205220081.1
OG0000343	WP_011073906.1	WP_205217627.1
OG0000345	WP_164925834.1	WP_205217480.1
OG0000347	WP_011071237.1	WP_205219230.1
OG0000349	WP_011071293.1, WP_011073469.1	WP_205219748.1
OG0000352	WP_011071500.1	WP_205217504.1
OG0000353	WP_011071907.1	WP_205218764.1, WP_205219735.1
OG0000355	WP_011072812.1	WP_205218649.1
OG0000356	WP_011073744.1	WP_205218114.1
OG0000357	WP_011073698.1	WP_205219318.1
OG0000357	WP_011070483.1	WP_205217812.1
OG0000358	WP_011072420.1	WP_205218079.1
OG0000359	WP_011072820.1	WP_205218171.1
OG0000360	WP_007651015.1	WP_205217452.1
OG0000362	WP_011072049.1	WP_205217652.1
OG0000366	WP_011072246.1	WP_275888945.1
OG0000370	WP_011072355.1, WP_011073328.1, WP_011072369.1, WP_011073742.1, WP_011074161.1, WP_011072290.1	WP_240192102.1, WP_205217374.1
OG0000372	WP_011070445.1	WP_205218561.1, WP_205217324.1
OG0000373	WP_011070440.1	WP_205218559.1
OG0000374	WP_011071852.1	WP_205217711.1
OG0000378	WP_011072003.1	WP_205217728.1, WP_205217714.1
OG0000380	WP_011071378.1, WP_011071733.1, WP_011073704.1	WP_205220206.1
OG0000381	WP_011070926.1	WP_205217576.1
OG0000383	WP_011070809.1	WP_240191982.1, WP_205219660.1, WP_205219427.1
OG0000385	WP_164925904.1	WP_205220324.1
OG0000386	WP_011071344.1	WP_205219719.1, WP_205218041.1
OG0000388	WP_006081231.1	WP_205217746.1
OG0000389	WP_011072489.1, WP_011070448.1	WP_205217531.1
OG0000390	WP_011071396.1	WP_240192167.1
OG0000392	WP_011070947.1	WP_205218215.1
OG0000393	WP_011070464.1	WP_205218954.1
OG0000394	WP_011073054.1, WP_011073075.1	WP_205218909.1
OG0000395	WP_011072444.1	WP_205218155.1
OG0000397	WP_011070943.1	WP_205220277.1
OG0000398	WP_011071816.1	WP_205219765.1
OG0000399	WP_011074310.1, WP_164925796.1	WP_240192074.1
OG0000400	WP_011072977.1, WP_011073596.1	WP_205219816.1
OG0000401	WP_011072333.1	WP_205219368.1
OG0000403	WP_011073692.1	WP_205217733.1
OG0000404	WP_011071509.1	WP_205217616.1
OG0000406	WP_011073884.1	WP_205217506.1
OG0000407	WP_007647520.1	WP_205217713.1
OG0000408	WP_011073864.1	WP_205218451.1
OG0000409	WP_011071363.1	WP_205218129.1
OG0000410	WP_011071375.1	WP_205217356.1
OG0000411	WP_164925601.1, WP_011074142.1, WP_011072756.1	WP_240192044.1
OG0000413	WP_011073296.1	WP_205217469.1
OG0000414	WP_011071865.1	WP_205217875.1
OG0000418	WP_011072966.1	WP_205217768.1
OG0000419	WP_011072397.1	WP_205219837.1
OG0000420	WP_011073084.1	WP_240191999.1, WP_205217661.1
OG0000423	WP_164925682.1	WP_205218959.1
OG0000424	WP_011074411.1	WP_205218567.1
OG0000425	WP_011074325.1	WP_205220198.1
OG0000426	WP_011072924.1	WP_205220276.1
OG0000427	WP_011072306.1	WP_240191961.1
OG0000428	WP_011073691.1	WP_205217735.1
OG0000429	WP_011072763.1	WP_205218395.1
OG0000433	WP_011071889.1	WP_205219208.1
OG0000435	WP_011071672.1	WP_205220182.1
OG0000435	WP_011072708.1	WP_205217363.1
OG0000439	WP_011071906.1	WP_205219736.1
OG0000443	WP_011073208.1	WP_205217439.1
OG0000444	WP_011070433.1, WP_011074432.1, WP_011073269.1, WP_011071523.1	WP_240192150.1
OG0000449	WP_011071298.1	WP_205219769.1, WP_205220150.1
OG0000450	WP_011073846.1	WP_205220478.1, WP_205220431.1, WP_205220416.1, WP_205220414.1, WP_205218974.1, WP_205220421.1, WP_205220446.1, WP_205220441.1, WP_205220468.1, WP_205220443.1, WP_205220481.1, WP_205219079.1
OG0000457	WP_011074002.1	WP_240192041.1
OG0000458	WP_011072562.1	WP_205218916.1
OG0000459	WP_011073913.1	WP_205218112.1
OG0000460	WP_011072676.1	WP_205219183.1
OG0000461	WP_011071367.1	WP_205217709.1
OG0000462	WP_011073690.1	WP_205217736.1
OG0000463	WP_011071797.1	WP_205219782.1
OG0000464	WP_011070898.1	WP_205220375.1
OG0000464	WP_011072390.1	WP_205218619.1
OG0000466	WP_006080725.1	WP_205219574.1
OG0000467	WP_011072155.1	WP_275888973.1
OG0000468	WP_011070714.1	WP_205218748.1
OG0000469	WP_011073401.1	WP_205217491.1
OG0000470	WP_011072536.1, WP_011073891.1	WP_205218902.1
OG0000471	WP_011072667.1	WP_205218800.1
OG0000472	WP_011073223.1	WP_205218167.1
OG0000474	WP_011071577.1, WP_011071238.1	WP_240192159.1
OG0000475	WP_011073167.1	WP_240191922.1
OG0000476	WP_011071399.1	WP_205217449.1
OG0000477	WP_011074312.1	WP_205218449.1
OG0000478	WP_164925611.1	WP_205218261.1
OG0000479	WP_011072689.1	WP_275889017.1
OG0000480	WP_006081934.1	WP_205217922.1
OG0000484	WP_011070446.1, WP_011071740.1, WP_011072239.1	WP_205217459.1
OG0000485	WP_011072690.1	WP_240192151.1
OG0000486	WP_011073892.1	WP_240192058.1
OG0000487	WP_011071362.1	WP_205218131.1
OG0000488	WP_011073923.1, WP_011071649.1	WP_205218506.1
OG0000489	WP_011072308.1	WP_205219267.1
OG0000490	WP_011073738.1, WP_011072517.1	WP_205219099.1
OG0000491	WP_011073025.1	WP_205219120.1, WP_240192193.1
OG0000492	WP_011072105.1	WP_205219754.1
OG0000493	WP_011070602.1	WP_205217497.1
OG0000494	WP_011073291.1	WP_205218563.1
OG0000495	WP_011071232.1	WP_205218729.1
OG0000496	WP_011072269.1, WP_011072271.1	WP_205217666.1
OG0000497	WP_011070462.1	WP_240192032.1
OG0000498	WP_011070463.1, WP_011073289.1	WP_205218691.1
OG0000499	WP_011071680.1	WP_205218654.1
OG0000500	WP_011073302.1	WP_205217905.1
OG0000501	WP_011073979.1	WP_240192165.1
OG0000501	WP_011073650.1	WP_205217895.1
OG0000502	WP_011073914.1	WP_205218110.1
OG0000503	WP_011073940.1	WP_205220151.1
OG0000504	WP_011071374.1	WP_205217355.1
OG0000505	WP_011072417.1	WP_205219666.1
OG0000507	WP_011072805.1	WP_205217438.1
OG0000508	WP_011072950.1	WP_205218825.1
OG0000509	WP_011071177.1	WP_205218546.1
OG0000510	WP_164925926.1	WP_205218853.1
OG0000511	WP_011072320.1	WP_205218437.1
OG0000512	WP_011071575.1	WP_205219193.1
OG0000513	WP_011073166.1	WP_205217560.1
OG0000514	WP_011071796.1	WP_205218175.1
OG0000515	WP_011073016.1	WP_205219781.1
OG0000516	WP_011070666.1	WP_205217710.1
OG0000518	WP_011070475.1	WP_205218820.1
OG0000520	WP_011071914.1	WP_205220133.1
OG0000521	WP_011072700.1	WP_205219612.1
OG0000522	WP_011070929.1	WP_205218124.1, WP_205219455.1
OG0000523	WP_011071704.1	WP_205219825.1
OG0000525	WP_011072362.1	WP_205218361.1
OG0000526	WP_011072542.1	WP_205220125.1
OG0000527	WP_011071884.1	WP_205218165.1
OG0000528	WP_011071265.1, WP_011071395.1	WP_205217332.1
OG0000529	WP_011070851.1	WP_205218420.1
OG0000530	WP_011072392.1	WP_205218899.1
OG0000531	WP_011071357.1	WP_205219838.1
OG0000532	WP_011071368.1	WP_205218675.1
OG0000533	WP_011072568.1	WP_205217510.1
OG0000534	WP_011070880.1	WP_205219402.1
OG0000535	WP_011071476.1, WP_011071473.1	WP_205219617.1
OG0000536	WP_011071542.1	WP_240191994.1
OG0000537	WP_011073663.1	WP_205218142.1
OG0000538	WP_011073746.1	WP_205218780.1
OG0000539	WP_011072201.1	WP_205217783.1
OG0000540	WP_011073236.1	WP_205219210.1
OG0000541	WP_011072253.1	WP_205220164.1
OG0000541	WP_011071541.1, WP_011072254.1	WP_205219886.1
OG0000542	WP_011073694.1	WP_205217495.1
OG0000543	WP_011072926.1	WP_205220278.1
OG0000544	WP_011072157.1	WP_205218590.1
OG0000545	WP_011072102.1	WP_205217421.1
OG0000546	WP_011071505.1	WP_205219329.1
OG0000547	WP_011074097.1	WP_205219929.1
OG0000548	WP_011071430.1	WP_205217478.1
OG0000549	WP_011073367.1	WP_205220069.1
OG0000550	WP_164925726.1	WP_240192054.1
OG0000555	WP_011070543.1	WP_205219625.1
OG0000558	WP_011072569.1	WP_205219892.1
OG0000560	WP_011071253.1	WP_205217349.1
OG0000569	WP_011072791.1	WP_205219985.1
OG0000570	WP_011071815.1	WP_205217437.1
OG0000571	WP_011070592.1	WP_205217567.1
OG0000573	WP_011070600.1	WP_205220024.1
OG0000576	WP_011073695.1	WP_205220238.1
OG0000577	WP_011071502.1	WP_205219226.1
OG0000578	WP_011070425.1	WP_205218542.1
OG0000579	WP_011072382.1	WP_205218548.1
OG0000580	WP_011071401.1	WP_205219652.1
OG0000581	WP_011070605.1	WP_205217953.1
OG0000582	WP_011072691.1	WP_205217424.1
OG0000584	WP_011070420.1	WP_205218446.1
OG0000585	WP_011070421.1	WP_205218445.1
OG0000586	WP_011070423.1	WP_205218444.1
OG0000587	WP_011073319.1	WP_205219068.1
OG0000588	WP_011071543.1	WP_205218441.1
OG0000589	WP_011073895.1	WP_205219775.1
OG0000590	WP_011071782.1	WP_205218457.1
OG0000591	WP_011071988.1	WP_205219327.1
OG0000592	WP_011070797.1	WP_205219066.1
OG0000593	WP_011071160.1	WP_205218486.1
OG0000594	WP_164925584.1	WP_205217503.1
OG0000595	WP_011073680.1	WP_205218673.1
OG0000596	WP_011070930.1	WP_205218108.1
OG0000597	WP_011070933.1	WP_205218730.1
OG0000598	WP_011073908.1	WP_205217625.1
OG0000599	WP_006083042.1	WP_205218140.1
OG0000600	WP_011070456.1	WP_205217588.1
OG0000601	WP_011070650.1	WP_205219323.1
OG0000603	WP_011071702.1	WP_240191991.1
OG0000604	WP_011073440.1	WP_205219036.1
OG0000605	WP_011073439.1	WP_205219056.1
OG0000606	WP_011072376.1	WP_240192025.1
OG0000607	WP_164925802.1	WP_240191928.1
OG0000608	WP_011071703.1	WP_205217708.1
OG0000609	WP_011072357.1	WP_240192100.1
OG0000610	WP_011073188.1	WP_205217907.1
OG0000611	WP_011071421.1	WP_205219064.1
OG0000612	WP_011071798.1	WP_205218918.1
OG0000613	WP_006080791.1	WP_205218919.1
OG0000614	WP_011072032.1	WP_205217712.1
OG0000615	WP_011071784.1	WP_205217915.1
OG0000616	WP_011071786.1	WP_205217914.1
OG0000617	WP_011070618.1	WP_205217940.1
OG0000618	WP_011070620.1	WP_205217938.1
OG0000619	WP_006083596.1	WP_205217937.1
OG0000620	WP_006083595.1	WP_205217936.1
OG0000621	WP_011070621.1	WP_205217935.1
OG0000623	WP_011073687.1	WP_205219817.1
OG0000624	WP_007650346.1	WP_205218135.1
OG0000625	WP_011073451.1	WP_205218136.1
OG0000626	WP_011073399.1	WP_205219413.1
OG0000627	WP_011073042.1	WP_205217906.1
OG0000628	WP_011071409.1	WP_240191905.1
OG0000630	WP_011073225.1	WP_205217508.1
OG0000631	WP_011073224.1	WP_205217509.1
OG0000632	WP_011073222.1	WP_205219650.1
OG0000634	WP_011073362.1	WP_205219197.1
OG0000635	WP_011071429.1	WP_205219807.1
OG0000636	WP_011071283.1	WP_205218583.1
OG0000637	WP_011072714.1	WP_205217740.1
OG0000638	WP_011070724.1	WP_205219253.1
OG0000639	WP_011072734.1	WP_205219776.1
OG0000640	WP_011072733.1	WP_205218166.1
OG0000641	WP_011073048.1	WP_205218910.1
OG0000642	WP_011072310.1	WP_205219556.1
OG0000643	WP_011072175.1	WP_205219124.1
OG0000644	WP_011071416.1	WP_205220191.1
OG0000645	WP_011072241.1	WP_205219573.1
OG0000646	WP_011070601.1	WP_205217633.1
OG0000647	WP_011073899.1	WP_240191938.1
OG0000648	WP_011073903.1	WP_205217629.1
OG0000649	WP_011073601.1	WP_205219123.1
OG0000650	WP_011072929.1	WP_205219129.1
OG0000651	WP_238560600.1	WP_205220279.1
OG0000652	WP_011071706.1	WP_205219827.1
OG0000653	WP_011071555.1	WP_205219060.1
OG0000655	WP_011074260.1	WP_205217444.1
OG0000656	WP_011071432.1	WP_205217793.1
OG0000657	WP_011071433.1	WP_205217794.1
OG0000658	WP_011071436.1	WP_205217799.1
OG0000659	WP_011071437.1	WP_205217800.1
OG0000660	WP_006083052.1	WP_205217770.1
OG0000661	WP_011073682.1	WP_205217771.1
OG0000662	WP_011074308.1	WP_205219263.1
OG0000663	WP_011070907.1	WP_205218622.1
OG0000664	WP_011074083.1	WP_205218676.1
OG0000665	WP_011073514.1	WP_275888932.1
OG0000666	WP_011073620.1	WP_205219657.1
OG0000667	WP_011071021.1	WP_205218606.1
OG0000669	WP_011072767.1, WP_011071992.1	WP_240191924.1
OG0000670	WP_011072407.1	WP_205217618.1
OG0000671	WP_006079870.1	WP_205218683.1
OG0000672	WP_011073376.1	WP_205217501.1
OG0000673	WP_011074185.1	WP_240192152.1
OG0000674	WP_011074184.1	WP_205218740.1
OG0000675	WP_011074182.1	WP_205218692.1
OG0000676	WP_011074181.1	WP_205219061.1
OG0000677	WP_006083577.1	WP_205217919.1
OG0000678	WP_011070630.1	WP_205217920.1
OG0000679	WP_011071566.1	WP_205218924.1
OG0000680	WP_011073313.1	WP_205217962.1
OG0000681	WP_007644333.1	WP_205217948.1
OG0000682	WP_011070609.1	WP_205217949.1
OG0000684	WP_011074329.1	WP_205218432.1
OG0000685	WP_011070627.1	WP_205217925.1
OG0000686	WP_011072309.1	WP_205217901.1
OG0000687	WP_011070623.1	WP_205217930.1
OG0000688	WP_011070622.1	WP_205217932.1
OG0000689	WP_007644429.1	WP_205217933.1
OG0000690	WP_011073293.1	WP_205219394.1
OG0000691	WP_011070612.1	WP_205217945.1
OG0000692	WP_011070424.1	WP_205217519.1
OG0000693	WP_011070447.1	WP_205217532.1
OG0000694	WP_011070419.1	WP_240192014.1
OG0000695	WP_011072408.1	WP_205220187.1
OG0000696	WP_011071503.1	WP_205218821.1
OG0000697	WP_011073781.1	WP_205217482.1
OG0000698	WP_011070671.1	WP_205218917.1
OG0000699	WP_011070673.1	WP_205218967.1
OG0000700	WP_011073442.1	WP_205219191.1
OG0000701	WP_011073824.1	WP_205218997.1
OG0000702	WP_011070774.1	WP_205219051.1
OG0000703	WP_011070854.1	WP_205217726.1
OG0000704	WP_011073896.1	WP_205217636.1
OG0000705	WP_011073897.1	WP_205217635.1
OG0000706	WP_011073898.1	WP_205217634.1
OG0000707	WP_011073900.1	WP_205217631.1
OG0000708	WP_011073909.1	WP_205217624.1
OG0000709	WP_011074146.1	WP_205218732.1
OG0000710	WP_011072679.1	WP_240192073.1
OG0000711	WP_011071661.1	WP_205219390.1
OG0000712	WP_011073450.1	WP_205218133.1
OG0000713	WP_011073318.1	WP_205219117.1
OG0000714	WP_011073316.1	WP_205217749.1
OG0000715	WP_011073314.1	WP_205217963.1
OG0000716	WP_011073312.1	WP_205217961.1
OG0000717	WP_011070606.1	WP_205217952.1
OG0000718	WP_011070607.1	WP_205217951.1
OG0000719	WP_011070608.1	WP_205217950.1
OG0000720	WP_011070610.1	WP_205217947.1
OG0000721	WP_011070613.1	WP_205217944.1
OG0000722	WP_011070616.1	WP_240191960.1
OG0000723	WP_037421480.1	WP_205217939.1
OG0000724	WP_006083593.1	WP_205217934.1
OG0000725	WP_006083590.1	WP_205217931.1
OG0000726	WP_011070624.1	WP_205217929.1
OG0000727	WP_007644438.1	WP_205218008.1
OG0000728	WP_006083582.1	WP_205217924.1
OG0000729	WP_011070628.1	WP_240191959.1
OG0000730	WP_011070629.1	WP_205217923.1
OG0000731	WP_011070631.1	WP_205217918.1
OG0000732	WP_011070632.1	WP_205217917.1
OG0000733	WP_007644470.1	WP_205217916.1
OG0000734	WP_011073925.1	WP_205219096.1
OG0000735	WP_011073924.1	WP_205219189.1
OG0000737	WP_011071434.1	WP_205217796.1
OG0000738	WP_011073375.1	WP_205219331.1
OG0000739	WP_011071405.1	WP_205218143.1
OG0000740	WP_011074057.1	WP_275888967.1
OG0000741	WP_011071209.1	WP_205217496.1
OG0000743	WP_011073366.1	WP_205217968.1
OG0000744	WP_007651394.1	WP_205218674.1
OG0000745	WP_011073823.1	WP_205218152.1
OG0000746	WP_011071412.1	WP_205218726.1
OG0000747	WP_011070765.1	WP_205219812.1
OG0000748	WP_011073821.1	WP_205219814.1
OG0000749	WP_011072580.1	WP_205219618.1
OG0000750	WP_164925864.1	WP_205218595.1
OG0000751	WP_011072154.1	WP_240192028.1
OG0000752	WP_011074006.1	WP_205218564.1
OG0000753	WP_011072469.1	WP_205218989.1
OG0000754	WP_011073297.1	WP_205220236.1
OG0000755	WP_011073591.1	WP_205220237.1
OG0000756	WP_011071973.1	WP_205219133.1
OG0000758	WP_011072389.1	WP_240192022.1
OG0000759	WP_011072383.1	WP_205219052.1
OG0000760	WP_011072381.1	WP_205218807.1
OG0000761	WP_011072377.1	WP_205218558.1
OG0000762	WP_011070644.1	WP_205219620.1
OG0000763	WP_011073286.1	WP_205219621.1
OG0000764	WP_011073284.1	WP_205218425.1
OG0000766	WP_011071550.1	WP_205220395.1
OG0000767	WP_011071557.1	WP_205218656.1
OG0000768	WP_011071558.1	WP_205218690.1
OG0000769	WP_011071785.1	WP_275888946.1
OG0000770	WP_011071787.1	WP_205217913.1
OG0000771	WP_011071788.1	WP_205217912.1
OG0000772	WP_011071789.1	WP_205217911.1
OG0000773	WP_011071790.1	WP_205217910.1
OG0000774	WP_011071791.1	WP_205217909.1
OG0000775	WP_011071792.1	WP_240191916.1
OG0000776	WP_011071794.1	WP_205218177.1
OG0000777	WP_011071795.1	WP_205218176.1
OG0000779	WP_011071800.1	WP_205218735.1
OG0000780	WP_011071749.1, WP_011071820.1	WP_205218094.1
OG0000781	WP_011073035.1	WP_205217743.1
OG0000782	WP_011073287.1	WP_205218434.1
OG0000783	WP_011071159.1	WP_205218487.1
OG0000784	WP_011073172.1	WP_205218810.1
OG0000785	WP_011073171.1	WP_205218811.1
OG0000787	WP_011070935.1	WP_205219764.1
OG0000788	WP_011073678.1	WP_205220268.1
OG0000789	WP_011072712.1	WP_205219178.1
OG0000790	WP_011072561.1	WP_205217512.1
OG0000791	WP_011071065.1	WP_205218403.1
OG0000792	WP_011072680.1	WP_205219179.1
OG0000793	WP_011070932.1	WP_205220169.1
OG0000794	WP_011073191.1	WP_205218734.1
OG0000795	WP_011073184.1	WP_205218172.1
OG0000796	WP_011071705.1	WP_205219826.1
OG0000797	WP_011073173.1	WP_205219772.1
OG0000798	WP_011073009.1	WP_205218814.1
OG0000799	WP_011073010.1	WP_205219260.1
OG0000800	WP_011072962.1	WP_205219395.1
OG0000801	WP_011072965.1	WP_205217648.1
OG0000802	WP_011072968.1	WP_205220123.1
OG0000803	WP_011073915.1	WP_205217659.1
OG0000805	WP_202950643.1	WP_205217347.1
OG0000806	WP_011070467.1	WP_205218541.1
OG0000807	WP_011071415.1	WP_205219808.1
OG0000808	WP_011071579.1	WP_275888952.1
OG0000809	WP_011073282.1	WP_205219281.1
OG0000810	WP_011071545.1	WP_205218840.1
OG0000811	WP_011070778.1	WP_205219367.1
OG0000813	WP_011071913.1	WP_205219801.1
OG0000815	WP_011070798.1	WP_205219613.1
OG0000816	WP_011073227.1	WP_205218540.1
OG0000817	WP_011073228.1	WP_205218505.1
OG0000818	WP_011073777.1	WP_205219800.1
OG0000819	WP_011072582.1	WP_205218728.1
OG0000820	WP_011072999.1	WP_205219113.1
OG0000822	WP_011073801.1	WP_205217451.1
OG0000823	WP_011071398.1	WP_205217448.1
OG0000824	WP_011070431.1	WP_205218778.1
OG0000825	WP_011070430.1	WP_205218679.1
OG0000826	WP_011070886.1, WP_011072282.1, WP_011072232.1	WP_205219491.1
OG0000827	WP_011072150.1	WP_205218948.1
OG0000828	WP_011072149.1	WP_205218949.1
OG0000829	WP_006081652.1	WP_205218950.1
OG0000830	WP_011072303.1	WP_205218951.1
OG0000831	WP_011072302.1	WP_205218952.1
OG0000832	WP_011072301.1	WP_205218953.1
OG0000833	WP_011071275.1	WP_205217756.1
OG0000834	WP_011071428.1	WP_205217358.1
OG0000836	WP_011074274.1	WP_205220071.1
OG0000837	WP_011073597.1	WP_205219815.1
OG0000838	WP_011073598.1	WP_205219040.1
OG0000839	WP_011073600.1	WP_205219122.1
OG0000841	WP_011071454.1	WP_205218340.1
OG0000842	WP_011073662.1	WP_205218996.1
OG0000843	WP_011073672.1	WP_205218141.1
OG0000844	WP_011071568.1	WP_205218921.1
OG0000845	WP_011071567.1	WP_275888983.1
OG0000846	WP_011071565.1	WP_205218925.1
OG0000848	WP_011071402.1	WP_240191979.1
OG0000849	WP_011073799.1	WP_240191947.1
OG0000850	WP_011073702.1	WP_205217326.1
OG0000851	WP_011073699.1	WP_205219317.1
OG0000852	WP_011072140.1	WP_205217657.1
OG0000853	WP_011072138.1	WP_205217772.1
OG0000854	WP_011072134.1	WP_205218958.1
OG0000855	WP_011070647.1	WP_205217769.1
OG0000856	WP_011074259.1	WP_205218960.1
OG0000858	WP_011072100.1	WP_205217517.1
OG0000859	WP_011074328.1	WP_205219545.1
OG0000860	WP_011074331.1	WP_205218430.1
OG0000861	WP_011074339.1	WP_205217658.1
OG0000862	WP_011074340.1	WP_205218442.1
OG0000863	WP_011070478.1	WP_205220211.1
OG0000864	WP_011070664.1	WP_205217502.1
OG0000865	WP_011070651.1	WP_205219324.1
OG0000866	WP_011073972.1	WP_205219407.1
OG0000867	WP_011071513.1	WP_205217488.1
OG0000868	WP_011072677.1	WP_205219182.1
OG0000869	WP_011070611.1	WP_205217946.1
OG0000870	WP_011072267.1	WP_205217521.1
OG0000871	WP_011071439.1	WP_205217801.1
OG0000872	WP_164925631.1	WP_240191904.1
OG0000873	WP_011073365.1	WP_205219176.1
OG0000874	WP_011072288.1	WP_205220074.1
OG0000875	WP_164925707.1	WP_205217774.1
OG0000876	WP_011072699.1	WP_205220208.1
OG0000877	WP_011073189.1	WP_205219035.1
OG0000878	WP_011071077.1	WP_205220135.1
OG0000879	WP_011071578.1	WP_205218122.1
OG0000881	WP_011074056.1	WP_205220014.1
OG0000882	WP_011071526.1	WP_205219246.1
OG0000884	WP_011073008.1	WP_205218815.1
OG0000885	WP_011071212.1	WP_205217479.1
OG0000886	WP_011072563.1	WP_275889010.1
OG0000889	WP_011073575.1	WP_205218536.1
OG0000890	WP_164925658.1	WP_205218159.1
OG0000891	WP_011070422.1	WP_240192013.1
OG0000892	WP_011072406.1	WP_240191934.1
OG0000893	WP_011073902.1	WP_205217630.1
OG0000894	WP_011071915.1	WP_205218892.1
OG0000895	WP_011073967.1	WP_205219326.1
OG0000896	WP_011071261.1	WP_205217667.1
OG0000898	WP_011073310.1	WP_275888936.1
OG0000899	WP_011072098.1	WP_205219137.1
OG0000900	WP_011073931.1	WP_205219251.1
OG0000904	WP_011070639.1, WP_011070832.1	WP_205218653.1
OG0000906	WP_011073004.1	WP_205219038.1
OG0000907	WP_011072361.1	WP_205218271.1, WP_205217453.1
OG0000913	WP_011074305.1	WP_205217455.1
OG0000916	WP_011071226.1	WP_205219358.1, WP_205217529.1
OG0000921	WP_011073077.1	WP_205218751.1
OG0000922	WP_011072424.1, WP_011070816.1	WP_205220011.1
OG0000928	WP_011073038.1, WP_011073037.1	WP_205220137.1
OG0000930	WP_011070869.1	WP_205218380.1
OG0000931	WP_011071294.1	WP_205220385.1, WP_205218075.1
OG0000935	WP_011073874.1	WP_205219071.1
OG0000937	WP_011073920.1	WP_205218286.1
OG0000939	WP_011073586.1	WP_205219299.1, WP_205218901.1
OG0000941	WP_011072468.1	WP_205219442.1
OG0000943	WP_011071295.1	WP_205218074.1, WP_205220386.1
OG0000952	WP_011071701.1	WP_205218336.1
OG0000957	WP_011071694.1	WP_240192057.1
OG0000958	WP_011074323.1	WP_205219033.1
OG0000959	WP_011073083.1	WP_205220091.1
OG0000962	WP_011071400.1	WP_205218157.1
OG0000967	WP_011072285.1	WP_205218071.1
OG0000968	WP_011073674.1	WP_205218139.1
OG0000969	WP_011071083.1	WP_240191933.1
OG0000970	WP_011073218.1, WP_164925680.1	WP_205217447.1
OG0000976	WP_011072922.1	WP_205220108.1
OG0000977	WP_011071875.1	WP_240191990.1
OG0000978	WP_011070617.1	WP_205217941.1
OG0000979	WP_164925847.1	WP_240192011.1
OG0000981	WP_011074337.1	WP_205218246.1
OG0000982	WP_011071987.1	WP_205217514.1
OG0000984	WP_011071124.1	WP_205218347.1
OG0000992	WP_011072405.1	WP_205217619.1
OG0000994	WP_006083579.1	WP_205217921.1
OG0000995	WP_007644434.1	WP_205217927.1
OG0000999	WP_011073020.1	WP_240191974.1
OG0001000	WP_011070626.1	WP_205217926.1
OG0001001	WP_011072235.1	WP_205218631.1
OG0001002	WP_011071435.1	WP_205217797.1
OG0001003	WP_011073309.1	WP_205219272.1
OG0001004	WP_011072574.1	WP_205218801.1
OG0001005	WP_011072575.1	WP_205218802.1
OG0001006	WP_011071022.1	WP_205218607.1
OG0001008	WP_011070820.1	WP_205219798.1
OG0001009	WP_011073576.1	WP_205219797.1
OG0001010	WP_011071534.1	WP_205217410.1
OG0001011	WP_011074007.1	WP_205218109.1
OG0001012	WP_011074022.1	WP_205218851.1
OG0001013	WP_011074031.1	WP_205218845.1
OG0001015	WP_011071916.1	WP_205218893.1
OG0001016	WP_011071917.1	WP_205218894.1
OG0001018	WP_011071559.1	WP_205219034.1
OG0001019	WP_011073034.1	WP_205217744.1
OG0001023	WP_202950653.1	WP_205220189.1
OG0001024	WP_011072590.1	WP_205218063.1
OG0001026	WP_011072549.1	WP_205219199.1
OG0001027	WP_011074050.1	WP_205219238.1
OG0001028	WP_011072715.1	WP_205217739.1
OG0001029	WP_011072099.1	WP_205219136.1
OG0001031	WP_011073398.1	WP_205220262.1
OG0001036	WP_011071067.1	WP_205218424.1
OG0001039	WP_011071441.1	WP_205218908.1
OG0001042	WP_011071282.1	WP_240192027.1
OG0001043	WP_011071431.1	WP_205217477.1
OG0001044	WP_006079871.1	WP_205217954.1
OG0001045	WP_011073857.1	WP_205219830.1
OG0001048	WP_011072263.1	WP_205217646.1
OG0001050	WP_011070873.1	WP_205220040.1
OG0001051	WP_164925908.1	WP_205219548.1
OG0001052	WP_011072202.1	WP_205217782.1
OG0001055	WP_011071514.1	WP_205218790.1
OG0001057	WP_011072803.1	WP_240191907.1
OG0001058	WP_011073856.1	WP_205219829.1
OG0001063	WP_011072556.1	WP_205218344.1
OG0001066	WP_011072404.1	WP_205217620.1
OG0001070	WP_011071408.1	WP_205217344.1
OG0001073	WP_164925959.1	WP_205219270.1, WP_205217389.1
OG0001081	WP_011071599.1	WP_205217896.1
OG0001082	WP_011072827.1	WP_205218761.1
OG0001085	WP_011070875.1	WP_205218232.1
OG0001086	WP_011073941.1, WP_011070876.1	WP_205218233.1
OG0001088	WP_011072570.1	WP_205219393.1
OG0001089	WP_011072949.1	WP_205218824.1
OG0001093	WP_011071888.1	WP_205219209.1
OG0001094	WP_011072416.1	WP_205219667.1
OG0001095	WP_011071372.1, WP_011070831.1, WP_011071319.1, WP_011071597.1	WP_205217903.1
OG0001100	WP_011071908.1	WP_205219119.1
OG0001104	WP_011073298.1	WP_205218137.1
OG0001107	WP_011072442.1	WP_205219774.1
OG0001108	WP_011071531.1	WP_205218072.1
OG0001109	WP_011071297.1	WP_205218073.1
OG0001110	WP_011071296.1	WP_205218076.1
OG0001115	WP_011073192.1	WP_205218647.1, WP_240192161.1
OG0001116	WP_011071228.1	WP_205218749.1
OG0001118	WP_011072698.1	WP_205219984.1
OG0001119	WP_011071038.1	WP_205219854.1, WP_205218906.1
OG0001120	WP_011072242.1	WP_205217775.1
OG0001121	WP_011070513.1	WP_205218876.1
OG0001122	WP_164925909.1	WP_205218126.1
OG0001126	WP_011073623.1	WP_205220194.1
OG0001130	WP_011071045.1	WP_205219957.1, WP_205218091.1, WP_205220140.1
OG0001131	WP_164925752.1	WP_205219088.1
OG0001133	WP_011072487.1, WP_011072208.1, WP_011072110.1	WP_205217996.1
OG0001135	WP_011073351.1	WP_205217821.1
OG0001136	WP_193378418.1	WP_205217366.1
OG0001141	WP_011073927.1, WP_011074381.1, WP_011074214.1, WP_011071835.1, WP_164925700.1, WP_011074150.1, WP_011073719.1, WP_011070944.1, WP_011071716.1, WP_011071522.1	WP_205218977.1
OG0001143	WP_011073641.1	WP_205218381.1
OG0001145	WP_011070773.1	WP_205219811.1
OG0001158	WP_011073505.1	WP_205219231.1
OG0001161	WP_011073317.1	WP_205217748.1
OG0001162	WP_011073836.1	WP_205218244.1
OG0001163	WP_011070625.1	WP_205217928.1
OG0001164	WP_011073767.1	WP_205219342.1, WP_205220384.1
OG0001165	WP_011070792.1	WP_205217655.1
OG0001166	WP_011070659.1	WP_205218669.1
OG0001167	WP_011070739.1	WP_205218642.1
OG0001168	WP_011074034.1	WP_205218850.1
OG0001169	WP_011074030.1	WP_205218846.1
OG0001170	WP_011070743.1	WP_240192184.1, WP_205220045.1
OG0001179	WP_011073930.1	WP_205218693.1
OG0001186	WP_011073246.1	WP_205219658.1
OG0001188	WP_011072572.1	WP_205220271.1
OG0001189	WP_164925866.1	WP_205217785.1
OG0001190	WP_011070675.1	WP_205219672.1
OG0001192	WP_011072762.1	WP_205218397.1
OG0001194	WP_011072273.1	WP_205220267.1
OG0001195	WP_011072177.1	WP_205217682.1
OG0001196	WP_011071411.1	WP_205218887.1
OG0001203	WP_011070468.1	WP_205217393.1
OG0001204	WP_011072832.1	WP_240192133.1
OG0001205	WP_011072830.1	WP_205219792.1
OG0001218	WP_238560547.1	WP_205219508.1
OG0001220	WP_011073814.1	WP_205218783.1
OG0001228	WP_164925813.1	WP_205220154.1
OG0001238	WP_011073014.1, WP_011073570.1	WP_205217329.1
OG0001239	WP_164925911.1	WP_205218179.1
OG0001240	WP_011073211.1	WP_205217716.1
OG0001241	WP_011074047.1	WP_205217456.1
OG0001247	WP_011070679.1	WP_205217403.1
OG0001249	WP_011073198.1	WP_205220007.1
OG0001266	WP_011070547.1	WP_205219820.1
OG0001267	WP_011074089.1	WP_205218239.1, WP_205218238.1, WP_205218021.1
OG0001273	WP_011070810.1	WP_205219430.1
OG0001275	WP_011073786.1	WP_205218955.1
OG0001283	WP_011072785.1	WP_205218145.1
OG0001292	WP_011073681.1	WP_205220207.1
OG0001294	WP_011073614.1	WP_205218150.1
OG0001309	WP_011072338.1	WP_205218154.1
OG0001311	WP_011073408.1	WP_205219264.1
OG0001314	WP_011072781.1	WP_205217407.1
OG0001315	WP_011072429.1, WP_011072430.1, WP_011073850.1	WP_205219218.1
OG0001319	WP_011073359.1	WP_205220323.1
OG0001330	WP_011071425.1	WP_205219098.1
OG0001332	WP_011073438.1	WP_205218173.1
OG0001340	WP_011072573.1	WP_205219265.1
OG0001343	WP_011074090.1	WP_205219987.1
OG0001347	WP_011073577.1	WP_275888977.1
OG0001348	WP_011073331.1	WP_240192042.1
OG0001350	WP_011070655.1	WP_240192040.1
OG0001351	WP_011070654.1	WP_205218787.1
OG0001353	WP_011074021.1	WP_205218857.1
OG0001355	WP_011072388.1	WP_205218733.1
OG0001356	WP_011071084.1	WP_205217577.1
OG0001357	WP_011070560.1	WP_205218368.1
OG0001362	WP_011072176.1	WP_240191949.1
OG0001363	WP_011072373.1	WP_205218911.1
OG0001364	WP_011073584.1	WP_205219802.1
OG0001365	WP_011072454.1	WP_205218862.1
OG0001368	WP_011071501.1	WP_205217563.1
OG0001374	WP_011072453.1	WP_205218861.1
OG0001375	WP_011074280.1	WP_205218258.1
OG0001378	WP_011073216.1	WP_240191981.1
OG0001379	WP_011070653.1	WP_205218788.1
OG0001382	WP_011071082.1	WP_205217580.1
OG0001385	WP_011074023.1	WP_205218858.1
OG0001388	WP_011070913.1	WP_205218085.1, WP_205217417.1, WP_205217869.1, WP_205219504.1
OG0001389	WP_164925684.1	WP_240192109.1
OG0001391	WP_011074319.1	WP_205217592.1
OG0001395	WP_011073271.1	WP_205219653.1
OG0001409	WP_011070856.1	WP_205217398.1
OG0001411	WP_011073390.1	WP_240191973.1
OG0001421	WP_011072224.1	WP_205218511.1
OG0001428	WP_011071965.1	WP_240192023.1
OG0001440	WP_011073215.1	WP_205218095.1
OG0001441	WP_011070959.1	WP_205217343.1
OG0001445	WP_011070574.1	WP_205217522.1
OG0001469	WP_011073829.1	WP_205218374.1
OG0001472	WP_011074256.1	WP_205217397.1
OG0001481	WP_164925719.1	WP_205217732.1
OG0001521	WP_011072384.1, WP_011072337.1	WP_205218568.1
OG0001523	WP_011072748.1	WP_205217700.1, WP_205220023.1
OG0001528	WP_011071954.1	WP_205220200.1
OG0001535	WP_011070807.1	WP_275888941.1
OG0001546	WP_011072036.1	WP_205217565.1
OG0001548	WP_011073259.1, WP_011071743.1	WP_205219017.1
OG0001553	WP_011071148.1	WP_205217582.1
OG0001556	WP_011071535.1	WP_205220227.1, WP_205218265.1
OG0001558	WP_011071894.1	WP_205220153.1, WP_205219607.1
OG0001559	WP_011070556.1, WP_011073727.1, WP_011072045.1, WP_011071202.1, WP_011073391.1	WP_205219966.1
OG0001576	WP_011071278.1	WP_205218579.1
OG0001579	WP_011074361.1	WP_205218979.1
OG0001591	WP_011073936.1, WP_011071650.1	WP_205218698.1
OG0001599	WP_011071993.1	WP_205219269.1
OG0001602	WP_011070545.1	WP_240191993.1
OG0001603	WP_011073926.1	WP_205218941.1
OG0001605	WP_011072009.1	WP_205218860.1
OG0001606	WP_011070466.1	WP_205218781.1
OG0001608	WP_011072018.1	WP_205217539.1
OG0001609	WP_011072683.1	WP_205220015.1
OG0001610	WP_011071276.1	WP_205218577.1
OG0001611	WP_011071281.1	WP_205218582.1
OG0001615	WP_011072114.1	WP_205218799.1
OG0001619	WP_011072423.1	WP_205218574.1
OG0001625	WP_011070719.1	WP_205217381.1, WP_205219505.1
OG0001626	WP_011071563.1, WP_011074008.1, WP_011072744.1	WP_275888944.1
OG0001634	WP_011074026.1	WP_205218843.1
OG0001641	WP_164925720.1	WP_205219042.1
OG0001658	WP_011072410.1	WP_205219029.1
OG0001659	WP_011072411.1	WP_205219022.1
OG0001666	WP_011072225.1	WP_205218512.1
OG0001669	WP_011072375.1	WP_205220018.1
OG0001670	WP_011072990.1	WP_205218520.1
OG0001671	WP_011072988.1	WP_205218518.1
OG0001680	WP_011070767.1	WP_205218806.1
OG0001693	WP_011071358.1	WP_240192096.1
OG0001700	WP_011073447.1	WP_205218371.1
OG0001725	WP_011073523.1	WP_205218291.1
OG0001726	WP_011073522.1	WP_205218290.1
OG0001729	WP_011070591.1	WP_205218348.1
OG0001745	WP_011071877.1	WP_205218146.1
OG0001746	WP_011071876.1	WP_205218147.1
OG0001755	WP_011072251.1	WP_205218153.1
OG0001756	WP_011074252.1	WP_205218156.1
OG0001769	WP_011071394.1	WP_205217645.1
OG0001774	WP_011070561.1	WP_205219614.1
OG0001776	WP_011072078.1	WP_205219142.1
OG0001777	WP_011071366.1	WP_205217420.1
OG0001799	WP_011071037.1	WP_205218362.1
OG0001802	WP_011073436.1, WP_011071964.1	WP_205218741.1
OG0001812	WP_011073996.1	WP_205220300.1, WP_205220241.1
OG0001822	WP_011074334.1	WP_205218057.1
OG0001827	WP_164925810.1, WP_011073964.1	WP_205220195.1
OG0001829	WP_011074360.1	WP_205220088.1, WP_205219307.1, WP_205218980.1
OG0001834	WP_011072512.1, WP_011072260.1	WP_205219836.1
OG0001837	WP_011070458.1	WP_205217719.1
OG0001838	WP_011070695.1	WP_205217804.1
OG0001840	WP_011072804.1	WP_205217595.1
OG0001843	WP_011073938.1	WP_205218697.1
OG0001850	WP_011071105.1	WP_205220166.1
OG0001860	WP_011073573.1	WP_205217334.1
OG0001862	WP_011979515.1	WP_240192047.1, WP_205220461.1
OG0001902	WP_011071874.1	WP_205218551.1
OG0001967	WP_011070900.1	WP_205220132.1
OG0002029	WP_037422212.1	WP_205218318.1
OG0002036	WP_011071679.1	WP_205218934.1
OG0002047	WP_011071689.1	WP_205217983.1
OG0002062	WP_011071839.1	WP_205218754.1
OG0002068	WP_011072979.1	WP_205217303.1
OG0002074	WP_011071748.1	WP_240192103.1
OG0002076	WP_011073561.1	WP_205217473.1, WP_205218272.1
OG0002078	WP_011070439.1	WP_205217670.1
OG0002079	WP_011074301.1	WP_205217675.1
OG0002080	WP_011072447.1, WP_011070701.1, WP_011071272.1	WP_205218214.1, WP_205218216.1
OG0002082	WP_011072543.1	WP_205218322.1
OG0002083	WP_011072196.1	WP_205218702.1
OG0002086	WP_011071700.1	WP_205219512.1
OG0002088	WP_011071491.1	WP_205219876.1
OG0002089	WP_011071333.1	WP_205220009.1
OG0002090	WP_011071092.1	WP_205220107.1
OG0002091	WP_011071361.1, WP_011071463.1	WP_205220136.1
OG0002092	WP_011073338.1	WP_240192088.1
OG0002121	WP_011070741.1	WP_205218254.1
OG0002123	WP_011070740.1	WP_205218641.1
OG0002125	WP_011073633.1	WP_205217468.1
OG0002128	WP_011073490.1	WP_205220130.1
OG0002136	WP_011070742.1	WP_240192035.1
OG0002143	WP_011071123.1	WP_205218327.1
OG0002151	WP_011070469.1	WP_205220043.1
OG0002164	WP_011070685.1	WP_205219785.1
OG0002171	WP_011072238.1	WP_205219349.1
OG0002189	WP_011072011.1	WP_205217551.1
OG0002273	WP_011070815.1	WP_240192137.1
OG0002303	WP_011071980.1	WP_205218107.1
OG0002334	WP_011071231.1	WP_205218659.1
OG0002354	WP_011071324.1	WP_205218328.1
OG0002362	WP_011073079.1	WP_205219998.1
OG0002370	WP_011072054.1	WP_205217544.1
OG0002371	WP_011070586.1, WP_011073649.1	WP_205217668.1
OG0002372	WP_011071096.1	WP_205217701.1
OG0002375	WP_011073036.1	WP_205218083.1, WP_205218409.1
OG0002376	WP_011073564.1	WP_205219584.1, WP_205218087.1, WP_205218245.1
OG0002382	WP_011071751.1	WP_205218383.1
OG0002384	WP_011070790.1	WP_205218792.1, WP_240191963.1
OG0002388	WP_011074029.1	WP_205218842.1
OG0002391	WP_011072244.1	WP_205219104.1
OG0002392	WP_011072443.1	WP_205219207.1
OG0002393	WP_011073956.1	WP_205219234.1
OG0002395	WP_011073670.1	WP_205219526.1
OG0002439	WP_011072117.1	WP_240192050.1
OG0002440	WP_011071465.1	WP_205217338.1
OG0002446	WP_011072516.1	WP_205217322.1
OG0002455	WP_011071451.1	WP_205219980.1
OG0002462	WP_011071171.1	WP_205217546.1
OG0002680	WP_011071601.1	WP_205218321.1
OG0002734	WP_011071268.1, WP_011071269.1, WP_011074435.1, WP_011071628.1	WP_205217987.1
OG0002736	WP_011073388.1	WP_205218332.1
OG0002738	WP_011074009.1	WP_205218382.1
OG0002739	WP_011072737.1	WP_205218398.1
OG0002741	WP_011072012.1	WP_205218556.1
OG0002742	WP_011072223.1	WP_205218601.1
OG0002743	WP_011071365.1	WP_205218710.1
OG0002748	WP_011073569.1	WP_205219401.1
OG0002755	WP_011071125.1	WP_205219927.1
OG0002757	WP_011070691.1	WP_205220119.1
OG0002822	WP_011071487.1	WP_205218417.1
OG0002861	WP_011072579.1	WP_205219794.1
OG0002934	WP_011073736.1	WP_205218940.1
OG0002979	WP_011073148.1	WP_205219154.1
OG0003093	WP_011071761.1	WP_205220232.1
OG0003163	WP_011071840.1	WP_205217390.1
OG0003164	WP_011073428.1	WP_205217394.1
OG0003165	WP_164925718.1	WP_205217402.1
OG0003169	WP_011071255.1	WP_205217549.1
OG0003174	WP_238560486.1, WP_076611923.1	WP_205219579.1, WP_205218105.1
OG0003175	WP_011071495.1	WP_205218210.1
OG0003176	WP_011072537.1	WP_205218218.1, WP_275888974.1
OG0003177	WP_011074049.1	WP_205218228.1
OG0003194	WP_164925699.1	WP_205218885.1
OG0003196	WP_011070520.1	WP_205219135.1
OG0003198	WP_011074224.1	WP_205219174.1
OG0003200	WP_011071685.1	WP_205219520.1
OG0003202	WP_011073676.1	WP_205219639.1
OG0003208	WP_238560542.1, WP_011071763.1	WP_205219958.1
OG0003210	WP_164925960.1	WP_205220085.1
OG0003218	WP_011073417.1, WP_011074246.1	WP_275889036.1
OG0003420	WP_238560534.1	WP_205217446.1
OG0003421	WP_011070480.1	WP_205217445.1
OG0003424	WP_011070927.1	WP_205218049.1
OG0003522	WP_238560602.1	WP_205220025.1
OG0003537	WP_011073559.1	WP_205219507.1
OG0003538	WP_011073560.1	WP_205219506.1
OG0003726	WP_274544484.1	WP_205219882.1
OG0003794	WP_164925619.1	WP_205218195.1
OG0003824	WP_011073875.1	WP_205217515.1
OG0003835	WP_011071999.1	WP_205217790.1
OG0003836	WP_011071086.1	WP_205217867.1
OG0003848	WP_011070538.1	WP_205218320.1
OG0003854	WP_011072609.1	WP_205218819.1
OG0003869	WP_011071944.1	WP_205219916.1
OG0003870	WP_238560503.1	WP_205219928.1
OG0004912	WP_011072730.1	WP_205217335.1
OG0004918	WP_011073562.1	WP_205217474.1
OG0004931	WP_011073551.1	WP_205218084.1
OG0004936	WP_011074344.1	WP_205218227.1
OG0004956	WP_011073449.1	WP_205219049.1
OG0004957	WP_011073448.1	WP_205219050.1
OG0004969	WP_011071895.1	WP_205219363.1
OG0004985	WP_011071106.1	WP_205219787.1
OG0004995	WP_011072261.1	WP_205219949.1
OG0005009	WP_011073348.1	WP_205220252.1
OG0005019	WP_011073565.1	WP_240191931.1
OG0005022	WP_011072797.1	WP_240192098.1
