Orthogroup	Shewanella oneidensis MR-1	Desulfocapsa_13_biocide
OG0000000	WP_011073030.1	Utg860814_23
OG0000000	WP_011074304.1	Utg859236_95, Utg857152_211
OG0000000	WP_011074101.1	Utg863716_60, Utg857046_66
OG0000000	WP_011074107.1	Utg861744_76
OG0000000	WP_011072957.1	Utg857076_7
OG0000001	WP_011074067.1, WP_011073330.1	Utg863716_50
OG0000001	WP_011071093.1	Utg861448_49
OG0000001	WP_011070909.1	Utg860814_100
OG0000001	WP_011072190.1	Utg857300_46
OG0000001	WP_011073890.1	Utg857300_26
OG0000001	WP_011073536.1, WP_011072697.1	Utg857994_39
OG0000002	WP_011071850.1	Utg862138_35
OG0000002	WP_011071977.1, WP_011070837.1	Utg860006_9
OG0000002	WP_011071490.1	Utg859076_23
OG0000002	WP_011071049.1	Utg862138_47
OG0000002	WP_011071300.1	Utg861744_15, Utg857994_102
OG0000003	WP_011073164.1	Utg861744_3
OG0000004	WP_011073049.1, WP_011073640.1	Utg859236_110, Utg859098_372, Utg857682_27, Utg861744_9, Utg860814_122, Utg857152_136, Utg857682_26, Utg860814_35, Utg860814_38, Utg858494_71, Utg857994_41, Utg858432_88, Utg860814_202, Utg859236_73, Utg857994_124, Utg859982_119
OG0000005	WP_011072501.1	Utg857152_208
OG0000005	WP_011071458.1	Utg859982_207
OG0000005	WP_164925775.1	Utg858432_84
OG0000006	WP_011071478.1	Utg860006_155
OG0000006	WP_011072496.1, WP_011073589.1, WP_011073842.1, WP_238560533.1	Utg863716_8
OG0000006	WP_011072409.1	Utg863716_120
OG0000006	WP_011070785.1, WP_011070706.1, WP_011072981.1	Utg858494_73
OG0000007	WP_011074183.1	Utg858432_132
OG0000007	WP_164925702.1	Utg862138_39
OG0000007	WP_011071147.1	Utg857076_16
OG0000008	WP_011072998.1	Utg861744_12, Utg857076_45
OG0000008	WP_011072024.1	Utg857152_123
OG0000008	WP_011073334.1	Utg859388_41
OG0000008	WP_011074282.1	Utg859098_370
OG0000009	WP_011071150.1, WP_011073726.1	Utg860814_183, Utg858432_86
OG0000009	WP_164925773.1	Utg864866_20
OG0000011	WP_011073029.1	Utg860814_134, Utg857046_16, Utg859982_61, Utg859236_66, Utg857682_167
OG0000012	WP_011073115.1	Utg864866_48, Utg864866_49
OG0000012	WP_011074303.1	Utg857046_150
OG0000013	WP_011073862.1	Utg864866_75
OG0000013	WP_011073853.1, WP_011071620.1	Utg863716_117
OG0000014	WP_011074106.1	Utg859076_41
OG0000014	WP_011073413.1	Utg857994_28
OG0000014	WP_011074069.1	Utg861744_121, Utg861744_120
OG0000015	WP_011072514.1	Utg859388_25, Utg862138_18
OG0000016	WP_011072313.1, WP_011072183.1	Utg859236_123
OG0000016	WP_011072497.1	Utg857152_131
OG0000017	WP_011071143.1	Utg860006_13, Utg860006_18
OG0000017	WP_011070777.1, WP_011071144.1, WP_011073357.1	Utg860006_11
OG0000017	WP_011073454.1, WP_011073854.1, WP_011073556.1, WP_011073807.1, WP_011071407.1, WP_011073808.1	Utg859388_110, Utg859388_121
OG0000018	WP_011073068.1	Utg859098_213, Utg860006_167, Utg859098_43, Utg860006_169
OG0000019	WP_011071727.1	Utg864866_31
OG0000019	WP_011074105.1	Utg859076_43
OG0000019	WP_011072402.1, WP_011073412.1	Utg859076_49
OG0000020	WP_011070833.1	Utg859098_133, Utg866558_48, Utg859098_147
OG0000020	WP_011074129.1, WP_011074133.1	Utg857300_36
OG0000021	WP_011071923.1	Utg859098_363
OG0000022	WP_011071803.1, WP_011072720.1	Utg859098_220, Utg863716_101, Utg859236_119, Utg859388_124
OG0000024	WP_011073749.1	Utg863716_104
OG0000026	WP_006084975.1, WP_011070442.1	Utg857152_94
OG0000027	WP_011074132.1, WP_011074128.1	Utg857300_34
OG0000027	WP_011070509.1	Utg857046_153
OG0000027	WP_011071257.1	Utg859388_156, Utg863716_16
OG0000029	WP_011074043.1, WP_011073001.1	Utg859750_95
OG0000030	WP_011071301.1	Utg861744_16, Utg857994_103
OG0000032	WP_011074076.1	Utg857300_30
OG0000033	WP_011070784.1	Utg857682_66
OG0000033	WP_011074290.1	Utg860814_171
OG0000034	WP_011073333.1	Utg859388_40, Utg859388_39
OG0000034	WP_011074281.1	Utg859098_369
OG0000035	WP_011071477.1	Utg859388_146
OG0000035	WP_011074169.1, WP_011070429.1	Utg863716_35, Utg861448_17, Utg857076_40, Utg857152_33
OG0000036	WP_011073027.1	Utg857682_165, Utg859982_60, Utg859236_64
OG0000037	WP_238560573.1	Utg857994_225, Utg859098_26, Utg857300_65, Utg857490_34, Utg857300_66, Utg858494_24, Utg858494_27, Utg858494_13, Utg858494_23
OG0000038	WP_011073885.1, WP_011073886.1	Utg860006_50, Utg860814_278, Utg860814_277
OG0000039	WP_011071747.1	Utg860006_93
OG0000040	WP_011071891.1, WP_011073960.1	Utg859098_48, Utg860006_147
OG0000040	WP_011072056.1	Utg857046_175
OG0000041	WP_011071116.1	Utg857682_137
OG0000043	WP_011073456.1	Utg857300_6, Utg859236_121, Utg860814_118, Utg859750_58, Utg860814_180
OG0000047	WP_164925892.1	Utg858432_158, Utg857046_163, Utg857994_168
OG0000049	WP_011073706.1, WP_011073980.1, WP_164925751.1, WP_011073209.1	Utg857152_93
OG0000052	WP_011074450.1, WP_011071675.1	Utg859982_225, Utg857076_61, Utg857682_28, Utg857046_241, Utg857994_129, Utg857152_135
OG0000053	WP_164925924.1	Utg859388_13
OG0000053	WP_011073632.1	Utg859432_19
OG0000053	WP_011071230.1	Utg857046_30
OG0000056	WP_011072681.1	Utg859098_380
OG0000058	WP_164925641.1	Utg860814_210, Utg859098_128, Utg866558_45, Utg859098_142, Utg860814_129
OG0000060	WP_011073811.1	Utg859388_118
OG0000060	WP_011070564.1	Utg857300_57, Utg866558_9
OG0000062	WP_011071925.1	Utg859388_55
OG0000063	WP_011071975.1	Utg857992_35
OG0000063	WP_011072151.1	Utg859388_77
OG0000065	WP_011071952.1, WP_011070961.1	Utg864866_69
OG0000065	WP_011071919.1	Utg859750_21
OG0000070	WP_011074269.1	Utg860006_144
OG0000075	WP_011071302.1	Utg861744_17, Utg857152_236, Utg857994_104
OG0000076	WP_202950651.1	Utg861744_5
OG0000076	WP_011073088.1	Utg859076_57, Utg860814_43, Utg859098_152
OG0000077	WP_011071152.1	Utg857994_161
OG0000077	WP_011072969.1	Utg858432_66
OG0000082	WP_011071708.1, WP_011073949.1	Utg859388_21, Utg859098_98
OG0000084	WP_011070711.1	Utg859236_68
OG0000085	WP_011073684.1	Utg860814_319, Utg860814_167
OG0000086	WP_011071335.1	Utg860006_109
OG0000087	WP_011071464.1	Utg864866_67, Utg859982_51, Utg858432_79
OG0000088	WP_274544479.1	Utg859236_115, Utg859236_116
OG0000088	WP_011073093.1	Utg859076_58, Utg859098_154, Utg859098_153
OG0000091	WP_011074036.1	Utg860814_64
OG0000091	WP_011072711.1	Utg859388_68
OG0000092	WP_011071174.1	Utg860814_99
OG0000093	WP_011073475.1	Utg859750_86
OG0000094	WP_011074278.1	Utg858494_66
OG0000095	WP_011071060.1	Utg857152_143
OG0000095	WP_011072735.1	Utg860006_150
OG0000096	WP_011071494.1	Utg858498_18
OG0000099	WP_011072500.1, WP_165443312.1	Utg860006_97, Utg860814_91, Utg860814_85
OG0000101	WP_011072328.1, WP_011072538.1	Utg865370_31, Utg859750_57
OG0000103	WP_011073353.1, WP_011071066.1, WP_011073588.1	Utg857046_198, Utg857152_173
OG0000105	WP_011072710.1	Utg859388_70
OG0000105	WP_011074037.1	Utg860814_77
OG0000106	WP_011074309.1, WP_011070542.1	Utg857076_51, Utg857300_18, Utg857046_214
OG0000107	WP_011070960.1	Utg857682_17, Utg857682_16
OG0000110	WP_011072317.1, WP_164925686.1	Utg861744_6
OG0000110	WP_164925741.1	Utg859076_54, Utg859098_150
OG0000112	WP_011070877.1	Utg857152_85, Utg857682_172
OG0000113	WP_011070488.1, WP_193378422.1	Utg857046_73
OG0000114	WP_011071132.1	Utg858494_132, Utg863716_30
OG0000115	WP_011070766.1	Utg857152_65
OG0000115	WP_011070806.1	Utg860006_127
OG0000117	WP_238560518.1	Utg857046_88
OG0000118	WP_011071863.1	Utg864866_34
OG0000121	WP_011072704.1	Utg858432_161
OG0000121	WP_011073062.1	Utg857994_195
OG0000122	WP_011073479.1	Utg859982_24, Utg860814_103, Utg857076_48
OG0000123	WP_011072319.1	Utg861744_8
OG0000123	WP_011072189.1	Utg859098_151, Utg859076_55, Utg859236_117
OG0000124	WP_011072315.1	Utg860814_41, Utg860814_178
OG0000126	WP_011073889.1, WP_011071224.1, WP_011072559.1	Utg859388_82
OG0000127	WP_011070937.1, WP_011070936.1	Utg857490_17
OG0000128	WP_011072719.1	Utg863716_100
OG0000128	WP_164925918.1	Utg859098_212
OG0000129	WP_011074177.1, WP_011072325.1, WP_011072531.1, WP_011072068.1	Utg860814_286
OG0000129	WP_011074222.1, WP_011072440.1	Utg857682_35
OG0000130	WP_011073813.1, WP_011071510.1	Utg864866_91, Utg857992_39
OG0000131	WP_011074276.1	Utg857994_138
OG0000131	WP_011073076.1	Utg859236_14
OG0000133	WP_011071864.1	Utg864866_36
OG0000133	WP_011073952.1	Utg857046_90
OG0000134	WP_011072921.1	Utg864866_54
OG0000134	WP_011070453.1	Utg859098_168
OG0000135	WP_011072682.1	Utg857152_96
OG0000136	WP_011070754.1	Utg859098_181
OG0000136	WP_011072090.1, WP_011073658.1	Utg858498_14
OG0000137	WP_011073955.1	Utg857046_87, Utg860814_175, Utg858432_69, Utg857994_122, Utg860814_174, Utg859982_120
OG0000138	WP_011072065.1	Utg859388_169
OG0000141	WP_172966568.1	Utg859750_50
OG0000143	WP_011070641.1	Utg864866_105
OG0000143	WP_011070643.1, WP_011070826.1, WP_011072164.1	Utg859750_71
OG0000144	WP_011073693.1	Utg859388_58
OG0000145	WP_011072293.1, WP_274544323.1	Utg860814_102, Utg860814_101
OG0000147	WP_011070775.1	Utg859388_78
OG0000147	WP_011070565.1	Utg857992_40
OG0000147	WP_011073810.1	Utg859388_119
OG0000148	WP_011073571.1, WP_011074172.1	Utg859236_120
OG0000150	WP_011071499.1	Utg859982_197, Utg857046_26, Utg857152_38
OG0000151	WP_164925895.1	Utg860814_299, Utg857046_167
OG0000154	WP_011071098.1, WP_011072297.1	Utg865370_5
OG0000155	WP_011071290.1	Utg859098_381, Utg859098_382
OG0000156	WP_011072753.1, WP_172966557.1	Utg859982_64, Utg857046_46
OG0000158	WP_011072993.1, WP_011073603.1, WP_164925679.1	Utg859098_391
OG0000158	WP_011071551.1	Utg863716_72
OG0000160	WP_011072083.1, WP_011073275.1	Utg863716_47
OG0000163	WP_011072686.1	Utg861744_18, Utg857076_25
OG0000164	WP_011070705.1	Utg857300_2
OG0000165	WP_011074254.1	Utg859432_36
OG0000166	WP_011072678.1	Utg858432_139
OG0000166	WP_011074265.1	Utg861744_93
OG0000169	WP_011072289.1	Utg859982_43
OG0000169	WP_164925791.1	Utg859098_429
OG0000170	WP_164925722.1	Utg857152_75, Utg857152_74
OG0000172	WP_011071837.1	Utg860006_25
OG0000173	WP_011074070.1	Utg861744_119
OG0000176	WP_011072162.1	Utg859982_112
OG0000178	WP_011071538.1	Utg857046_4, Utg861744_102
OG0000179	WP_011073121.1, WP_011073122.1	Utg859098_69, Utg859098_70
OG0000183	WP_011071285.1	Utg859982_223, Utg862138_16
OG0000184	WP_011073828.1	Utg859388_167
OG0000184	WP_011073827.1	Utg859236_54
OG0000185	WP_011071291.1	Utg859098_331
OG0000187	WP_011070604.1, WP_011070615.1	Utg858494_144, Utg858494_131
OG0000188	WP_011072672.1	Utg857152_35
OG0000189	WP_011073743.1	Utg860006_69
OG0000190	WP_011074103.1	Utg864866_78
OG0000191	WP_011073796.1	Utg857152_179
OG0000193	WP_011071804.1	Utg859388_6, Utg861448_64, Utg859388_5, Utg859750_20
OG0000195	WP_011072959.1	Utg859098_286, Utg860814_283
OG0000196	WP_011071284.1	Utg859982_222
OG0000197	WP_011072025.1	Utg857490_20
OG0000198	WP_011071934.1	Utg857046_189
OG0000201	WP_011073893.1	Utg859750_26
OG0000203	WP_011074121.1	Utg857076_50, Utg857300_19, Utg857076_65
OG0000205	WP_011072292.1	Utg857682_46
OG0000207	WP_011071697.1	Utg857682_58
OG0000208	WP_011071698.1	Utg857682_59
OG0000210	WP_011070824.1	Utg857300_1
OG0000211	WP_011073968.1, WP_011073834.1	Utg859432_43
OG0000212	WP_011072160.1	Utg859982_111, Utg857046_231, Utg861744_127
OG0000214	WP_011071851.1	Utg862138_34
OG0000215	WP_011072513.1	Utg861744_111
OG0000216	WP_011070906.1	Utg857046_32
OG0000217	WP_011072567.1	Utg859236_44
OG0000218	WP_011073221.1	Utg861448_5, Utg857682_32, Utg857682_33
OG0000219	WP_011073290.1	Utg859098_413, Utg860814_128, Utg857152_18
OG0000222	WP_011073677.1	Utg857076_18
OG0000223	WP_011071799.1	Utg859388_18
OG0000225	WP_011072456.1	Utg859982_121
OG0000226	WP_011071424.1, WP_011073006.1, WP_011073007.1, WP_011071423.1	Utg857152_57
OG0000227	WP_011072928.1	Utg857992_19
OG0000228	WP_011073400.1	Utg857994_154
OG0000230	WP_011070594.1	Utg859098_371, Utg859098_166
OG0000232	WP_011072554.1	Utg859982_75, Utg859982_74
OG0000232	WP_011072555.1	Utg859982_73
OG0000233	WP_011072421.1	Utg859098_376, Utg857682_51
OG0000234	WP_007644947.1	Utg860006_56
OG0000235	WP_011070658.1	Utg863716_45, Utg857152_83
OG0000236	WP_011073712.1, WP_011070717.1	Utg859098_221
OG0000238	WP_011071225.1	Utg857682_83, Utg857046_99, Utg857682_139
OG0000239	WP_011073040.1	Utg865370_16, Utg859236_56
OG0000242	WP_011072198.1	Utg859098_136, Utg866558_40, Utg859098_132
OG0000243	WP_011073841.1	Utg857682_39, Utg859236_70
OG0000244	WP_011072179.1	Utg859982_52
OG0000245	WP_011072111.1	Utg859098_383, Utg859098_51, Utg858494_9
OG0000250	WP_011073096.1	Utg859098_87
OG0000252	WP_011071280.1	Utg859982_218
OG0000253	WP_011073904.1, WP_011073905.1	Utg858432_42
OG0000254	WP_011071486.1	Utg859076_2
OG0000255	WP_011074449.1, WP_011072127.1, WP_011074264.1	Utg861744_84
OG0000256	WP_238560588.1	Utg862138_36
OG0000257	WP_011070755.1	Utg859236_23
OG0000260	WP_011071974.1	Utg859432_35
OG0000261	WP_011073501.1	Utg857682_145
OG0000261	WP_011073468.1	Utg860006_76
OG0000262	WP_011071339.1, WP_011071933.1, WP_164925915.1	Utg859098_276
OG0000263	WP_011073465.1	Utg857682_148
OG0000263	WP_011074170.1, WP_011071948.1, WP_011073757.1	Utg859750_52
OG0000264	WP_011074330.1	Utg857152_109
OG0000265	WP_011074332.1	Utg857152_107
OG0000266	WP_011074335.1	Utg857152_69
OG0000267	WP_011070862.1, WP_011074441.1, WP_011074195.1	Utg857046_62, Utg857046_61
OG0000268	WP_238560570.1	Utg860814_179
OG0000268	WP_011071397.1	Utg863716_97
OG0000269	WP_011071681.1	Utg858494_54, Utg858494_55
OG0000270	WP_011071728.1	Utg860814_173, Utg864866_30
OG0000271	WP_011072821.1	Utg857682_56, Utg864866_46
OG0000272	WP_011072181.1	Utg859098_1, Utg859098_2
OG0000277	WP_011074053.1	Utg860006_51
OG0000277	WP_164925622.1	Utg860006_41
OG0000280	WP_011073661.1	Utg859098_116, Utg859098_117, Utg859098_115
OG0000282	WP_011074294.1	Utg859236_92
OG0000283	WP_011072163.1	Utg861744_134
OG0000284	WP_011070541.1, WP_011072419.1	Utg857300_22
OG0000285	WP_011072952.1	Utg859236_43
OG0000286	WP_011071292.1	Utg860006_77
OG0000288	WP_164925856.1	Utg859098_256
OG0000290	WP_011072343.1, WP_238560560.1	Utg860006_88
OG0000293	WP_011071286.1	Utg859982_224
OG0000294	WP_011071947.1	Utg859750_51
OG0000294	WP_011073467.1	Utg857682_147
OG0000295	WP_011073887.1	Utg860006_49, Utg857994_140
OG0000296	WP_011072380.1	Utg857152_73
OG0000299	WP_011073882.1	Utg862138_30
OG0000300	WP_011072153.1	Utg861744_126
OG0000301	WP_011071783.1	Utg858494_110
OG0000303	WP_011073360.1	Utg860006_19, Utg860006_14
OG0000304	WP_011072332.1	Utg857682_64
OG0000304	WP_011072031.1	Utg861744_77
OG0000306	WP_164925703.1, WP_011071113.1	Utg859098_129
OG0000307	WP_011071274.1	Utg859982_212
OG0000308	WP_011071279.1	Utg859982_217, Utg862138_12
OG0000309	WP_011071595.1, WP_011070438.1	Utg858494_46
OG0000312	WP_011070819.1	Utg858432_93
OG0000314	WP_011071277.1	Utg859982_215
OG0000318	WP_011071900.1, WP_011071905.1, WP_011071629.1, WP_238560522.1	Utg857046_118, Utg857046_111
OG0000319	WP_011072205.1	Utg860814_194
OG0000320	WP_011072305.1	Utg857152_126, Utg857152_127
OG0000322	WP_011073058.1	Utg857994_214
OG0000323	WP_011074098.1	Utg857994_24, Utg858494_38
OG0000324	WP_011071654.1, WP_238560608.1, WP_011070844.1	Utg859236_88
OG0000325	WP_011071119.1	Utg864866_68, Utg857992_24, Utg866558_36
OG0000326	WP_011072729.1	Utg859236_22, Utg859236_21
OG0000331	WP_011072391.1, WP_011070665.1	Utg857994_45
OG0000332	WP_011072097.1	Utg857992_25, Utg857992_26
OG0000333	WP_011072976.1	Utg857152_84
OG0000334	WP_011070435.1	Utg857682_121
OG0000335	WP_011070931.1	Utg857046_39, Utg857152_112
OG0000336	WP_011072277.1	Utg861448_55
OG0000337	WP_011073303.1	Utg862138_52
OG0000338	WP_011072304.1	Utg857152_64
OG0000339	WP_011071571.1	Utg859982_81
OG0000340	WP_011071556.1	Utg857300_40
OG0000343	WP_011073906.1	Utg858432_41
OG0000349	WP_011071293.1, WP_011073469.1	Utg860006_78
OG0000350	WP_011073022.1	Utg857682_131
OG0000351	WP_011074194.1, WP_011074442.1	Utg857046_63
OG0000352	WP_011071500.1	Utg857152_37
OG0000353	WP_011071907.1	Utg859982_181
OG0000355	WP_011072812.1	Utg860814_93
OG0000355	WP_011073416.1	Utg857046_161
OG0000356	WP_011073744.1	Utg859098_215
OG0000357	WP_011073698.1	Utg859432_51
OG0000358	WP_011072420.1	Utg859098_231, Utg857152_203
OG0000359	WP_011072820.1	Utg857682_57, Utg864866_45
OG0000360	WP_007651015.1	Utg857490_30
OG0000362	WP_011070529.1	Utg859098_403
OG0000366	WP_011072246.1	Utg857152_194
OG0000370	WP_011072355.1, WP_011073328.1, WP_011072369.1, WP_011073742.1, WP_011074161.1, WP_011072290.1	Utg857994_37
OG0000371	WP_011071046.1, WP_011074066.1	Utg859750_43
OG0000372	WP_011070445.1	Utg857046_248
OG0000373	WP_011070440.1	Utg857046_230
OG0000374	WP_011071852.1	Utg859982_53, Utg857994_113
OG0000375	WP_011073160.1	Utg857152_124
OG0000381	WP_011070926.1	Utg858432_57
OG0000382	WP_011071707.1, WP_011073950.1	Utg859098_99
OG0000383	WP_011070809.1	Utg857994_131
OG0000385	WP_164925904.1	Utg860006_15, Utg860006_20
OG0000386	WP_011071344.1	Utg859982_125
OG0000388	WP_006081231.1	Utg859388_69
OG0000390	WP_011071396.1	Utg859098_259
OG0000391	WP_011074277.1	Utg859388_80
OG0000393	WP_011070464.1	Utg859388_122
OG0000395	WP_011072444.1	Utg859388_134
OG0000397	WP_011070943.1	Utg859098_263
OG0000398	WP_011071816.1	Utg859388_138, Utg857046_187
OG0000399	WP_011074310.1, WP_164925796.1	Utg857994_19
OG0000400	WP_011072977.1, WP_011073596.1	Utg857994_148
OG0000401	WP_011072333.1	Utg857490_22, Utg859098_281
OG0000402	WP_011073147.1	Utg860814_307
OG0000403	WP_011073692.1	Utg859388_57
OG0000404	WP_011071509.1	Utg858432_29
OG0000406	WP_011073884.1	Utg858432_101
OG0000408	WP_011073864.1	Utg857046_206
OG0000409	WP_011071363.1	Utg859098_197, Utg859098_196
OG0000410	WP_011071375.1	Utg860814_206, Utg860814_207
OG0000412	WP_011070563.1	Utg866558_8
OG0000412	WP_011070657.1	Utg859388_117
OG0000413	WP_011073296.1	Utg862138_42
OG0000414	WP_011071865.1	Utg864866_32
OG0000417	WP_011074187.1	Utg857994_91
OG0000418	WP_011072966.1	Utg862138_20
OG0000419	WP_011072397.1	Utg860006_86
OG0000420	WP_011073084.1	Utg859388_60
OG0000423	WP_164925682.1	Utg859098_157
OG0000424	WP_011074411.1	Utg860814_75, Utg859236_20
OG0000425	WP_011074325.1	Utg858494_44, Utg858432_11
OG0000426	WP_011072924.1	Utg859098_264
OG0000427	WP_011072306.1	Utg857490_6
OG0000428	WP_011073691.1	Utg859388_59
OG0000429	WP_011072763.1	Utg866558_37
OG0000433	WP_011071889.1	Utg857046_260
OG0000434	WP_011073587.1	Utg857046_132, Utg860814_138
OG0000437	WP_011071215.1	Utg859236_103
OG0000439	WP_011071906.1	Utg859982_185
OG0000443	WP_011073208.1	Utg861744_142
OG0000444	WP_011070433.1, WP_011074432.1, WP_011073269.1, WP_011071523.1	Utg859098_354
OG0000446	WP_011073130.1	Utg859098_101, Utg859098_100, Utg859076_48
OG0000453	WP_011071070.1	Utg857152_117
OG0000457	WP_011074002.1	Utg864866_63
OG0000458	WP_011072562.1	Utg866558_25
OG0000459	WP_011073913.1	Utg859098_217
OG0000460	WP_011072676.1	Utg858432_142
OG0000461	WP_011071367.1	Utg860814_196
OG0000462	WP_011073690.1	Utg859388_61
OG0000463	WP_011071797.1	Utg859982_12
OG0000464	WP_011070898.1	Utg858494_63
OG0000466	WP_006080725.1	Utg857046_29
OG0000467	WP_011072155.1	Utg861744_129
OG0000468	WP_011070714.1	Utg859982_19
OG0000469	WP_011073401.1	Utg857152_63
OG0000470	WP_011072536.1, WP_011073891.1	Utg858432_109
OG0000471	WP_011072667.1	Utg859750_61
OG0000472	WP_011073223.1	Utg860006_132
OG0000474	WP_011071577.1, WP_011071238.1	Utg859098_439, Utg858498_4
OG0000476	WP_011071399.1	Utg857490_27
OG0000477	WP_011074312.1	Utg857046_213
OG0000478	WP_164925611.1	Utg857046_34
OG0000479	WP_011072689.1	Utg859098_352
OG0000480	WP_006081934.1	Utg858494_109
OG0000481	WP_011074353.1, WP_011074200.1	Utg857046_84
OG0000482	WP_011074122.1	Utg857300_27
OG0000485	WP_011072690.1	Utg859098_351
OG0000486	WP_011073892.1	Utg859982_148, Utg859982_149
OG0000487	WP_011071362.1	Utg859098_195
OG0000488	WP_011073923.1, WP_011071649.1	Utg861744_54
OG0000489	WP_011072308.1	Utg859388_187, Utg858498_21
OG0000490	WP_011073738.1, WP_011072517.1	Utg860814_326
OG0000491	WP_011073025.1	Utg857994_162
OG0000492	WP_011072105.1	Utg857152_223
OG0000493	WP_011070602.1	Utg857152_45
OG0000494	WP_011073291.1	Utg857152_20
OG0000495	WP_011071232.1	Utg859098_239, Utg859098_238
OG0000496	WP_011072269.1, WP_011072271.1	Utg862138_40
OG0000497	WP_011070462.1	Utg858432_129
OG0000498	WP_011070463.1, WP_011073289.1	Utg858432_130
OG0000499	WP_011071680.1	Utg860814_96
OG0000500	WP_011073302.1	Utg858494_89
OG0000501	WP_011073979.1	Utg859388_178
OG0000502	WP_011073914.1	Utg859098_218
OG0000503	WP_011071506.1	Utg859750_73
OG0000504	WP_011071374.1	Utg860814_205
OG0000505	WP_011072417.1	Utg857994_68
OG0000506	WP_011073396.1	Utg859982_40
OG0000507	WP_011072805.1	Utg859750_83
OG0000508	WP_011072950.1	Utg860006_116, Utg859076_17
OG0000509	WP_011071177.1	Utg861744_21
OG0000510	WP_164925926.1	Utg860814_70
OG0000511	WP_011072320.1	Utg857046_259
OG0000512	WP_011071575.1	Utg857994_18
OG0000514	WP_011071796.1	Utg858432_18
OG0000515	WP_011073016.1	Utg859982_11
OG0000516	WP_011070666.1	Utg860814_197
OG0000520	WP_011071914.1	Utg859388_149
OG0000521	WP_011072700.1	Utg859098_269
OG0000522	WP_011070929.1	Utg859098_204
OG0000523	WP_011071704.1	Utg859388_10
OG0000524	WP_011070427.1, WP_011073645.1	Utg861744_33
OG0000525	WP_011073918.1	Utg863716_65
OG0000525	WP_011072362.1	Utg861448_15
OG0000526	WP_011072542.1	Utg863716_87
OG0000527	WP_011071884.1	Utg860006_135
OG0000528	WP_011071265.1	Utg857046_75
OG0000529	WP_011070851.1	Utg857152_77, Utg857152_76
OG0000530	WP_011072392.1	Utg858432_105
OG0000531	WP_011071357.1	Utg860006_87
OG0000532	WP_011071368.1	Utg860006_54
OG0000533	WP_011072568.1	Utg857152_27, Utg857152_26
OG0000535	WP_011071476.1, WP_011071473.1	Utg857152_185
OG0000537	WP_011073663.1	Utg859098_185
OG0000539	WP_011072201.1	Utg857152_159
OG0000540	WP_011073236.1	Utg859236_26
OG0000542	WP_011073694.1	Utg857152_50
OG0000543	WP_011072926.1	Utg859098_262
OG0000544	WP_011072157.1	Utg861744_125
OG0000545	WP_011072102.1	Utg859750_15
OG0000546	WP_011071505.1	Utg859432_39
OG0000547	WP_011071600.1, WP_011074097.1	Utg860814_120
OG0000549	WP_011073367.1	Utg858498_13
OG0000550	WP_164925726.1	Utg861448_9
OG0000551	WP_011071057.1	Utg860814_267
OG0000552	WP_164925920.1, WP_011071621.1	Utg862138_51, Utg857994_36
OG0000554	WP_011074140.1, WP_011074327.1, WP_164925735.1, WP_011073660.1, WP_011071387.1, WP_011071669.1, WP_011073464.1, WP_238560559.1, WP_011071033.1	Utg857152_4
OG0000555	WP_011070543.1	Utg857152_177, Utg857152_176
OG0000560	WP_011071253.1	Utg857994_198
OG0000566	WP_011072774.1	Utg857152_97
OG0000569	WP_011072791.1	Utg857992_12
OG0000570	WP_011071815.1	Utg857046_194
OG0000571	WP_011070592.1	Utg857300_49
OG0000572	WP_011071622.1, WP_011072167.1, WP_011073947.1, WP_011071353.1	Utg859982_161
OG0000576	WP_011073695.1	Utg865370_28
OG0000577	WP_011071502.1	Utg857994_20
OG0000578	WP_011070425.1	Utg861744_32
OG0000579	WP_011072382.1	Utg861744_19
OG0000580	WP_011071401.1	Utg860814_282
OG0000581	WP_011070605.1	Utg858494_143
OG0000582	WP_011072691.1	Utg859750_11
OG0000583	WP_011072298.1, WP_011073315.1	Utg857490_11
OG0000584	WP_011070420.1	Utg857046_225
OG0000585	WP_011070421.1	Utg857046_226
OG0000586	WP_011070423.1	Utg857046_228
OG0000587	WP_011073319.1	Utg859098_170
OG0000588	WP_011071543.1	Utg857046_250
OG0000589	WP_011073895.1	Utg859982_4
OG0000590	WP_011071782.1	Utg857046_196
OG0000591	WP_011071988.1	Utg859432_41
OG0000592	WP_011070797.1	Utg859098_167
OG0000593	WP_011071160.1	Utg858432_36
OG0000594	WP_164925584.1	Utg857152_39
OG0000595	WP_011073680.1	Utg860006_52
OG0000596	WP_011070930.1	Utg859098_222
OG0000597	WP_011070933.1	Utg859098_240
OG0000598	WP_011073908.1	Utg858432_39
OG0000599	WP_006083042.1	Utg859098_188
OG0000600	WP_011070456.1	Utg863716_90
OG0000601	WP_011070650.1	Utg859432_46
OG0000602	WP_011073283.1, WP_011073273.1, WP_011073768.1, WP_011073717.1	Utg859098_243
OG0000603	WP_011071702.1	Utg860006_130
OG0000604	WP_011073440.1	Utg859750_70
OG0000605	WP_011073439.1	Utg863716_99
OG0000606	WP_011072376.1	Utg865370_35
OG0000607	WP_164925802.1	Utg857152_11
OG0000608	WP_011071703.1	Utg860814_195
OG0000609	WP_011072357.1	Utg857994_166
OG0000610	WP_011073188.1	Utg858494_91
OG0000611	WP_011071421.1	Utg859098_165
OG0000612	WP_011071798.1	Utg866558_22
OG0000613	WP_006080791.1	Utg866558_21
OG0000615	WP_011071784.1	Utg858494_101
OG0000616	WP_011071786.1	Utg858494_99
OG0000617	WP_011070618.1	Utg858494_129
OG0000618	WP_011070620.1	Utg858494_127
OG0000619	WP_006083596.1	Utg858494_126
OG0000620	WP_006083595.1	Utg858494_125
OG0000621	WP_011070621.1	Utg858494_124
OG0000623	WP_011073687.1	Utg857994_147
OG0000624	WP_007650346.1	Utg859098_193
OG0000625	WP_011073451.1	Utg859098_192
OG0000626	WP_011073399.1	Utg861744_118
OG0000627	WP_011073042.1	Utg858494_90
OG0000628	WP_011071409.1	Utg859076_34
OG0000630	WP_011073225.1	Utg857152_31
OG0000631	WP_011073224.1	Utg857152_28
OG0000632	WP_011073222.1	Utg859388_81
OG0000634	WP_011073362.1	Utg857994_128
OG0000635	WP_011071429.1	Utg859236_17
OG0000636	WP_011071283.1	Utg859982_221
OG0000637	WP_011072714.1	Utg859388_63
OG0000638	WP_011070724.1	Utg857076_19
OG0000639	WP_011072734.1	Utg859982_5
OG0000640	WP_011072733.1	Utg860006_133
OG0000641	WP_011073048.1	Utg858432_119
OG0000642	WP_011072310.1	Utg857046_24
OG0000643	WP_011072175.1	Utg857994_157
OG0000644	WP_011071416.1	Utg857152_22
OG0000645	WP_011072241.1	Utg857046_27
OG0000646	WP_011070601.1	Utg858432_47
OG0000647	WP_011073899.1	Utg858432_46
OG0000648	WP_011073903.1	Utg858432_43
OG0000649	WP_011073601.1	Utg857994_158
OG0000650	WP_011072929.1	Utg857992_20
OG0000651	WP_238560600.1	Utg859098_261
OG0000652	WP_011071706.1	Utg859388_12
OG0000653	WP_011071555.1	Utg859098_160
OG0000655	WP_011074260.1	Utg857490_21
OG0000656	WP_011071432.1	Utg860814_287
OG0000657	WP_011071433.1	Utg860814_288
OG0000658	WP_011071436.1	Utg860814_293
OG0000659	WP_011071437.1	Utg860814_294
OG0000660	WP_006083052.1	Utg862138_23
OG0000661	WP_011073682.1	Utg862138_24
OG0000662	WP_011074308.1	Utg859236_80
OG0000664	WP_011074083.1	Utg860006_55
OG0000665	WP_011073514.1	Utg859750_18
OG0000667	WP_011071021.1	Utg857300_3
OG0000668	WP_011071182.1	Utg861448_16
OG0000669	WP_011072767.1, WP_011071992.1	Utg861744_69
OG0000670	WP_011072407.1	Utg858432_31
OG0000671	WP_006079870.1	Utg860006_65
OG0000672	WP_011073376.1	Utg857152_41
OG0000673	WP_011074185.1	Utg859982_38
OG0000674	WP_011074184.1	Utg859236_45
OG0000675	WP_011074182.1	Utg858432_131
OG0000676	WP_011074181.1	Utg859098_162
OG0000677	WP_006083577.1	Utg858494_106
OG0000678	WP_011070630.1	Utg858494_107
OG0000679	WP_011071566.1	Utg866558_16
OG0000680	WP_011073313.1	Utg857490_9
OG0000681	WP_007644333.1	Utg858494_138
OG0000682	WP_011070609.1	Utg858494_139
OG0000683	WP_011071611.1	Utg860006_24
OG0000684	WP_011074329.1	Utg857152_110
OG0000685	WP_011070627.1	Utg858494_115
OG0000686	WP_011072309.1	Utg858494_58
OG0000687	WP_011070623.1	Utg858494_119
OG0000688	WP_011070622.1	Utg858494_121
OG0000689	WP_007644429.1	Utg858494_122
OG0000690	WP_011073293.1	Utg857300_51
OG0000691	WP_011070612.1	Utg858494_135
OG0000692	WP_011070424.1	Utg857152_13
OG0000693	WP_011070447.1	Utg857682_77
OG0000694	WP_011070419.1	Utg857046_223
OG0000695	WP_011072408.1	Utg861744_138
OG0000696	WP_011071503.1	Utg857682_78
OG0000697	WP_011073781.1	Utg857152_72
OG0000698	WP_011070671.1	Utg866558_23
OG0000699	WP_011070673.1	Utg857992_14
OG0000700	WP_011073442.1	Utg857994_23
OG0000701	WP_011073824.1	Utg859982_145
OG0000702	WP_011070774.1	Utg863716_85
OG0000704	WP_011073896.1	Utg858432_50
OG0000705	WP_011073897.1	Utg858432_49
OG0000706	WP_011073898.1	Utg858432_48
OG0000707	WP_011073900.1	Utg858432_45
OG0000708	WP_011073909.1	Utg858432_38
OG0000709	WP_011074146.1	Utg859098_244
OG0000710	WP_011072679.1	Utg858432_137
OG0000711	WP_011071661.1	Utg857300_58
OG0000712	WP_011073450.1	Utg859098_194
OG0000713	WP_011073318.1	Utg859388_72
OG0000714	WP_011073316.1	Utg859388_74
OG0000715	WP_011073314.1	Utg857490_10
OG0000716	WP_011073312.1	Utg857490_8
OG0000717	WP_011070606.1	Utg858494_142
OG0000718	WP_011070607.1	Utg858494_141
OG0000719	WP_011070608.1	Utg858494_140
OG0000720	WP_011070610.1	Utg858494_137
OG0000721	WP_011070613.1	Utg858494_134
OG0000722	WP_011070616.1	Utg858494_130
OG0000723	WP_037421480.1	Utg858494_128
OG0000724	WP_006083593.1	Utg858494_123
OG0000725	WP_006083590.1	Utg858494_120
OG0000726	WP_011070624.1	Utg858494_118
OG0000727	WP_007644438.1	Utg858494_114
OG0000728	WP_006083582.1	Utg858494_113
OG0000729	WP_011070628.1	Utg858494_112
OG0000730	WP_011070629.1	Utg858494_111
OG0000731	WP_011070631.1	Utg858494_105
OG0000732	WP_011070632.1	Utg858494_104
OG0000733	WP_007644470.1	Utg858494_103
OG0000734	WP_011073925.1	Utg860814_296
OG0000735	WP_011073924.1	Utg857994_165
OG0000737	WP_011071434.1	Utg860814_290
OG0000738	WP_011073375.1	Utg859432_37
OG0000739	WP_011071405.1	Utg859098_184
OG0000740	WP_011074057.1	Utg857046_195
OG0000741	WP_011071209.1	Utg857152_47
OG0000742	WP_011073511.1	Utg857046_188
OG0000743	WP_011073366.1	Utg857490_15
OG0000744	WP_007651394.1	Utg860006_53
OG0000745	WP_011073823.1	Utg859388_139
OG0000746	WP_011071412.1	Utg859098_235
OG0000747	WP_011070765.1	Utg857994_151
OG0000748	WP_011073821.1	Utg857994_150
OG0000749	WP_011072580.1	Utg857152_184
OG0000750	WP_164925864.1	Utg861744_131
OG0000751	WP_011072154.1	Utg861744_128
OG0000752	WP_011074006.1	Utg863716_108
OG0000753	WP_011072469.1	Utg859982_134
OG0000754	WP_011073297.1	Utg865370_30
OG0000755	WP_011073591.1	Utg865370_29
OG0000756	WP_011071973.1	Utg859098_377
OG0000758	WP_011072389.1	Utg861744_34
OG0000759	WP_011072383.1	Utg863716_91
OG0000760	WP_011072381.1	Utg864866_56
OG0000761	WP_011072377.1	Utg865370_36
OG0000762	WP_011070644.1	Utg857152_182
OG0000763	WP_011073286.1	Utg857152_181
OG0000764	WP_011073284.1	Utg857152_103
OG0000766	WP_011071550.1	Utg861744_46
OG0000767	WP_011071557.1	Utg860814_97
OG0000768	WP_011071558.1	Utg858432_125
OG0000769	WP_011071785.1	Utg858494_100
OG0000770	WP_011071787.1	Utg858494_98
OG0000771	WP_011071788.1	Utg858494_97
OG0000772	WP_011071789.1	Utg858494_95
OG0000773	WP_011071790.1	Utg858494_94
OG0000774	WP_011071791.1	Utg858494_93
OG0000775	WP_011071792.1	Utg857152_8
OG0000776	WP_011071794.1	Utg858432_16
OG0000777	WP_011071795.1	Utg858432_17
OG0000779	WP_011071800.1	Utg859236_39
OG0000780	WP_011071749.1, WP_011071820.1	Utg857994_34
OG0000781	WP_011073035.1	Utg859388_66
OG0000782	WP_011073287.1	Utg857152_113
OG0000783	WP_011071159.1	Utg859098_319
OG0000784	WP_011073172.1	Utg864866_53
OG0000785	WP_011073171.1	Utg864866_52
OG0000786	WP_011072331.1	Utg857682_63
OG0000787	WP_011070935.1	Utg858432_7
OG0000789	WP_011072712.1	Utg858432_136
OG0000790	WP_011072561.1	Utg857152_24
OG0000791	WP_011071065.1	Utg857152_172
OG0000792	WP_011072680.1	Utg858432_138
OG0000793	WP_011070932.1	Utg860814_257
OG0000794	WP_011073191.1	Utg859098_248
OG0000795	WP_011073184.1	Utg859236_57
OG0000796	WP_011071705.1	Utg859388_11
OG0000797	WP_011073173.1	Utg859098_321
OG0000798	WP_011073009.1	Utg864866_5
OG0000799	WP_011073010.1	Utg859236_84
OG0000800	WP_011072962.1	Utg857300_48
OG0000801	WP_011072965.1	Utg858432_94
OG0000802	WP_011072968.1	Utg859982_39
OG0000803	WP_011073915.1	Utg862138_37
OG0000805	WP_202950643.1	Utg857994_194
OG0000806	WP_011070467.1	Utg861744_35
OG0000807	WP_011071415.1	Utg857994_156
OG0000808	WP_011071579.1	Utg858494_59
OG0000809	WP_011073282.1	Utg859076_29
OG0000810	WP_011071545.1	Utg859388_28
OG0000811	WP_011070778.1	Utg859076_28
OG0000813	WP_011071913.1	Utg859236_28
OG0000815	WP_011070798.1	Utg859098_270
OG0000816	WP_011073227.1	Utg861744_39
OG0000817	WP_011073228.1	Utg861744_55
OG0000818	WP_011073777.1	Utg859982_206
OG0000819	WP_011072582.1	Utg859098_237
OG0000820	WP_011072999.1	Utg861744_11
OG0000822	WP_011073801.1	Utg857490_29
OG0000823	WP_011071398.1	Utg857490_26
OG0000825	WP_011070430.1	Utg860006_60
OG0000826	WP_011070886.1, WP_011072282.1, WP_011072232.1	Utg859098_398
OG0000827	WP_011072150.1	Utg857992_34
OG0000828	WP_011072149.1	Utg857992_33
OG0000829	WP_006081652.1	Utg857992_32
OG0000830	WP_011072303.1	Utg857992_31
OG0000831	WP_011072302.1	Utg857992_30
OG0000832	WP_011072301.1	Utg857992_29
OG0000833	WP_011071275.1	Utg862138_6
OG0000834	WP_011071428.1	Utg860814_211
OG0000836	WP_011074274.1	Utg859982_37
OG0000837	WP_011073597.1	Utg857994_149
OG0000838	WP_011073598.1	Utg859750_78
OG0000839	WP_011073600.1	Utg857994_159
OG0000840	WP_011072008.1	Utg860006_92
OG0000841	WP_011071454.1	Utg861744_104
OG0000842	WP_011073662.1	Utg859982_143
OG0000843	WP_011073672.1	Utg859098_186
OG0000844	WP_011071568.1	Utg866558_19
OG0000845	WP_011071567.1	Utg866558_18
OG0000846	WP_011071565.1	Utg866558_15
OG0000848	WP_011071402.1	Utg859098_198
OG0000849	WP_011073799.1	Utg860814_241
OG0000850	WP_011073702.1	Utg865370_6
OG0000851	WP_011073699.1	Utg859432_52
OG0000852	WP_011072140.1	Utg862138_31
OG0000853	WP_011072138.1	Utg862138_25
OG0000854	WP_011072134.1	Utg859098_156
OG0000855	WP_011070647.1	Utg862138_22
OG0000856	WP_011074259.1	Utg859098_158
OG0000858	WP_011072100.1	Utg857152_16
OG0000860	WP_011074331.1	Utg857152_108
OG0000861	WP_011074339.1	Utg862138_32
OG0000862	WP_011074340.1	Utg857046_249
OG0000863	WP_011070478.1	Utg858498_11
OG0000864	WP_011070664.1	Utg857152_40
OG0000865	WP_011070651.1	Utg859432_45
OG0000866	WP_011073972.1	Utg861744_123
OG0000867	WP_011071513.1	Utg857152_66
OG0000868	WP_011072677.1	Utg858432_141
OG0000869	WP_011070611.1	Utg858494_136
OG0000870	WP_011072267.1	Utg857152_7
OG0000871	WP_011071439.1	Utg860814_295
OG0000872	WP_164925631.1	Utg859076_32
OG0000873	WP_011073365.1	Utg858432_134
OG0000874	WP_011072288.1	Utg859982_42
OG0000875	WP_164925707.1	Utg862138_27
OG0000876	WP_011072699.1	Utg858498_10
OG0000877	WP_011073189.1	Utg859750_69
OG0000878	WP_011071077.1	Utg861744_25
OG0000879	WP_011071578.1	Utg859098_208
OG0000880	WP_011071574.1	Utg857682_177
OG0000881	WP_011074056.1	Utg857046_136
OG0000882	WP_011071526.1	Utg857076_30
OG0000883	WP_011073527.1	Utg857076_22
OG0000884	WP_011073008.1	Utg864866_4
OG0000886	WP_011072563.1	Utg857152_198
OG0000887	WP_011072458.1	Utg857682_127
OG0000888	WP_011073848.1	Utg860814_18
OG0000889	WP_011073575.1	Utg857046_218
OG0000890	WP_164925658.1	Utg859388_129
OG0000891	WP_011070422.1	Utg857046_227
OG0000892	WP_011072406.1	Utg858432_33, Utg858432_32
OG0000893	WP_011073902.1	Utg858432_44
OG0000894	WP_011071915.1	Utg857300_13
OG0000895	WP_011073967.1	Utg859432_42
OG0000896	WP_011071261.1	Utg862138_41
OG0000898	WP_011073310.1	Utg857682_75
OG0000899	WP_011072098.1	Utg857992_27
OG0000900	WP_011073931.1	Utg857076_21
OG0000904	WP_011070639.1, WP_011070832.1	Utg860814_95
OG0000906	WP_011073004.1	Utg859750_75, Utg859750_76
OG0000907	WP_011072361.1	Utg859750_22
OG0000912	WP_011073162.1	Utg857152_122, Utg857152_121
OG0000913	WP_011074305.1	Utg857076_64
OG0000914	WP_011074130.1, WP_011074134.1, WP_011070511.1	Utg857300_37
OG0000916	WP_011071226.1	Utg857682_138, Utg857046_100
OG0000917	WP_011072775.1	Utg857152_100
OG0000918	WP_011073981.1	Utg859388_177, Utg860814_150
OG0000922	WP_011072424.1, WP_011070816.1	Utg857046_134
OG0000928	WP_011073038.1, WP_011073037.1	Utg859388_85
OG0000930	WP_011070869.1	Utg859098_247
OG0000931	WP_011071294.1	Utg859098_329
OG0000933	WP_011073124.1	Utg859098_74, Utg859098_75, Utg859076_46
OG0000934	WP_011073119.1	Utg859076_51, Utg859098_66, Utg859098_67
OG0000935	WP_011073874.1	Utg859388_184, Utg858498_24
OG0000937	WP_011073920.1	Utg857994_136
OG0000938	WP_011073257.1	Utg859388_174
OG0000939	WP_011073586.1	Utg858432_107
OG0000941	WP_011072468.1	Utg857490_16
OG0000942	WP_011071188.1, WP_011071352.1	Utg859982_168
OG0000942	WP_238560586.1, WP_011072394.1	Utg859982_167
OG0000943	WP_011071295.1	Utg859098_328
OG0000947	WP_011071351.1, WP_011071187.1	Utg859982_166
OG0000948	WP_011071186.1, WP_011071350.1	Utg859982_165
OG0000951	WP_011074188.1	Utg859982_106
OG0000952	WP_011071701.1	Utg857682_53
OG0000954	WP_011072585.1	Utg859388_173, Utg858432_121, Utg858432_120
OG0000955	WP_011073794.1	Utg863716_21, Utg859388_38
OG0000957	WP_011071694.1	Utg859098_57, Utg857994_246, Utg859098_55
OG0000962	WP_011071400.1	Utg859388_132
OG0000963	WP_011074333.1	Utg857152_106
OG0000966	WP_011071982.1	Utg857076_3, Utg859236_131
OG0000967	WP_011072285.1	Utg857994_90
OG0000968	WP_011073674.1	Utg859098_189
OG0000970	WP_011073218.1, WP_164925680.1	Utg857490_24
OG0000971	WP_011070649.1	Utg859432_47
OG0000973	WP_011072330.1	Utg857682_62
OG0000974	WP_011073441.1	Utg866558_24
OG0000976	WP_011072922.1	Utg860006_128
OG0000977	WP_011071875.1	Utg859098_362
OG0000980	WP_274544339.1	Utg857992_22
OG0000981	WP_011074337.1	Utg861744_44
OG0000982	WP_011071987.1	Utg861744_47
OG0000989	WP_011073368.1	Utg859098_265
OG0000991	WP_011071373.1	Utg859432_40
OG0000992	WP_011072405.1	Utg858432_34
OG0000994	WP_006083579.1	Utg858494_108
OG0000995	WP_007644434.1	Utg858494_117
OG0000999	WP_011073020.1	Utg857152_210
OG0001000	WP_011070626.1	Utg858494_116
OG0001001	WP_011072235.1	Utg857152_125
OG0001002	WP_011071435.1	Utg860814_291
OG0001003	WP_011073309.1	Utg860006_165
OG0001004	WP_011072574.1	Utg864866_85
OG0001005	WP_011072575.1	Utg864866_84
OG0001006	WP_011071022.1	Utg857300_4
OG0001007	WP_011073364.1	Utg858432_135
OG0001008	WP_011070820.1	Utg859982_204
OG0001009	WP_011073576.1	Utg859982_203
OG0001011	WP_011074007.1	Utg863716_109
OG0001012	WP_011074022.1	Utg860814_60
OG0001013	WP_011074031.1	Utg860814_19, Utg860814_20
OG0001014	WP_011073929.1	Utg858432_10
OG0001017	WP_011073311.1	Utg859388_91
OG0001018	WP_011071559.1	Utg859750_68
OG0001019	WP_011073034.1	Utg859388_67
OG0001023	WP_202950653.1	Utg861744_135
OG0001024	WP_011072590.1	Utg860006_134
OG0001026	WP_011072549.1	Utg857994_126, Utg857994_125
OG0001027	WP_011074050.1	Utg857076_42
OG0001029	WP_011072099.1	Utg857992_28
OG0001030	WP_011073187.1	Utg861744_137
OG0001036	WP_011071067.1	Utg857152_102, Utg857152_101
OG0001037	WP_011071746.1	Utg857994_137
OG0001038	WP_011073168.1	Utg857300_56
OG0001039	WP_011071441.1	Utg858432_117
OG0001040	WP_011072535.1	Utg858494_92
OG0001042	WP_011071282.1	Utg859982_220
OG0001045	WP_011073857.1	Utg859388_15
OG0001048	WP_011072263.1	Utg858432_90
OG0001049	WP_011070599.1	Utg859236_98
OG0001052	WP_011072202.1	Utg857152_158
OG0001054	WP_011073437.1	Utg858432_21
OG0001057	WP_011072803.1	Utg857682_14
OG0001058	WP_011073856.1	Utg859388_14
OG0001059	WP_011073838.1, WP_011070794.1	Utg857682_92
OG0001063	WP_011072556.1	Utg859982_72
OG0001066	WP_011072404.1	Utg858432_35
OG0001069	WP_011071048.1	Utg859982_176
OG0001070	WP_011071408.1	Utg859076_33
OG0001072	WP_011073547.1	Utg860814_262
OG0001073	WP_164925959.1	Utg859982_126
OG0001078	WP_011073881.1	Utg857076_4
OG0001082	WP_011072827.1	Utg863716_40
OG0001085	WP_011070848.1	Utg859098_389
OG0001085	WP_011070875.1	Utg864866_113
OG0001086	WP_011073941.1, WP_011070876.1	Utg864866_114
OG0001088	WP_011072570.1	Utg857300_53
OG0001089	WP_011072949.1	Utg860006_113
OG0001093	WP_011071888.1	Utg857046_261
OG0001094	WP_011072416.1	Utg857994_67
OG0001095	WP_011071372.1, WP_011070831.1, WP_011071319.1, WP_011071597.1	Utg858494_86
OG0001100	WP_011071908.1	Utg857994_163
OG0001104	WP_011073298.1	Utg859098_190
OG0001107	WP_011072442.1	Utg859098_317
OG0001108	WP_011071531.1	Utg859098_326
OG0001109	WP_011071297.1	Utg859098_327
OG0001110	WP_011071296.1	Utg859098_330
OG0001114	WP_011070537.1, WP_011073106.1	Utg859098_97
OG0001115	WP_011073192.1	Utg858498_5
OG0001116	WP_011071228.1	Utg859982_18
OG0001118	WP_011072698.1	Utg857992_11
OG0001119	WP_011071038.1	Utg858432_116
OG0001120	WP_011072242.1	Utg862138_29
OG0001121	WP_011070513.1	Utg861448_2
OG0001122	WP_164925909.1	Utg857046_148
OG0001126	WP_011073623.1	Utg860814_1
OG0001133	WP_011072487.1, WP_011072208.1, WP_011072110.1	Utg857994_245
OG0001134	WP_011074198.1	Utg861744_97
OG0001135	WP_011073351.1	Utg857682_162
OG0001136	WP_193378418.1	Utg857994_83, Utg857994_84
OG0001142	WP_011071426.1	Utg858432_30
OG0001143	WP_011073641.1	Utg863716_34
OG0001144	WP_011072250.1	Utg864866_58
OG0001145	WP_011070773.1	Utg857994_153
OG0001156	WP_011072515.1	Utg859098_49, Utg857994_218
OG0001158	WP_011073505.1	Utg857152_140
OG0001160	WP_011070670.1	Utg859750_16
OG0001161	WP_011073317.1	Utg859388_73
OG0001162	WP_011073836.1	Utg859098_386
OG0001164	WP_011073767.1	Utg859098_272
OG0001165	WP_011070792.1	Utg860814_188
OG0001166	WP_011070659.1	Utg860006_27
OG0001168	WP_011074034.1	Utg860814_59, Utg860814_58
OG0001169	WP_011074030.1	Utg860814_65
OG0001176	WP_238560541.1	Utg857682_11
OG0001176	WP_011072051.1	Utg859098_416
OG0001178	WP_011073095.1	Utg859098_86
OG0001179	WP_011073930.1	Utg860814_117
OG0001180	WP_011071393.1	Utg857682_67, Utg861744_89
OG0001181	WP_011071392.1	Utg857682_68, Utg861744_88
OG0001189	WP_164925866.1	Utg857152_160
OG0001192	WP_011072762.1	Utg866558_38
OG0001195	WP_011072177.1	Utg862138_54
OG0001203	WP_011070468.1	Utg863716_48
OG0001208	WP_011072519.1	Utg859750_84
OG0001218	WP_238560547.1	Utg857994_32, Utg859388_50, Utg859388_143
OG0001222	WP_011073213.1	Utg857682_95
OG0001224	WP_011072544.1	Utg857994_133, Utg859982_28
OG0001229	WP_011070516.1	Utg857994_82, Utg861744_26
OG0001234	WP_011072498.1	Utg860814_89, Utg860814_84, Utg863716_124
OG0001238	WP_011073014.1, WP_011073570.1	Utg863716_56
OG0001239	WP_164925911.1	Utg860006_48
OG0001247	WP_011070679.1	Utg857046_254
OG0001249	WP_011073198.1	Utg857046_131
OG0001266	WP_011070547.1	Utg857994_143
OG0001267	WP_011074089.1	Utg863716_43
OG0001273	WP_011070810.1	Utg859098_180
OG0001275	WP_011073786.1	Utg859098_312
OG0001283	WP_011072785.1	Utg859098_359
OG0001284	WP_011073111.1	Utg859098_108
OG0001285	WP_011073110.1	Utg859098_107
OG0001286	WP_011073109.1	Utg859098_106
OG0001287	WP_011073107.1	Utg859098_103
OG0001288	WP_011073131.1	Utg859098_102
OG0001289	WP_011073099.1	Utg859098_90
OG0001290	WP_011073098.1	Utg859098_89
OG0001292	WP_011073681.1	Utg858498_9
OG0001294	WP_011073614.1	Utg859388_148
OG0001296	WP_011074306.1	Utg857076_63
OG0001297	WP_011074307.1	Utg857076_62
OG0001309	WP_011072338.1	Utg859388_136
OG0001311	WP_011073408.1	Utg857994_43
OG0001314	WP_011072781.1	Utg860814_151
OG0001315	WP_011073258.1	Utg860814_273
OG0001317	WP_011073212.1, WP_011071529.1	Utg857152_139
OG0001319	WP_011073359.1	Utg860006_16
OG0001328	WP_011070553.1, WP_011071247.1	Utg858494_64
OG0001330	WP_011071425.1	Utg860814_324
OG0001332	WP_011073438.1	Utg860006_156
OG0001340	WP_011072573.1	Utg859236_59
OG0001347	WP_011073577.1	Utg859236_34
OG0001348	WP_011073331.1	Utg864866_27
OG0001353	WP_011074021.1	Utg860814_78
OG0001355	WP_011072388.1	Utg859098_246
OG0001357	WP_011070560.1	Utg860006_79
OG0001362	WP_011072176.1	Utg862138_55
OG0001363	WP_011072373.1	Utg866558_33
OG0001364	WP_011073584.1	Utg859236_27
OG0001366	WP_011070860.1	Utg857046_65
OG0001369	WP_011073000.1	Utg857152_89
OG0001372	WP_011072754.1	Utg857300_8
OG0001376	WP_011073149.1	Utg859982_22
OG0001378	WP_011073216.1	Utg859388_130
OG0001384	WP_011072161.1	Utg861744_132
OG0001385	WP_011074023.1	Utg860814_76
OG0001391	WP_011074319.1	Utg857300_9
OG0001395	WP_011073271.1	Utg860814_281
OG0001409	WP_011070856.1	Utg863716_44
OG0001411	WP_011073390.1	Utg859388_52
OG0001412	WP_011074297.1	Utg863716_75, Utg857152_204
OG0001421	WP_011072224.1	Utg859432_73, Utg859432_72
OG0001426	WP_164925867.1	Utg860814_191, Utg860814_192
OG0001440	WP_011073215.1	Utg859750_31
OG0001445	WP_011070574.1	Utg857152_6
OG0001449	WP_011073394.1, WP_011073193.1, WP_011072087.1	Utg861744_109, Utg861744_108
OG0001468	WP_011074225.1	Utg857046_86
OG0001469	WP_011073829.1	Utg859236_53
OG0001472	WP_011074256.1	Utg860006_80
OG0001473	WP_011073140.1	Utg860006_125
OG0001475	WP_011071389.1	Utg860006_146, Utg857994_217
OG0001481	WP_164925719.1	Utg859388_54
OG0001490	WP_011073133.1	Utg859098_112
OG0001491	WP_011073132.1	Utg859098_111
OG0001492	WP_011073113.1	Utg859098_110
OG0001493	WP_164925897.1	Utg859098_109
OG0001494	WP_011073105.1	Utg859098_96
OG0001495	WP_011073104.1	Utg859098_95
OG0001496	WP_011073102.1	Utg859098_93
OG0001497	WP_011073101.1	Utg859098_92
OG0001498	WP_011073100.1	Utg859098_91
OG0001499	WP_011073129.1	Utg859098_84
OG0001500	WP_011073128.1	Utg859098_83
OG0001501	WP_011073136.1	Utg859098_82
OG0001502	WP_011073127.1	Utg859098_81
OG0001503	WP_011073126.1	Utg859098_80
OG0001504	WP_006082602.1	Utg859098_72
OG0001505	WP_011073117.1	Utg859098_65
OG0001511	WP_011072591.1	Utg859388_98
OG0001512	WP_011072462.1	Utg859388_96
OG0001521	WP_011072384.1, WP_011072337.1	Utg862138_19
OG0001528	WP_011071954.1	Utg858498_19
OG0001535	WP_011070807.1	Utg860814_203
OG0001537	WP_011072227.1	Utg859432_63
OG0001538	WP_011071157.1, WP_011073002.1	Utg857994_71
OG0001539	WP_011071371.1	Utg857994_99
OG0001541	WP_011073711.1	Utg859982_67
OG0001548	WP_011073259.1, WP_011071743.1	Utg859388_46
OG0001571	WP_011074202.1	Utg859750_36
OG0001576	WP_011071278.1	Utg859982_216
OG0001581	WP_011072769.1	Utg859098_225
OG0001586	WP_011072466.1	Utg859982_16
OG0001591	WP_011073936.1, WP_011071650.1	Utg857682_105
OG0001594	WP_011070768.1, WP_011072220.1	Utg859098_300
OG0001603	WP_011073926.1	Utg859098_357
OG0001609	WP_011072683.1	Utg857046_137
OG0001610	WP_011071276.1	Utg859982_214
OG0001611	WP_011071281.1	Utg859982_219
OG0001615	WP_011072114.1	Utg864866_92
OG0001622	WP_011073238.1	Utg857046_12
OG0001629	WP_011073546.1	Utg860814_261
OG0001634	WP_011074026.1	Utg860814_56
OG0001641	WP_164925720.1	Utg863716_77
OG0001648	WP_011074054.1	Utg863716_4
OG0001658	WP_011072410.1	Utg859750_64
OG0001659	WP_011072411.1	Utg859750_63
OG0001666	WP_011072225.1	Utg859432_64
OG0001667	WP_011072824.1	Utg859098_280
OG0001669	WP_011072375.1	Utg859098_303
OG0001688	WP_011073840.1	Utg861744_116
OG0001692	WP_011074017.1, WP_011071633.1, WP_011074126.1	Utg864866_98
OG0001693	WP_011071358.1	Utg857300_50
OG0001695	WP_011072495.1	Utg860814_90, Utg860814_88
OG0001708	WP_011072773.1	Utg857152_98
OG0001710	WP_011073819.1, WP_011073982.1, WP_011072470.1	Utg859388_176
OG0001711	WP_011074261.1	Utg857046_219
OG0001722	WP_011074052.1	Utg857152_233
OG0001725	WP_011073523.1	Utg859236_37
OG0001726	WP_011073522.1	Utg859236_35
OG0001736	WP_011071530.1	Utg861744_14
OG0001739	WP_011071016.1	Utg859098_229
OG0001745	WP_011071877.1	Utg859098_360
OG0001746	WP_011071876.1	Utg859098_361
OG0001748	WP_011073125.1	Utg859098_79
OG0001749	WP_011073123.1	Utg859098_73, Utg859076_45
OG0001751	WP_011073120.1	Utg859098_68
OG0001755	WP_011072251.1	Utg859388_137
OG0001756	WP_011074252.1	Utg859388_133
OG0001763	WP_011070590.1	Utg861448_7, Utg861448_6
OG0001769	WP_011071394.1	Utg858432_83
OG0001774	WP_011070561.1	Utg859098_271
OG0001777	WP_011071366.1	Utg857682_37
OG0001783	WP_011072265.1	Utg859098_364
OG0001784	WP_164925781.1	Utg859982_187
OG0001785	WP_011073748.1	Utg860814_125
OG0001786	WP_011074412.1, WP_011071259.1	Utg859432_4
OG0001787	WP_011072782.1	Utg860814_152, Utg860814_153
OG0001794	WP_164925876.1	Utg857682_150
OG0001798	WP_011070830.1	Utg857076_8
OG0001800	WP_011070874.1	Utg861448_34
OG0001801	WP_011070956.1	Utg866558_12
OG0001802	WP_011073436.1, WP_011071964.1	Utg859236_46
OG0001804	WP_011072262.1	Utg861744_98
OG0001805	WP_011070702.1	Utg858494_45
OG0001807	WP_011071489.1	Utg858494_74, Utg863716_7
OG0001809	WP_011072070.1	Utg859236_63
OG0001810	WP_011072747.1	Utg859982_191
OG0001811	WP_011072746.1	Utg859982_193, Utg859982_192
OG0001821	WP_011071271.1	Utg857682_49
OG0001834	WP_011072260.1	Utg859098_291
OG0001836	WP_011074171.1, WP_011073788.1, WP_011070681.1	Utg860814_163
OG0001843	WP_011073938.1	Utg857682_104
OG0001847	WP_011072118.1	Utg859982_55
OG0001851	WP_011072438.1	Utg858494_50
OG0001857	WP_011071869.1	Utg857994_47, Utg858432_58
OG0001858	WP_011071073.1	Utg859388_135
OG0001863	WP_011072060.1	Utg859388_182, Utg858498_26
OG0001873	WP_011073370.1	Utg860814_212
OG0001895	WP_164925592.1	Utg864866_10
OG0001903	WP_011070584.1	Utg859098_435
OG0001908	WP_011070697.1	Utg861744_112
OG0001913	WP_164925937.1	Utg857300_31
OG0001916	WP_011070976.1, WP_011072613.1	Utg860814_141
OG0001959	WP_011071137.1, WP_011071814.1	Utg860006_40
OG0001967	WP_011070900.1	Utg860006_139
OG0001968	WP_011073150.1	Utg860006_148
OG0001981	WP_011070708.1	Utg861448_63
OG0001983	WP_011071459.1	Utg859098_177
OG0001989	WP_011072023.1	Utg857046_264
OG0002001	WP_011073103.1	Utg859098_94
OG0002002	WP_011073097.1	Utg859098_88
OG0002007	WP_011074068.1	Utg859982_14, Utg859982_13
OG0002036	WP_011071679.1	Utg857046_103
OG0002047	WP_011071689.1	Utg858494_3, Utg858494_2
OG0002048	WP_011071348.1, WP_011071184.1	Utg859982_163
OG0002049	WP_011071183.1, WP_011071347.1	Utg859982_162
OG0002050	WP_164925931.1	Utg859982_117
OG0002068	WP_011072979.1	Utg861744_90
OG0002073	WP_164925839.1	Utg859076_52
OG0002074	WP_011071748.1	Utg859098_399
OG0002076	WP_011073561.1	Utg861448_54
OG0002077	WP_238560540.1	Utg865370_38
OG0002141	WP_011071759.1, WP_172966575.1	Utg858432_168
OG0002156	WP_011070954.1	Utg860814_240
OG0002164	WP_011070685.1	Utg863716_88
OG0002177	WP_164925697.1	Utg859432_62
OG0002188	WP_011070829.1	Utg863716_46
OG0002218	WP_011072577.1	Utg860814_184
OG0002256	WP_011071014.1	Utg859982_78
OG0002274	WP_011072414.1	Utg859388_181
OG0002289	WP_011072448.1	Utg858432_6
OG0002310	WP_011072089.1	Utg859432_76
OG0002312	WP_011071349.1	Utg859982_164
OG0002320	WP_011073544.1	Utg859750_60
OG0002322	WP_011070835.1	Utg859750_37
OG0002334	WP_011071231.1	Utg859236_78
OG0002348	WP_011072095.1	Utg862138_33
OG0002362	WP_011073079.1	Utg858432_155
OG0002368	WP_011071051.1	Utg862138_49
OG0002481	WP_011073863.1	Utg864866_76
OG0002482	WP_011074025.1	Utg860814_68
OG0002544	WP_011070921.1	Utg860814_61
OG0002554	WP_011072776.1	Utg857152_99
OG0002595	WP_011072799.1	Utg859098_335
OG0002602	WP_011073142.1, WP_011073156.1	Utg859098_63
OG0002614	WP_011071138.1	Utg858494_79
OG0002652	WP_011071384.1	Utg859098_285
OG0002662	WP_011070535.1	Utg857152_156, Utg857152_157
OG0002674	WP_011072204.1	Utg860814_193
OG0002677	WP_238560508.1	Utg857076_13
OG0002683	WP_011071069.1	Utg857152_118
OG0002688	WP_011072312.1	Utg859076_66
OG0002703	WP_011071979.1	Utg860006_61
OG0002706	WP_011071310.1, WP_011070710.1	Utg857046_15
OG0002709	WP_011070846.1	Utg857152_245
OG0002710	WP_011070689.1	Utg857152_247
OG0002715	WP_011074178.1	Utg858494_51
OG0002724	WP_011071050.1	Utg862138_48
OG0002726	WP_011074144.1	Utg864866_28
OG0002836	WP_011071200.1	Utg862138_21
OG0002841	WP_011071112.1	Utg857682_122
OG0002897	WP_164925827.1	Utg859098_411
OG0003011	WP_011073812.1	Utg858432_126
OG0003016	WP_011071609.1	Utg857046_273
OG0003024	WP_011074300.1	Utg857152_240
OG0003040	WP_011072798.1, WP_011073626.1	Utg864866_103
OG0003139	WP_011071263.1	Utg857046_157
OG0003146	WP_011071071.1	Utg858494_67
OG0003150	WP_011071320.1, WP_011071959.1	Utg859750_92
OG0003157	WP_011073740.1	Utg861448_31
OG0003160	WP_011072107.1	Utg863716_126
OG0003384	WP_011073935.1	Utg857682_106
OG0003703	WP_011072130.1	Utg860814_320
OG0003704	WP_011072131.1	Utg860814_321
OG0003721	WP_164925828.1	Utg857682_23
OG0003767	WP_011074196.1	Utg858432_24
OG0003775	WP_011070588.1	Utg859098_16
OG0003794	WP_164925619.1	Utg857300_59
OG0003802	WP_011070496.1	Utg858494_42
OG0004856	WP_011074046.1	Utg857046_275
OG0004887	WP_164925919.1	Utg859388_105
OG0004888	WP_011073805.1	Utg859388_107
OG0004889	WP_011073804.1	Utg859388_108
