Orthogroup	Desulfocapsa_06_corrosive	Desulfocapsa sulfexigens DSM 10523
OG0000000	Utg323632_218	WP_015405628.1
OG0000000	Utg323180_138	WP_015404870.1, WP_015402904.1
OG0000000	Utg323990_62	WP_015404602.1
OG0000000	Utg323074_126	WP_015404730.1
OG0000000	Utg323262_146	WP_015404836.1
OG0000000	Utg323140_105	WP_015403526.1
OG0000000	Utg323632_66	WP_015405714.1
OG0000000	Utg323990_84	WP_015404574.1
OG0000000	Utg323152_233	WP_015405012.1
OG0000000	Utg323152_286	WP_015405247.1
OG0000000	Utg323632_278	WP_015404443.1
OG0000000	Utg323152_278	WP_015405235.1
OG0000000	Utg323140_222	WP_015404190.1
OG0000000	Utg323180_69	WP_228130058.1
OG0000000	Utg323262_120	WP_015402874.1
OG0000000	Utg323990_174	WP_015404515.1
OG0000000	Utg323152_412	WP_015404367.1
OG0000001	Utg323180_225	WP_015402638.1
OG0000001	Utg323180_287	WP_015402457.1, WP_015402486.1
OG0000001	Utg323180_510	WP_015402385.1
OG0000001	Utg323180_136	WP_167320702.1
OG0000001	Utg323180_418, Utg323074_106, Utg323180_183	WP_015402480.1
OG0000002	Utg323300_31	WP_015403812.1, WP_015404031.1
OG0000002	Utg323632_46	WP_015403655.1
OG0000002	Utg323300_181	WP_015404618.1
OG0000002	Utg323300_202	WP_041916771.1
OG0000002	Utg323160_86	WP_153304957.1
OG0000003	Utg323152_11, Utg323180_390, Utg323300_45, Utg323140_167, Utg323140_166, Utg323180_464, Utg323180_430	WP_015403648.1
OG0000004	Utg323316_191, Utg323152_14	WP_015404335.1
OG0000004	Utg323074_85, Utg323180_529	WP_015403270.1
OG0000004	Utg323152_27, Utg323300_412, Utg323266_76, Utg323266_66	WP_015405428.1
OG0000004	Utg323180_502	WP_015403551.1
OG0000004	Utg323632_135	WP_015405656.1
OG0000004	Utg323180_613	WP_015402421.1, WP_052326944.1
OG0000004	Utg323180_419	WP_015403175.1
OG0000004	Utg323262_186	WP_015402868.1
OG0000004	Utg323300_14	WP_015402970.1
OG0000005	Utg323300_198	WP_015403762.1
OG0000005	Utg323152_391	WP_015404965.1
OG0000005	Utg323632_133	WP_015405658.1
OG0000005	Utg323262_94	WP_015404343.1
OG0000005	Utg323392_93	WP_015403003.1
OG0000005	Utg323300_274, Utg323392_174	WP_015402641.1
OG0000005	Utg323316_116	WP_167320730.1
OG0000006	Utg323392_94	WP_015403002.1
OG0000006	Utg323180_218, Utg323180_148	WP_015405414.1, WP_015403820.1
OG0000007	Utg323632_239	WP_015405611.1
OG0000007	Utg323632_51	WP_015405734.1
OG0000007	Utg323152_106	WP_041916547.1
OG0000007	Utg323316_118	WP_015404120.1
OG0000007	Utg323180_130	WP_015403101.1
OG0000007	Utg323632_81	WP_015404400.1
OG0000008	Utg323160_91	WP_015403337.1
OG0000008	Utg323300_42	WP_015405644.1
OG0000008	Utg323300_399	WP_015403510.1
OG0000008	Utg323392_185	WP_015404768.1
OG0000009	Utg323632_134	WP_015405657.1
OG0000009	Utg323180_612, Utg323180_288, Utg323152_586	WP_015405427.1
OG0000010	Utg323316_272, Utg323316_267	WP_015404239.1
OG0000010	Utg323990_20	WP_153304882.1
OG0000010	Utg323316_270	WP_015404221.1, WP_015404682.1
OG0000011	Utg323180_549	WP_015403675.1
OG0000012	Utg323392_111	WP_015405394.1
OG0000012	Utg323140_106	WP_015403532.1
OG0000012	Utg323180_153	WP_015405260.1
OG0000012	Utg323632_113	WP_228130022.1
OG0000013	Utg323140_78	WP_015402979.1
OG0000013	Utg323140_219	WP_015404193.1
OG0000013	Utg323140_226	WP_015404186.1
OG0000014	Utg323392_110	WP_015403048.1
OG0000014	Utg324810_58	WP_015403432.1
OG0000015	Utg323392_212	WP_015404994.1
OG0000015	Utg323632_27	WP_015405754.1
OG0000015	Utg323140_90	WP_015403214.1
OG0000016	Utg323152_301	WP_015405281.1
OG0000018	Utg323152_201	WP_015405040.1
OG0000019	Utg323140_131	WP_015403161.1
OG0000020	Utg323152_283	WP_015405231.1
OG0000020	Utg323632_271	WP_015404437.1
OG0000020	Utg323152_268	WP_015405244.1
OG0000020	Utg323180_155	WP_015404863.1
OG0000020	Utg323300_116	WP_015403536.1
OG0000021	Utg323152_38	WP_015405210.1
OG0000022	Utg323180_278	WP_015402646.1
OG0000022	Utg323392_113	WP_015405396.1
OG0000023	Utg323180_594	WP_015403473.1
OG0000023	Utg323180_595	WP_015403474.1
OG0000024	Utg323180_286	WP_015405350.1
OG0000024	Utg323152_134	WP_015402478.1
OG0000025	Utg323300_113	WP_015403272.1
OG0000025	Utg323140_34	WP_015403667.1
OG0000025	Utg323316_176, Utg323180_632	WP_015405643.1
OG0000025	Utg323180_229	WP_015405516.1
OG0000025	Utg323152_140, Utg323140_139	WP_015405536.1
OG0000025	Utg323392_180, Utg323316_342, Utg323316_341, Utg323180_435, Utg323632_121, Utg323392_70	WP_041916396.1
OG0000026	Utg323140_43	WP_015403451.1
OG0000026	Utg323632_118	WP_015402804.1
OG0000026	Utg323300_169	WP_015403738.1
OG0000026	Utg323300_371	WP_015403942.1
OG0000027	Utg323300_117	WP_083907219.1
OG0000027	Utg323392_79	WP_265588650.1
OG0000027	Utg323180_188	WP_228130054.1
OG0000028	Utg323990_173	WP_015404516.1
OG0000028	Utg323140_52	WP_015405200.1
OG0000028	Utg323140_220	WP_015404192.1
OG0000029	Utg323300_179	WP_167320727.1
OG0000029	Utg323300_178	WP_052326975.1
OG0000030	Utg323160_85	WP_015403340.1
OG0000030	Utg323160_112	WP_228130041.1
OG0000031	Utg323448_44	WP_015404265.1
OG0000031	Utg323392_77	WP_015405368.1
OG0000031	Utg323262_179	WP_015403311.1
OG0000032	Utg323316_338	WP_015403973.1
OG0000032	Utg323300_122	WP_015403541.1
OG0000033	Utg323140_147, Utg323140_146	WP_015403598.1
OG0000034	Utg323392_186, Utg323392_187	WP_015404767.1
OG0000035	Utg323180_199	WP_015402576.1
OG0000035	Utg323262_95	WP_015404344.1
OG0000035	Utg323300_305	WP_015403874.1
OG0000035	Utg323300_236	WP_015403839.1
OG0000038	Utg323990_153	WP_015404535.1
OG0000038	Utg323180_685	WP_015402313.1
OG0000038	Utg323180_684	WP_015402314.1
OG0000039	Utg323316_349	WP_015405087.1
OG0000040	Utg323074_178	WP_015404697.1
OG0000040	Utg323990_66	WP_015404594.1
OG0000041	Utg323632_79, Utg323300_84	WP_015404769.1
OG0000041	Utg323316_196	WP_015403613.1
OG0000042	Utg323180_126	WP_041916557.1
OG0000042	Utg323300_393	WP_015403963.1
OG0000042	Utg323262_141	WP_015404842.1
OG0000042	Utg323152_383	WP_015404992.1
OG0000043	Utg323140_196, Utg323990_243, Utg323160_116, Utg323180_525	WP_015402371.1
OG0000043	Utg323180_599	WP_015402367.1
OG0000044	Utg323316_69	WP_015404161.1
OG0000045	Utg323180_405	WP_015402866.1
OG0000045	Utg324810_80, Utg323990_79	WP_015404579.1
OG0000045	Utg323300_218	WP_228130035.1
OG0000046	Utg324810_8	WP_015402438.1
OG0000046	Utg323152_235	WP_015405008.1
OG0000046	Utg323180_156	WP_015404864.1
OG0000047	Utg323316_238	WP_015405593.1
OG0000047	Utg323074_155	WP_015404707.1
OG0000048	Utg323316_142	WP_015404100.1
OG0000049	Utg323300_370	WP_015404873.1
OG0000051	Utg323316_319	WP_015404005.1
OG0000051	Utg323262_180	WP_015403310.1
OG0000051	Utg323392_75	WP_153304915.1
OG0000052	Utg323074_111	WP_015405485.1
OG0000053	Utg323392_224	WP_015404739.1
OG0000053	Utg323180_371, Utg323316_65	WP_015405788.1
OG0000053	Utg323316_144	WP_228130071.1
OG0000054	Utg323316_271, Utg323316_253	WP_015404045.1
OG0000055	Utg323152_253	WP_015405217.1
OG0000055	Utg323990_203, Utg323152_348, Utg323152_241	WP_015404642.1
OG0000056	Utg323180_501	WP_015402552.1
OG0000057	Utg323152_465	WP_015403643.1
OG0000057	Utg323300_441, Utg323632_324, Utg323392_16, Utg323140_160	WP_015403138.1
OG0000058	Utg323180_619	WP_015402352.1
OG0000058	Utg323152_288	WP_015405249.1
OG0000058	Utg323632_274	WP_015404440.1
OG0000058	Utg323152_273	WP_015405240.1
OG0000058	Utg323180_545	WP_015403671.1
OG0000059	Utg323316_107	WP_083907268.1
OG0000060	Utg323300_75	WP_015403496.1
OG0000060	Utg323990_72	WP_015404589.1
OG0000061	Utg323180_315	WP_015402468.1
OG0000062	Utg323392_166	WP_041916419.1
OG0000063	Utg323632_334	WP_015405546.1
OG0000063	Utg323392_142	WP_015404799.1
OG0000064	Utg323990_139	WP_015404547.1
OG0000064	Utg323180_38	WP_015402710.1
OG0000065	Utg323140_85	WP_015402775.1
OG0000065	Utg323160_21	WP_015402615.1
OG0000065	Utg323140_2, Utg323180_2	WP_015402731.1
OG0000067	Utg323392_165	WP_015404777.1
OG0000069	Utg323300_182	WP_015403747.1
OG0000069	Utg323262_103	WP_015404352.1
OG0000070	Utg323152_189	WP_015405051.1
OG0000070	Utg323990_69	WP_015404487.1, WP_228130013.1
OG0000071	Utg323152_559	WP_015405451.1
OG0000071	Utg323180_522	WP_015402375.1
OG0000072	Utg323152_560	WP_015405452.1
OG0000072	Utg323180_521	WP_015402376.1
OG0000073	Utg323160_62	WP_015405086.1
OG0000073	Utg323180_197, Utg323632_357	WP_015405072.1, WP_015402609.1
OG0000073	Utg323180_298	WP_015402677.1
OG0000073	Utg323180_233	WP_015402482.1
OG0000073	Utg324548_6	WP_015403799.1
OG0000073	Utg323140_124	WP_167320698.1, WP_015402435.1
OG0000074	Utg323180_421	WP_015402447.1
OG0000075	Utg323160_84	WP_015403341.1
OG0000076	Utg323152_263	WP_015405226.1
OG0000077	Utg323074_141	WP_015404715.1
OG0000078	Utg323152_397	WP_015404958.1
OG0000078	Utg323180_686	WP_015402312.1
OG0000078	Utg323300_294	WP_015403864.1
OG0000079	Utg323160_93	WP_015402977.1
OG0000079	Utg323180_41	WP_015405417.1
OG0000079	Utg323990_42	WP_015404623.1
OG0000080	Utg323140_241	WP_015403975.1
OG0000080	Utg323152_20	WP_015402686.1
OG0000080	Utg323316_249	WP_015404671.1
OG0000082	Utg323392_216	WP_015404747.1
OG0000082	Utg323152_318	WP_015405296.1
OG0000085	Utg323180_592	WP_153304855.1
OG0000086	Utg323180_528	WP_265588649.1
OG0000087	Utg323140_87	WP_015402777.1
OG0000087	Utg323152_497	WP_015404821.1
OG0000087	Utg323632_128	WP_015405668.1
OG0000088	Utg323152_262	WP_015405225.1
OG0000091	Utg323180_478	WP_015402418.1
OG0000091	Utg323392_150	WP_015404791.1
OG0000092	Utg323300_130	WP_015403796.1
OG0000092	Utg323152_94	WP_015403008.1
OG0000092	Utg323180_509	WP_015402386.1
OG0000093	Utg323180_45	WP_015402704.1
OG0000094	Utg323152_240, Utg323990_23	WP_015404230.1
OG0000094	Utg323074_170	WP_015404703.1
OG0000095	Utg323300_425	WP_015403025.1
OG0000095	Utg323990_63	WP_265588636.1
OG0000096	Utg323392_43	WP_015405356.1
OG0000097	Utg323152_498	WP_015404820.1
OG0000097	Utg323160_75	WP_015403348.1
OG0000097	Utg323266_3, Utg323160_123	WP_015403223.1
OG0000098	Utg323180_520	WP_015402377.1
OG0000098	Utg323152_561	WP_015405453.1
OG0000099	Utg324810_13, Utg323180_500	WP_015403552.1
OG0000099	Utg323074_101, Utg323074_64	WP_015403528.1
OG0000100	Utg323316_117	WP_015404121.1
OG0000101	Utg323266_38	WP_228130039.1
OG0000101	Utg323180_20	WP_015403666.1
OG0000102	Utg323632_122	WP_015405674.1
OG0000103	Utg323316_301	WP_015404021.1
OG0000104	Utg323074_23	WP_228130081.1
OG0000104	Utg323316_337	WP_015403990.1
OG0000105	Utg323392_148	WP_015404793.1
OG0000105	Utg323180_490	WP_015402408.1
OG0000106	Utg323300_138	WP_015403625.1
OG0000106	Utg323316_317	WP_015404007.1
OG0000107	Utg323266_55	WP_153304789.1
OG0000107	Utg323180_669	WP_052326938.1
OG0000108	Utg323392_40	WP_015405353.1
OG0000108	Utg323180_650	WP_015402336.1
OG0000110	Utg323152_265	WP_015405228.1
OG0000112	Utg323300_361	WP_015403936.1
OG0000113	Utg323316_179	WP_015404088.1
OG0000114	Utg323448_59	WP_015404279.1
OG0000114	Utg323180_193	WP_015402582.1
OG0000115	Utg323300_341	WP_015403910.1
OG0000115	Utg323990_86	WP_015404572.1
OG0000116	Utg323300_39	WP_015402490.1
OG0000116	Utg323300_387	WP_015403565.1, WP_015403958.1
OG0000117	Utg323316_188	WP_015403805.1
OG0000117	Utg323140_129	WP_015403159.1
OG0000118	Utg323140_128	WP_015403158.1
OG0000118	Utg323316_189	WP_015403806.1
OG0000119	Utg323180_425	WP_015402797.1
OG0000121	Utg323316_251, Utg323316_295, Utg323316_290	WP_015403603.1, WP_041916370.1
OG0000121	Utg323074_180	WP_015404050.1
OG0000122	Utg323300_431, Utg323262_85	WP_015403700.1
OG0000123	Utg323152_264	WP_015405227.1
OG0000126	Utg323392_137	WP_015404803.1
OG0000126	Utg323140_162	WP_015402913.1
OG0000127	Utg323448_31	WP_015404182.1, WP_015404183.1
OG0000128	Utg323180_277	WP_015402505.1
OG0000128	Utg323152_202	WP_015405039.1
OG0000129	Utg323180_691	WP_015402307.1
OG0000130	Utg323140_62, Utg323632_319	WP_015402762.1
OG0000131	Utg323074_120	WP_153304997.1
OG0000131	Utg323990_32	WP_015404061.1
OG0000133	Utg323140_126	WP_228130062.1
OG0000133	Utg323316_190	WP_228130048.1
OG0000134	Utg323140_101	WP_015402789.1
OG0000134	Utg323152_247	WP_015405212.1
OG0000135	Utg323300_373	WP_015403944.1
OG0000135	Utg323300_234	WP_015403834.1
OG0000136	Utg323152_230	WP_015405013.1
OG0000136	Utg323392_39	WP_015405352.1
OG0000137	Utg323316_187	WP_015403804.1
OG0000137	Utg323632_120, Utg323074_21, Utg323300_15	WP_015403527.1
OG0000141	Utg323300_418	WP_228130036.1
OG0000142	Utg323180_616	WP_015404601.1
OG0000142	Utg323392_262	WP_015405517.1
OG0000143	Utg323140_49	WP_015402647.1
OG0000143	Utg323180_33	WP_015402714.1
OG0000144	Utg323392_195	WP_015404757.1
OG0000144	Utg323392_160	WP_015404779.1
OG0000145	Utg323180_144	WP_015404615.1
OG0000145	Utg323180_511	WP_015402384.1
OG0000147	Utg323392_141	WP_015404800.1
OG0000149	Utg323152_360	WP_015404246.1
OG0000149	Utg323300_144, Utg325220_75, Utg323152_363	WP_015404202.1
OG0000150	Utg323152_400	WP_015404955.1
OG0000150	Utg323316_140	WP_015404102.1
OG0000150	Utg323300_310	WP_015403878.1
OG0000151	Utg323316_242	WP_015404064.1
OG0000152	Utg323180_516	WP_015402381.1
OG0000152	Utg323180_523	WP_015402374.1
OG0000153	Utg323180_413	WP_015404425.1
OG0000153	Utg323300_187	WP_015402914.1
OG0000154	Utg323160_129, Utg323266_10	WP_015403217.1
OG0000159	Utg324810_14	WP_208598504.1
OG0000159	Utg323180_417	WP_015405738.1
OG0000160	Utg323180_213	WP_015402570.1
OG0000162	Utg323316_178	WP_041916377.1
OG0000163	Utg323160_83	WP_015403342.1
OG0000163	Utg323262_107	WP_015404356.1
OG0000164	Utg323300_166	WP_015403628.1
OG0000165	Utg323140_175	WP_015402948.1
OG0000166	Utg323632_248	WP_015405604.1
OG0000166	Utg324810_90	WP_015404252.1
OG0000167	Utg323152_436	WP_015404889.1
OG0000168	Utg323300_260	WP_015403840.1
OG0000169	Utg323152_503	WP_015404816.1
OG0000170	Utg323300_350	WP_015403919.1
OG0000171	Utg323152_438	WP_015404886.1
OG0000171	Utg323152_437	WP_015404887.1
OG0000172	Utg323990_178	WP_015404511.1
OG0000173	Utg324810_59	WP_015403433.1
OG0000174	Utg323180_604	WP_015402361.1
OG0000174	Utg323266_90	WP_015403695.1
OG0000175	Utg323160_23, Utg325220_73, Utg323392_235, Utg323300_462, Utg323160_47	WP_208598472.1
OG0000176	Utg324810_46	WP_015403419.1
OG0000177	Utg323300_73	WP_015402938.1
OG0000178	Utg323316_122	WP_015403012.1
OG0000178	Utg324810_77	WP_167320722.1
OG0000179	Utg323152_376	WP_015403164.1
OG0000180	Utg323262_181, Utg323262_184	WP_015403309.1
OG0000181	Utg323316_243	WP_015404063.1
OG0000182	Utg323392_153	WP_015404788.1
OG0000183	Utg323632_25	WP_208598531.1
OG0000184	Utg323392_66	WP_015403677.1
OG0000184	Utg324548_16	WP_015404418.1
OG0000185	Utg323152_69	WP_015405172.1
OG0000185	Utg323316_113	WP_015404124.1
OG0000186	Utg323392_251	WP_015403686.1
OG0000187	Utg323448_60, Utg323448_47	WP_015404268.1
OG0000188	Utg323300_307	WP_015403875.1
OG0000189	Utg323990_133	WP_015404553.1
OG0000190	Utg323152_409, Utg323262_17	WP_015404901.1
OG0000191	Utg323180_105	WP_228130031.1
OG0000191	Utg323266_48	WP_015403618.1
OG0000193	Utg323140_4, Utg323180_1	WP_015402732.1
OG0000194	Utg323160_22	WP_015402613.1
OG0000194	Utg323160_58, Utg323316_1	WP_015403363.1
OG0000195	Utg323152_119	WP_167320713.1
OG0000195	Utg323180_690	WP_015402308.1
OG0000196	Utg323632_23	WP_015405758.1
OG0000197	Utg323448_28	WP_015404178.1
OG0000197	Utg323180_590	WP_015402858.1
OG0000198	Utg323316_285	WP_015404032.1
OG0000198	Utg323152_174	WP_015405101.1
OG0000199	Utg323300_357	WP_015403925.1
OG0000199	Utg323152_198	WP_015405043.1
OG0000200	Utg323160_40	WP_015403368.1
OG0000201	Utg323180_6	WP_015402726.1
OG0000202	Utg325220_64, Utg323140_270	WP_015403041.1
OG0000202	Utg323300_104	WP_015403516.1
OG0000203	Utg323262_83, Utg323300_137	WP_015403624.1
OG0000203	Utg323262_67	WP_015405501.1
OG0000204	Utg323180_154	WP_167320750.1, WP_041916292.1
OG0000205	Utg323266_99	WP_052326952.1
OG0000209	Utg323316_339	WP_015403972.1
OG0000210	Utg323300_167	WP_153304845.1
OG0000211	Utg323140_182	WP_015402955.1
OG0000212	Utg324810_52	WP_015403425.1
OG0000213	Utg323180_404	WP_015402864.1
OG0000214	Utg323632_45	WP_015403656.1
OG0000215	Utg323152_476	WP_015405467.1
OG0000215	Utg324810_67	WP_015403395.1
OG0000216	Utg323316_146	WP_015404094.1
OG0000217	Utg324548_25	WP_015404433.1
OG0000218	Utg323632_371	WP_015405521.1
OG0000218	Utg323266_87	WP_015403719.1
OG0000218	Utg323266_88	WP_015403718.1
OG0000219	Utg323300_291	WP_015403862.1
OG0000221	Utg323180_504	WP_015402390.1
OG0000222	Utg323262_114	WP_015404363.1
OG0000223	Utg323392_219	WP_015404744.1
OG0000223	Utg323316_181	WP_041916376.1
OG0000224	Utg323152_490	WP_015403713.1
OG0000225	Utg323152_460	WP_228130059.1, WP_015402983.1
OG0000225	Utg323140_111	WP_153304792.1
OG0000226	Utg323300_329	WP_015403895.1
OG0000227	Utg323632_351	WP_015405532.1
OG0000228	Utg323074_134	WP_015404722.1
OG0000229	Utg325220_87	WP_015403080.1
OG0000230	Utg323152_249	WP_015405214.1
OG0000232	Utg323152_484	WP_015404828.1
OG0000232	Utg323152_485	WP_228130015.1
OG0000233	Utg323152_10	WP_015405001.1
OG0000233	Utg323266_103	WP_015403097.1
OG0000234	Utg323990_146	WP_015404541.1
OG0000235	Utg323180_210	WP_015402571.1
OG0000235	Utg323300_358	WP_015403933.1
OG0000236	Utg323152_193	WP_015403802.1, WP_015402832.1, WP_015405047.1
OG0000237	Utg324810_62	WP_015403027.1
OG0000237	Utg323300_24	WP_015403550.1
OG0000238	Utg325220_109	WP_015403087.1
OG0000238	Utg323316_194	WP_015403615.1
OG0000239	Utg323266_22	WP_015403176.1
OG0000240	Utg323152_13, Utg323180_454	WP_015404338.1
OG0000241	Utg324548_15	WP_015404417.1
OG0000241	Utg323262_144	WP_015404839.1
OG0000242	Utg323152_279	WP_015405234.1
OG0000242	Utg323632_279	WP_015404444.1
OG0000242	Utg323152_284	WP_015405245.1
OG0000243	Utg323180_67, Utg323266_94, Utg323160_100, Utg323160_101	WP_015404772.1
OG0000244	Utg323152_496	WP_015404822.1
OG0000245	Utg323316_355	WP_208598476.1, WP_228130017.1, WP_228130061.1
OG0000248	Utg323140_188	WP_015402961.1
OG0000250	Utg323152_330	WP_015405307.1
OG0000252	Utg323632_22	WP_015405759.1
OG0000253	Utg323632_102	WP_015405687.1
OG0000256	Utg323632_47	WP_015403654.1
OG0000257	Utg323990_211	WP_015404474.1
OG0000257	Utg324810_19	WP_015403400.1
OG0000258	Utg323074_207, Utg323074_198	WP_052327002.1
OG0000258	Utg323074_197, Utg323316_263	WP_041916466.1
OG0000259	Utg323990_75	WP_015404586.1
OG0000260	Utg323180_575	WP_167320763.1
OG0000260	Utg323140_174	WP_015402947.1
OG0000261	Utg323300_415	WP_015403028.1
OG0000261	Utg323990_127	WP_015404558.1
OG0000262	Utg323152_138, Utg323152_139	WP_015405634.1
OG0000263	Utg323300_416	WP_015403031.1
OG0000264	Utg323262_53	WP_015403248.1
OG0000264	Utg323300_385	WP_015403956.1
OG0000265	Utg323262_60	WP_015403241.1
OG0000265	Utg323300_383	WP_015403954.1
OG0000266	Utg323262_57	WP_015403244.1
OG0000266	Utg323300_345	WP_015403914.1
OG0000268	Utg323180_596	WP_228130027.1
OG0000268	Utg323180_274	WP_015402508.1
OG0000269	Utg323448_118	WP_015404334.1
OG0000269	Utg323448_117	WP_015404333.1
OG0000270	Utg323140_132	WP_015403162.1
OG0000271	Utg323266_111, Utg323140_109	WP_015402792.1
OG0000272	Utg324810_29	WP_015403141.1, WP_015403406.1
OG0000272	Utg323152_381	WP_015404095.1
OG0000273	Utg323392_256	WP_015403232.1
OG0000273	Utg323448_108	WP_015404326.1
OG0000274	Utg323160_113	WP_015403324.1
OG0000275	Utg323074_158	WP_015404634.1
OG0000276	Utg323152_607, Utg323316_369, Utg323140_3	WP_015404460.1
OG0000277	Utg323990_152	WP_015404536.1
OG0000277	Utg323990_162	WP_015404527.1
OG0000278	Utg323632_18	WP_015405763.1
OG0000278	Utg323990_104	WP_015405123.1
OG0000279	Utg323152_280	WP_015405233.1
OG0000279	Utg323632_270	WP_083907283.1
OG0000279	Utg323152_269	WP_015405243.1
OG0000280	Utg323152_299	WP_015405279.1
OG0000280	Utg323152_300	WP_015405280.1
OG0000281	Utg323392_84	WP_015405374.1
OG0000283	Utg324810_45	WP_015403418.1
OG0000284	Utg323300_134	WP_015403619.1
OG0000285	Utg324548_26	WP_015404434.1
OG0000286	Utg323990_126	WP_015404559.1
OG0000288	Utg323152_159	WP_015405114.1
OG0000290	Utg323990_110	WP_015404568.1
OG0000291	Utg323152_390	WP_015404986.1
OG0000292	Utg323448_29	WP_228130008.1
OG0000293	Utg323632_26	WP_015405755.1
OG0000294	Utg323300_417	WP_015403030.1
OG0000295	Utg323990_154	WP_015404534.1
OG0000296	Utg323300_349	WP_015403918.1
OG0000297	Utg323160_80, Utg323160_79	WP_015403344.1
OG0000298	Utg323316_112	WP_015404125.1
OG0000299	Utg323392_237	WP_015403320.1
OG0000299	Utg323632_41	WP_015405743.1
OG0000300	Utg324810_53	WP_015403426.1
OG0000301	Utg323448_82	WP_228130009.1
OG0000302	Utg323180_186, Utg323262_78	WP_015402586.1
OG0000302	Utg323266_31	WP_015403592.1
OG0000305	Utg323990_250	WP_015403709.1
OG0000306	Utg323152_287	WP_015405248.1
OG0000307	Utg323632_13	WP_015405767.1
OG0000308	Utg323632_21	WP_015405760.1
OG0000309	Utg323300_194	WP_015403758.1
OG0000310	Utg323074_211	WP_015404633.1, WP_015404219.1, WP_015404235.1
OG0000311	Utg323152_590	WP_015405461.1
OG0000312	Utg323632_141	WP_015405651.1
OG0000313	Utg323316_67	WP_015404163.1
OG0000314	Utg323632_19	WP_015405762.1
OG0000316	Utg323180_263	WP_015402519.1
OG0000317	Utg323180_167	WP_015404977.1, WP_015402650.1
OG0000317	Utg323152_149	WP_015405136.1
OG0000317	Utg323180_102	WP_015402674.1
OG0000318	Utg323316_214	WP_015402849.1
OG0000319	Utg323140_236	WP_015403020.1
OG0000320	Utg323300_402	WP_015403444.1
OG0000321	Utg323316_81	WP_015404150.1
OG0000322	Utg323152_347, Utg323990_34, Utg323074_213	WP_015404641.1
OG0000323	Utg323074_32	WP_015404848.1
OG0000324	Utg323262_158	WP_015404907.1
OG0000325	Utg323140_86	WP_041916275.1
OG0000325	Utg323632_283	WP_015405569.1
OG0000326	Utg323990_210	WP_041916402.1
OG0000327	Utg323152_563	WP_228130085.1
OG0000331	Utg323074_59	WP_015405475.1
OG0000332	Utg323632_343	WP_015405537.1
OG0000333	Utg323300_359	WP_015403934.1
OG0000334	Utg323392_248, Utg323160_72	WP_015403351.1
OG0000335	Utg323300_389	WP_015403959.1
OG0000336	Utg323990_76	WP_015404585.1
OG0000337	Utg323632_59	WP_015405731.1
OG0000338	Utg323300_340	WP_015403909.1
OG0000339	Utg323152_478	WP_015403039.1, WP_015405469.1
OG0000340	Utg323140_255	WP_015403067.1
OG0000341	Utg325220_86	WP_015405804.1
OG0000343	Utg323632_101	WP_015405688.1
OG0000344	Utg323316_147	WP_015404093.1
OG0000345	Utg323140_249	WP_015403061.1
OG0000346	Utg323266_30	WP_015403591.1
OG0000346	Utg323180_187	WP_015402585.1
OG0000347	Utg323300_185	WP_041916354.1
OG0000348	Utg323140_253	WP_015403065.1
OG0000349	Utg323990_125	WP_015404560.1
OG0000352	Utg323300_309	WP_015403877.1
OG0000353	Utg323152_411	WP_015404899.1
OG0000354	Utg323140_240	WP_208598493.1
OG0000355	Utg323180_503	WP_015402391.1
OG0000356	Utg325220_24, Utg323152_199	WP_015405042.1
OG0000357	Utg323140_190	WP_015402963.1
OG0000358	Utg323152_183	WP_015405066.1
OG0000358	Utg323180_133	WP_015403098.1
OG0000359	Utg323140_110	WP_015402603.1
OG0000360	Utg323448_18	WP_015404165.1
OG0000361	Utg323392_154	WP_015404787.1
OG0000362	Utg323074_50	WP_015402364.1
OG0000363	Utg323632_65	WP_228130024.1
OG0000364	Utg323448_115	WP_015404331.1
OG0000364	Utg324810_20	WP_015403401.1
OG0000364	Utg323180_185	WP_015402587.1
OG0000365	Utg323300_405	WP_015402606.1
OG0000365	Utg323140_74	WP_015402769.1
OG0000366	Utg323180_120	WP_015402662.1
OG0000367	Utg323140_73	WP_015402768.1
OG0000368	Utg323152_293	WP_015402817.1, WP_015403590.1, WP_015403595.1, WP_015402808.1, WP_015405418.1, WP_015403212.1, WP_015404760.1
OG0000370	Utg323074_44	WP_015402991.1
OG0000371	Utg323180_627	WP_167320743.1
OG0000372	Utg323316_334	WP_015403993.1
OG0000373	Utg323316_333	WP_015403994.1
OG0000374	Utg323152_495	WP_015404823.1
OG0000375	Utg323300_400	WP_015403509.1
OG0000378	Utg323300_225	WP_015403825.1
OG0000379	Utg324548_30	WP_015404447.1
OG0000380	Utg323392_22	WP_041916449.1
OG0000381	Utg323266_59	WP_208598490.1
OG0000382	Utg323152_317	WP_015405295.1
OG0000383	Utg323074_113	WP_015405487.1
OG0000384	Utg323632_224	WP_015405623.1
OG0000388	Utg323392_149	WP_015404792.1
OG0000389	Utg325220_115	WP_015403093.1
OG0000390	Utg323152_156	WP_015405129.1
OG0000391	Utg323392_139	WP_015405595.1
OG0000392	Utg323140_187	WP_015402960.1
OG0000393	Utg323392_115	WP_015405397.1
OG0000394	Utg323632_227	WP_015405620.1
OG0000395	Utg323392_102	WP_015405385.1
OG0000396	Utg323316_308	WP_015404016.1
OG0000397	Utg323152_152	WP_015405133.1
OG0000398	Utg323316_283	WP_015404034.1
OG0000399	Utg323074_27	WP_015404853.1
OG0000400	Utg323074_129	WP_015404727.1
OG0000401	Utg323448_26	WP_015404176.1
OG0000402	Utg323074_201	WP_015404482.1, WP_015404651.1
OG0000403	Utg323392_161	WP_015404778.1
OG0000404	Utg323632_90	WP_015405699.1
OG0000406	Utg323300_304	WP_228130050.1
OG0000407	Utg323300_231	WP_015403831.1
OG0000408	Utg323316_309	WP_015404015.1
OG0000409	Utg323152_214, Utg323152_215	WP_015405028.1
OG0000410	Utg323180_618	WP_015402353.1
OG0000413	Utg323632_56	WP_015403446.1
OG0000414	Utg323140_130	WP_015403280.1, WP_015403160.1
OG0000415	Utg323180_424	WP_015402798.1
OG0000417	Utg323316_134	WP_015403699.1
OG0000418	Utg323632_29	WP_015405752.1
OG0000419	Utg323990_112	WP_015404566.1
OG0000420	Utg323392_158	WP_167320749.1
OG0000422	Utg323316_306	WP_015404018.1
OG0000423	Utg323152_259	WP_015405222.1
OG0000424	Utg323180_488	WP_015404172.1
OG0000425	Utg323632_72	WP_015405708.1
OG0000426	Utg323152_151	WP_015405134.1
OG0000427	Utg323448_41	WP_015404262.1
OG0000428	Utg323392_159	WP_015404780.1
OG0000429	Utg323632_282	WP_015405570.1
OG0000430	Utg323152_270	WP_015405242.1
OG0000430	Utg323152_281	WP_015405409.1, WP_015403469.1, WP_015405232.1
OG0000431	Utg323140_38	WP_015403546.1
OG0000431	Utg323392_85	WP_015405375.1
OG0000433	Utg323316_347	WP_015403967.1
OG0000434	Utg323316_227	WP_015404078.1
OG0000436	Utg323152_368	WP_015404648.1, WP_015404652.1, WP_015405333.1
OG0000437	Utg323140_223	WP_041916859.1
OG0000437	Utg323262_143	WP_015404840.1
OG0000438	Utg323152_420	WP_015404896.1
OG0000439	Utg323152_408	WP_015404902.1
OG0000440	Utg323152_402	WP_015404953.1
OG0000441	Utg323152_388	WP_015404988.1
OG0000442	Utg323152_244	WP_015405004.1
OG0000444	Utg323152_45	WP_015405195.1
OG0000445	Utg323152_295	WP_015405275.1
OG0000446	Utg323152_316	WP_015405294.1
OG0000447	Utg323392_129	WP_015405423.1
OG0000448	Utg323152_562	WP_015405454.1
OG0000449	Utg323152_593	WP_015405463.1
OG0000457	Utg323140_93	WP_208598499.1
OG0000458	Utg323632_292	WP_015405560.1
OG0000459	Utg323152_197	WP_015405044.1
OG0000460	Utg323632_251	WP_015405601.1
OG0000461	Utg323266_1, Utg323180_610	WP_015402359.1
OG0000462	Utg323392_157	WP_015404782.1
OG0000463	Utg323152_557	WP_015405449.1
OG0000465	Utg323316_131	WP_015404108.1
OG0000466	Utg323316_143	WP_015404099.1
OG0000467	Utg324810_50	WP_015403423.1
OG0000468	Utg323152_550	WP_015405442.1
OG0000469	Utg323300_339	WP_015403908.1
OG0000470	Utg323632_217	WP_015405629.1
OG0000471	Utg323180_23	WP_015402724.1
OG0000472	Utg323990_82	WP_015404576.1
OG0000473	Utg324810_49	WP_265588642.1
OG0000474	Utg323392_19	WP_015405340.1
OG0000475	Utg323300_262	WP_015403842.1
OG0000476	Utg323448_21	WP_015404168.1
OG0000477	Utg323316_316	WP_015404008.1
OG0000478	Utg323316_148	WP_015404092.1
OG0000479	Utg323152_47	WP_015405193.1
OG0000480	Utg323448_83	WP_015404302.1
OG0000481	Utg323316_184	WP_015404083.1
OG0000482	Utg323300_126	WP_015403548.1
OG0000484	Utg323300_196	WP_015403760.1
OG0000485	Utg323152_48	WP_015405192.1
OG0000486	Utg323152_439	WP_015404881.1
OG0000487	Utg323152_216	WP_015405027.1
OG0000488	Utg323160_29	WP_015403375.1
OG0000489	Utg323392_46	WP_228130021.1
OG0000490	Utg323180_708	WP_015402294.1
OG0000491	Utg323074_142	WP_015404713.1
OG0000492	Utg323180_163	WP_041916554.1
OG0000493	Utg323300_317	WP_015403885.1
OG0000494	Utg323300_293	WP_015403661.1
OG0000495	Utg323152_176	WP_015405099.1
OG0000496	Utg323632_52	WP_015405733.1
OG0000497	Utg323632_236	WP_015405614.1
OG0000498	Utg323632_237	WP_015405613.1
OG0000499	Utg323300_95	WP_015402600.1
OG0000499	Utg323180_506	WP_015405505.1
OG0000500	Utg323448_101	WP_015404321.1
OG0000501	Utg323392_55	WP_015403989.1
OG0000502	Utg323152_196	WP_015405045.1
OG0000503	Utg323180_35	WP_015403102.1
OG0000504	Utg323180_617	WP_015402354.1
OG0000505	Utg323316_99	WP_015404141.1
OG0000506	Utg323262_175	WP_153305003.1
OG0000506	Utg323152_506	WP_015404813.1
OG0000507	Utg323180_43	WP_015402706.1
OG0000508	Utg323300_12	WP_015403578.1, WP_015403440.1
OG0000509	Utg323160_78	WP_015403345.1
OG0000510	Utg323180_484	WP_015402412.1
OG0000511	Utg323316_346	WP_015403968.1
OG0000512	Utg323074_26	WP_015404854.1
OG0000513	Utg323300_263	WP_015403843.1
OG0000514	Utg323632_76	WP_015405704.1
OG0000515	Utg323152_558	WP_015405450.1
OG0000516	Utg323180_611, Utg323266_2	WP_015402358.1
OG0000517	Utg323262_106	WP_015404355.1
OG0000518	Utg323180_544	WP_015402512.1
OG0000519	Utg323152_229	WP_015405014.1
OG0000520	Utg323392_86	WP_015405376.1
OG0000521	Utg323152_146	WP_015405139.1
OG0000522	Utg323152_209	WP_015405032.1
OG0000523	Utg323392_227	WP_015404736.1
OG0000524	Utg323160_66	WP_015403357.1
OG0000526	Utg323180_264	WP_015402518.1
OG0000527	Utg323990_77	WP_228130012.1
OG0000528	Utg323316_180	WP_052326983.1
OG0000529	Utg323300_351	WP_015403920.1
OG0000530	Utg323632_212	WP_015405633.1
OG0000531	Utg323990_111	WP_015404567.1
OG0000532	Utg323990_149	WP_015404539.1
OG0000533	Utg323300_299	WP_015403868.1
OG0000535	Utg323180_111	WP_015402664.1
OG0000537	Utg323152_226	WP_015405017.1
OG0000538	Utg323140_264, Utg325220_1	WP_015403076.1
OG0000539	Utg323180_65	WP_015402679.1
OG0000540	Utg323990_215	WP_015404471.1
OG0000542	Utg323300_321	WP_015403888.1
OG0000543	Utg323152_153	WP_015405132.1
OG0000544	Utg324810_54	WP_015403427.1
OG0000545	Utg323140_9	WP_015402736.1
OG0000546	Utg323140_178	WP_015402951.1
OG0000547	Utg323180_527	WP_228130060.1
OG0000548	Utg323140_246	WP_015403059.1
OG0000549	Utg323392_28	WP_015405349.1
OG0000550	Utg323632_387, Utg323392_263	WP_015405518.1
OG0000551	Utg323180_674	WP_015402319.1
OG0000552	Utg324810_41	WP_167320703.1, WP_015405740.1, WP_015402321.1
OG0000552	Utg323074_43, Utg323632_58, Utg323074_42	WP_167320725.1
OG0000553	Utg323300_184	WP_015403748.1
OG0000553	Utg325220_97	WP_015402607.1, WP_015403152.1
OG0000554	Utg323300_276	WP_015402643.1
OG0000555	Utg323180_103	WP_015402671.1
OG0000556	Utg323152_446	WP_015405411.1, WP_015404875.1
OG0000556	Utg323140_140	WP_015402888.1
OG0000557	Utg323180_181	WP_015404678.1, WP_015402968.1, WP_015403490.1
OG0000558	Utg323152_97	WP_015402992.1
OG0000559	Utg323300_249	WP_015403185.1
OG0000559	Utg323632_385	WP_015403179.1
OG0000560	Utg323266_40	WP_015403201.1
OG0000561	Utg323266_17	WP_015403206.1
OG0000562	Utg323160_42	WP_015405527.1, WP_015403366.1, WP_041916336.1, WP_052326966.1
OG0000563	Utg323262_167, Utg323266_71, Utg323152_123	WP_015403725.1
OG0000564	Utg323392_207	WP_015403905.1
OG0000565	Utg323392_208	WP_015403906.1
OG0000566	Utg323300_374	WP_015403945.1
OG0000567	Utg323152_243	WP_015405005.1
OG0000568	Utg323392_178	WP_041916977.1
OG0000568	Utg323152_148	WP_015405137.1
OG0000569	Utg323632_362	WP_015405528.1
OG0000570	Utg323316_297	WP_015405597.1
OG0000571	Utg323300_101	WP_083907217.1
OG0000575	Utg323140_189	WP_015402962.1
OG0000576	Utg323266_35	WP_015403169.1
OG0000577	Utg323074_28	WP_041916988.1
OG0000578	Utg323160_67	WP_015403356.1
OG0000579	Utg323160_81	WP_015403343.1
OG0000580	Utg323180_689	WP_015402309.1
OG0000581	Utg323448_49	WP_015404269.1
OG0000582	Utg323140_12	WP_015402739.1
OG0000583	Utg323448_37	WP_015404258.1
OG0000584	Utg323316_328	WP_015403998.1
OG0000585	Utg323316_329	WP_015403997.1
OG0000586	Utg323316_331	WP_083907252.1
OG0000587	Utg323152_245	WP_015405003.1
OG0000588	Utg323316_336	WP_015403991.1
OG0000589	Utg323152_565	WP_015405457.1
OG0000590	Utg323316_300	WP_015404022.1
OG0000591	Utg323140_180	WP_015402953.1
OG0000592	Utg323152_248	WP_015405213.1
OG0000593	Utg323632_96	WP_015405693.1
OG0000594	Utg323300_311	WP_015403879.1
OG0000595	Utg323990_151	WP_015404537.1
OG0000596	Utg323152_192	WP_015405048.1
OG0000597	Utg323152_175	WP_015405100.1
OG0000598	Utg323632_99	WP_015405690.1
OG0000599	Utg323152_223	WP_015405020.1
OG0000600	Utg323180_267	WP_015402515.1
OG0000601	Utg323140_185	WP_015402958.1
OG0000602	Utg323152_172	WP_015405103.1
OG0000603	Utg323990_83	WP_015404575.1
OG0000604	Utg323180_32	WP_015402715.1
OG0000605	Utg323180_276	WP_083907155.1
OG0000606	Utg323266_43	WP_228130038.1
OG0000607	Utg323300_283	WP_167320733.1
OG0000608	Utg323180_609	WP_228130026.1
OG0000609	Utg323074_153, Utg323074_152	WP_228130078.1
OG0000610	Utg323448_99	WP_015404319.1
OG0000611	Utg323152_250	WP_015405215.1
OG0000612	Utg323632_295	WP_015405558.1
OG0000613	Utg323632_296	WP_015405557.1
OG0000614	Utg323300_233	WP_015403833.1
OG0000615	Utg323448_90	WP_015404310.1
OG0000616	Utg323448_92	WP_015404312.1
OG0000617	Utg323448_63	WP_015404282.1
OG0000618	Utg323448_65	WP_015404284.1
OG0000619	Utg323448_66	WP_015404285.1
OG0000620	Utg323448_67	WP_015404286.1
OG0000621	Utg323448_68	WP_015404287.1
OG0000622	Utg323262_150	WP_015404375.1
OG0000623	Utg323074_128	WP_015404728.1
OG0000624	Utg323152_218	WP_015405025.1
OG0000625	Utg323152_219	WP_015405024.1
OG0000626	Utg324810_60	WP_015403434.1
OG0000627	Utg323448_100	WP_015404320.1
OG0000628	Utg323180_312	WP_015402471.1
OG0000629	Utg323632_1, Utg323316_98	WP_015404142.1
OG0000630	Utg323300_302	WP_015403871.1
OG0000631	Utg323300_300	WP_015403869.1
OG0000632	Utg323392_138	WP_015404802.1
OG0000633	Utg323180_584	WP_015404414.1
OG0000634	Utg323074_110	WP_015405484.1
OG0000635	Utg323990_206	WP_015404478.1
OG0000637	Utg323392_155	WP_015404786.1
OG0000638	Utg323262_113	WP_015404362.1
OG0000639	Utg323152_564	WP_015405456.1
OG0000640	Utg323990_80	WP_015404578.1
OG0000641	Utg323632_228	WP_015405619.1
OG0000642	Utg323316_136	WP_015404104.1
OG0000643	Utg323074_137	WP_015404719.1
OG0000644	Utg323300_295	WP_015403865.1
OG0000645	Utg323316_141	WP_153304871.1
OG0000646	Utg323632_108	WP_015405682.1
OG0000647	Utg323632_107	WP_015405683.1
OG0000648	Utg323632_103	WP_015405686.1
OG0000649	Utg323074_138	WP_015404718.1
OG0000650	Utg323632_350	WP_015405533.1
OG0000651	Utg323152_154	WP_015405131.1
OG0000652	Utg323392_225	WP_015404738.1
OG0000653	Utg323152_255	WP_041917055.1
OG0000654	Utg323140_11	WP_015402738.1
OG0000655	Utg323448_27	WP_015404177.1
OG0000656	Utg323180_692	WP_015402306.1
OG0000657	Utg323180_693	WP_015402305.1
OG0000658	Utg323180_697	WP_015402301.1
OG0000659	Utg323180_698	WP_015402300.1
OG0000660	Utg323632_33	WP_015405750.1
OG0000661	Utg323632_34	WP_015405749.1
OG0000662	Utg323262_165, Utg323262_164	WP_015404379.1
OG0000663	Utg323140_228	WP_015403013.1
OG0000664	Utg323990_147	WP_015404540.1
OG0000665	Utg323140_6	WP_015402733.1
OG0000666	Utg323180_423	WP_015402799.1
OG0000667	Utg323300_165	WP_015403629.1
OG0000668	Utg323392_257	WP_015403715.1
OG0000669	Utg323160_12, Utg324810_104	WP_015402625.1
OG0000670	Utg323632_92	WP_015405697.1
OG0000671	Utg323990_137	WP_015404549.1
OG0000672	Utg323300_313	WP_015403881.1
OG0000673	Utg323152_509	WP_015404811.1
OG0000674	Utg324548_24	WP_015404432.1
OG0000675	Utg323632_238	WP_015405612.1
OG0000676	Utg323152_254	WP_015405218.1
OG0000677	Utg323448_85	WP_015404305.1
OG0000678	Utg323448_84	WP_015404304.1
OG0000679	Utg323632_301	WP_015405552.1
OG0000680	Utg323448_39	WP_015404260.1
OG0000681	Utg323448_54	WP_208598517.1
OG0000682	Utg323448_53	WP_015404273.1
OG0000683	Utg323990_179	WP_015404510.1
OG0000684	Utg323300_386	WP_015403957.1
OG0000685	Utg323448_77	WP_015404296.1
OG0000686	Utg323448_114	WP_015404330.1
OG0000687	Utg323448_73	WP_015404292.1
OG0000688	Utg323448_71	WP_015404290.1
OG0000689	Utg323448_70	WP_015404289.1
OG0000690	Utg323300_99	WP_015403507.1
OG0000691	Utg323448_57	WP_015404277.1
OG0000692	Utg323300_284	WP_015403857.1
OG0000693	Utg325220_116	WP_015403094.1
OG0000694	Utg323316_326	WP_015404000.1
OG0000695	Utg324810_39	WP_153304833.1
OG0000696	Utg325220_114	WP_015403092.1
OG0000697	Utg323300_348	WP_015403917.1
OG0000698	Utg323632_294	WP_228130088.1
OG0000699	Utg323632_360	WP_015405529.1
OG0000700	Utg323074_31	WP_015404849.1
OG0000701	Utg323152_442	WP_015404878.1
OG0000702	Utg323180_262	WP_015402520.1
OG0000703	Utg323300_223	WP_015403823.1
OG0000704	Utg323632_111	WP_015405679.1
OG0000705	Utg323632_110	WP_015405680.1
OG0000706	Utg323632_109	WP_015405681.1
OG0000707	Utg323632_105	WP_015405684.1
OG0000708	Utg323632_98	WP_015405691.1
OG0000709	Utg323152_170	WP_015405104.1
OG0000710	Utg323632_246	WP_015405606.1
OG0000711	Utg323300_74	WP_015403495.1
OG0000712	Utg323152_217	WP_015405026.1
OG0000713	Utg323392_146	WP_015404795.1
OG0000714	Utg323392_144	WP_083907296.1
OG0000715	Utg323448_38	WP_015404259.1
OG0000716	Utg323448_40	WP_015404261.1
OG0000717	Utg323448_50	WP_015404270.1
OG0000718	Utg323448_51	WP_015404271.1
OG0000719	Utg323448_52	WP_015404272.1
OG0000720	Utg323448_55	WP_015404275.1
OG0000721	Utg323448_58	WP_015404278.1
OG0000722	Utg323448_61	WP_015404280.1
OG0000723	Utg323448_64	WP_015404283.1
OG0000724	Utg323448_69	WP_015404288.1
OG0000725	Utg323448_72	WP_015404291.1
OG0000726	Utg323448_74	WP_015404293.1
OG0000727	Utg323448_78	WP_015404297.1
OG0000728	Utg323448_79	WP_015404298.1
OG0000729	Utg323448_80	WP_015404299.1
OG0000730	Utg323448_81	WP_015404300.1
OG0000731	Utg323448_86	WP_015404306.1
OG0000732	Utg323448_87	WP_015404307.1
OG0000733	Utg323448_88	WP_015404308.1
OG0000734	Utg323180_700	WP_015402298.1
OG0000735	Utg323074_151	WP_041916957.1
OG0000736	Utg323180_687	WP_015402311.1
OG0000737	Utg323180_694	WP_015402304.1
OG0000738	Utg323140_176	WP_015402949.1
OG0000739	Utg323152_227	WP_015405016.1
OG0000740	Utg323316_299	WP_015404023.1
OG0000741	Utg323300_319	WP_015403887.1
OG0000742	Utg323316_284	WP_015404033.1
OG0000743	Utg323448_33	WP_015404254.1
OG0000744	Utg323990_150	WP_015404538.1
OG0000745	Utg323392_96	WP_015405381.1
OG0000746	Utg323152_179	WP_015405095.1
OG0000747	Utg323074_132	WP_015404724.1
OG0000748	Utg323074_131	WP_015404725.1
OG0000749	Utg323180_110	WP_083907163.1
OG0000750	Utg324810_48	WP_015403421.1
OG0000751	Utg324810_51	WP_015403424.1
OG0000752	Utg323180_291	WP_015402484.1
OG0000753	Utg323152_450	WP_015404859.1
OG0000754	Utg323266_37	WP_015403167.1
OG0000755	Utg323266_36	WP_228130063.1
OG0000756	Utg323152_9	WP_041916433.1
OG0000757	Utg323316_304	WP_015404019.1
OG0000758	Utg323160_65	WP_015403358.1
OG0000759	Utg323180_268	WP_015402514.1
OG0000760	Utg323140_99	WP_015402787.1
OG0000761	Utg323266_44	WP_015403142.1
OG0000762	Utg323180_108	WP_015402667.1
OG0000763	Utg323180_107	WP_015402668.1
OG0000764	Utg323300_379	WP_015403950.1
OG0000766	Utg323160_38	WP_015403369.1
OG0000767	Utg323180_507	WP_015402388.1
OG0000768	Utg323632_232	WP_015405616.1
OG0000769	Utg323448_91	WP_015404311.1
OG0000770	Utg323448_93	WP_015404313.1
OG0000771	Utg323448_94	WP_015404314.1
OG0000772	Utg323448_95	WP_015404315.1
OG0000773	Utg323448_96	WP_015404316.1
OG0000774	Utg323448_97	WP_015404317.1
OG0000775	Utg323300_280	WP_015403854.1
OG0000776	Utg323632_74	WP_228130023.1
OG0000777	Utg323632_75	WP_015405705.1
OG0000778	Utg323180_310	WP_015402473.1
OG0000779	Utg324548_29	WP_015404446.1
OG0000780	Utg323074_40	WP_015405473.1
OG0000781	Utg323392_152	WP_015404789.1
OG0000782	Utg323300_390	WP_015403960.1
OG0000783	Utg323152_80	WP_015405149.1
OG0000784	Utg323140_102	WP_015402790.1
OG0000785	Utg323140_103	WP_015402791.1
OG0000787	Utg323632_68	WP_228130090.1
OG0000788	Utg323316_75, Utg323316_74	WP_015404156.1
OG0000789	Utg323632_245	WP_015405607.1
OG0000790	Utg323300_297	WP_015403866.1
OG0000791	Utg323180_99	WP_015402492.1, WP_015402610.1
OG0000792	Utg323632_247	WP_015405605.1
OG0000793	Utg323180_665	WP_015402327.1
OG0000794	Utg323152_166	WP_015405108.1
OG0000795	Utg324548_10	WP_015404416.1
OG0000796	Utg323392_226	WP_015404737.1
OG0000797	Utg323152_78	WP_015405151.1
OG0000798	Utg323140_157	WP_015402907.1
OG0000799	Utg323262_161	WP_015404376.1
OG0000800	Utg323300_103	WP_015403515.1
OG0000801	Utg323632_142	WP_015405649.1
OG0000802	Utg323152_508	WP_015404812.1
OG0000803	Utg323632_49	WP_041917156.1
OG0000804	Utg323300_114	WP_015403522.1
OG0000805	Utg323074_179	WP_015402755.1, WP_015404212.1, WP_015403131.1
OG0000806	Utg323160_64	WP_015403359.1
OG0000807	Utg323074_136	WP_167320747.1
OG0000808	Utg323448_113	WP_015404329.1
OG0000809	Utg323180_317	WP_015402465.1
OG0000810	Utg323392_199	WP_015404753.1
OG0000811	Utg323180_318	WP_015402464.1
OG0000813	Utg323990_217	WP_015404469.1
OG0000815	Utg323152_145	WP_015405140.1
OG0000816	Utg323160_60	WP_015403361.1
OG0000817	Utg323160_28	WP_015403376.1
OG0000818	Utg323152_392	WP_015404964.1
OG0000819	Utg323152_177	WP_015405097.1
OG0000820	Utg323160_92	WP_015403336.1
OG0000822	Utg323448_19	WP_015404166.1
OG0000823	Utg323448_22	WP_015404169.1
OG0000824	Utg323140_266, Utg325220_3	WP_015403078.1
OG0000825	Utg323990_142	WP_015404545.1
OG0000826	Utg323180_412	WP_015402880.1
OG0000827	Utg323632_335	WP_015405545.1
OG0000828	Utg323632_336	WP_015405544.1
OG0000829	Utg323632_337	WP_015405543.1
OG0000830	Utg323632_338	WP_015405542.1
OG0000831	Utg323632_339	WP_041916459.1
OG0000832	Utg323632_340	WP_015405540.1
OG0000833	Utg323632_14	WP_015405766.1
OG0000834	Utg323180_620	WP_015402351.1
OG0000836	Utg323152_510	WP_015404810.1
OG0000837	Utg323074_130	WP_015404726.1
OG0000838	Utg323180_39	WP_015402709.1
OG0000839	Utg323074_139	WP_015404717.1
OG0000841	Utg324810_75	WP_015403390.1
OG0000842	Utg323152_444	WP_015404877.1
OG0000843	Utg323152_225	WP_015405018.1
OG0000844	Utg323632_298	WP_015405555.1
OG0000845	Utg323632_299	WP_015405554.1
OG0000846	Utg323632_302	WP_015405551.1
OG0000847	Utg323316_303	WP_015404020.1
OG0000848	Utg323152_213	WP_015405029.1
OG0000849	Utg323180_649	WP_015402337.1
OG0000850	Utg323266_11, Utg323160_130	WP_015403211.1
OG0000851	Utg323140_191	WP_015402964.1
OG0000852	Utg323632_42	WP_015405742.1
OG0000853	Utg323632_35	WP_015405748.1
OG0000854	Utg323152_260	WP_015405223.1
OG0000855	Utg323632_31	WP_015405751.1
OG0000856	Utg323152_257	WP_015405221.1
OG0000857	Utg323632_269, Utg323990_138	WP_015404548.1
OG0000858	Utg323300_288	WP_015403860.1
OG0000859	Utg323632_3, Utg323316_96	WP_015404144.1
OG0000860	Utg323300_384	WP_015403955.1
OG0000861	Utg323632_43	WP_015405741.1
OG0000862	Utg323316_335	WP_015403992.1
OG0000863	Utg323392_26	WP_015405347.1
OG0000864	Utg323300_312	WP_015403880.1
OG0000865	Utg323140_184	WP_015402957.1
OG0000866	Utg324810_56	WP_015403430.1
OG0000867	Utg323300_342	WP_015403911.1
OG0000868	Utg323632_250	WP_015405602.1
OG0000869	Utg323448_56	WP_015404276.1
OG0000870	Utg323300_279	WP_167320732.1
OG0000871	Utg323180_699	WP_015402299.1
OG0000872	Utg323180_314	WP_153304786.1
OG0000873	Utg323632_242	WP_015405609.1
OG0000874	Utg323152_504	WP_041916421.1
OG0000875	Utg323632_38	WP_015405746.1
OG0000876	Utg323392_25	WP_015405346.1
OG0000877	Utg323180_31	WP_167320708.1
OG0000878	Utg323160_74	WP_015403349.1
OG0000879	Utg323152_205	WP_015405036.1
OG0000880	Utg323140_268, Utg325220_62	WP_015404455.1
OG0000881	Utg323316_231	WP_015404074.1
OG0000882	Utg323262_102	WP_015404351.1
OG0000883	Utg323262_110	WP_015404359.1
OG0000884	Utg323140_158	WP_015402908.1
OG0000885	Utg323140_247	WP_015403060.1
OG0000886	Utg323180_127	WP_015402656.1
OG0000888	Utg323180_439	WP_015402439.1
OG0000889	Utg323316_321	WP_015404003.1
OG0000890	Utg323392_107	WP_015405391.1
OG0000891	Utg323316_330	WP_041916368.1
OG0000892	Utg323632_93	WP_265588656.1
OG0000893	Utg323632_104	WP_015405685.1
OG0000894	Utg323152_386	WP_015404989.1
OG0000895	Utg323140_181	WP_015402954.1
OG0000896	Utg323632_54	WP_015405732.1
OG0000898	Utg325220_118	WP_015403096.1
OG0000899	Utg323632_342	WP_208598530.1
OG0000900	Utg323262_111	WP_015404360.1
OG0000901	Utg323262_62, Utg323180_518	WP_015402379.1
OG0000902	Utg323180_515	WP_015402382.1
OG0000903	Utg323180_514	WP_015402383.1
OG0000904	Utg323180_505	WP_015402389.1
OG0000905	Utg323392_88	WP_015405378.1
OG0000906	Utg323180_37	WP_015402711.1
OG0000907	Utg323180_3, Utg323140_1	WP_015402730.1
OG0000908	Utg324548_11	WP_015402805.1
OG0000908	Utg323300_215, Utg323152_191	WP_015405049.1
OG0000909	Utg325220_65, Utg323140_271	WP_015403808.1
OG0000910	Utg323266_42	WP_015403150.1
OG0000911	Utg323152_135	WP_153304782.1
OG0000911	Utg323074_104	WP_015403276.1
OG0000912	Utg323300_398	WP_015403511.1
OG0000913	Utg323262_68	WP_015405502.1
OG0000914	Utg323300_115	WP_015403535.1
OG0000915	Utg323300_124	WP_015403543.1
OG0000916	Utg323316_195	WP_015403614.1
OG0000917	Utg323300_377	WP_015403948.1
OG0000918	Utg323392_56	WP_015403988.1
OG0000919	Utg323316_318	WP_015404006.1
OG0000920	Utg323990_16	WP_015404042.1
OG0000921	Utg323316_298	WP_015404062.1
OG0000922	Utg323316_229	WP_015404076.1
OG0000923	Utg323316_133	WP_015404106.1
OG0000924	Utg323074_212	WP_015404218.1
OG0000925	Utg323990_109	WP_167320729.1
OG0000925	Utg323152_422	WP_015404894.1
OG0000925	Utg323990_81	WP_015404577.1
OG0000926	Utg323074_164	WP_015404659.1
OG0000927	Utg323152_349	WP_015405331.1, WP_015404673.1, WP_015404643.1
OG0000928	Utg323392_136	WP_015404804.1
OG0000929	Utg323074_30	WP_015404850.1
OG0000929	Utg323074_29	WP_015404851.1
OG0000930	Utg323152_167	WP_015405107.1
OG0000931	Utg323152_71	WP_015405170.1
OG0000932	Utg323152_290	WP_015405251.1
OG0000933	Utg323152_342	WP_015405319.1
OG0000934	Utg323152_374	WP_015405326.1
OG0000935	Utg323392_48	WP_015405361.1
OG0000936	Utg323152_479	WP_015405470.1
OG0000937	Utg323074_117	WP_015405491.1
OG0000938	Utg323392_59	WP_015405506.1
OG0000939	Utg323632_214	WP_015405631.1
OG0000940	Utg323140_88	WP_052326950.1
OG0000941	Utg323448_32	WP_052326989.1
OG0000942	Utg323152_425	WP_153304905.1
OG0000943	Utg323152_72	WP_153304907.1
OG0000944	Utg323632_235	WP_265588652.1
OG0000963	Utg323300_382	WP_015403953.1
OG0000964	Utg323152_505	WP_015404814.1
OG0000966	Utg323262_124	WP_015402855.1
OG0000968	Utg323152_222	WP_015405021.1
OG0000970	Utg323448_24	WP_015404174.1
OG0000971	Utg323140_186	WP_015402959.1
OG0000972	Utg323152_186	WP_015405054.1
OG0000974	Utg323632_293	WP_041916461.1
OG0000975	Utg323300_17	WP_015405779.1, WP_015403443.1
OG0000976	Utg323990_85	WP_153304895.1
OG0000977	Utg323152_39	WP_015405209.1
OG0000978	Utg323448_62	WP_015404281.1
OG0000979	Utg323300_360	WP_015403935.1
OG0000980	Utg323632_348	WP_015405535.1
OG0000981	Utg323160_41	WP_015403367.1
OG0000982	Utg323160_37	WP_015403370.1
OG0000983	Utg323632_219	WP_015405627.1
OG0000984	Utg324810_16	WP_015403398.1
OG0000985	Utg323632_24	WP_153304930.1
OG0000986	Utg323632_210	WP_015405637.1
OG0000987	Utg323152_147	WP_015405138.1
OG0000988	Utg323140_10	WP_015402737.1
OG0000989	Utg323152_150	WP_015405135.1
OG0000990	Utg323160_59	WP_015403362.1
OG0000991	Utg323140_179	WP_015402952.1
OG0000992	Utg323632_94	WP_015405695.1
OG0000993	Utg323074_90	WP_015403233.1
OG0000995	Utg323448_75	WP_015404294.1
OG0000996	Utg323316_175	WP_015404090.1
OG0000998	Utg323152_435	WP_015404890.1
OG0000999	Utg323180_137	WP_015404871.1, WP_153304944.1
OG0001000	Utg323448_76	WP_015404295.1
OG0001001	Utg323300_401	WP_015403965.1
OG0001002	Utg323180_695	WP_015402303.1
OG0001003	Utg323990_38	WP_015404627.1
OG0001004	Utg323140_68	WP_015402764.1
OG0001005	Utg323140_69	WP_015402765.1
OG0001006	Utg323300_164	WP_015403630.1
OG0001007	Utg323632_244	WP_015405608.1
OG0001008	Utg323152_394	WP_015404961.1
OG0001009	Utg323152_395	WP_015404960.1
OG0001010	Utg323300_40	WP_015402489.1
OG0001011	Utg323180_292	WP_015402483.1
OG0001012	Utg323180_475	WP_041916502.1
OG0001013	Utg323180_440	WP_052326942.1
OG0001014	Utg323632_71	WP_015405709.1
OG0001015	Utg323152_385	WP_015404990.1
OG0001016	Utg323152_384	WP_015404991.1
OG0001017	Utg323392_130	WP_015405424.1
OG0001018	Utg323180_30	WP_015402717.1
OG0001019	Utg323392_151	WP_015404790.1
OG0001020	Utg323160_24	WP_015402612.1
OG0001022	Utg323316_145	WP_015404097.1
OG0001023	Utg324810_43	WP_015403416.1
OG0001024	Utg323990_78	WP_015404583.1
OG0001026	Utg323074_108	WP_015405482.1
OG0001027	Utg323262_93	WP_015404342.1
OG0001029	Utg323632_341	WP_015405539.1
OG0001030	Utg324810_40	WP_153304834.1
OG0001031	Utg323316_83	WP_015404147.1
OG0001033	Utg323152_155	WP_015405130.1
OG0001034	Utg323160_30	WP_015403374.1
OG0001035	Utg323160_77	WP_015403346.1
OG0001036	Utg323300_378	WP_015403949.1
OG0001038	Utg323300_76	WP_015403497.1
OG0001039	Utg323632_226	WP_015405621.1
OG0001040	Utg323448_98	WP_015404318.1
OG0001041	Utg323392_134	WP_015404806.1
OG0001043	Utg323140_245	WP_015403058.1
OG0001044	Utg323448_48	WP_083907278.1
OG0001045	Utg323392_222	WP_015404741.1
OG0001046	Utg323632_291	WP_167320764.1
OG0001048	Utg323632_137	WP_052327029.1
OG0001049	Utg323262_148	WP_015404374.1
OG0001050	Utg323632_116	WP_015402800.1
OG0001051	Utg323316_103	WP_015404136.1
OG0001052	Utg323180_63, Utg323180_64	WP_015402680.1
OG0001053	Utg323074_193	WP_015404629.1
OG0001054	Utg323632_78	WP_015405702.1
OG0001055	Utg323140_254	WP_015403066.1
OG0001056	Utg323392_17	WP_015405405.1
OG0001057	Utg323266_53	WP_015403900.1
OG0001058	Utg323392_223	WP_015404740.1
OG0001059	Utg325220_91	WP_015403083.1
OG0001060	Utg323632_370	WP_015405522.1
OG0001063	Utg323152_486	WP_015404826.1
OG0001065	Utg323990_218	WP_015404468.1
OG0001066	Utg323632_95	WP_015405694.1
OG0001067	Utg323152_449	WP_228130016.1
OG0001068	Utg323152_142	WP_015405143.1
OG0001069	Utg323152_418	WP_015404898.1
OG0001070	Utg323180_313	WP_015402470.1
OG0001071	Utg323180_659, Utg323180_675	WP_015402318.1
OG0001072	Utg323180_668	WP_015402324.1
OG0001075	Utg323392_6, Utg323180_123	WP_015402659.1
OG0001076	Utg323180_109	WP_015402666.1
OG0001077	Utg323632_264, Utg323140_82	WP_015402773.1
OG0001079	Utg323262_121	WP_015402875.1, WP_015402854.1
OG0001079	Utg323180_409	WP_015402878.1
OG0001080	Utg323180_162	WP_015402899.1
OG0001081	Utg323266_115	WP_015403050.1, WP_015405493.1, WP_167320715.1
OG0001082	Utg323632_375	WP_015403197.1
OG0001083	Utg323266_20	WP_015403203.1
OG0001084	Utg323266_18	WP_015403205.1
OG0001085	Utg323140_42	WP_015403452.1
OG0001086	Utg323140_41	WP_015403453.1
OG0001088	Utg323300_97	WP_015403505.1
OG0001091	Utg323262_84, Utg323300_135	WP_015403620.1
OG0001092	Utg323300_189	WP_015403753.1
OG0001093	Utg323316_348	WP_015403966.1
OG0001094	Utg323316_100	WP_015404140.1
OG0001095	Utg323448_104	WP_015404324.1
OG0001096	Utg323448_116	WP_015404332.1
OG0001097	Utg323300_239	WP_015404393.1
OG0001098	Utg323180_597	WP_015404428.1
OG0001100	Utg323074_143	WP_015404712.1
OG0001101	Utg323392_147	WP_015404794.1
OG0001102	Utg323152_482	WP_015404831.1
OG0001104	Utg323152_221	WP_015405022.1
OG0001105	Utg323152_162	WP_015405112.1
OG0001106	Utg323152_161	WP_015405113.1
OG0001107	Utg323152_83	WP_015405147.1
OG0001108	Utg323152_74	WP_015405167.1
OG0001109	Utg323152_73	WP_015405168.1
OG0001110	Utg323152_70	WP_015405171.1
OG0001111	Utg323152_46	WP_015405194.1
OG0001112	Utg323152_291	WP_015405252.1
OG0001113	Utg323632_127	WP_015405271.1, WP_015405669.1
OG0001114	Utg323152_320, Utg323152_319	WP_015405297.1
OG0001115	Utg323392_20	WP_015405341.1
OG0001116	Utg323152_551	WP_015405443.1
OG0001117	Utg323152_555	WP_015405447.1
OG0001118	Utg323632_363	WP_015405526.1
OG0001119	Utg323632_225	WP_015405622.1
OG0001120	Utg323632_40	WP_015405744.1
OG0001121	Utg323632_368	WP_041916456.1
OG0001122	Utg323300_158, Utg323300_51	WP_041916785.1
OG0001123	Utg323632_261, Utg323316_220	WP_153304801.1
OG0001124	Utg323152_163	WP_228130020.1
OG0001125	Utg323180_240	WP_228130028.1
OG0001126	Utg323180_426	WP_228130033.1, WP_228130032.1
OG0001127	Utg323074_24	WP_228130080.1
OG0001142	Utg323632_91	WP_015405698.1
OG0001143	Utg323180_198	WP_015402577.1
OG0001144	Utg323140_97	WP_015402786.1
OG0001145	Utg323074_133	WP_167320748.1
OG0001148	Utg323300_455	WP_015403121.1
OG0001150	Utg323262_147	WP_015404373.1
OG0001152	Utg323632_333	WP_015405547.1
OG0001153	Utg324810_105, Utg323160_13	WP_015402622.1
OG0001154	Utg323300_318	WP_015403886.1
OG0001155	Utg323152_136	WP_015405636.1
OG0001156	Utg323632_376	WP_015403195.1
OG0001157	Utg323160_20	WP_015402616.1
OG0001159	Utg323180_316	WP_015402466.1
OG0001160	Utg323140_8	WP_015402735.1
OG0001161	Utg323392_145	WP_015404796.1
OG0001164	Utg323152_143	WP_015405142.1
OG0001165	Utg323180_603	WP_015402362.1
OG0001166	Utg323990_176	WP_015404513.1
OG0001167	Utg323180_420	WP_167320694.1
OG0001168	Utg323180_474	WP_015402423.1
OG0001169	Utg323180_479	WP_015402417.1
OG0001171	Utg324810_89	WP_015402630.1
OG0001172	Utg323160_16	WP_228130030.1
OG0001173	Utg323160_17	WP_015402619.1
OG0001174	Utg324810_87	WP_015402632.1
OG0001175	Utg323316_80	WP_015404151.1
OG0001176	Utg323266_50	WP_015404381.1
OG0001178	Utg323152_331	WP_015405308.1
OG0001179	Utg323180_524	WP_015402373.1
OG0001182	Utg323300_109	WP_015403519.1
OG0001183	Utg323316_130	WP_167320739.1
OG0001184	Utg323316_246	WP_015404058.1, WP_015404057.1
OG0001188	Utg323316_71	WP_015404159.1
OG0001189	Utg323180_66	WP_015402678.1
OG0001191	Utg323140_251	WP_015403063.1
OG0001192	Utg323632_281	WP_015405571.1
OG0001194	Utg323316_77	WP_041916847.1
OG0001195	Utg323632_60	WP_167320742.1
OG0001196	Utg323152_389	WP_015404987.1
OG0001197	Utg323180_696	WP_015402302.1
OG0001198	Utg323180_663	WP_015402329.1
OG0001199	Utg323180_634	WP_015402348.1
OG0001200	Utg323180_517	WP_015402380.1
OG0001201	Utg323180_106	WP_015402453.1
OG0001201	Utg323180_591	WP_015403265.1, WP_015402551.1, WP_228130044.1, WP_015403744.1, WP_015404138.1, WP_015402919.1
OG0001202	Utg323180_259	WP_015402523.1
OG0001203	Utg323180_214	WP_015402569.1
OG0001204	Utg323152_110	WP_015402635.1
OG0001205	Utg323152_107, Utg323152_109, Utg323152_108	WP_015402636.1
OG0001206	Utg323180_122	WP_015402660.1
OG0001207	Utg323180_121, Utg323392_8	WP_015402661.1
OG0001208	Utg323180_44	WP_015402705.1
OG0001209	Utg323140_89	WP_015402781.1
OG0001210	Utg323300_427	WP_015402794.1
OG0001211	Utg323300_369	WP_015402807.1, WP_015403589.1, WP_015402816.1, WP_015405419.1, WP_015404761.1
OG0001212	Utg323262_125	WP_015402856.1
OG0001213	Utg323262_126	WP_015402857.1
OG0001214	Utg323300_140	WP_015402862.1
OG0001214	Utg323180_633	WP_015402871.1
OG0001215	Utg323140_144	WP_015402891.1
OG0001216	Utg323180_160	WP_015403335.1, WP_015404868.1, WP_015402902.1
OG0001217	Utg323316_278	WP_015402924.1
OG0001218	Utg323392_172	WP_041916470.1, WP_015403005.1
OG0001219	Utg325220_70, Utg323152_112	WP_015403044.1
OG0001220	Utg323140_261	WP_015403073.1
OG0001221	Utg325220_2, Utg323140_265	WP_015403077.1
OG0001222	Utg325220_88	WP_015403081.1
OG0001223	Utg325220_117	WP_015403095.1
OG0001224	Utg323074_114	WP_015405488.1
OG0001224	Utg323152_522	WP_015403478.1, WP_015403147.1
OG0001225	Utg323990_43	WP_015404649.1, WP_015404693.1, WP_015403177.1, WP_153304887.1, WP_041916415.1, WP_015404380.1
OG0001226	Utg323632_386	WP_015403178.1
OG0001226	Utg323180_391, Utg323180_434	WP_015403646.1
OG0001227	Utg323632_381, Utg323300_251	WP_015403187.1
OG0001228	Utg323300_168	WP_015403737.1
OG0001229	Utg323392_249, Utg323160_73	WP_015403350.1
OG0001230	Utg323160_31	WP_015403373.1
OG0001231	Utg323300_16	WP_015403441.1
OG0001232	Utg323300_98	WP_015403506.1
OG0001233	Utg323990_128	WP_015403549.1
OG0001234	Utg323180_498	WP_015403554.1
OG0001235	Utg323316_292, Utg323316_288, Utg323316_252	WP_015403602.1, WP_015404027.1
OG0001236	Utg323262_79, Utg323300_136	WP_015403621.1
OG0001237	Utg323262_80, Utg323300_139	WP_015403626.1
OG0001238	Utg323180_231	WP_015403638.1
OG0001239	Utg323990_155	WP_015403722.1
OG0001240	Utg323140_161	WP_015403774.1
OG0001241	Utg323300_214	WP_015403818.1
OG0001242	Utg323300_298	WP_015403867.1
OG0001243	Utg323300_316	WP_015403884.1
OG0001244	Utg323300_327	WP_015403893.1
OG0001245	Utg323300_343	WP_015403912.1
OG0001246	Utg323300_380	WP_015403951.1
OG0001247	Utg323316_340	WP_015403971.1
OG0001248	Utg323316_314	WP_015404010.1
OG0001249	Utg323316_226	WP_015404079.1
OG0001250	Utg323140_227	WP_015404185.1
OG0001251	Utg323140_224	WP_015404188.1
OG0001252	Utg323262_101	WP_015404350.1
OG0001253	Utg323262_104	WP_015404353.1
OG0001254	Utg323262_108	WP_015404357.1
OG0001255	Utg324548_4, Utg323262_212	WP_015404406.1
OG0001256	Utg324548_22	WP_015404430.1
OG0001257	Utg324548_27	WP_015404435.1
OG0001258	Utg323990_208	WP_015404476.1
OG0001259	Utg323990_207	WP_015404477.1
OG0001260	Utg323990_177	WP_015404512.1
OG0001261	Utg323990_156	WP_015404532.1
OG0001262	Utg323990_144	WP_015404543.1
OG0001263	Utg323990_114	WP_015404564.1
OG0001264	Utg323990_37	WP_015404628.1
OG0001265	Utg323262_7	WP_015404683.1
OG0001266	Utg323074_125	WP_015404731.1
OG0001267	Utg323180_208	WP_015404755.1
OG0001268	Utg323152_511	WP_015404809.1
OG0001269	Utg323152_401	WP_015404954.1
OG0001270	Utg323152_591	WP_015405462.1
OG0001271	Utg323152_203	WP_015405038.1
OG0001272	Utg323152_190	WP_015405050.1
OG0001273	Utg323152_231	WP_015405065.1
OG0001274	Utg323152_173	WP_015405102.1
OG0001275	Utg323152_87	WP_015405144.1
OG0001276	Utg323152_76	WP_015405165.1
OG0001277	Utg323152_75	WP_015405166.1
OG0001278	Utg323152_68	WP_015405173.1
OG0001279	Utg323152_67	WP_015405174.1
OG0001280	Utg323152_62	WP_015405180.1
OG0001281	Utg323152_44	WP_015405196.1
OG0001282	Utg323152_43	WP_015405197.1
OG0001283	Utg323152_42	WP_015405206.1
OG0001284	Utg323152_308	WP_015405287.1
OG0001285	Utg323152_309	WP_015405288.1
OG0001286	Utg323152_310	WP_015405289.1
OG0001287	Utg323152_314	WP_015405292.1
OG0001288	Utg323152_315	WP_015405293.1
OG0001289	Utg323152_327	WP_015405304.1
OG0001290	Utg323152_328	WP_015405305.1
OG0001291	Utg323392_23	WP_015405344.1
OG0001292	Utg323392_24	WP_015405345.1
OG0001293	Utg323392_27	WP_015405348.1
OG0001294	Utg323392_87	WP_015405377.1
OG0001295	Utg323152_553	WP_015405445.1
OG0001296	Utg323262_69	WP_015405503.1
OG0001297	Utg323262_70	WP_015405504.1
OG0001298	Utg323632_300	WP_015405553.1
OG0001299	Utg323632_284	WP_015405568.1
OG0001300	Utg323316_198	WP_228130004.1
OG0001301	Utg323632_16, Utg323632_15	WP_015405765.1
OG0001302	Utg323300_330	WP_041916361.1
OG0001303	Utg323632_288	WP_041916463.1
OG0001304	Utg323180_508	WP_052326940.1
OG0001305	Utg323180_513	WP_083907266.1
OG0001306	Utg323632_37, Utg323632_36	WP_153304929.1
OG0001307	Utg323152_599, Utg323140_104	WP_167320711.1
OG0001308	Utg323300_381	WP_167320735.1
OG0001309	Utg323392_100	WP_208598477.1
OG0001310	Utg323152_200	WP_228130019.1
OG0001332	Utg323990_57	WP_052326998.1
OG0001334	Utg323160_118	WP_041916672.1
OG0001335	Utg323632_209	WP_015405638.1
OG0001338	Utg323074_156	WP_015404706.1, WP_015404240.1
OG0001339	Utg323632_143	WP_015405648.1
OG0001340	Utg324548_5	WP_015404407.1
OG0001341	Utg323152_137	WP_015405635.1
OG0001342	Utg323152_524, Utg323152_64	WP_167320758.1
OG0001344	Utg323300_285	WP_015403859.1
OG0001345	Utg323316_111	WP_015404126.1
OG0001346	Utg323990_134	WP_015404552.1
OG0001347	Utg324548_35	WP_015404452.1
OG0001348	Utg323140_133	WP_015402882.1
OG0001349	Utg323300_430	WP_015403139.1
OG0001350	Utg323140_258	WP_015403070.1
OG0001351	Utg323140_257	WP_015403069.1
OG0001352	Utg323300_353	WP_083907249.1
OG0001353	Utg323180_491	WP_015402407.1
OG0001354	Utg323180_485	WP_015402411.1
OG0001355	Utg323152_168	WP_015405106.1
OG0001358	Utg323300_193	WP_015403757.1
OG0001359	Utg324810_88	WP_015402631.1
OG0001362	Utg323632_61	WP_015404426.1
OG0001363	Utg323632_286	WP_153304920.1
OG0001364	Utg323990_216	WP_015404470.1
OG0001365	Utg323140_112	WP_015402601.1
OG0001367	Utg323160_68	WP_015403355.1
OG0001369	Utg323300_365	WP_015403939.1
OG0001370	Utg323160_90	WP_015403338.1
OG0001371	Utg323160_25	WP_015402611.1
OG0001374	Utg323140_113	WP_015402596.1
OG0001377	Utg323074_223, Utg323990_3	WP_015404675.1
OG0001378	Utg323392_106	WP_015405390.1
OG0001379	Utg323140_256	WP_015403068.1
OG0001380	Utg323152_574	WP_015402538.1
OG0001381	Utg323152_577	WP_167320697.1
OG0001384	Utg324810_47	WP_015403420.1
OG0001385	Utg323180_489	WP_015402409.1
OG0001387	Utg323180_272	WP_015402510.1
OG0001389	Utg323316_104	WP_015404135.1
OG0001390	Utg323074_127	WP_015404729.1
OG0001391	Utg323300_155	WP_015403664.1
OG0001393	Utg323152_579	WP_015402537.1
OG0001394	Utg323180_709	WP_015402293.1
OG0001395	Utg323180_688	WP_015402310.1
OG0001396	Utg323180_671, Utg323180_672	WP_015402320.1
OG0001397	Utg323632_12	WP_015402330.1
OG0001398	Utg323180_644	WP_015402341.1
OG0001399	Utg323180_635	WP_015402347.1
OG0001400	Utg323180_98, Utg323140_244	WP_015402356.1, WP_015402357.1
OG0001401	Utg323180_602	WP_015402363.1
OG0001402	Utg323180_493	WP_015402406.1
OG0001402	Utg323180_492	WP_015404251.1
OG0001403	Utg323180_260	WP_015402522.1
OG0001404	Utg323180_258	WP_015402524.1
OG0001405	Utg323180_256	WP_015402526.1
OG0001406	Utg323180_255	WP_015402527.1
OG0001407	Utg323180_232	WP_015402550.1
OG0001408	Utg323180_230	WP_015405268.1, WP_015402566.1
OG0001409	Utg323180_209	WP_015402572.1
OG0001410	Utg324810_102, Utg323160_10	WP_015402627.1
OG0001411	Utg323392_169	WP_015402634.1
OG0001412	Utg323180_134	WP_015402655.1
OG0001413	Utg323266_14	WP_015402663.1
OG0001414	Utg323180_104	WP_015402670.1
OG0001415	Utg323180_42	WP_015402707.1
OG0001416	Utg323180_24	WP_015402723.1
OG0001417	Utg323074_181	WP_015404679.1, WP_015402757.1
OG0001418	Utg323140_71, Utg323140_70	WP_015402766.1
OG0001419	Utg323180_158	WP_015404866.1
OG0001420	Utg323180_159	WP_015404867.1, WP_015402901.1
OG0001421	Utg323140_208	WP_015402984.1
OG0001422	Utg323152_521	WP_015403148.1
OG0001422	Utg323074_115	WP_015405489.1
OG0001423	Utg323300_255	WP_015403191.1
OG0001424	Utg323266_21	WP_015403202.1
OG0001425	Utg323160_127, Utg323266_8	WP_015403218.1
OG0001426	Utg323180_606	WP_015403288.1
OG0001427	Utg323180_246	WP_015403323.1
OG0001428	Utg323160_108	WP_015403329.1
OG0001429	Utg323160_32	WP_015403372.1
OG0001430	Utg324810_30	WP_015403607.1, WP_015403407.1
OG0001431	Utg324810_31	WP_015403408.1
OG0001433	Utg323262_191	WP_015403462.1
OG0001434	Utg323300_79	WP_015403502.1
OG0001435	Utg323632_379	WP_015403513.1
OG0001437	Utg323140_145	WP_015403599.1
OG0001438	Utg323140_83, Utg323990_90	WP_015403659.1
OG0001439	Utg323266_41	WP_015403727.1
OG0001440	Utg323180_13	WP_015403730.1
OG0001441	Utg323300_170	WP_015403739.1
OG0001442	Utg323300_176	WP_015403745.1
OG0001443	Utg323300_186	WP_015403750.1
OG0001444	Utg323300_199	WP_015403763.1
OG0001445	Utg323300_278	WP_015403852.1
OG0001446	Utg323300_314	WP_015403882.1
OG0001447	Utg323300_315	WP_015403883.1
OG0001448	Utg323300_346	WP_015403915.1
OG0001449	Utg324810_69	WP_015403927.1
OG0001450	Utg323300_363	WP_015403937.1
OG0001451	Utg323300_392	WP_015403962.1
OG0001452	Utg323316_327	WP_015403999.1
OG0001453	Utg323316_313	WP_015404011.1, WP_015405581.1
OG0001454	Utg323316_307	WP_015404017.1
OG0001455	Utg323074_161	WP_015404060.1
OG0001456	Utg323140_221	WP_015404191.1
OG0001458	Utg323448_42	WP_015404263.1
OG0001459	Utg323448_43	WP_015404264.1
OG0001461	Utg323262_96	WP_015404345.1
OG0001462	Utg323262_112	WP_015404361.1
OG0001463	Utg323152_415	WP_015404364.1
OG0001464	Utg323262_115	WP_015404371.1
OG0001465	Utg323262_162	WP_015404377.1
OG0001466	Utg323262_163	WP_015404378.1
OG0001467	Utg323300_237	WP_015404395.1
OG0001468	Utg323316_186	WP_015404403.1
OG0001469	Utg324548_17	WP_015404419.1
OG0001470	Utg324548_36	WP_015404453.1
OG0001471	Utg323990_132	WP_015404554.1
OG0001472	Utg323990_122	WP_015404561.1
OG0001473	Utg323990_89	WP_015404570.1
OG0001474	Utg323990_74	WP_015404587.1
OG0001475	Utg323990_67	WP_015404593.1
OG0001476	Utg323990_61	WP_015404603.1
OG0001477	Utg323074_194	WP_015404630.1
OG0001478	Utg323074_154	WP_015404708.1
OG0001479	Utg323074_140	WP_015404716.1
OG0001480	Utg323140_84	WP_015404766.1
OG0001481	Utg323392_167	WP_015404775.1
OG0001482	Utg323392_140	WP_015404801.1
OG0001483	Utg323392_133	WP_015404807.1
OG0001484	Utg323152_483	WP_015404829.1
OG0001485	Utg323152_448	WP_015404861.1
OG0001486	Utg323152_398	WP_015404957.1
OG0001487	Utg323152_393	WP_015404962.1
OG0001488	Utg323152_63	WP_015405179.1
OG0001489	Utg323152_59	WP_015405182.1
OG0001490	Utg323152_304	WP_015405283.1
OG0001491	Utg323152_305	WP_015405284.1
OG0001492	Utg323152_306	WP_015405285.1
OG0001493	Utg323152_307	WP_015405286.1
OG0001494	Utg323152_321	WP_015405298.1
OG0001495	Utg323152_322	WP_015405299.1
OG0001496	Utg323152_324	WP_015405301.1
OG0001497	Utg323152_325	WP_015405302.1
OG0001498	Utg323152_326	WP_015405303.1
OG0001499	Utg323152_333	WP_015405310.1
OG0001500	Utg323152_334	WP_015405311.1
OG0001501	Utg323152_335	WP_015405312.1
OG0001502	Utg323152_336	WP_015405313.1
OG0001503	Utg323152_337	WP_015405314.1
OG0001504	Utg323152_344	WP_015405321.1
OG0001505	Utg323152_373	WP_015405325.1
OG0001506	Utg323152_377	WP_015405335.1
OG0001506	Utg323152_378	WP_015405336.1
OG0001507	Utg323392_42	WP_015405355.1
OG0001508	Utg323392_53	WP_015405364.1
OG0001509	Utg323392_78	WP_015405369.1
OG0001510	Utg323392_105	WP_015405389.1
OG0001511	Utg323392_123	WP_015405401.1
OG0001512	Utg323392_125	WP_015405403.1
OG0001513	Utg323392_18	WP_015405406.1
OG0001514	Utg323152_594	WP_015405464.1
OG0001515	Utg323152_595	WP_015405465.1
OG0001516	Utg323074_67	WP_015405481.1
OG0001517	Utg323632_369	WP_015405523.1
OG0001518	Utg323632_231	WP_015405617.1
OG0001519	Utg323632_77	WP_015405703.1
OG0001520	Utg323632_69	WP_015405711.1
OG0001521	Utg323632_28	WP_015405753.1
OG0001522	Utg323632_17	WP_015405764.1
OG0001523	Utg323152_126	WP_041916362.1
OG0001524	Utg323316_132	WP_041916379.1
OG0001525	Utg323152_157	WP_041916439.1
OG0001526	Utg323632_364	WP_041916457.1
OG0001527	Utg323152_399	WP_041917007.1
OG0001528	Utg323392_44	WP_041917081.1
OG0001529	Utg323152_597	WP_041917103.1
OG0001530	Utg323316_332	WP_052326981.1
OG0001531	Utg323632_220	WP_167320766.1
OG0001532	Utg323152_396	WP_228130018.1
OG0001533	Utg323266_96	WP_228130037.1
OG0001534	Utg323300_221	WP_228130049.1
OG0001535	Utg323180_615	WP_228130052.1
OG0001536	Utg323180_257	WP_228130053.1
OG0001537	Utg323140_206, Utg323990_117	WP_265588648.1
OG0001567	Utg323266_34	WP_015403170.1
OG0001569	Utg323632_115	WP_015405675.1
OG0001573	Utg323152_224	WP_015405019.1
OG0001578	Utg323074_66	WP_015405480.1
OG0001580	Utg323266_32	WP_015403593.1
OG0001581	Utg323152_188	WP_015405052.1
OG0001585	Utg323140_252	WP_015403064.1
OG0001586	Utg323152_554	WP_015405446.1
OG0001589	Utg323990_64	WP_015404597.1
OG0001592	Utg323266_33	WP_015403594.1
OG0001594	Utg323152_102	WP_015402917.1
OG0001601	Utg323152_502	WP_015404817.1
OG0001606	Utg323140_263	WP_015403075.1
OG0001608	Utg323152_585	WP_015402365.1
OG0001609	Utg323316_232	WP_228130002.1
OG0001612	Utg323152_572	WP_015402540.1
OG0001613	Utg323152_573	WP_015402539.1
OG0001615	Utg323140_61	WP_015402761.1
OG0001618	Utg323152_165	WP_015405109.1
OG0001621	Utg323300_338	WP_015403608.1, WP_083907183.1
OG0001628	Utg323180_701	WP_015402297.1
OG0001629	Utg323180_667	WP_015402325.1
OG0001630	Utg323180_666	WP_015402326.1
OG0001632	Utg323180_519	WP_015402378.1
OG0001633	Utg323180_473	WP_015402424.1
OG0001634	Utg323180_472	WP_015402425.1
OG0001635	Utg323180_437	WP_015402444.1
OG0001636	Utg323152_434	WP_015402461.1
OG0001637	Utg323180_319	WP_015402463.1
OG0001638	Utg323180_311	WP_015402472.1
OG0001639	Utg323180_294	WP_015402476.1
OG0001640	Utg323180_273	WP_015402509.1
OG0001641	Utg323180_254	WP_015402528.1
OG0001642	Utg323180_253	WP_015402529.1
OG0001644	Utg323180_227	WP_015402568.1
OG0001645	Utg323180_202	WP_015402574.1
OG0001646	Utg323180_200	WP_015402575.1
OG0001647	Utg323180_171	WP_015402595.1
OG0001649	Utg323160_19	WP_015402617.1
OG0001650	Utg323160_18	WP_015402618.1
OG0001651	Utg324810_106, Utg323160_14	WP_015402621.1
OG0001652	Utg323180_164	WP_015402651.1
OG0001653	Utg323180_297	WP_015402676.1
OG0001654	Utg323300_423	WP_015402693.1
OG0001656	Utg323180_36	WP_015402712.1
OG0001657	Utg323180_28	WP_015402719.1
OG0001658	Utg323180_26	WP_015402721.1
OG0001659	Utg323180_25	WP_015402722.1
OG0001660	Utg323140_94	WP_015402784.1
OG0001661	Utg323140_95	WP_015402785.1
OG0001663	Utg323316_218	WP_015402846.1
OG0001664	Utg323140_165	WP_015402916.1
OG0001665	Utg323140_177	WP_015402950.1
OG0001666	Utg323140_207	WP_015402973.1
OG0001667	Utg323152_133	WP_015402985.1
OG0001668	Utg323152_128	WP_015402986.1
OG0001669	Utg323152_96	WP_015403007.1
OG0001670	Utg323140_232	WP_015403017.1
OG0001671	Utg323140_235	WP_015403019.1
OG0001672	Utg323300_424	WP_015403024.1
OG0001673	Utg323140_267, Utg325220_61	WP_015403079.1
OG0001674	Utg323180_132	WP_015403099.1
OG0001675	Utg323140_127	WP_015403157.1
OG0001676	Utg323266_29	WP_015403171.1
OG0001677	Utg323300_253	WP_015403189.1
OG0001678	Utg323266_19	WP_015403204.1
OG0001679	Utg323140_66	WP_015403209.1
OG0001680	Utg323160_121	WP_015403226.1
OG0001681	Utg323160_119	WP_015403228.1
OG0001682	Utg323160_115	WP_015403231.1
OG0001683	Utg323160_70, Utg323392_246	WP_015403353.1
OG0001684	Utg323160_69	WP_015403354.1
OG0001685	Utg323160_36	WP_015405085.1, WP_015403371.1
OG0001686	Utg323140_195	WP_015403396.1
OG0001687	Utg324810_22	WP_015403403.1
OG0001688	Utg324810_61	WP_015403435.1
OG0001689	Utg323300_150	WP_015403450.1
OG0001690	Utg323140_40	WP_015403457.1
OG0001691	Utg323140_39	WP_015403458.1
OG0001692	Utg323140_55	WP_015403466.1
OG0001693	Utg323300_100	WP_015403508.1
OG0001694	Utg323300_106	WP_015403517.1
OG0001695	Utg323180_499	WP_015403553.1
OG0001697	Utg323300_459, Utg323316_95, Utg323152_603, Utg323300_54	WP_015403581.1
OG0001698	Utg324810_93	WP_015403634.1
OG0001699	Utg323392_67	WP_015403676.1
OG0001700	Utg323300_171	WP_015403741.1
OG0001701	Utg323300_192	WP_015403756.1
OG0001702	Utg323300_257	WP_015403776.1
OG0001703	Utg323300_213	WP_015403817.1
OG0001704	Utg323300_281	WP_015403855.1
OG0001704	Utg323392_215	WP_015404749.1
OG0001705	Utg323300_325, Utg323300_324	WP_015403891.1
OG0001706	Utg323300_344	WP_015403913.1
OG0001707	Utg323300_354	WP_015403923.1
OG0001708	Utg323300_375	WP_015403946.1
OG0001709	Utg323316_345	WP_015403969.1
OG0001710	Utg323392_57	WP_015403987.1
OG0001711	Utg323316_322	WP_015404002.1
OG0001712	Utg323316_312	WP_015404012.1
OG0001713	Utg323316_150	WP_015404091.1
OG0001714	Utg325220_89	WP_015404115.1
OG0001715	Utg323316_101	WP_015404139.1
OG0001716	Utg323316_97, Utg323632_2	WP_015404143.1
OG0001717	Utg323316_85	WP_015404146.1
OG0001718	Utg323448_45	WP_015404266.1
OG0001719	Utg323448_46	WP_015404267.1
OG0001720	Utg323262_98	WP_015404347.1
OG0001721	Utg323300_240	WP_015404392.1
OG0001722	Utg323180_172	WP_015404415.1
OG0001723	Utg324548_21	WP_015404429.1
OG0001724	Utg323632_277	WP_015404442.1
OG0001724	Utg323632_276	WP_015404441.1
OG0001725	Utg324548_32	WP_015404449.1
OG0001726	Utg324548_34	WP_015404451.1
OG0001728	Utg323990_169	WP_015404520.1
OG0001730	Utg323990_87	WP_015404571.1
OG0001731	Utg323074_135	WP_015404721.1
OG0001732	Utg323074_121	WP_015404734.1
OG0001733	Utg323392_201	WP_015404751.1
OG0001734	Utg323392_183	WP_015404771.1
OG0001735	Utg323392_135	WP_015404805.1
OG0001736	Utg323160_87	WP_015404824.1
OG0001737	Utg323152_220	WP_015405771.1, WP_015405023.1
OG0001738	Utg323152_212	WP_015405030.1
OG0001739	Utg323152_185	WP_015405055.1
OG0001742	Utg323152_85	WP_015405145.1
OG0001743	Utg323152_53	WP_015405187.1
OG0001744	Utg323990_107	WP_015405198.1
OG0001745	Utg323152_41	WP_015405207.1
OG0001746	Utg323152_40	WP_015405208.1
OG0001747	Utg323152_311	WP_015405290.1
OG0001748	Utg323152_338	WP_015405315.1
OG0001749	Utg323152_343	WP_015405320.1
OG0001750	Utg323152_345	WP_015405322.1
OG0001751	Utg323152_375	WP_015405327.1
OG0001752	Utg323632_207	WP_015405351.1
OG0001753	Utg323392_47	WP_015405360.1
OG0001754	Utg323392_49	WP_015405362.1
OG0001755	Utg323392_98	WP_015405382.1
OG0001756	Utg323392_103	WP_015405386.1
OG0001757	Utg323392_126	WP_015405420.1
OG0001758	Utg323392_131	WP_015405425.1
OG0001759	Utg323074_58	WP_015405474.1
OG0001760	Utg323074_60	WP_015405476.1
OG0001761	Utg323074_62	WP_015405477.1
OG0001762	Utg323074_63	WP_015405478.1
OG0001763	Utg323632_373	WP_015405520.1
OG0001764	Utg323632_297	WP_015405556.1
OG0001766	Utg324810_24	WP_167320718.1, WP_015405640.1
OG0001767	Utg323392_37	WP_015405647.1
OG0001768	Utg323632_139	WP_015405652.1
OG0001769	Utg323632_132	WP_015405661.1
OG0001770	Utg323632_112	WP_015405678.1
OG0001771	Utg323632_20	WP_015405761.1
OG0001772	Utg323140_218	WP_041916383.1
OG0001773	Utg323152_447	WP_041916992.1
OG0001774	Utg323152_144	WP_041917045.1
OG0001775	Utg323316_248	WP_052326982.1
OG0001776	Utg323074_200, Utg323262_8, Utg323152_519	WP_052326997.1
OG0001778	Utg323140_59	WP_153304797.1
OG0001779	Utg323140_183	WP_153304809.1
OG0001780	Utg323152_252, Utg323152_251	WP_153304909.1
OG0001781	Utg323160_71, Utg323392_247	WP_228130043.1
OG0001782	Utg323180_14	WP_228130047.1
OG0001822	Utg323262_59	WP_015403242.1
OG0001825	Utg323300_356	WP_228130051.1
OG0001828	Utg323180_170	WP_015402594.1
OG0001833	Utg323180_129	WP_015404213.1, WP_167320712.1
OG0001835	Utg323300_191	WP_015403755.1
OG0001840	Utg323180_422	WP_015402446.1
OG0001842	Utg324810_57	WP_015403431.1
OG0001852	Utg323300_20	WP_015403702.1
OG0001854	Utg323152_296	WP_015405276.1
OG0001858	Utg323392_101	WP_015405384.1
OG0001863	Utg323392_50	WP_015403397.1
OG0001864	Utg323266_47	WP_015403617.1
OG0001865	Utg323392_194	WP_015404758.1
OG0001868	Utg323180_710	WP_015402292.1
OG0001869	Utg323180_707	WP_015402295.1
OG0001870	Utg323180_656	WP_015402331.1
OG0001870	Utg323180_640	WP_015402345.1
OG0001871	Utg323180_642	WP_015402590.1, WP_015402343.1
OG0001872	Utg323140_30	WP_015402349.1
OG0001873	Utg323180_621	WP_015402350.1
OG0001874	Utg323180_483	WP_015402413.1
OG0001875	Utg323180_481	WP_015402415.1
OG0001876	Utg323300_107, Utg323180_436	WP_015402445.1
OG0001877	Utg323160_61	WP_015402493.1
OG0001878	Utg323152_580	WP_015402536.1
OG0001879	Utg323180_242	WP_015402546.1
OG0001880	Utg323180_241	WP_015402547.1
OG0001881	Utg323180_195	WP_015402580.1
OG0001882	Utg324810_103, Utg323160_11	WP_015402626.1
OG0001883	Utg323152_589	WP_015402633.1
OG0001884	Utg323180_124	WP_015402658.1
OG0001885	Utg323180_101	WP_015402675.1
OG0001886	Utg323180_47	WP_015402702.1
OG0001887	Utg323180_46	WP_015402703.1
OG0001888	Utg323180_40	WP_015402708.1
OG0001889	Utg323180_7	WP_015402725.1
OG0001890	Utg323140_58	WP_015402758.1
OG0001891	Utg323140_100	WP_015402788.1
OG0001893	Utg323632_88	WP_015402870.1
OG0001894	Utg323180_438	WP_015402881.1
OG0001894	Utg323152_379	WP_015405337.1
OG0001895	Utg323140_151	WP_015402895.1
OG0001896	Utg323632_268	WP_015402912.1
OG0001897	Utg323316_279	WP_015405578.1
OG0001898	Utg323140_192	WP_015402965.1
OG0001899	Utg325220_113	WP_015403091.1
OG0001900	Utg323262_145	WP_015403105.1, WP_015404837.1
OG0001901	Utg323632_383	WP_015403182.1
OG0001902	Utg323160_117	WP_015403230.1
OG0001903	Utg323448_126, Utg323632_5, Utg323300_161	WP_015405440.1, WP_015403307.1
OG0001904	Utg323180_539	WP_015403384.1
OG0001905	Utg324810_82	WP_015403385.1
OG0001906	Utg324810_76	WP_015403389.1
OG0001907	Utg324810_73	WP_015403711.1, WP_015403392.1
OG0001908	Utg324810_66	WP_015403438.1
OG0001909	Utg323300_96	WP_015403504.1
OG0001910	Utg323300_397	WP_015403512.1
OG0001911	Utg323300_108	WP_015403518.1
OG0001912	Utg323300_119	WP_015403537.1
OG0001913	Utg323300_121	WP_015403539.1
OG0001915	Utg323180_548	WP_015403674.1
OG0001916	Utg323632_180, Utg323180_557	WP_015403678.1
OG0001918	Utg323316_353	WP_015403716.1
OG0001919	Utg323300_200	WP_015403764.1
OG0001920	Utg323300_201	WP_015403765.1
OG0001921	Utg323300_259, Utg323300_258	WP_015403775.1
OG0001923	Utg324810_37	WP_015403794.1
OG0001924	Utg323300_226	WP_015403826.1
OG0001925	Utg323300_230	WP_015403830.1
OG0001926	Utg323300_290	WP_015403861.1
OG0001927	Utg323300_301	WP_015403870.1
OG0001928	Utg323300_303	WP_015403872.1
OG0001929	Utg323300_328	WP_015403894.1
OG0001930	Utg323300_331	WP_015403897.1
OG0001931	Utg323300_333	WP_015403899.1
OG0001933	Utg323316_311	WP_015404013.1
OG0001934	Utg323316_277, Utg323316_254	WP_015404041.1
OG0001935	Utg323316_237	WP_015404067.1
OG0001936	Utg323316_234	WP_015404071.1
OG0001937	Utg323316_228	WP_015404077.1
OG0001938	Utg323316_225	WP_015404080.1
OG0001939	Utg323316_135	WP_015404105.1
OG0001940	Utg323316_127	WP_015404111.1
OG0001941	Utg323316_125	WP_015404113.1
OG0001942	Utg323316_86	WP_015404145.1
OG0001943	Utg323448_20	WP_015404167.1
OG0001944	Utg323448_25	WP_015404175.1
OG0001945	Utg323448_30	WP_015404181.1
OG0001946	Utg323140_216	WP_015404196.1
OG0001947	Utg323140_215	WP_015404197.1
OG0001948	Utg323448_34	WP_015404255.1
OG0001949	Utg323448_35	WP_015404256.1
OG0001950	Utg323448_36	WP_015404257.1
OG0001951	Utg323448_103	WP_015404323.1
OG0001952	Utg323180_455, Utg323152_12	WP_015404337.1
OG0001953	Utg323262_99	WP_015404348.1
OG0001954	Utg323262_100	WP_015404349.1
OG0001955	Utg323262_105	WP_015404354.1
OG0001956	Utg324548_3, Utg323262_211	WP_015404405.1
OG0001958	Utg323990_175	WP_015404514.1
OG0001959	Utg323990_163	WP_015404526.1
OG0001960	Utg323990_157	WP_015404531.1
OG0001961	Utg323152_453	WP_015404533.1
OG0001962	Utg323990_140	WP_015404546.1
OG0001963	Utg323990_136	WP_015404550.1
OG0001964	Utg323990_135	WP_015404551.1
OG0001965	Utg323990_120	WP_015404563.1
OG0001967	Utg323990_73	WP_015404588.1
OG0001968	Utg323152_359, Utg323990_65	WP_015404595.1
OG0001969	Utg323300_275, Utg323180_628	WP_015404607.1
OG0001970	Utg323990_39	WP_015404625.1
OG0001971	Utg323392_221	WP_015404742.1
OG0001972	Utg323392_197	WP_015404754.1
OG0001973	Utg324810_79	WP_015404759.1
OG0001974	Utg323152_499	WP_015404819.1
OG0001975	Utg323074_25	WP_015404855.1
OG0001976	Utg323180_161	WP_153304805.1, WP_015404869.1
OG0001977	Utg323152_445	WP_015404876.1
OG0001978	Utg323152_440	WP_015404880.1
OG0001979	Utg323152_433	WP_015404891.1
OG0001980	Utg323152_421	WP_015404895.1
OG0001981	Utg323392_231	WP_015404966.1
OG0001982	Utg323140_108	WP_015404972.1
OG0001983	Utg323152_234	WP_015405202.1, WP_015405009.1
OG0001984	Utg323152_228	WP_015405015.1
OG0001985	Utg323152_204	WP_015405037.1
OG0001986	Utg323152_187	WP_015405053.1
OG0001987	Utg323152_182	WP_015405067.1
OG0001988	Utg323152_181	WP_015405068.1
OG0001989	Utg323316_351	WP_015405089.1
OG0001991	Utg323152_79	WP_015405150.1
OG0001992	Utg323152_61	WP_015405181.1
OG0001993	Utg323152_55	WP_015405185.1
OG0001994	Utg323152_54	WP_015405186.1
OG0001995	Utg323152_52	WP_015405188.1
OG0001996	Utg323152_51	WP_015405189.1
OG0001997	Utg323152_50	WP_015405190.1
OG0001998	Utg323152_246	WP_015405211.1
OG0001999	Utg323152_261	WP_015405224.1
OG0002000	Utg323152_302, Utg323152_303	WP_015405282.1
OG0002001	Utg323152_323	WP_015405300.1
OG0002002	Utg323152_329	WP_015405306.1
OG0002003	Utg323152_380	WP_015405338.1
OG0002004	Utg323392_112	WP_015405395.1
OG0002005	Utg323392_121	WP_015405399.1
OG0002006	Utg323392_127	WP_015405421.1
OG0002007	Utg323152_556	WP_015405448.1
OG0002008	Utg323152_566	WP_015405459.1
OG0002009	Utg323152_477	WP_015405468.1
OG0002010	Utg323074_109	WP_015405483.1
OG0002011	Utg323392_261	WP_015405510.1
OG0002012	Utg323632_353	WP_015405530.1
OG0002013	Utg323632_290	WP_015405562.1
OG0002014	Utg323632_289	WP_015405563.1
OG0002015	Utg323632_213	WP_015405632.1
OG0002016	Utg323632_131	WP_015405662.1
OG0002017	Utg323632_126	WP_015405670.1
OG0002018	Utg323632_125	WP_015405671.1
OG0002019	Utg323632_124	WP_015405672.1
OG0002020	Utg323632_87	WP_015405701.1
OG0002021	Utg323632_73	WP_015405707.1
OG0002022	Utg323392_92	WP_041916300.1
OG0002023	Utg323152_432	WP_041916427.1
OG0002024	Utg323180_194	WP_041916533.1
OG0002025	Utg323152_49	WP_041917050.1
OG0002026	Utg323262_97	WP_052326992.1
OG0002027	Utg323392_41	WP_052327019.1
OG0002028	Utg323632_249	WP_052327027.1
OG0002029	Utg324810_38	WP_083907209.1
OG0002030	Utg323140_259	WP_153304818.1
OG0002032	Utg324810_25	WP_153304926.1
OG0002033	Utg323180_11	WP_153304973.1
OG0002034	Utg325220_110	WP_167320716.1
OG0002035	Utg323074_196	WP_167320736.1
OG0002036	Utg323316_199	WP_228130003.1
OG0002037	Utg323180_664	WP_228130025.1
OG0002039	Utg323140_142	WP_265588641.1
OG0002040	Utg323180_681	WP_265588646.1
OG0002105	Utg323180_203	WP_015402573.1
OG0002106	Utg323316_183	WP_015404084.1
OG0002107	Utg323160_6, Utg324810_100	WP_015403331.1
OG0002108	Utg323300_454	WP_015403120.1
OG0002118	Utg323316_78	WP_015402909.1
OG0002120	Utg323316_110	WP_015404127.1
OG0002122	Utg323392_119	WP_015405398.1
OG0002126	Utg323160_96	WP_041916281.1
OG0002127	Utg323160_94	WP_015402827.1
OG0002144	Utg323152_82	WP_041916442.1
OG0002150	Utg323300_18	WP_015404387.1
OG0002155	Utg323180_652	WP_015402335.1
OG0002156	Utg323180_648	WP_015402338.1
OG0002157	Utg323180_639	WP_015402346.1
OG0002158	Utg323180_495	WP_015402404.1
OG0002159	Utg323180_494	WP_015402405.1
OG0002160	Utg324810_33	WP_015402456.1
OG0002161	Utg323180_295	WP_015402475.1
OG0002162	Utg323180_275	WP_015402507.1
OG0002163	Utg323180_266	WP_015402516.1
OG0002164	Utg323180_265	WP_015402517.1
OG0002165	Utg323180_261	WP_015402521.1
OG0002166	Utg323392_198	WP_015402557.1
OG0002167	Utg323160_9	WP_015402628.1
OG0002168	Utg323180_29	WP_015402718.1
OG0002169	Utg323180_5	WP_015402727.1
OG0002170	Utg323140_79	WP_015402772.1
OG0002172	Utg323632_263, Utg323316_224	WP_015402834.1
OG0002173	Utg323316_222	WP_015402836.1
OG0002174	Utg323632_262, Utg323316_219	WP_015402839.1
OG0002175	Utg323140_141	WP_015402889.1
OG0002177	Utg323140_205	WP_015402972.1
OG0002178	Utg323152_125	WP_015402987.1
OG0002179	Utg323140_229	WP_015403014.1
OG0002180	Utg323140_230	WP_015403015.1
OG0002181	Utg323140_231	WP_015403016.1
OG0002182	Utg323140_233	WP_015403018.1
OG0002183	Utg323180_526	WP_015403036.1
OG0002184	Utg323140_250	WP_015403062.1
OG0002185	Utg323140_260	WP_015403072.1
OG0002186	Utg323140_262	WP_015403074.1
OG0002187	Utg323180_131	WP_015403100.1
OG0002188	Utg323180_211	WP_015403133.1, WP_015404422.1
OG0002189	Utg323632_380	WP_015403183.1
OG0002190	Utg323300_87	WP_015403225.1
OG0002191	Utg323160_120	WP_015403227.1
OG0002192	Utg323262_58	WP_015403243.1
OG0002193	Utg323160_43	WP_015403364.1
OG0002195	Utg324810_23	WP_015403404.1
OG0002196	Utg324810_65	WP_015404825.1, WP_015403437.1
OG0002197	Utg323990_40	WP_015403447.1
OG0002198	Utg323152_236	WP_015403468.1, WP_015405007.1
OG0002200	Utg323300_120	WP_015403538.1
OG0002201	Utg323300_123	WP_015403542.1
OG0002203	Utg325220_69	WP_015403653.1
OG0002204	Utg323180_112	WP_015403670.1
OG0002205	Utg323180_546	WP_015403672.1
OG0002206	Utg323180_547	WP_015403673.1
OG0002207	Utg323180_564	WP_015403679.1
OG0002208	Utg323140_239	WP_015403687.1, WP_015403977.1
OG0002209	Utg323180_12	WP_015403731.1
OG0002210	Utg323300_172	WP_015403742.1
OG0002211	Utg323300_173	WP_015403743.1
OG0002212	Utg323300_188	WP_015403752.1
OG0002213	Utg323300_195	WP_015403759.1
OG0002214	Utg323300_227	WP_015403827.1
OG0002215	Utg323300_228	WP_015403828.1
OG0002216	Utg323300_261	WP_015403841.1
OG0002217	Utg323300_277	WP_015403851.1
OG0002218	Utg323180_600	WP_015403858.1
OG0002219	Utg323300_326	WP_015403892.1
OG0002220	Utg323300_347	WP_015403916.1
OG0002221	Utg323300_364	WP_015403938.1
OG0002222	Utg323316_315	WP_015404009.1
OG0002223	Utg323316_213, Utg323316_281	WP_015404036.1
OG0002225	Utg323316_240	WP_015404065.1
OG0002226	Utg323316_239	WP_015404066.1
OG0002227	Utg323316_236	WP_015404068.1
OG0002228	Utg323316_128	WP_015404110.1
OG0002229	Utg323316_126	WP_015404112.1
OG0002230	Utg323316_124	WP_015404114.1
OG0002231	Utg323316_121	WP_015404117.1
OG0002232	Utg323316_120	WP_015404118.1
OG0002233	Utg323316_119	WP_015404119.1
OG0002234	Utg323316_102	WP_015404137.1
OG0002235	Utg323316_82	WP_015404149.1
OG0002236	Utg323316_72	WP_015404158.1
OG0002237	Utg323316_66	WP_015404164.1
OG0002239	Utg323074_68	WP_015404204.1
OG0002240	Utg323300_238	WP_015404394.1
OG0002241	Utg324548_31	WP_015404448.1
OG0002242	Utg324548_33	WP_015404450.1
OG0002243	Utg323990_212	WP_015404473.1
OG0002244	Utg323074_70	WP_015404498.1
OG0002245	Utg323990_160	WP_015404528.1
OG0002246	Utg323990_159	WP_015404529.1
OG0002247	Utg323990_158	WP_015404530.1
OG0002248	Utg323990_145	WP_015404542.1
OG0002249	Utg323990_143	WP_015404544.1
OG0002250	Utg323990_121	WP_015404562.1
OG0002251	Utg323392_184	WP_015404770.1
OG0002252	Utg323392_156	WP_015404783.1
OG0002253	Utg323392_143	WP_015404798.1
OG0002254	Utg323152_512	WP_015404808.1
OG0002255	Utg323152_500	WP_015404818.1
OG0002256	Utg323152_481	WP_015404832.1
OG0002257	Utg323262_140, Utg323262_138	WP_015404844.1
OG0002258	Utg323074_38	WP_015404847.1
OG0002259	Utg323152_441	WP_015404879.1
OG0002261	Utg323152_195	WP_015405046.1
OG0002262	Utg323392_260	WP_015405069.1
OG0002263	Utg323316_350	WP_015405088.1
OG0002264	Utg323632_222	WP_015405624.1, WP_015405094.1
OG0002265	Utg323152_158	WP_015405115.1
OG0002266	Utg323990_94	WP_015405126.1
OG0002267	Utg323990_93	WP_015405127.1
OG0002268	Utg323152_289	WP_015405250.1
OG0002269	Utg323300_49	WP_015405254.1
OG0002270	Utg323152_298	WP_015405278.1
OG0002271	Utg323152_339	WP_015405316.1
OG0002272	Utg323152_340	WP_015405317.1
OG0002273	Utg323300_216	WP_015405339.1
OG0002274	Utg323392_52	WP_015405363.1
OG0002275	Utg323392_69	WP_015405366.1
OG0002276	Utg323392_89	WP_015405379.1
OG0002277	Utg323392_109	WP_015405393.1
OG0002278	Utg323392_122	WP_015405400.1
OG0002279	Utg323392_124	WP_015405402.1
OG0002280	Utg323632_285	WP_015405567.1
OG0002283	Utg323632_258	WP_015405600.1
OG0002284	Utg323632_230	WP_015405618.1
OG0002285	Utg323632_136	WP_015405655.1
OG0002286	Utg323632_130	WP_015405667.1
OG0002287	Utg323632_100	WP_015405689.1
OG0002288	Utg323632_70	WP_015405710.1
OG0002289	Utg323632_67	WP_015405713.1
OG0002290	Utg323632_50	WP_015405736.1
OG0002291	Utg323632_39	WP_015405745.1
OG0002292	Utg323632_11	WP_015405768.1
OG0002293	Utg323140_217	WP_041916861.1
OG0002294	Utg323152_99	WP_083907232.1
OG0002295	Utg323180_248, Utg323152_58	WP_083907315.1
OG0002297	Utg323160_76	WP_153304830.1
OG0002298	Utg323316_115	WP_153304872.1
OG0002299	Utg323990_204	WP_167320751.1
OG0002300	Utg323316_106	WP_228130006.1
OG0002301	Utg323316_73	WP_228130007.1
OG0002302	Utg323152_122	WP_228130045.1
OG0002303	Utg323152_124	WP_228130046.1
OG0002304	Utg323990_205	WP_228130076.1
OG0002481	Utg323140_77	WP_015402980.1
OG0002482	Utg323180_482	WP_083907148.1
OG0002496	Utg323180_679	WP_015402316.1
OG0002497	Utg323180_647	WP_015402339.1
OG0002498	Utg323180_643	WP_015402342.1
OG0002499	Utg323180_641	WP_015402344.1
OG0002500	Utg323180_290	WP_015402485.1
OG0002501	Utg323266_92	WP_015402487.1
OG0002502	Utg323266_54	WP_015402556.1
OG0002503	Utg323152_514, Utg323140_156	WP_015402673.1
OG0002504	Utg323180_34	WP_015402713.1
OG0002505	Utg323180_4	WP_015402729.1
OG0002507	Utg323074_184	WP_015402756.1
OG0002509	Utg323262_50	WP_015402831.1
OG0002510	Utg323180_401	WP_015402859.1
OG0002511	Utg323180_403	WP_015402861.1
OG0002514	Utg325220_90	WP_015403082.1
OG0002515	Utg325220_92	WP_015403084.1
OG0002516	Utg325220_111	WP_015403089.1
OG0002517	Utg323266_97	WP_015403117.1
OG0002518	Utg323632_359	WP_015403165.1
OG0002519	Utg323300_252	WP_015403188.1
OG0002521	Utg323392_206	WP_015403215.1
OG0002522	Utg323160_126, Utg323266_7	WP_015403220.1
OG0002523	Utg323300_128, Utg323140_204	WP_015403234.1
OG0002524	Utg323262_55	WP_015403246.1
OG0002525	Utg323152_489	WP_015403286.1
OG0002526	Utg323152_488	WP_015403287.1
OG0002527	Utg323140_27	WP_015403295.1
OG0002528	Utg323180_630	WP_015403321.1
OG0002529	Utg323152_256	WP_015405220.1
OG0002529	Utg323392_213	WP_015403378.1
OG0002530	Utg324810_18	WP_015403399.1
OG0002531	Utg324810_21	WP_015403402.1
OG0002532	Utg324810_36	WP_015403411.1
OG0002533	Utg324810_11	WP_015403439.1
OG0002534	Utg323180_191	WP_015403448.1
OG0002539	Utg324810_10, Utg323140_57	WP_015403587.1
OG0002541	Utg323152_120	WP_015403692.1
OG0002542	Utg323262_202	WP_015403707.1
OG0002543	Utg323448_109	WP_015403721.1
OG0002544	Utg323180_476	WP_015403726.1, WP_015405774.1
OG0002545	Utg323300_271, Utg323266_25	WP_015403772.1
OG0002546	Utg323300_232	WP_015403832.1
OG0002547	Utg323300_306, Utg323300_235	WP_015403838.1
OG0002548	Utg323300_292	WP_015403863.1
OG0002549	Utg323300_308	WP_015403876.1
OG0002550	Utg323300_322	WP_015403889.1
OG0002551	Utg323300_323	WP_015403890.1
OG0002552	Utg323300_332	WP_015403898.1
OG0002554	Utg323300_376	WP_015403947.1
OG0002555	Utg323140_237, Utg323140_238	WP_015403986.1
OG0002556	Utg323316_310	WP_015404014.1
OG0002557	Utg323316_280	WP_015404037.1
OG0002559	Utg323316_182	WP_015404085.1
OG0002560	Utg323266_91	WP_015404116.1
OG0002561	Utg323316_114	WP_015404123.1
OG0002562	Utg323316_76	WP_015404155.1
OG0002563	Utg323448_23	WP_015404173.1
OG0002564	Utg323140_214	WP_015404198.1
OG0002565	Utg323152_31	WP_015404372.1
OG0002566	Utg323262_200	WP_015404388.1
OG0002567	Utg323392_228	WP_015404390.1
OG0002570	Utg323632_272	WP_015404438.1
OG0002573	Utg323990_166	WP_015404523.1
OG0002574	Utg323990_165	WP_015404524.1
OG0002575	Utg323990_164	WP_015404525.1
OG0002576	Utg323180_714	WP_015404581.1
OG0002577	Utg323990_60	WP_015404604.1
OG0002578	Utg323990_41	WP_015404624.1
OG0002579	Utg323074_185	WP_015404638.1
OG0002582	Utg323392_217	WP_015404746.1
OG0002583	Utg323262_139	WP_015404843.1
OG0002585	Utg323152_423	WP_015404893.1
OG0002586	Utg323152_410	WP_015404900.1
OG0002587	Utg323262_38	WP_015404920.1
OG0002589	Utg323152_206	WP_015405035.1
OG0002590	Utg323316_352	WP_015405090.1
OG0002591	Utg323990_99	WP_015405118.1
OG0002592	Utg323990_101	WP_015405120.1
OG0002593	Utg323990_102	WP_015405121.1
OG0002594	Utg323152_84	WP_015405146.1
OG0002595	Utg323152_65	WP_015405176.1
OG0002596	Utg323152_277	WP_015405236.1
OG0002596	Utg323152_275	WP_015405237.1
OG0002597	Utg323300_145	WP_015405257.1
OG0002598	Utg323152_297	WP_015405277.1
OG0002599	Utg323152_312	WP_015405291.1
OG0002600	Utg323152_332	WP_015405309.1
OG0002601	Utg323152_341	WP_015405318.1
OG0002602	Utg323152_346	WP_015405329.1
OG0002603	Utg323392_21	WP_015405342.1
OG0002604	Utg323392_45	WP_015405358.1
OG0002605	Utg323392_82	WP_015405372.1
OG0002606	Utg323392_83	WP_015405373.1
OG0002607	Utg323392_108	WP_015405392.1
OG0002608	Utg323392_132	WP_015405426.1
OG0002609	Utg323152_480	WP_015405471.1
OG0002610	Utg323074_112	WP_015405486.1
OG0002615	Utg323632_352	WP_015405531.1
OG0002616	Utg323262_91	WP_015405549.1
OG0002617	Utg323262_92	WP_015405550.1
OG0002618	Utg323632_287	WP_015405565.1
OG0002619	Utg323632_241	WP_015405610.1
OG0002620	Utg323632_123	WP_015405673.1
OG0002621	Utg323632_114	WP_015405676.1
OG0002623	Utg323180_139	WP_041916261.1
OG0002624	Utg323140_136	WP_041916289.1
OG0002626	Utg323180_625	WP_041916410.1
OG0002627	Utg323316_79	WP_041916846.1
OG0002628	Utg323140_125	WP_041917087.1
OG0002629	Utg323316_344	WP_074195169.1
OG0002630	Utg323392_196	WP_083907295.1
OG0002631	Utg323266_52	WP_153304807.1, WP_208598467.1
OG0002632	Utg323266_6, Utg323160_125	WP_153304823.1
OG0002633	Utg323300_352	WP_153304867.1
OG0002634	Utg323448_89	WP_153304884.1
OG0002636	Utg323180_646	WP_167320692.1
OG0002637	Utg323316_305	WP_167320714.1
OG0002638	Utg323300_270, Utg323266_26	WP_167320728.1
OG0002639	Utg323316_138	WP_167320738.1
OG0002640	Utg323392_54	WP_167320761.1
OG0002859	Utg324810_99, Utg323160_5	WP_015403333.1
OG0002865	Utg323074_148	WP_015403172.1
OG0002883	Utg323316_320	WP_015404004.1
OG0002905	Utg323180_670	WP_015402322.1
OG0002906	Utg323180_654	WP_015402333.1
OG0002910	Utg323180_469	WP_015402428.1
OG0002911	Utg323392_190	WP_015402443.1
OG0002915	Utg323180_228	WP_015402567.1
OG0002917	Utg323140_47	WP_015402648.1
OG0002918	Utg323180_135	WP_015402654.1
OG0002919	Utg323392_176	WP_015402920.1, WP_015402700.1, WP_015403428.1
OG0002921	Utg323140_7	WP_015402734.1
OG0002925	Utg323180_402	WP_015402860.1
OG0002926	Utg323262_122	WP_015402876.1
OG0002927	Utg323140_148	WP_015402892.1
OG0002928	Utg323140_150	WP_015402894.1
OG0002929	Utg323140_202	WP_015402966.1
OG0002930	Utg323140_203	WP_015402967.1
OG0002931	Utg323074_124	WP_015403037.1
OG0002932	Utg323262_130	WP_015403049.1
OG0002935	Utg323300_44, Utg325220_108	WP_015403086.1
OG0002936	Utg325220_112	WP_015403090.1
OG0002938	Utg323300_254	WP_015403190.1
OG0002939	Utg323392_68	WP_015403200.1, WP_015403736.1
OG0002940	Utg323266_12, Utg323160_131	WP_015403210.1
OG0002941	Utg323160_124, Utg323266_5	WP_015403222.1
OG0002944	Utg323140_24, Utg323160_88	WP_015403291.1
OG0002946	Utg323160_111	WP_015403326.1
OG0002947	Utg324810_74	WP_015403391.1
OG0002948	Utg323300_217	WP_015403445.1
OG0002950	Utg323140_107	WP_015403533.1
OG0002951	Utg323180_247	WP_015403582.1
OG0002953	Utg323300_190	WP_015403754.1
OG0002955	Utg323300_224	WP_015403824.1
OG0002956	Utg323262_183	WP_015403907.1
OG0002958	Utg323392_58	WP_015403974.1
OG0002959	Utg323316_282	WP_015404035.1
OG0002960	Utg323316_233	WP_015404072.1
OG0002962	Utg323316_105	WP_015404134.1
OG0002963	Utg323300_435	WP_015404153.1
OG0002964	Utg323140_225	WP_015404187.1
OG0002966	Utg323152_414	WP_015404365.1
OG0002967	Utg323152_413	WP_015404366.1
OG0002968	Utg323990_119	WP_015404389.1
OG0002969	Utg323140_98	WP_015404404.1
OG0002974	Utg323990_171	WP_015404518.1
OG0002975	Utg323990_170	WP_015404519.1
OG0002976	Utg323990_130	WP_015404556.1
OG0002977	Utg323990_70	WP_015404592.1, WP_015405590.1
OG0002978	Utg324810_12	WP_015404612.1
OG0002979	Utg323152_367	WP_015404647.1
OG0002983	Utg323392_218	WP_015404745.1
OG0002984	Utg323392_200	WP_015404752.1
OG0002985	Utg323140_44	WP_015404834.1
OG0002986	Utg323180_157	WP_015404865.1
OG0002987	Utg323152_419	WP_015404897.1
OG0002991	Utg323152_242	WP_015405063.1, WP_015405006.1
OG0002994	Utg323990_97	WP_015405116.1
OG0002995	Utg323990_98	WP_015405117.1
OG0002996	Utg323990_100	WP_015405119.1
OG0002997	Utg323990_103	WP_015405122.1
OG0002999	Utg323152_266	WP_015405229.1
OG0003000	Utg323152_271	WP_015405241.1
OG0003001	Utg323152_371	WP_015405323.1
OG0003004	Utg323392_128	WP_015405422.1
OG0003005	Utg323152_552	WP_015405444.1
OG0003008	Utg323180_583	WP_015405507.1
OG0003009	Utg323632_349	WP_015405534.1
OG0003010	Utg323180_638	WP_015405548.1
OG0003011	Utg323632_233	WP_015405615.1
OG0003012	Utg323632_221	WP_015405625.1
OG0003013	Utg323632_138	WP_015405653.1
OG0003015	Utg323632_63	WP_015405730.1
OG0003016	Utg323392_211	WP_041916313.1
OG0003017	Utg323392_90	WP_041916450.1
OG0003018	Utg323632_280	WP_041916465.1
OG0003019	Utg323262_133	WP_041916518.1
OG0003020	Utg323140_115	WP_041916535.1
OG0003022	Utg323316_108	WP_153304873.1
OG0003023	Utg323990_92	WP_153304894.1
OG0003025	Utg323152_285	WP_167320760.1
OG0003026	Utg323074_221, Utg323990_1	WP_208598463.1
OG0003027	Utg323300_7	WP_208598489.1
OG0003336	Utg324810_28	WP_015403789.1
OG0003465	Utg323180_683	WP_015402315.1
OG0003466	Utg323180_676	WP_015402317.1
OG0003467	Utg323180_655	WP_015402458.1, WP_015402332.1
OG0003468	Utg323180_653	WP_015402334.1
OG0003469	Utg323392_170	WP_015402366.1
OG0003471	Utg323180_496	WP_015402403.1
OG0003472	Utg323180_480	WP_015402416.1
OG0003473	Utg323180_477	WP_015402419.1
OG0003474	Utg323180_471	WP_015402426.1
OG0003475	Utg323180_470	WP_015402427.1
OG0003476	Utg323180_468	WP_015402429.1
OG0003477	Utg323180_467	WP_015402430.1
OG0003478	Utg323180_466	WP_015402431.1
OG0003479	Utg323180_465	WP_015402432.1
OG0003480	Utg323180_442	WP_015402433.1
OG0003481	Utg323180_441	WP_015402434.1
OG0003483	Utg323152_452	WP_015402474.1
OG0003484	Utg323180_293	WP_015402477.1
OG0003485	Utg323180_270	WP_015402511.1
OG0003486	Utg323180_269	WP_015402513.1
OG0003487	Utg323152_424	WP_015402559.1
OG0003489	Utg323180_196	WP_015402579.1
OG0003490	Utg323140_114	WP_015402597.1
OG0003491	Utg323300_93	WP_015402599.1
OG0003493	Utg323180_168	WP_015402649.1
OG0003494	Utg323180_48	WP_015402681.1
OG0003497	Utg323180_27	WP_015402720.1
OG0003499	Utg323140_60	WP_015402760.1
OG0003500	Utg323140_67	WP_015402763.1
OG0003501	Utg323140_72	WP_015402767.1
OG0003502	Utg323140_92	WP_015402782.1
OG0003503	Utg323266_101	WP_015402795.1
OG0003505	Utg323316_223	WP_015402835.1
OG0003506	Utg323316_221	WP_015402837.1
OG0003510	Utg323140_135	WP_015402884.1
OG0003511	Utg323300_396	WP_015402886.1
OG0003512	Utg323140_149	WP_015402893.1
OG0003515	Utg323140_76	WP_015402981.1
OG0003516	Utg323316_123	WP_015403011.1
OG0003518	Utg325220_93	WP_015403085.1
OG0003519	Utg323266_102	WP_015403103.1
OG0003520	Utg323152_520	WP_015403149.1
OG0003521	Utg323300_250	WP_015403186.1
OG0003523	Utg323632_377	WP_015403194.1
OG0003524	Utg323266_13	WP_015403207.1
OG0003525	Utg323160_122	WP_015403224.1
OG0003526	Utg323262_61	WP_015403240.1
OG0003527	Utg323262_54	WP_015403247.1
OG0003530	Utg323300_241	WP_015403296.1
OG0003531	Utg323180_18	WP_015403319.1
OG0003532	Utg323160_109	WP_015403328.1
OG0003534	Utg324810_64	WP_015403436.1
OG0003535	Utg323140_159	WP_015403449.1
OG0003539	Utg323180_9	WP_015403501.1
OG0003546	Utg323074_39	WP_015403681.1
OG0003547	Utg323152_491	WP_015403682.1
OG0003548	Utg323152_121	WP_015403693.1
OG0003549	Utg323266_86	WP_015403720.1
OG0003550	Utg323300_204	WP_015403767.1
OG0003551	Utg323300_205	WP_015403768.1
OG0003552	Utg323300_206	WP_015403769.1
OG0003553	Utg323300_272	WP_015403771.1
OG0003554	Utg323152_451	WP_015403792.1
OG0003555	Utg323300_32	WP_015403811.1
OG0003556	Utg323300_30	WP_015403813.1
OG0003557	Utg323300_29	WP_015403814.1
OG0003558	Utg323300_28	WP_015403815.1
OG0003559	Utg323990_161	WP_015403819.1
OG0003560	Utg323300_229	WP_015403829.1
OG0003561	Utg323300_372	WP_015403943.1
OG0003563	Utg323074_220	WP_015404044.1
OG0003565	Utg323266_60	WP_015404070.1
OG0003566	Utg323316_68	WP_015404162.1
OG0003567	Utg323180_21	WP_015404170.1
OG0003568	Utg323300_131	WP_015404199.1
OG0003569	Utg323140_28	WP_015404233.1
OG0003570	Utg323990_197	WP_015404244.1
OG0003571	Utg323448_111	WP_015404327.1
OG0003572	Utg323448_112	WP_015404328.1
OG0003573	Utg323632_303	WP_015404339.1
OG0003574	Utg323262_109	WP_015404358.1
OG0003575	Utg323392_71	WP_015404368.1
OG0003579	Utg323300_404	WP_015404410.1
OG0003580	Utg323300_403	WP_015404411.1
OG0003581	Utg324548_9	WP_015404413.1
OG0003582	Utg323632_273	WP_015404439.1
OG0003583	Utg324548_28	WP_015404445.1
OG0003584	Utg324548_37	WP_015404454.1
OG0003585	Utg323990_213	WP_015404472.1
OG0003586	Utg323316_259	WP_015404494.1
OG0003587	Utg323990_172	WP_015404517.1
OG0003588	Utg323990_168	WP_015404521.1
OG0003589	Utg323990_167	WP_015404522.1
OG0003590	Utg323180_629	WP_015404606.1
OG0003592	Utg323074_150	WP_015404711.1
OG0003593	Utg323392_220	WP_015404743.1
OG0003594	Utg323392_214	WP_015404750.1
OG0003595	Utg323392_175	WP_015404774.1
OG0003596	Utg323140_45	WP_015404833.1
OG0003597	Utg323262_142	WP_015404841.1
OG0003598	Utg323180_579	WP_015404845.1
OG0003599	Utg323074_41	WP_015404846.1
OG0003602	Utg323262_172	WP_015404979.1
OG0003603	Utg323262_174	WP_015404981.1
OG0003604	Utg323262_176	WP_015404983.1
OG0003605	Utg323262_177	WP_015404984.1
OG0003607	Utg323152_211	WP_015405031.1
OG0003608	Utg323152_208	WP_015405033.1
OG0003609	Utg323152_207	WP_015405034.1
OG0003610	Utg323140_210	WP_015405064.1
OG0003611	Utg325220_98	WP_015405075.1
OG0003613	Utg323262_47	WP_015405082.1
OG0003615	Utg323152_169	WP_015405105.1
OG0003616	Utg323152_77	WP_015405164.1
OG0003617	Utg323152_66	WP_015405175.1
OG0003618	Utg323152_57	WP_015405184.1
OG0003619	Utg323152_267	WP_015405230.1
OG0003620	Utg323152_276	WP_015405238.1
OG0003621	Utg323152_274	WP_015405239.1
OG0003622	Utg323152_292	WP_015405253.1
OG0003623	Utg323990_131	WP_015405367.1
OG0003625	Utg323074_65	WP_015405479.1
OG0003626	Utg323074_116	WP_015405490.1
OG0003627	Utg323180_586	WP_015405508.1, WP_015405778.1
OG0003629	Utg323632_216	WP_015405630.1
OG0003630	Utg323632_89	WP_015405700.1
OG0003638	Utg323160_63	WP_041916325.1
OG0003639	Utg323448_102	WP_041916392.1
OG0003642	Utg323300_273	WP_153304854.1
OG0003644	Utg323074_119	WP_153304918.1
OG0003645	Utg323140_48	WP_167320701.1
OG0003647	Utg323152_164	WP_167320754.1
OG0003648	Utg323990_105	WP_167320755.1
OG0003649	Utg323152_492	WP_167320762.1
OG0003650	Utg323262_56	WP_228130064.1
OG0003651	Utg323180_8	WP_228130066.1
OG0004487	Utg323300_55	WP_015402504.1
OG0004498	Utg323180_407	WP_015402852.1
OG0004507	Utg323266_95	WP_015403043.1
OG0004510	Utg323152_417	WP_015403118.1
OG0004511	Utg323152_592	WP_015403132.1
OG0004516	Utg323632_384	WP_015403180.1
OG0004518	Utg323300_242	WP_015403184.1
OG0004519	Utg323632_378	WP_015403193.1
OG0004525	Utg323140_25	WP_015403293.1
OG0004526	Utg323140_26	WP_015403294.1
OG0004527	Utg323160_110	WP_015403327.1
OG0004528	Utg323160_8	WP_015403332.1
OG0004529	Utg323262_189	WP_015403379.1
OG0004530	Utg323074_147	WP_015403380.1
OG0004531	Utg323074_146	WP_015403381.1
OG0004533	Utg324810_44	WP_015403417.1
OG0004543	Utg324810_9	WP_015403588.1
OG0004545	Utg323300_197	WP_015403761.1
OG0004546	Utg324548_8	WP_015403798.1
OG0004547	Utg323300_33	WP_015403810.1
OG0004548	Utg323300_27	WP_015403816.1
OG0004549	Utg323300_220	WP_015403821.1
OG0004550	Utg323300_265	WP_015403845.1
OG0004551	Utg323300_267	WP_015403846.1
OG0004552	Utg323300_268	WP_015403847.1
OG0004553	Utg323632_326	WP_015403928.1
OG0004557	Utg323316_109	WP_015404128.1
OG0004558	Utg323316_70	WP_015404160.1
OG0004563	Utg323074_80	WP_015404391.1
OG0004567	Utg323990_113	WP_015404565.1
OG0004569	Utg323300_266	WP_015404614.1
OG0004607	Utg323632_267	WP_015405572.1
OG0004612	Utg323262_190	WP_041916263.1
OG0004613	Utg323140_134	WP_041916288.1
OG0004621	Utg323180_408	WP_153304803.1
OG0004624	Utg323180_374	WP_153304914.1
OG0004630	Utg323140_164	WP_265588647.1
