Orthogroup	Desulfocapsa_06_corrosive	Acidithiobacillus ferrooxidans YNTRS-40
OG0000000	Utg323632_218	WP_009566311.1
OG0000000	Utg323180_238, Utg323316_173	WP_229129755.1, WP_012537464.1, WP_012536007.1, WP_012536141.1, WP_012537498.1
OG0000000	Utg323180_69	WP_012537338.1
OG0000000	Utg323180_151	WP_009560941.1, WP_009567366.1
OG0000001	Utg323180_225, Utg323180_287, Utg323180_510, Utg323180_136, Utg323300_105, Utg324810_63, Utg325220_101, Utg323316_129, Utg323180_418, Utg323074_106, Utg323180_183	WP_049756718.1
OG0000002	Utg323632_46	WP_012537438.1
OG0000002	Utg323300_181	WP_012537671.1
OG0000007	Utg323632_239	WP_009568266.1
OG0000007	Utg323632_51	WP_009566877.1
OG0000007	Utg323262_116	WP_012606613.1
OG0000008	Utg323262_89	WP_012537153.1
OG0000008	Utg323300_399	WP_009566498.1
OG0000008	Utg323392_185	WP_012536971.1, WP_009566514.1
OG0000010	Utg323316_272, Utg323316_267, Utg323316_264	WP_009561151.1
OG0000010	Utg323316_270	WP_012536238.1
OG0000012	Utg323160_104	WP_233459585.1
OG0000013	Utg323180_152, Utg323140_78	WP_049756730.1
OG0000014	Utg323392_110	WP_012607383.1, WP_009567373.1, WP_012535790.1
OG0000014	Utg323262_128	WP_009561490.1, WP_012607578.1
OG0000014	Utg324810_58	WP_012536921.1
OG0000015	Utg323392_212, Utg323632_27	WP_009564938.1
OG0000017	Utg323990_184	WP_012536473.1
OG0000018	Utg323152_201	WP_012536801.1
OG0000019	Utg323140_131	WP_012536513.1
OG0000020	Utg323152_283, Utg323632_271, Utg323152_268	WP_012537033.1
OG0000022	Utg323152_194, Utg323180_278, Utg323392_113	WP_009564993.1
OG0000023	Utg323392_65, Utg323180_593	WP_009567699.1
OG0000024	Utg323180_286	WP_012536221.1
OG0000024	Utg323152_134	WP_012536512.1
OG0000026	Utg323300_169	WP_054608867.1
OG0000026	Utg323300_371	WP_012536917.1, WP_012537155.1
OG0000027	Utg323180_189, Utg323300_117, Utg323300_118, Utg323392_80	WP_012536289.1, WP_012536670.1
OG0000029	Utg323300_179, Utg323300_178	WP_012536184.1
OG0000030	Utg323160_85, Utg323160_112	WP_012536529.1
OG0000031	Utg323448_44, Utg323262_74, Utg323180_78, Utg323392_77, Utg323262_179	WP_054608952.1
OG0000033	Utg323140_147, Utg323140_146	WP_012536110.1
OG0000034	Utg323392_186, Utg323392_187	WP_012536972.1, WP_009566515.1
OG0000037	Utg323160_55, Utg323160_54, Utg323180_53, Utg323180_177	WP_111122549.1
OG0000037	Utg323180_533	WP_009567088.1
OG0000038	Utg323990_153, Utg323180_685, Utg323180_684	WP_012537610.1, WP_009566921.1, WP_009566923.1
OG0000041	Utg323632_79, Utg323300_84, Utg323316_196	WP_009564623.1, WP_009565495.1
OG0000042	Utg323180_126, Utg323300_393, Utg323262_141	WP_012536408.1
OG0000042	Utg323152_383	WP_012536431.1
OG0000045	Utg323180_405	WP_225487636.1
OG0000046	Utg324810_8, Utg323152_235, Utg323180_156	WP_012537032.1
OG0000047	Utg323074_218, Utg323316_238, Utg323074_155	WP_257246645.1, WP_225487355.1, WP_252725196.1
OG0000048	Utg323266_109	WP_012536680.1
OG0000049	Utg323300_370, Utg323180_54	WP_009567000.1, WP_009567335.1
OG0000053	Utg323392_224	WP_009565974.1
OG0000053	Utg323316_144	WP_009564595.1
OG0000054	Utg323316_271, Utg323316_253	WP_009567105.1, WP_009566737.1, WP_054609109.1, WP_009567310.1
OG0000054	Utg323316_275	WP_012537181.1
OG0000054	Utg323990_236	WP_009566294.1
OG0000055	Utg323152_253	WP_012536534.1
OG0000055	Utg323990_203, Utg323152_348, Utg323152_241	WP_012536590.1
OG0000058	Utg323180_619, Utg323152_288, Utg323632_274, Utg323152_273, Utg323180_393, Utg323180_545	WP_009564125.1
OG0000061	Utg323266_110	WP_012536678.1
OG0000063	Utg323392_142	WP_009560828.1, WP_151528215.1, WP_180830446.1, WP_151528213.1, WP_054608640.1, WP_257257267.1, WP_054608824.1, WP_012537288.1
OG0000064	Utg323990_139	WP_009566490.1
OG0000065	Utg323140_85, Utg323160_21	WP_012536179.1
OG0000065	Utg323140_2, Utg323180_2	WP_012536434.1
OG0000067	Utg323140_119	WP_012537527.1
OG0000068	Utg323990_51, Utg323180_344	WP_229129785.1, WP_054608627.1, WP_012536413.1, WP_229129798.1, WP_061046414.1, WP_229129726.1, WP_031572380.1
OG0000068	Utg325220_60	WP_054608827.1
OG0000069	Utg325220_94, Utg323300_182, Utg323262_103	WP_009567370.1
OG0000070	Utg323152_189	WP_012535972.1
OG0000070	Utg323990_69	WP_012536036.1
OG0000077	Utg323074_141	WP_012536420.1
OG0000078	Utg323180_686, Utg323300_294	WP_012536784.1
OG0000079	Utg323160_93, Utg323180_41, Utg323990_42	WP_012536378.1, WP_229129778.1, WP_012536377.1
OG0000079	Utg323392_205	WP_012537609.1
OG0000080	Utg323152_20	WP_012537336.1, WP_012537023.1
OG0000080	Utg323316_249	WP_012537522.1
OG0000085	Utg323180_592	WP_054609046.1, WP_012537430.1, WP_230456338.1
OG0000086	Utg323392_34, Utg323180_528	WP_054608841.1
OG0000091	Utg323180_478	WP_012536362.1, WP_012537064.1, WP_225487639.1
OG0000091	Utg323392_150	WP_009561353.1
OG0000092	Utg323300_130	WP_009562486.1
OG0000093	Utg323180_45	WP_009564668.1
OG0000094	Utg323990_23	WP_012607230.1
OG0000094	Utg323074_170	WP_012536031.1
OG0000095	Utg323300_425	WP_226834132.1
OG0000095	Utg323990_63	WP_012536481.1
OG0000096	Utg323392_43	WP_012536595.1
OG0000097	Utg323266_4, Utg323152_498, Utg323160_75, Utg323266_3, Utg323160_123	WP_012607461.1
OG0000101	Utg323266_38, Utg323180_20	WP_009560846.1, WP_012537491.1
OG0000103	Utg323316_301, Utg323180_100	WP_009566205.1, WP_054608900.1, WP_009567505.1
OG0000104	Utg323316_337	WP_054608783.1, WP_012536624.1
OG0000105	Utg323392_148	WP_012536834.1
OG0000106	Utg323300_138, Utg323300_125, Utg323316_317	WP_012536953.1
OG0000112	Utg323300_361	WP_009567621.1
OG0000113	Utg323180_560	WP_012536025.1
OG0000115	Utg323300_341	WP_012536267.1
OG0000115	Utg323990_86	WP_012537150.1
OG0000116	Utg323300_39	WP_012536314.1
OG0000117	Utg323316_188	WP_012536516.1, WP_012536851.1
OG0000120	Utg323392_1, Utg323140_117	WP_012537529.1, WP_012607593.1
OG0000126	Utg323392_137	WP_009561865.1
OG0000126	Utg323140_162	WP_009562220.1
OG0000127	Utg323448_31	WP_009562383.1, WP_012536821.1
OG0000128	Utg323180_277	WP_012537059.1
OG0000128	Utg323152_202	WP_009562675.1
OG0000129	Utg323180_691	WP_012537381.1
OG0000130	Utg323140_62, Utg323632_319	WP_012535980.1
OG0000131	Utg323074_120	WP_012536872.1, WP_012536232.1
OG0000133	Utg323316_190	WP_012536518.1
OG0000134	Utg323140_101	WP_012536758.1
OG0000134	Utg323152_247	WP_012536689.1, WP_012537087.1
OG0000135	Utg323300_373, Utg323300_234	WP_012536874.1
OG0000136	Utg323392_39	WP_226833862.1
OG0000141	Utg323300_418	WP_151528219.1, WP_012537095.1, WP_009564717.1, WP_009569278.1, WP_009566566.1, WP_012537108.1, WP_012536550.1
OG0000142	Utg323180_616	WP_009565767.1
OG0000143	Utg323180_33	WP_012535762.1
OG0000144	Utg323392_195	WP_012536261.1
OG0000144	Utg323392_160	WP_012535990.1
OG0000145	Utg323180_144, Utg323180_511, Utg323074_35, Utg323074_36	WP_012536065.1
OG0000147	Utg323392_141	WP_012536474.1
OG0000149	Utg323152_360, Utg323300_144, Utg325220_75, Utg323152_363	WP_012536987.1
OG0000150	Utg323152_400, Utg323316_140, Utg323300_310	WP_012537129.1
OG0000151	Utg323316_242	WP_012537514.1
OG0000158	Utg323180_251	WP_009561172.1
OG0000159	Utg324810_14, Utg323180_417	WP_009562226.1
OG0000160	Utg323180_213	WP_009562607.1
OG0000162	Utg323316_178	WP_009566069.1
OG0000163	Utg323160_83, Utg323262_107	WP_009567122.1
OG0000164	Utg323300_166	WP_009567465.1
OG0000165	Utg323140_175	WP_012536010.1
OG0000166	Utg323632_248	WP_012536041.1
OG0000166	Utg324810_90	WP_226833941.1
OG0000167	Utg323140_81, Utg323152_436	WP_012536954.1
OG0000168	Utg323300_260	WP_012537672.1, WP_229129812.1
OG0000169	Utg323152_503	WP_012536327.1
OG0000171	Utg323152_438, Utg323152_437, Utg324810_26	WP_012536824.1
OG0000172	Utg323990_178	WP_012536912.1, WP_054609094.1
OG0000174	Utg323180_604, Utg323266_90	WP_012536983.1
OG0000175	Utg323160_23, Utg325220_73, Utg323392_235, Utg323300_462, Utg323160_47	WP_087455007.1
OG0000175	Utg323160_48	WP_012537449.1
OG0000183	Utg323632_25	WP_009566651.1, WP_009561179.1
OG0000184	Utg324548_16	WP_009562054.1
OG0000185	Utg323316_113	WP_009562658.1
OG0000187	Utg323448_60, Utg323448_47	WP_009566505.1
OG0000188	Utg323300_307	WP_054608791.1, WP_012536043.1, WP_009567117.1
OG0000190	Utg323152_409, Utg323262_17	WP_180830499.1
OG0000190	Utg323140_75	WP_012536152.1
OG0000191	Utg323180_105	WP_012536198.1
OG0000191	Utg323266_48	WP_225487193.1
OG0000192	Utg323180_399	WP_012536361.1
OG0000193	Utg323392_230, Utg323140_4, Utg323180_1	WP_012536453.1
OG0000194	Utg323160_22, Utg323160_58, Utg323316_1	WP_012536581.1
OG0000195	Utg323152_119, Utg323180_690	WP_012536731.1, WP_055448950.1, WP_054608711.1
OG0000196	Utg323632_23	WP_012537302.1
OG0000197	Utg323180_590	WP_012537576.1
OG0000198	Utg323316_285	WP_012537594.1
OG0000198	Utg323152_174	WP_012537705.1
OG0000199	Utg323300_357, Utg323152_198	WP_012537596.1
OG0000200	Utg323160_40, Utg323074_145	WP_012537660.1
OG0000209	Utg323316_339	WP_009560794.1
OG0000210	Utg323300_167	WP_012536485.1, WP_009560819.1
OG0000211	Utg323140_182	WP_009560875.1
OG0000214	Utg323632_45	WP_009562639.1, WP_012537439.1
OG0000215	Utg323152_476	WP_031572872.1
OG0000215	Utg324810_67	WP_009567346.1
OG0000216	Utg323316_146	WP_012606601.1, WP_009567592.1
OG0000217	Utg324548_25, Utg323262_16	WP_009567626.1
OG0000218	Utg323632_371, Utg323266_87, Utg323266_88	WP_012536052.1
OG0000219	Utg323180_543, Utg323300_291	WP_012536999.1, WP_012536156.1
OG0000222	Utg323262_114	WP_012536488.1
OG0000223	Utg323392_219	WP_012536535.1
OG0000223	Utg323316_181	WP_180830504.1
OG0000224	Utg323152_490	WP_012536669.1
OG0000225	Utg323152_460	WP_012537676.1
OG0000225	Utg323140_111	WP_012536768.1
OG0000226	Utg323300_329	WP_012536936.1, WP_012536937.1
OG0000227	Utg323632_351	WP_012536947.1
OG0000228	Utg323074_134	WP_012606556.1
OG0000229	Utg325220_87	WP_233459570.1
OG0000230	Utg323152_249	WP_054608848.1
OG0000231	Utg323152_458	WP_054608914.1
OG0000232	Utg323152_484, Utg323152_485	WP_054609073.1
OG0000233	Utg323152_10, Utg323266_103	WP_180830512.1
OG0000234	Utg323990_146	WP_225487654.1
OG0000248	Utg323140_188	WP_012536050.1
OG0000249	Utg323632_328	WP_012536114.1, WP_229129773.1, WP_009561020.1, WP_054608738.1
OG0000250	Utg323152_330	WP_009562194.1
OG0000252	Utg323632_22	WP_009565424.1
OG0000253	Utg323632_102	WP_012536020.1, WP_009566305.1
OG0000255	Utg323140_209	WP_009567251.1, WP_009567700.1
OG0000256	Utg323632_47	WP_012537437.1
OG0000257	Utg323990_211, Utg324810_19	WP_012536012.1
OG0000258	Utg323074_209, Utg323074_207, Utg323074_198, Utg323074_197, Utg323316_263	WP_012536034.1
OG0000259	Utg323990_75	WP_012607080.1
OG0000260	Utg323180_575	WP_233459567.1, WP_012536828.1
OG0000260	Utg323140_174	WP_012536397.1
OG0000261	Utg323990_127	WP_012536559.1, WP_157293185.1
OG0000262	Utg323152_138, Utg323152_139	WP_012536942.1
OG0000263	Utg323300_416	WP_225487436.1
OG0000264	Utg323262_53, Utg323300_385	WP_012537655.1
OG0000265	Utg323262_60, Utg323300_383	WP_012537657.1
OG0000266	Utg323262_57, Utg323300_345	WP_012537658.1
OG0000267	Utg323316_169	WP_012607294.1, WP_054608871.1, WP_061046412.1
OG0000268	Utg323180_274	WP_041646068.1
OG0000269	Utg323448_118, Utg323448_117	WP_054609063.1
OG0000270	Utg323300_147, Utg323140_132	WP_229129792.1
OG0000283	Utg324810_45	WP_009560879.1
OG0000284	Utg323300_134	WP_009560923.1
OG0000285	Utg324548_26	WP_009567365.1, WP_009561385.1, WP_009565301.1, WP_054608740.1, WP_009565762.1
OG0000288	Utg323180_284	WP_009564524.1
OG0000289	Utg323392_229	WP_009565770.1
OG0000290	Utg323990_110	WP_215905594.1, WP_229129783.1, WP_009566370.1, WP_229129815.1
OG0000291	Utg323152_390	WP_009566445.1
OG0000292	Utg323448_29	WP_009566482.1
OG0000293	Utg323632_26	WP_009566650.1
OG0000294	Utg323300_417	WP_151528220.1, WP_012537092.1, WP_012536342.1, WP_012537537.1, WP_012537109.1, WP_012536551.1
OG0000295	Utg323990_154, Utg323074_122	WP_009566924.1
OG0000296	Utg323180_360, Utg323140_32, Utg323300_349	WP_009567461.1
OG0000297	Utg323160_80, Utg323160_79	WP_009567888.1
OG0000298	Utg323316_112	WP_012536508.1
OG0000299	Utg323392_237, Utg323632_41	WP_012536067.1
OG0000300	Utg323180_71, Utg324810_53	WP_012537695.1, WP_012536306.1
OG0000301	Utg323448_82	WP_012536440.1
OG0000302	Utg323180_186, Utg323262_78, Utg323266_31	WP_012536450.1
OG0000303	Utg323990_183, Utg323990_188	WP_012536471.1
OG0000305	Utg323990_250	WP_012536826.1, WP_054608850.1
OG0000306	Utg323152_287	WP_012536970.1, WP_226833838.1
OG0000307	Utg323632_13	WP_012537295.1
OG0000308	Utg323632_21	WP_012537299.1
OG0000309	Utg323300_194	WP_012537406.1
OG0000310	Utg323074_211, Utg323074_190	WP_012537505.1
OG0000312	Utg323632_140, Utg323632_141	WP_012537595.1
OG0000313	Utg323316_67	WP_012607392.1
OG0000314	Utg323632_19	WP_012607483.1
OG0000315	Utg323160_50, Utg323262_195	WP_088775926.1
OG0000331	Utg323074_59	WP_009564442.1, WP_009561007.1
OG0000332	Utg323632_344, Utg323632_343	WP_009561368.1
OG0000333	Utg323300_359	WP_009562239.1
OG0000334	Utg323392_248, Utg323160_72	WP_009562307.1
OG0000335	Utg323316_153, Utg323300_388, Utg323300_389	WP_009562964.1
OG0000336	Utg323990_76	WP_009564610.1
OG0000337	Utg323632_59	WP_009564760.1
OG0000338	Utg323300_340	WP_009566072.1
OG0000339	Utg323152_478	WP_009566369.1, WP_267903947.1
OG0000340	Utg323140_255, Utg323300_112	WP_009567235.1
OG0000341	Utg325220_86	WP_009568735.1
OG0000342	Utg324548_2	WP_180830442.1, WP_012535935.1, WP_180830452.1, WP_012536649.1
OG0000343	Utg323632_101	WP_012537004.1, WP_012536021.1, WP_012537460.1
OG0000344	Utg323316_147	WP_012536229.1
OG0000345	Utg323140_249	WP_012537234.1
OG0000346	Utg323266_30, Utg323180_187, Utg323262_77	WP_012536451.1
OG0000347	Utg323300_185	WP_012536483.1
OG0000348	Utg323140_253	WP_012537571.1
OG0000349	Utg323300_414, Utg323990_125	WP_012536555.1, WP_012536560.1
OG0000350	Utg323266_68, Utg323392_31, Utg323392_33	WP_012607533.1, WP_012536601.1
OG0000351	Utg323316_170	WP_054608863.1, WP_012536857.1
OG0000352	Utg323300_309	WP_012537130.1
OG0000353	Utg323152_411	WP_012537240.1
OG0000356	Utg325220_24, Utg323152_199	WP_012537427.1, WP_054609053.1
OG0000357	Utg323140_190	WP_012537553.1
OG0000358	Utg323152_183, Utg323180_133	WP_012537707.1
OG0000359	Utg323140_110	WP_012607242.1
OG0000360	Utg323448_18	WP_041647474.1
OG0000388	Utg323392_149	WP_054608986.1, WP_054608972.1, WP_009561355.1
OG0000389	Utg325220_115	WP_009566266.1, WP_009562205.1
OG0000390	Utg323152_156	WP_012537476.1, WP_009562421.1
OG0000391	Utg323392_139	WP_009562662.1, WP_012607056.1
OG0000392	Utg323140_187	WP_009562813.1
OG0000393	Utg323392_115	WP_012536777.1, WP_009563800.1
OG0000394	Utg323632_227	WP_009566268.1
OG0000395	Utg323392_102	WP_009566884.1
OG0000396	Utg323316_308	WP_009566949.1
OG0000397	Utg323152_152	WP_009567142.1
OG0000398	Utg323316_283	WP_009567323.1
OG0000399	Utg323074_27	WP_009567484.1
OG0000400	Utg323074_129	WP_012536000.1, WP_009567581.1
OG0000401	Utg323448_26	WP_012535766.1
OG0000402	Utg323074_201	WP_012535777.1
OG0000403	Utg323392_161	WP_012535991.1
OG0000406	Utg323300_304, Utg323632_208	WP_012536078.1
OG0000407	Utg323300_231	WP_012536131.1
OG0000409	Utg323152_214, Utg323152_215	WP_012536144.1
OG0000410	Utg323180_618	WP_012536254.1
OG0000413	Utg323632_56	WP_012536392.1
OG0000414	Utg323140_130	WP_012536519.1
OG0000415	Utg323180_424	WP_012536558.1
OG0000417	Utg323316_134	WP_012536902.1
OG0000418	Utg323632_29	WP_012536949.1
OG0000419	Utg323990_112	WP_012536955.1
OG0000420	Utg323392_158	WP_012536981.1
OG0000421	Utg323300_89	WP_012537025.1, WP_049756713.1
OG0000422	Utg323316_306	WP_012537502.1
OG0000423	Utg323152_258, Utg323152_259	WP_012537562.1
OG0000424	Utg323180_488, Utg323990_209	WP_180830455.1, WP_012537590.1
OG0000425	Utg323632_72	WP_012537653.1
OG0000426	Utg323152_151	WP_012537674.1
OG0000427	Utg323448_41	WP_041838681.1
OG0000428	Utg323392_159	WP_054608948.1
OG0000429	Utg323632_282	WP_233459592.1
OG0000457	Utg323140_93	WP_009560820.1
OG0000458	Utg323632_292	WP_009561363.1
OG0000459	Utg323152_197	WP_009562654.1
OG0000460	Utg323632_251	WP_012536691.1, WP_009563102.1
OG0000461	Utg323266_1, Utg323180_610	WP_009563301.1
OG0000462	Utg323392_157	WP_012536982.1, WP_012536787.1, WP_009563461.1
OG0000463	Utg323152_557	WP_009564129.1
OG0000465	Utg323316_131	WP_009564605.1
OG0000466	Utg323316_143	WP_009564692.1
OG0000467	Utg324810_50	WP_009564855.1, WP_009569804.1
OG0000468	Utg323152_550	WP_009565783.1, WP_074874161.1
OG0000469	Utg323300_339	WP_009566207.1
OG0000470	Utg323632_217	WP_009566477.1
OG0000471	Utg323180_23	WP_009566480.1
OG0000472	Utg323990_82	WP_009566574.1
OG0000473	Utg324810_49	WP_012537697.1
OG0000474	Utg323392_19	WP_009567190.1
OG0000475	Utg323300_262	WP_009567364.1
OG0000476	Utg323448_21	WP_009567490.1
OG0000477	Utg323316_316	WP_012536151.1, WP_009567582.1
OG0000478	Utg323316_148	WP_009567595.1
OG0000479	Utg323152_47	WP_009567656.1
OG0000480	Utg323448_83	WP_009568282.1
OG0000481	Utg323316_184	WP_054609023.1, WP_009568876.1
OG0000484	Utg323300_196	WP_012535750.1
OG0000485	Utg323152_48	WP_012535768.1
OG0000486	Utg323152_439	WP_012536028.1
OG0000487	Utg323152_216	WP_012536755.1, WP_012536063.1
OG0000488	Utg323160_29	WP_012536103.1
OG0000489	Utg323392_46	WP_012536116.1
OG0000490	Utg323180_708	WP_012536127.1
OG0000491	Utg323074_142	WP_012536128.1
OG0000492	Utg323180_163	WP_012536132.1
OG0000493	Utg323300_317	WP_012536143.1
OG0000494	Utg323300_293	WP_012536155.1
OG0000495	Utg323152_176	WP_012536160.1
OG0000496	Utg323632_52	WP_012536161.1
OG0000497	Utg323632_236	WP_012536181.1
OG0000498	Utg323632_237	WP_012536182.1
OG0000499	Utg323300_95, Utg323180_506	WP_012536183.1
OG0000501	Utg323392_55	WP_012536214.1
OG0000502	Utg323152_196	WP_012536243.1
OG0000503	Utg323180_35	WP_012536253.1
OG0000504	Utg323180_617	WP_012536255.1
OG0000505	Utg323316_99, Utg323266_72	WP_012536257.1
OG0000506	Utg323262_175, Utg323152_506	WP_012536330.1
OG0000507	Utg323180_43	WP_012536336.1
OG0000508	Utg323300_12	WP_012536351.1
OG0000509	Utg323160_78	WP_012536979.1, WP_012536352.1
OG0000510	Utg323180_484	WP_012536360.1
OG0000511	Utg323316_346	WP_012536394.1
OG0000512	Utg323074_26	WP_012536421.1
OG0000513	Utg323300_263	WP_012536460.1
OG0000514	Utg323632_76	WP_012536532.1
OG0000515	Utg323152_558	WP_012536533.1
OG0000516	Utg323180_611, Utg323266_2	WP_012536759.1
OG0000517	Utg323262_106	WP_012536767.1
OG0000518	Utg323180_544	WP_012537237.1, WP_012536786.1
OG0000519	Utg323152_229	WP_054608908.1, WP_012536797.1
OG0000520	Utg323392_86	WP_012536816.1
OG0000521	Utg323152_146	WP_233459598.1, WP_012536827.1
OG0000522	Utg323152_209	WP_012536840.1
OG0000523	Utg323392_227	WP_012536878.1
OG0000524	Utg323160_66	WP_012606471.1, WP_012536920.1
OG0000525	Utg323180_243	WP_012537043.1
OG0000526	Utg323180_264	WP_012537089.1
OG0000527	Utg323990_77	WP_012537123.1
OG0000529	Utg323300_351	WP_012537162.1
OG0000530	Utg323632_211, Utg323632_212	WP_012537306.1
OG0000531	Utg323990_111	WP_012537317.1
OG0000532	Utg323990_149	WP_012537323.1
OG0000533	Utg323300_299	WP_012537326.1
OG0000535	Utg323180_111	WP_012537356.1
OG0000537	Utg323152_226	WP_012537410.1
OG0000538	Utg323140_264, Utg325220_1	WP_012537428.1
OG0000539	Utg323180_65	WP_012537483.1
OG0000540	Utg323990_215, Utg323990_214	WP_012537544.1
OG0000542	Utg323300_321	WP_012537556.1
OG0000543	Utg323152_153	WP_012537673.1
OG0000544	Utg324810_54	WP_229129766.1, WP_012537696.1
OG0000545	Utg323140_9	WP_012606542.1
OG0000547	Utg323180_527	WP_180830382.1
OG0000548	Utg323140_246	WP_215905524.1
OG0000549	Utg323392_28	WP_225487409.1
OG0000550	Utg323632_387, Utg323392_263	WP_230456331.1
OG0000575	Utg323140_189	WP_009560683.1
OG0000576	Utg323266_35	WP_009560685.1
OG0000577	Utg323074_28	WP_009560747.1
OG0000578	Utg323160_67	WP_009560802.1
OG0000579	Utg323160_81	WP_009560813.1
OG0000580	Utg323180_689	WP_009560843.1
OG0000581	Utg323448_49	WP_009560851.1
OG0000582	Utg323140_12	WP_009560861.1
OG0000583	Utg323448_37	WP_009560911.1
OG0000584	Utg323316_328	WP_009560912.1
OG0000585	Utg323316_329	WP_009560913.1
OG0000586	Utg323316_331	WP_009560916.1
OG0000587	Utg323152_245	WP_009560917.1
OG0000588	Utg323316_336	WP_009561052.1
OG0000589	Utg323152_565	WP_009561081.1
OG0000590	Utg323316_300	WP_009561185.1
OG0000591	Utg323140_180	WP_009561191.1
OG0000592	Utg323152_248	WP_009561285.1
OG0000593	Utg323632_96	WP_009561698.1
OG0000594	Utg323300_311	WP_009562201.1
OG0000595	Utg323990_151	WP_009562382.1
OG0000596	Utg323152_192	WP_009562410.1
OG0000597	Utg323152_175	WP_009562411.1
OG0000598	Utg323632_99	WP_009562424.1
OG0000599	Utg323152_223	WP_009562432.1
OG0000600	Utg323180_267	WP_009562611.1
OG0000601	Utg323140_185	WP_009562807.1
OG0000602	Utg323152_172	WP_009562815.1
OG0000603	Utg323990_83	WP_009562818.1
OG0000604	Utg323180_32	WP_009562823.1
OG0000605	Utg323180_276	WP_009562824.1
OG0000606	Utg323266_43	WP_009562995.1
OG0000607	Utg323300_283	WP_009563107.1
OG0000608	Utg323180_609	WP_009563302.1
OG0000609	Utg323074_153, Utg323074_152	WP_229129790.1, WP_009563706.1
OG0000610	Utg323448_99	WP_009564018.1
OG0000611	Utg323152_250	WP_009564109.1
OG0000612	Utg323632_295	WP_009564128.1
OG0000613	Utg323632_296	WP_009564594.1
OG0000614	Utg323300_233	WP_009564695.1
OG0000615	Utg323448_90	WP_009564727.1
OG0000616	Utg323448_92	WP_009564729.1
OG0000617	Utg323448_63	WP_009565432.1
OG0000618	Utg323448_65	WP_009565434.1
OG0000619	Utg323448_66	WP_009565435.1
OG0000620	Utg323448_67	WP_009565436.1
OG0000621	Utg323448_68	WP_009565437.1
OG0000622	Utg323262_150	WP_009565541.1
OG0000623	Utg323074_128	WP_009565749.1
OG0000624	Utg323152_218	WP_009565803.1
OG0000625	Utg323152_219	WP_009565805.1
OG0000626	Utg324810_60	WP_009566208.1
OG0000627	Utg323448_100	WP_009566247.1
OG0000628	Utg323180_312	WP_009566444.1
OG0000629	Utg323632_1, Utg323316_98	WP_009566467.1
OG0000630	Utg323300_302	WP_009566572.1
OG0000631	Utg323300_300	WP_009566573.1
OG0000632	Utg323392_138	WP_009566576.1
OG0000633	Utg323180_584	WP_009566620.1
OG0000634	Utg323074_110	WP_009566635.1
OG0000635	Utg323990_206	WP_009566647.1
OG0000637	Utg323392_155	WP_009566798.1
OG0000638	Utg323262_113	WP_009566813.1
OG0000639	Utg323152_564	WP_009566882.1
OG0000640	Utg323990_80	WP_009566883.1
OG0000641	Utg323632_228	WP_009566950.1
OG0000642	Utg323316_136	WP_009566960.1
OG0000643	Utg323074_137	WP_009567014.1
OG0000644	Utg323300_295	WP_009567059.1
OG0000645	Utg323316_141	WP_009567097.1
OG0000646	Utg323632_108	WP_009567098.1
OG0000647	Utg323632_107	WP_009567099.1
OG0000648	Utg323632_103	WP_009567102.1
OG0000649	Utg323074_138	WP_009567132.1
OG0000650	Utg323632_350	WP_009567136.1
OG0000651	Utg323152_154	WP_009567143.1
OG0000652	Utg323392_225	WP_009567229.1
OG0000653	Utg323152_255	WP_009567236.1
OG0000654	Utg323140_11	WP_009567244.1
OG0000655	Utg323448_27	WP_009567300.1
OG0000656	Utg323180_692	WP_009567336.1
OG0000657	Utg323180_693	WP_009567337.1
OG0000658	Utg323180_697	WP_009567340.1
OG0000659	Utg323180_698	WP_009567341.1
OG0000660	Utg323632_33	WP_009567384.1
OG0000661	Utg323632_34	WP_009567386.1
OG0000662	Utg323262_165, Utg323262_164	WP_009567445.1
OG0000663	Utg323140_228	WP_012536312.1, WP_009567477.1
OG0000664	Utg323990_147	WP_009567486.1
OG0000665	Utg323140_6	WP_009567513.1
OG0000666	Utg323180_423	WP_009567572.1
OG0000667	Utg323300_165	WP_009567579.1
OG0000668	Utg323392_257	WP_009567636.1, WP_012536721.1, WP_198293661.1
OG0000669	Utg323160_12, Utg324810_104	WP_009567649.1, WP_203602227.1
OG0000670	Utg323632_92	WP_009567690.1
OG0000671	Utg323990_137	WP_009567983.1
OG0000672	Utg323300_313	WP_009568056.1
OG0000673	Utg323152_509	WP_009568262.1
OG0000674	Utg324548_24	WP_009568264.1
OG0000675	Utg323632_238	WP_009568267.1
OG0000676	Utg323152_254	WP_009568268.1
OG0000677	Utg323448_85	WP_009568279.1
OG0000678	Utg323448_84	WP_009568280.1
OG0000679	Utg323632_301	WP_009568284.1
OG0000680	Utg323448_39	WP_009568607.1
OG0000681	Utg323448_54	WP_009568779.1
OG0000682	Utg323448_53	WP_009568780.1
OG0000683	Utg323990_179	WP_054609092.1, WP_009568883.1, WP_054609085.1
OG0000684	Utg323300_386	WP_009569104.1
OG0000685	Utg323448_77	WP_009569276.1
OG0000686	Utg323448_114	WP_009569543.1
OG0000687	Utg323448_73	WP_009569556.1
OG0000688	Utg323448_71	WP_009569558.1
OG0000689	Utg323448_70	WP_009569559.1
OG0000690	Utg323300_99	WP_009569795.1
OG0000691	Utg323448_57	WP_010641426.1
OG0000692	Utg323300_284	WP_012535739.1
OG0000693	Utg325220_116	WP_012535749.1
OG0000694	Utg323316_326	WP_012535756.1
OG0000695	Utg324810_39	WP_012535765.1
OG0000696	Utg325220_114	WP_012535802.1
OG0000697	Utg323300_348	WP_012535804.1
OG0000698	Utg323632_294	WP_012535974.1
OG0000699	Utg323632_360	WP_012535976.1
OG0000700	Utg323074_31	WP_012535994.1
OG0000701	Utg323152_442	WP_012535997.1
OG0000702	Utg323180_262	WP_012536008.1
OG0000703	Utg323180_285	WP_012536013.1
OG0000704	Utg323632_111	WP_012536016.1
OG0000705	Utg323632_110	WP_012536017.1
OG0000706	Utg323632_109	WP_012536018.1
OG0000707	Utg323632_105	WP_012536019.1
OG0000708	Utg323632_98	WP_012536023.1
OG0000709	Utg323152_170	WP_012536040.1
OG0000710	Utg323632_246	WP_012536051.1
OG0000711	Utg323300_74	WP_012536059.1
OG0000712	Utg323152_217	WP_012536064.1
OG0000713	Utg323392_146	WP_012536070.1
OG0000714	Utg323392_144	WP_012536072.1
OG0000715	Utg323448_38	WP_012536073.1
OG0000716	Utg323448_40	WP_012536074.1
OG0000717	Utg323448_50	WP_012536079.1
OG0000718	Utg323448_51	WP_012536080.1
OG0000719	Utg323448_52	WP_012536081.1
OG0000720	Utg323448_55	WP_012536082.1
OG0000721	Utg323448_58	WP_012536084.1
OG0000722	Utg323448_61	WP_012536086.1
OG0000723	Utg323448_64	WP_012536087.1
OG0000724	Utg323448_69	WP_012536088.1
OG0000725	Utg323448_72	WP_012536089.1
OG0000726	Utg323448_74	WP_012536090.1
OG0000727	Utg323448_78	WP_012536093.1
OG0000728	Utg323448_79	WP_012536094.1
OG0000729	Utg323448_80	WP_012536095.1
OG0000730	Utg323448_81	WP_012536096.1
OG0000731	Utg323448_86	WP_012536098.1
OG0000732	Utg323448_87	WP_012536099.1
OG0000733	Utg323448_88	WP_012536100.1
OG0000734	Utg323180_700	WP_012536101.1
OG0000735	Utg323074_151	WP_012536102.1
OG0000736	Utg323180_687	WP_012536109.1
OG0000737	Utg323180_694	WP_012536117.1
OG0000738	Utg323140_176	WP_012536126.1
OG0000739	Utg323152_227	WP_012536147.1
OG0000740	Utg323316_299	WP_012536153.1
OG0000741	Utg323300_319	WP_012536187.1
OG0000742	Utg323316_284	WP_012536192.1, WP_012537512.1
OG0000743	Utg323448_33	WP_012536204.1
OG0000744	Utg323990_150	WP_012536208.1
OG0000745	Utg323392_96	WP_012536222.1
OG0000746	Utg323152_179	WP_012536225.1
OG0000747	Utg323074_132	WP_012536268.1
OG0000748	Utg323074_131	WP_012536269.1
OG0000749	Utg323180_110	WP_012536279.1
OG0000750	Utg324810_48	WP_012536303.1
OG0000751	Utg324810_51	WP_012536305.1
OG0000752	Utg323180_291	WP_012536329.1
OG0000753	Utg323152_450	WP_012536389.1
OG0000754	Utg323266_37	WP_012536390.1
OG0000755	Utg323266_36	WP_012536391.1
OG0000756	Utg323152_9	WP_012536396.1
OG0000757	Utg323316_304	WP_012536417.1
OG0000758	Utg323160_65	WP_012536418.1
OG0000759	Utg323180_268	WP_012536424.1
OG0000760	Utg323140_99	WP_012536425.1
OG0000761	Utg323266_44	WP_012536427.1
OG0000762	Utg323180_108	WP_012536445.1
OG0000763	Utg323180_107	WP_012536446.1
OG0000764	Utg323300_379	WP_012536447.1
OG0000765	Utg323152_356	WP_012536465.1
OG0000766	Utg323160_38	WP_012536494.1
OG0000767	Utg323180_507	WP_012536497.1
OG0000768	Utg323632_232	WP_012536498.1
OG0000769	Utg323448_91	WP_012536522.1
OG0000770	Utg323448_93	WP_012536523.1
OG0000771	Utg323448_94	WP_012536524.1
OG0000772	Utg323448_95	WP_012536525.1
OG0000773	Utg323448_96	WP_012536526.1
OG0000774	Utg323448_97	WP_012536527.1
OG0000775	Utg323300_280	WP_012536528.1
OG0000776	Utg323632_74	WP_012536530.1
OG0000777	Utg323632_75	WP_012536531.1
OG0000778	Utg323180_310	WP_012536536.1, WP_012536946.1
OG0000779	Utg324548_29	WP_012536537.1
OG0000780	Utg323074_40	WP_012536544.1
OG0000781	Utg323392_152	WP_012536547.1
OG0000782	Utg323300_390	WP_012536740.1
OG0000783	Utg323152_80	WP_012536744.1
OG0000784	Utg323140_102	WP_012536750.1
OG0000785	Utg323140_103	WP_012536751.1
OG0000787	Utg323632_68	WP_012536820.1
OG0000788	Utg323316_75, Utg323316_74	WP_012536823.1
OG0000789	Utg323632_245	WP_012536833.1
OG0000790	Utg323300_297	WP_012536836.1
OG0000791	Utg323180_99	WP_012536839.1
OG0000792	Utg323632_247	WP_012536841.1
OG0000793	Utg323180_665	WP_012536842.1
OG0000794	Utg323152_166	WP_012536843.1
OG0000795	Utg324548_10	WP_012536849.1
OG0000796	Utg323392_226	WP_012536879.1
OG0000797	Utg323152_78	WP_012536883.1
OG0000798	Utg323140_157	WP_012536938.1
OG0000799	Utg323262_161	WP_012536939.1
OG0000800	Utg323300_103	WP_012536943.1
OG0000801	Utg323632_142	WP_012536945.1
OG0000802	Utg323152_508	WP_012536950.1
OG0000803	Utg323632_49	WP_012536951.1
OG0000804	Utg323300_114	WP_012536952.1
OG0000805	Utg323074_179	WP_012536988.1
OG0000806	Utg323160_64	WP_012536992.1
OG0000807	Utg323074_136	WP_012537005.1
OG0000808	Utg323448_113	WP_012537045.1
OG0000809	Utg323180_317	WP_012537049.1
OG0000810	Utg323392_199	WP_012537050.1
OG0000811	Utg323180_318	WP_012537051.1
OG0000812	Utg323152_454	WP_012537054.1
OG0000813	Utg323990_217	WP_012537060.1
OG0000814	Utg323180_447	WP_012537085.1
OG0000815	Utg323152_145	WP_012537086.1
OG0000816	Utg323160_60	WP_012537134.1
OG0000817	Utg323160_28	WP_012537138.1
OG0000818	Utg323152_392	WP_012537146.1
OG0000819	Utg323152_177	WP_012537147.1
OG0000820	Utg323160_92, Utg323262_88	WP_012537152.1
OG0000821	Utg323262_73	WP_012537254.1
OG0000822	Utg323448_19	WP_012537259.1
OG0000823	Utg323448_22	WP_012537260.1
OG0000824	Utg323140_266, Utg325220_3	WP_012537272.1
OG0000825	Utg323990_142	WP_012537273.1
OG0000826	Utg323180_412	WP_012537274.1
OG0000827	Utg323632_335	WP_012537289.1
OG0000828	Utg323632_336	WP_012537290.1
OG0000829	Utg323632_337	WP_012537291.1
OG0000830	Utg323632_338	WP_012537292.1
OG0000831	Utg323632_339	WP_012537293.1
OG0000832	Utg323632_340	WP_012537294.1
OG0000833	Utg323632_14	WP_012537296.1
OG0000834	Utg323180_620	WP_012537304.1
OG0000835	Utg324810_42	WP_012537357.1
OG0000836	Utg323152_510	WP_012537368.1
OG0000837	Utg323074_130	WP_012537371.1
OG0000838	Utg323180_39	WP_012537372.1
OG0000839	Utg323074_139	WP_012537374.1
OG0000841	Utg324810_75	WP_012537408.1
OG0000842	Utg323152_444	WP_012537409.1
OG0000843	Utg323152_225	WP_012537411.1
OG0000844	Utg323632_298	WP_012537432.1
OG0000845	Utg323632_299	WP_012537433.1
OG0000846	Utg323632_302	WP_012537434.1
OG0000847	Utg323316_302, Utg323316_303	WP_012537472.1, WP_012537469.1
OG0000848	Utg323152_213	WP_012537494.1
OG0000849	Utg323180_649	WP_012537497.1
OG0000850	Utg323266_11, Utg323160_130	WP_012537550.1
OG0000851	Utg323140_191	WP_012537552.1
OG0000852	Utg323632_42	WP_012537563.1
OG0000853	Utg323632_35	WP_012537565.1
OG0000854	Utg323152_260	WP_012537569.1
OG0000855	Utg323632_31	WP_012537583.1
OG0000856	Utg323152_257	WP_012537589.1
OG0000857	Utg323632_269, Utg323990_138	WP_012537600.1
OG0000858	Utg323300_288	WP_012537630.1
OG0000859	Utg323632_3, Utg323316_96	WP_012537654.1
OG0000860	Utg323300_384	WP_012537656.1
OG0000861	Utg323632_43	WP_012537661.1
OG0000862	Utg323316_335	WP_012537662.1
OG0000863	Utg323392_26	WP_012537664.1
OG0000864	Utg323300_312	WP_012537675.1
OG0000865	Utg323140_184	WP_012537690.1
OG0000866	Utg324810_56	WP_012537704.1
OG0000867	Utg323300_342	WP_012537706.1
OG0000868	Utg323632_250	WP_012606529.1
OG0000869	Utg323448_56	WP_012606540.1
OG0000870	Utg323300_279	WP_012606545.1
OG0000871	Utg323180_699	WP_012606548.1
OG0000872	Utg323180_314	WP_012606567.1
OG0000873	Utg323632_242	WP_012606584.1
OG0000874	Utg323152_504	WP_012606634.1
OG0000875	Utg323632_38	WP_012607057.1
OG0000876	Utg323392_25	WP_012607261.1
OG0000877	Utg323180_31	WP_012607268.1
OG0000878	Utg323160_74	WP_012607327.1
OG0000879	Utg323152_205	WP_012607345.1
OG0000881	Utg323316_231	WP_012607515.1
OG0000882	Utg323262_102	WP_012607615.1
OG0000883	Utg323262_110	WP_049759457.1
OG0000884	Utg323140_158	WP_054608903.1
OG0000885	Utg323140_247	WP_054608955.1
OG0000886	Utg323180_127	WP_111122623.1
OG0000887	Utg323300_41	WP_151528199.1
OG0000888	Utg323180_439	WP_157293193.1
OG0000889	Utg323316_321	WP_180830472.1
OG0000890	Utg323392_107	WP_229129742.1, WP_225487046.1
OG0000891	Utg323316_330	WP_225487353.1
OG0000892	Utg323632_93	WP_225487354.1
OG0000893	Utg323632_104	WP_225487399.1
OG0000894	Utg323152_386	WP_225487425.1
OG0000895	Utg323140_181	WP_225487673.1
OG0000896	Utg323632_54	WP_229129796.1
OG0000897	Utg323262_72	WP_230456312.1
OG0000898	Utg325220_118	WP_230959348.1
OG0000899	Utg323632_342	WP_233459568.1
OG0000900	Utg323262_111	WP_233459589.1
OG0000962	Utg323392_104	WP_009560842.1
OG0000963	Utg323300_382	WP_009561112.1
OG0000964	Utg323152_505	WP_009562365.1
OG0000966	Utg323262_124	WP_009562392.1
OG0000967	Utg323074_88	WP_009562412.1
OG0000968	Utg323152_222	WP_009562431.1
OG0000970	Utg323448_24	WP_009562604.1
OG0000971	Utg323140_186	WP_009562810.1
OG0000972	Utg323152_186	WP_009562817.1
OG0000974	Utg323632_293	WP_009563457.1
OG0000975	Utg323300_17	WP_012536696.1, WP_009564036.1
OG0000976	Utg323990_85	WP_009564598.1
OG0000977	Utg323152_39	WP_009565186.1
OG0000978	Utg323448_62	WP_009565431.1
OG0000979	Utg323300_360	WP_009565766.1
OG0000980	Utg323632_348	WP_009566066.1
OG0000981	Utg323160_41	WP_009566150.1
OG0000982	Utg323160_37	WP_009566264.1
OG0000983	Utg323632_219	WP_009566310.1
OG0000984	Utg324810_16	WP_009566634.1
OG0000985	Utg323632_24	WP_009566652.1
OG0000986	Utg323632_210	WP_041838693.1, WP_009566930.1, WP_219629366.1, WP_012537013.1
OG0000987	Utg323152_147	WP_009566940.1
OG0000988	Utg323140_10	WP_009567245.1
OG0000989	Utg323152_150	WP_009567470.1
OG0000990	Utg323160_59	WP_009567611.1
OG0000991	Utg323140_179	WP_009567628.1
OG0000992	Utg323632_94	WP_009567692.1
OG0000993	Utg323074_90	WP_012537098.1, WP_012537701.1, WP_012537116.1, WP_151528216.1, WP_009567937.1, WP_012607241.1
OG0000995	Utg323448_75	WP_009568793.1
OG0000996	Utg323316_175	WP_009569413.1
OG0000997	Utg323074_160	WP_012535779.1
OG0000997	Utg323074_177, Utg323074_159	WP_012607583.1
OG0000998	Utg323152_435	WP_012536029.1
OG0000999	Utg323180_137	WP_012536037.1
OG0001000	Utg323448_76	WP_012536092.1
OG0001001	Utg323300_401	WP_012536104.1
OG0001002	Utg323180_695	WP_012536118.1
OG0001003	Utg323990_38	WP_012536142.1
OG0001004	Utg323140_68	WP_012536177.1
OG0001005	Utg323140_69	WP_012536178.1
OG0001006	Utg323300_164	WP_012536194.1
OG0001007	Utg323632_244	WP_012536202.1
OG0001008	Utg323152_394	WP_012536223.1
OG0001009	Utg323152_395	WP_012536260.1
OG0001010	Utg323300_40	WP_012536315.1
OG0001011	Utg323180_292	WP_012536340.1
OG0001012	Utg323180_475	WP_012536366.1
OG0001013	Utg323180_440	WP_012536367.1
OG0001014	Utg323632_71	WP_012536428.1
OG0001015	Utg323152_385	WP_012536429.1
OG0001016	Utg323152_384	WP_012536430.1
OG0001017	Utg323392_130	WP_012536443.1
OG0001018	Utg323180_30	WP_012536499.1
OG0001019	Utg323392_151	WP_012536546.1
OG0001020	Utg323160_24	WP_012536567.1
OG0001022	Utg323316_145	WP_012536747.1
OG0001023	Utg324810_43	WP_012536748.1
OG0001024	Utg323990_78	WP_012536778.1
OG0001025	Utg323316_256, Utg323262_12	WP_012536779.1
OG0001026	Utg323074_108	WP_012536813.1
OG0001027	Utg323262_93	WP_012536830.1
OG0001029	Utg323632_341	WP_012536838.1
OG0001030	Utg324810_40	WP_012536846.1
OG0001031	Utg323316_83	WP_012536875.1
OG0001033	Utg323152_155	WP_012536948.1
OG0001034	Utg323160_30	WP_012536978.1
OG0001035	Utg323160_77	WP_012536980.1
OG0001036	Utg323300_378	WP_012537000.1
OG0001037	Utg323266_56, Utg323074_118	WP_012537016.1
OG0001038	Utg323300_76	WP_012537145.1
OG0001039	Utg323632_226	WP_012537233.1
OG0001040	Utg323448_98	WP_012537235.1
OG0001041	Utg323392_134	WP_012537270.1
OG0001043	Utg323140_245	WP_012537303.1
OG0001044	Utg323448_48	WP_012537325.1
OG0001045	Utg323392_222	WP_012537366.1
OG0001046	Utg323632_291	WP_012537373.1
OG0001047	Utg323160_128, Utg323266_9	WP_012537401.1, WP_012537634.1
OG0001048	Utg323632_137	WP_012537412.1
OG0001049	Utg323262_148	WP_012537425.1
OG0001050	Utg323632_116	WP_012537436.1
OG0001051	Utg323316_103	WP_012537462.1
OG0001052	Utg323180_63, Utg323180_64	WP_012537482.1
OG0001053	Utg323074_193	WP_012537699.1, WP_012537517.1
OG0001054	Utg323632_78	WP_012537558.1
OG0001055	Utg323140_254	WP_012537572.1
OG0001056	Utg323392_17	WP_012537679.1
OG0001057	Utg323266_53	WP_012537685.1
OG0001058	Utg323392_223	WP_012607518.1
OG0001059	Utg325220_91	WP_012607606.1
OG0001060	Utg323632_370	WP_012607619.1
OG0001062	Utg323180_377	WP_054608956.1
OG0001063	Utg323152_486	WP_054609074.1
OG0001064	Utg323140_17, Utg323632_390, Utg323632_193	WP_074874141.1
OG0001065	Utg323990_218	WP_111122554.1
OG0001066	Utg323632_95	WP_180830462.1
OG0001067	Utg323152_449	WP_180830476.1
OG0001068	Utg323152_142	WP_215905492.1
OG0001069	Utg323152_418	WP_225487418.1
OG0001070	Utg323180_313	WP_225487646.1
OG0001142	Utg323632_91	WP_009561097.1
OG0001143	Utg323180_198	WP_009562222.1
OG0001144	Utg323140_97	WP_009562409.1
OG0001145	Utg323074_133	WP_009562646.1
OG0001148	Utg323300_455	WP_009564270.1
OG0001150	Utg323262_147	WP_009566070.1
OG0001152	Utg323632_333	WP_009567032.1
OG0001153	Utg324810_105, Utg323160_13	WP_009567147.1
OG0001154	Utg323300_318	WP_009567191.1
OG0001155	Utg323152_136	WP_009567240.1
OG0001156	Utg323632_376	WP_009567345.1
OG0001157	Utg323160_20	WP_009567494.1
OG0001158	Utg323300_422	WP_009567865.1
OG0001159	Utg323180_316	WP_009569566.1
OG0001160	Utg323140_8	WP_012535973.1
OG0001161	Utg323392_145	WP_012536071.1
OG0001162	Utg323152_612	WP_012536076.1, WP_054608770.1, WP_225487358.1, WP_012537332.1
OG0001164	Utg323152_143	WP_012536188.1
OG0001165	Utg323180_603	WP_012536313.1
OG0001166	Utg323990_176	WP_012536317.1
OG0001167	Utg323180_420	WP_012536339.1
OG0001168	Utg323180_474	WP_012536365.1
OG0001169	Utg323180_479	WP_012536368.1
OG0001171	Utg324810_89	WP_012536576.1
OG0001172	Utg323160_16	WP_012536579.1
OG0001173	Utg323160_17	WP_012536580.1
OG0001174	Utg324810_87	WP_012536582.1
OG0001175	Utg323316_80	WP_012536763.1
OG0001178	Utg323152_331	WP_012537133.1
OG0001179	Utg323180_524	WP_012537135.1
OG0001182	Utg323300_109	WP_012537327.1
OG0001183	Utg323316_130	WP_012537450.1
OG0001184	Utg323316_246	WP_012537461.1
OG0001187	Utg323140_163	WP_012537666.1
OG0001188	Utg323316_71	WP_012606530.1
OG0001189	Utg323180_66	WP_012607569.1
OG0001191	Utg323140_251	WP_054608826.1
OG0001192	Utg323632_281	WP_054609104.1
OG0001194	Utg323316_77	WP_225487413.1
OG0001195	Utg323632_60	WP_226833861.1
OG0001196	Utg323152_389	WP_226834138.1
OG0001326	Utg323152_571, Utg323152_570	WP_009560746.1, WP_041646078.1
OG0001328	Utg323262_168	WP_009560969.1
OG0001330	Utg323180_706	WP_009561098.1
OG0001332	Utg323990_57	WP_009562825.1
OG0001334	Utg323160_118	WP_009566618.1
OG0001335	Utg323632_209	WP_012536693.1, WP_009566932.1, WP_012537014.1
OG0001337	Utg323152_583	WP_009567546.1
OG0001338	Utg323074_156	WP_012535780.1
OG0001339	Utg323632_143	WP_012535993.1
OG0001340	Utg324548_5	WP_012536045.1
OG0001341	Utg323152_137	WP_012536069.1
OG0001342	Utg323152_524, Utg323152_64	WP_080513206.1
OG0001344	Utg323300_285	WP_012536212.1
OG0001345	Utg323316_111	WP_012536237.1
OG0001346	Utg323990_134	WP_012536242.1
OG0001347	Utg324548_35	WP_012536259.1
OG0001348	Utg323140_133	WP_012536270.1
OG0001349	Utg323300_430	WP_012536309.1
OG0001350	Utg323140_258	WP_012536321.1
OG0001351	Utg323140_257	WP_012536322.1
OG0001352	Utg323300_353	WP_012536324.1
OG0001353	Utg323180_491	WP_012536359.1
OG0001354	Utg323180_485	WP_012536369.1
OG0001355	Utg323152_168	WP_012536419.1
OG0001357	Utg323990_123	WP_012536503.1
OG0001358	Utg323300_193	WP_012536542.1
OG0001359	Utg324810_88	WP_012536575.1
OG0001362	Utg323632_61	WP_012536863.1
OG0001363	Utg323632_286	WP_012536866.1
OG0001364	Utg323990_216	WP_012536867.1
OG0001365	Utg323140_112	WP_054609095.1, WP_012536916.1
OG0001366	Utg323316_172	WP_012536925.1, WP_054608869.1
OG0001367	Utg323160_68	WP_012537027.1
OG0001369	Utg323300_365	WP_012537151.1
OG0001370	Utg323160_90	WP_012537684.1, WP_012537154.1
OG0001371	Utg323160_25	WP_012537243.1
OG0001371	Utg323300_203	WP_012537473.1
OG0001373	Utg323074_37	WP_225487342.1, WP_012537362.1
OG0001374	Utg323140_113	WP_012537419.1
OG0001375	Utg323152_237	WP_012537478.1, WP_233459587.1, WP_233459586.1
OG0001377	Utg323074_223, Utg323990_3	WP_012537566.1
OG0001378	Utg323392_106	WP_012537574.1
OG0001379	Utg323140_256	WP_012606632.1
OG0001380	Utg323152_574	WP_012607505.1
OG0001381	Utg323152_577	WP_012607506.1
OG0001383	Utg323392_265, Utg323160_3, Utg323632_146, Utg323152_8	WP_054609052.1, WP_054608654.1, WP_070807680.1
OG0001384	Utg324810_47	WP_054608733.1
OG0001385	Utg323180_489	WP_054608759.1
OG0001387	Utg323180_272	WP_081033195.1
OG0001389	Utg323316_104	WP_225487192.1
OG0001390	Utg323074_127	WP_225487398.1
OG0001391	Utg323300_157, Utg323300_155	WP_225487407.1
OG0001393	Utg323152_579	WP_230456313.1
OG0001567	Utg323266_34	WP_009560684.1
OG0001569	Utg323632_115	WP_009560928.1
OG0001572	Utg323316_261, Utg323990_6, Utg323990_30	WP_009561152.1
OG0001573	Utg323152_224	WP_009562433.1
OG0001578	Utg323074_66	WP_009565665.1
OG0001580	Utg323266_32	WP_009566740.1
OG0001581	Utg323152_188	WP_009567476.1
OG0001582	Utg324810_81	WP_009568083.1
OG0001584	Utg323300_142	WP_012535764.1, WP_012607602.1
OG0001585	Utg323140_252	WP_012535771.1
OG0001586	Utg323152_554	WP_012535772.1
OG0001587	Utg324548_1	WP_219629361.1, WP_012536650.1, WP_012535936.1, WP_219629360.1
OG0001589	Utg323990_64	WP_012536033.1
OG0001592	Utg323266_33	WP_012536449.1
OG0001594	Utg323152_102	WP_012536520.1
OG0001596	Utg323180_219	WP_012536743.1
OG0001598	Utg323392_32	WP_012536963.1, WP_180830596.1, WP_012536800.1, WP_012537395.1
OG0001600	Utg323392_35	WP_012536880.1
OG0001601	Utg323152_502	WP_012536890.1
OG0001604	Utg323300_10	WP_012536910.1
OG0001606	Utg323140_263	WP_012536993.1
OG0001608	Utg323152_585	WP_012537127.1
OG0001609	Utg323316_232	WP_012537175.1
OG0001612	Utg323152_572	WP_012537342.1
OG0001613	Utg323152_573	WP_012537343.1
OG0001615	Utg323140_61	WP_012537682.1
OG0001616	Utg323990_71	WP_012606527.1
OG0001618	Utg323152_165	WP_074874203.1, WP_012607079.1
OG0001621	Utg323300_338	WP_054608778.1
OG0001624	Utg323632_332	WP_088775924.1
OG0001822	Utg323262_59	WP_009561113.1
OG0001825	Utg323300_356	WP_009566502.1
OG0001828	Utg323180_170	WP_012535747.1
OG0001833	Utg323180_129	WP_012536054.1
OG0001835	Utg323300_191	WP_012536129.1
OG0001836	Utg323180_582	WP_012536139.1, WP_012536754.1
OG0001840	Utg323180_422	WP_012536245.1
OG0001842	Utg324810_57	WP_012536262.1
OG0001847	Utg323152_493	WP_012536510.1, WP_054608739.1
OG0001852	Utg323300_20	WP_012536904.1, WP_012537402.1, WP_012607637.1
OG0001854	Utg323152_296	WP_012537136.1
OG0001856	Utg323152_575	WP_012537345.1
OG0001857	Utg323074_61	WP_012537396.1, WP_012537637.1
OG0001858	Utg323392_101	WP_012537534.1
OG0001859	Utg323392_241	WP_012537547.1
OG0001863	Utg323392_50	WP_054608732.1
OG0001864	Utg323266_47	WP_054609071.1
OG0001865	Utg323392_194	WP_180830487.1
OG0002105	Utg323180_203	WP_009562805.1
OG0002106	Utg323316_183	WP_009563284.1
OG0002107	Utg323160_6, Utg324810_100, Utg323160_7	WP_009563854.1
OG0002108	Utg323300_454	WP_009564272.1
OG0002118	Utg323316_78	WP_012536197.1
OG0002120	Utg323316_110	WP_012536236.1
OG0002122	Utg323392_119	WP_012536318.1
OG0002125	Utg323262_22	WP_012536564.1
OG0002126	Utg323160_96	WP_012536598.1
OG0002127	Utg323160_94	WP_012536599.1
OG0002135	Utg323180_536	WP_012537057.1
OG0002142	Utg323392_240	WP_012537551.1
OG0002144	Utg323152_82	WP_012537587.1
OG0002150	Utg323300_18	WP_151528200.1
OG0002153	Utg323152_576	WP_233459577.1
OG0002154	Utg323990_191	WP_233459596.1
OG0002438	Utg323180_362, Utg323262_136	WP_009562203.1
OG0002443	Utg323266_67	WP_009565530.1, WP_009566763.1
OG0002458	Utg323180_570	WP_012536211.1
OG0002481	Utg323140_77	WP_012537615.1
OG0002482	Utg323180_482	WP_012606651.1
OG0002488	Utg323074_182	WP_041838730.1
OG0002491	Utg323140_116	WP_054608773.1
OG0002493	Utg323180_373	WP_054608888.1, WP_180830419.1
OG0002494	Utg323300_62	WP_054609056.1
OG0002494	Utg325220_17	WP_157293195.1
OG0002824	Utg323074_149	WP_012537271.1, WP_009568258.1, WP_009562800.1
OG0002836	Utg323632_30	WP_009568478.1
OG0002858	Utg323266_105, Utg323180_415	WP_012536860.1
OG0002859	Utg324810_99, Utg323160_5	WP_012536897.1
OG0002865	Utg323074_148	WP_012537084.1
OG0002874	Utg323074_189	WP_012537519.1
OG0002880	Utg323140_152	WP_012606510.1
OG0002883	Utg323316_320	WP_012607468.1
OG0002890	Utg323316_269	WP_070807698.1, WP_070807694.1
OG0002900	Utg323180_301, Utg323180_300	WP_226833834.1
OG0003336	Utg324810_28	WP_009560737.1
OG0003353	Utg323152_463	WP_009564697.1
OG0003398	Utg323160_95	WP_012536600.1
OG0003445	Utg323316_268	WP_041838684.1, WP_054609033.1
OG0004276	Utg323990_31	WP_009567128.1
OG0004372	Utg323180_299	WP_012536959.1
OG0004392	Utg323262_199	WP_012537285.1
OG0004436	Utg323266_62	WP_054608845.1
OG0004452	Utg323300_64	WP_054609054.1
OG0004453	Utg323300_63	WP_054609055.1
OG0004454	Utg323300_58	WP_054609058.1
OG0004465	Utg323300_57	WP_180830466.1
OG0004470	Utg323300_56	WP_219629362.1
