Orthogroup	Desulfocapsa_06_corrosive	Desulforhopalus vacuolatus DSM 9700
OG0000000	Utg323632_218	WP_205218903.1
OG0000000	Utg323180_444	WP_275888964.1
OG0000000	Utg323180_138	WP_205218029.1
OG0000000	Utg323990_62	WP_205220319.1
OG0000000	Utg323074_126	WP_205219819.1
OG0000000	Utg323152_90	WP_205219336.1, WP_205220180.1
OG0000000	Utg323632_66	WP_275888939.1
OG0000000	Utg323990_84	WP_205218170.1
OG0000000	Utg323140_222	WP_205218473.1
OG0000000	Utg323392_13	WP_240192009.1
OG0000001	Utg323180_225	WP_205220029.1, WP_205218534.1, WP_205218203.1
OG0000001	Utg323180_287	WP_205220038.1
OG0000001	Utg323180_510, Utg323180_136, Utg323300_105, Utg324810_63	WP_205217623.1
OG0000002	Utg323632_46	WP_205218052.1, WP_205220147.1
OG0000002	Utg323300_202	WP_205217653.1
OG0000004	Utg323180_453	WP_240192101.1, WP_205218090.1, WP_205220090.1, WP_205217587.1, WP_205217538.1, WP_240192123.1, WP_205219499.1
OG0000004	Utg323180_416	WP_205217688.1
OG0000005	Utg323152_472, Utg323392_2, Utg323140_137	WP_205217585.1
OG0000005	Utg323140_36	WP_205220331.1
OG0000005	Utg323262_94, Utg323392_93	WP_240192106.1
OG0000006	Utg323632_356	WP_205218839.1
OG0000006	Utg323392_94	WP_205219511.1
OG0000006	Utg323180_218, Utg323180_148	WP_205218504.1
OG0000007	Utg323632_239	WP_240192033.1
OG0000007	Utg323632_51	WP_205217665.1
OG0000007	Utg323152_106	WP_205219793.1
OG0000007	Utg323262_116	WP_205219899.1
OG0000008	Utg323632_80	WP_205218335.1
OG0000008	Utg323160_91, Utg323262_89	WP_205219114.1
OG0000009	Utg323140_138, Utg323392_3	WP_205217584.1
OG0000010	Utg323316_272, Utg323316_267, Utg323316_264, Utg323990_20, Utg323316_270, Utg323074_203	WP_205219586.1
OG0000011	Utg323180_549	WP_205219955.1
OG0000012	Utg323392_111	WP_205218963.1
OG0000012	Utg323632_113	WP_205217637.1
OG0000012	Utg323160_104	WP_205218774.1
OG0000013	Utg323180_446	WP_240191996.1
OG0000013	Utg323180_450	WP_205218303.1
OG0000013	Utg323140_219	WP_205218476.1
OG0000013	Utg323140_226	WP_205218471.1
OG0000014	Utg323392_110	WP_205219172.1
OG0000014	Utg323262_128	WP_205218288.1
OG0000014	Utg324810_58	WP_205219411.1
OG0000015	Utg323392_212, Utg323632_27	WP_205217767.1
OG0000015	Utg323140_90	WP_205218648.1
OG0000017	Utg323990_184	WP_205220326.1
OG0000017	Utg323990_194	WP_205218243.1, WP_275888989.1
OG0000017	Utg323180_486	WP_275889003.1
OG0000018	Utg323152_201	WP_205218117.1
OG0000019	Utg323140_131	WP_205217874.1
OG0000019	Utg323262_127	WP_205218289.1
OG0000020	Utg323152_283, Utg323632_271, Utg323152_268	WP_205217884.1
OG0000024	Utg323074_45	WP_205218703.1
OG0000026	Utg323140_43	WP_205218231.1
OG0000026	Utg323300_371	WP_240192012.1
OG0000027	Utg323180_189, Utg323300_117, Utg323300_118, Utg323392_80, Utg323392_79, Utg323180_188	WP_240192067.1
OG0000028	Utg323262_65	WP_205218835.1
OG0000028	Utg323140_220	WP_205218475.1
OG0000028	Utg323180_452	WP_205218307.1
OG0000029	Utg323300_179	WP_205219870.1
OG0000030	Utg323160_112	WP_205218797.1
OG0000031	Utg323448_44	WP_205217958.1
OG0000033	Utg323140_147, Utg323140_146	WP_205219469.1
OG0000037	Utg323160_55, Utg323160_54, Utg323180_53, Utg323180_177	WP_275889032.1
OG0000037	Utg323180_533	WP_240192185.1
OG0000038	Utg323990_153	WP_205218672.1
OG0000038	Utg323180_685	WP_205219654.1
OG0000038	Utg323180_684	WP_205219655.1
OG0000039	Utg323316_349	WP_205217373.1
OG0000040	Utg323074_178	WP_240192119.1
OG0000040	Utg323990_200, Utg323990_66	WP_205219588.1
OG0000041	Utg323632_79, Utg323300_84	WP_205218050.1
OG0000041	Utg323316_196	WP_205217528.1, WP_205219357.1
OG0000042	Utg323180_126	WP_240192126.1
OG0000042	Utg323300_393	WP_205217331.1
OG0000042	Utg323152_383	WP_205218976.1
OG0000043	Utg323262_134, Utg323140_196, Utg323990_243, Utg323160_116, Utg323180_525, Utg323180_599	WP_205218478.1
OG0000044	Utg323316_69	WP_205219513.1
OG0000045	Utg323180_405	WP_205219978.1
OG0000045	Utg323300_218	WP_205218812.1
OG0000047	Utg323074_218	WP_205220001.1
OG0000047	Utg323074_155	WP_205219188.1
OG0000048	Utg323266_109	WP_205220104.1
OG0000052	Utg323262_71	WP_205218833.1
OG0000053	Utg323392_224	WP_205219828.1
OG0000053	Utg323316_144	WP_205219575.1
OG0000054	Utg323316_271, Utg323316_253	WP_205217416.1
OG0000054	Utg323990_236	WP_205217689.1, WP_205219669.1
OG0000055	Utg323152_253	WP_205219062.1
OG0000055	Utg323990_203, Utg323152_348, Utg323152_241	WP_205218241.1
OG0000055	Utg323074_215	WP_205220003.1
OG0000057	Utg323266_75	WP_205217536.1
OG0000057	Utg323152_465	WP_205218283.1
OG0000058	Utg323180_619	WP_205217357.1
OG0000058	Utg323152_288, Utg323632_274, Utg323152_273, Utg323180_393	WP_205219380.1
OG0000060	Utg323300_75	WP_205219391.1
OG0000060	Utg323990_72	WP_205218162.1
OG0000061	Utg323266_110	WP_205220106.1
OG0000061	Utg323180_315	WP_205218219.1
OG0000063	Utg323632_334	WP_205218947.1
OG0000063	Utg323392_142	WP_205217751.1
OG0000064	Utg323990_139	WP_205218680.1
OG0000064	Utg323180_38	WP_205219039.1
OG0000065	Utg323160_21	WP_205217314.1
OG0000065	Utg323140_2, Utg323180_2	WP_205217454.1
OG0000067	Utg323392_165	WP_205218467.1
OG0000069	Utg325220_94, Utg323300_182, Utg323262_103	WP_240192079.1
OG0000070	Utg323990_69	WP_240192170.1
OG0000071	Utg323152_559	WP_205219780.1
OG0000072	Utg323152_560	WP_205219779.1
OG0000073	Utg323180_197, Utg323632_357	WP_205218014.1
OG0000074	Utg323180_421	WP_205217575.1
OG0000078	Utg323152_397	WP_205219761.1
OG0000079	Utg323160_93, Utg323180_41	WP_205217405.1
OG0000079	Utg323392_205	WP_205219237.1
OG0000086	Utg323180_528	WP_205217406.1
OG0000087	Utg323152_497	WP_205217731.1
OG0000089	Utg324548_40	WP_205217537.1
OG0000089	Utg323140_37	WP_205220139.1, WP_205219346.1, WP_205220284.1, WP_240192176.1, WP_205219946.1, WP_205219636.1, WP_205217559.1
OG0000091	Utg323180_478	WP_205218848.1
OG0000091	Utg323392_150	WP_205217745.1
OG0000092	Utg323152_94, Utg323180_509	WP_205218658.1
OG0000093	Utg323180_45	WP_240191946.1
OG0000094	Utg323152_240	WP_205218242.1
OG0000094	Utg323074_170	WP_275888993.1
OG0000095	Utg323300_425	WP_205219361.1, WP_205218407.1
OG0000095	Utg323990_63	WP_205218965.1
OG0000097	Utg323152_498	WP_205217730.1
OG0000097	Utg323160_75, Utg323266_3, Utg323160_123	WP_240191918.1
OG0000098	Utg323152_561	WP_240192130.1
OG0000101	Utg323266_38	WP_240192163.1
OG0000101	Utg323180_20	WP_205219783.1
OG0000102	Utg323632_122	WP_205217638.1
OG0000103	Utg323180_100	WP_205218456.1
OG0000104	Utg323074_23	WP_205219195.1
OG0000105	Utg323392_148	WP_240191944.1
OG0000105	Utg323180_490	WP_240192046.1
OG0000106	Utg323300_125, Utg323316_317	WP_205218448.1
OG0000107	Utg323180_669	WP_275889021.1
OG0000108	Utg323392_40	WP_205220065.1, WP_205220063.1, WP_205220062.1
OG0000108	Utg323180_650	WP_205217815.1
OG0000110	Utg323140_35	WP_205220030.1
OG0000112	Utg323300_361	WP_205218422.1
OG0000113	Utg323316_179	WP_205219581.1
OG0000114	Utg323448_59	WP_205217943.1
OG0000114	Utg323180_193	WP_205217401.1
OG0000115	Utg323300_341	WP_205217489.1
OG0000115	Utg323990_86	WP_205219679.1
OG0000116	Utg323300_39	WP_205217409.1
OG0000117	Utg323316_188	WP_205219085.1
OG0000117	Utg323140_129	WP_205217876.1
OG0000118	Utg323140_128	WP_240191957.1
OG0000118	Utg323316_189	WP_275888991.1
OG0000119	Utg323180_425	WP_205220193.1
OG0000120	Utg323140_117	WP_205217586.1
OG0000121	Utg323074_180	WP_275888929.1
OG0000122	Utg323300_431, Utg323262_85	WP_205220332.1
OG0000123	Utg325220_102	WP_205220031.1
OG0000126	Utg323392_137	WP_205219649.1
OG0000126	Utg323140_162	WP_205218524.1
OG0000127	Utg323448_31	WP_205219440.1, WP_205219441.1
OG0000128	Utg323180_277	WP_205219057.1
OG0000128	Utg323152_202	WP_205218118.1
OG0000129	Utg323180_691	WP_205218969.1
OG0000131	Utg323074_120	WP_240192135.1
OG0000133	Utg323140_126	WP_205217878.1
OG0000133	Utg323316_190	WP_205219087.1
OG0000134	Utg323140_101	WP_205218809.1
OG0000134	Utg323152_247	WP_205219067.1
OG0000136	Utg323152_230	WP_240191980.1
OG0000136	Utg323392_39	WP_205220066.1
OG0000137	Utg323316_187	WP_205219084.1
OG0000142	Utg323180_616	WP_205219982.1
OG0000142	Utg323392_262	WP_205218882.1
OG0000143	Utg323180_33	WP_205219037.1
OG0000144	Utg323392_160	WP_205217734.1
OG0000145	Utg323180_144, Utg323180_511	WP_205218440.1
OG0000147	Utg323392_141	WP_205217752.1
OG0000150	Utg323152_400	WP_240192129.1
OG0000151	Utg323316_242	WP_240192019.1
OG0000152	Utg323180_516	WP_205219848.1
OG0000152	Utg323180_523	WP_205219850.1
OG0000153	Utg323180_413	WP_205219644.1
OG0000153	Utg323300_187	WP_275888937.1
OG0000154	Utg323160_129, Utg323266_10	WP_205217327.1
OG0000156	Utg323316_158	WP_205220095.1
OG0000160	Utg323180_213	WP_240191992.1, WP_205217391.1
OG0000162	Utg323316_178	WP_205218379.1
OG0000163	Utg323160_83	WP_205218549.1
OG0000163	Utg323262_107	WP_205219249.1
OG0000164	Utg323300_166	WP_205218605.1
OG0000165	Utg323140_175	WP_240192087.1
OG0000166	Utg323632_248	WP_205219180.1
OG0000167	Utg323152_436	WP_205219005.1
OG0000169	Utg323152_503	WP_205220075.1
OG0000170	Utg323300_350	WP_205218419.1
OG0000171	Utg323152_438	WP_205219366.1
OG0000172	Utg323990_178	WP_205217862.1
OG0000173	Utg324810_59	WP_205219412.1
OG0000174	Utg323180_604	WP_205217656.1
OG0000176	Utg324810_46	WP_205219026.1
OG0000180	Utg323262_181, Utg323262_184	WP_205220263.1, WP_205220264.1
OG0000181	Utg323316_243	WP_205218461.1
OG0000182	Utg323392_153	WP_205217742.1
OG0000183	Utg323632_25	WP_240191953.1
OG0000184	Utg323392_66	WP_205219494.1
OG0000184	Utg324548_16	WP_205218375.1
OG0000185	Utg323152_69	WP_205218077.1
OG0000185	Utg323316_113	WP_205218823.1
OG0000187	Utg323448_60, Utg323448_47	WP_205217955.1, WP_205217942.1
OG0000188	Utg323300_307	WP_205217562.1
OG0000190	Utg323140_75	WP_205218562.1
OG0000191	Utg323180_105	WP_205220111.1
OG0000192	Utg323180_399	WP_205220299.1
OG0000193	Utg323140_4, Utg323180_1	WP_240191910.1
OG0000194	Utg323160_22	WP_240191899.1
OG0000194	Utg323160_58, Utg323316_1	WP_205218538.1
OG0000195	Utg323152_119, Utg323180_690	WP_205219651.1
OG0000196	Utg323632_23	WP_205217764.1
OG0000198	Utg323152_174	WP_240192026.1, WP_275888971.1
OG0000199	Utg323152_198	WP_205218113.1
OG0000201	Utg323180_6	WP_205217441.1
OG0000202	Utg325220_64, Utg323140_270	WP_205219316.1
OG0000202	Utg323300_104	WP_205220037.1
OG0000204	Utg323180_154	WP_240191983.1
OG0000204	Utg323180_449	WP_205218304.1
OG0000207	Utg323266_113	WP_205218366.1
OG0000208	Utg323266_114	WP_205218367.1
OG0000209	Utg323316_339	WP_205219630.1
OG0000210	Utg323300_167	WP_205220183.1, WP_205218604.1
OG0000211	Utg323140_182	WP_205219629.1, WP_205219339.1
OG0000212	Utg324810_52	WP_205219027.1
OG0000214	Utg323632_45	WP_205220148.1, WP_205218051.1, WP_205220149.1
OG0000215	Utg324810_67	WP_240192049.1
OG0000217	Utg324548_25	WP_205218771.1
OG0000218	Utg323632_371	WP_205218878.1
OG0000219	Utg323300_291	WP_240191915.1
OG0000221	Utg323180_504	WP_205218650.1
OG0000222	Utg323262_114	WP_205219254.1
OG0000223	Utg323392_219	WP_205218711.1
OG0000225	Utg323152_460	WP_205217392.1
OG0000226	Utg323300_329	WP_205217492.1
OG0000227	Utg323632_351	WP_205219130.1
OG0000228	Utg323074_134	WP_205219809.1
OG0000229	Utg325220_87	WP_205217476.1
OG0000230	Utg323152_249	WP_205219065.1
OG0000231	Utg323152_458	WP_275888948.1, WP_205219596.1, WP_205220378.1, WP_205218002.1, WP_205219147.1, WP_205219959.1, WP_205219488.1
OG0000232	Utg323152_484, Utg323152_485	WP_205218345.1
OG0000234	Utg323990_146	WP_205218677.1
OG0000235	Utg323180_210	WP_240192153.1
OG0000237	Utg324810_62	WP_205218378.1
OG0000237	Utg323300_24	WP_205217881.1
OG0000238	Utg323316_194	WP_205219359.1, WP_205217607.1
OG0000239	Utg323266_22	WP_240192164.1
OG0000239	Utg324548_14	WP_205218936.1
OG0000243	Utg323180_67, Utg323266_94, Utg323160_100, Utg323160_101	WP_240192155.1
OG0000245	Utg323316_355	WP_205217699.1, WP_240191912.1, WP_205219832.1, WP_240191911.1, WP_240192063.1
OG0000248	Utg323140_188	WP_205219321.1
OG0000252	Utg323632_22	WP_205217763.1
OG0000253	Utg323632_102	WP_205217628.1
OG0000256	Utg323632_47	WP_205220146.1
OG0000257	Utg324810_19	WP_205218346.1
OG0000258	Utg323074_207, Utg323074_198	WP_205219185.1
OG0000258	Utg323074_197, Utg323316_263	WP_205219289.1
OG0000259	Utg323990_75	WP_205218163.1
OG0000261	Utg323990_127	WP_205219746.1
OG0000262	Utg323152_138, Utg323152_139	WP_205218569.1
OG0000264	Utg323262_53	WP_275888954.1
OG0000264	Utg323300_385	WP_205218431.1
OG0000265	Utg323262_60	WP_205218056.1
OG0000265	Utg323300_383	WP_205218429.1
OG0000266	Utg323262_57	WP_205218059.1
OG0000266	Utg323300_345	WP_205217485.1
OG0000268	Utg323180_596	WP_205220292.1
OG0000268	Utg323180_274	WP_205219054.1
OG0000269	Utg323448_118	WP_205217898.1
OG0000269	Utg323448_117	WP_205217899.1
OG0000270	Utg323140_132	WP_205217873.1
OG0000271	Utg323266_111	WP_205217707.1
OG0000273	Utg323448_108	WP_205218287.1
OG0000274	Utg323160_113	WP_205218796.1
OG0000276	Utg323152_607, Utg323316_369, Utg323140_3	WP_205219963.1
OG0000276	Utg323632_198	WP_205219386.1
OG0000277	Utg323990_152	WP_205220291.1
OG0000278	Utg323632_18	WP_205217759.1
OG0000279	Utg323152_280, Utg323632_270, Utg323152_269	WP_205217882.1
OG0000283	Utg324810_45	WP_275888985.1
OG0000285	Utg324548_26	WP_205218739.1
OG0000286	Utg323990_126	WP_205219747.1
OG0000288	Utg323152_159	WP_205217354.1
OG0000290	Utg323990_110	WP_205219839.1
OG0000291	Utg323152_390	WP_205218886.1
OG0000292	Utg323448_29	WP_240192117.1
OG0000293	Utg323632_26	WP_240191945.1
OG0000295	Utg323990_154	WP_240192031.1
OG0000296	Utg323180_360, Utg323140_32, Utg323300_349	WP_205218418.1
OG0000297	Utg323160_80, Utg323160_79	WP_205218547.1
OG0000299	Utg323392_237	WP_205219229.1
OG0000299	Utg323632_41	WP_205217776.1
OG0000300	Utg324810_53	WP_205218591.1
OG0000302	Utg323180_186, Utg323262_78, Utg323266_31	WP_205219478.1
OG0000303	Utg323990_183, Utg323990_188	WP_205220325.1
OG0000307	Utg323632_13	WP_205217755.1
OG0000308	Utg323632_21	WP_205217762.1
OG0000309	Utg323300_194	WP_205217461.1
OG0000310	Utg323074_211	WP_205218613.1
OG0000311	Utg323152_590, Utg323074_222, Utg323990_2	WP_205219196.1
OG0000312	Utg323632_140, Utg323632_141	WP_205217647.1
OG0000314	Utg323632_19	WP_205217760.1
OG0000315	Utg323180_180, Utg323300_449, Utg323300_159, Utg323152_459, Utg323160_49, Utg323262_194	WP_205219334.1
OG0000316	Utg323180_263	WP_205220128.1
OG0000317	Utg323180_167, Utg323152_149, Utg323180_102	WP_205220116.1
OG0000319	Utg323140_236	WP_205218517.1
OG0000320	Utg323300_402	WP_205217581.1
OG0000321	Utg323316_81	WP_205220266.1
OG0000322	Utg323074_213	WP_205220004.1
OG0000325	Utg323140_86, Utg323632_345, Utg323632_283	WP_205219843.1
OG0000327	Utg323152_563	WP_205219777.1
OG0000328	Utg323074_89	WP_205219902.1, WP_205219089.1, WP_205219094.1, WP_205219092.1, WP_275888965.1, WP_205218329.1, WP_205218553.1, WP_205218530.1
OG0000329	Utg323160_39	WP_205217971.1
OG0000331	Utg323074_59	WP_240192075.1
OG0000332	Utg323632_344, Utg323632_343	WP_205219138.1
OG0000335	Utg323300_388, Utg323300_389	WP_240192018.1
OG0000336	Utg323990_76	WP_205218164.1
OG0000337	Utg323632_59	WP_205217681.1
OG0000338	Utg323300_340	WP_205217490.1
OG0000339	Utg323152_478	WP_205220081.1
OG0000340	Utg323140_255	WP_205218789.1
OG0000343	Utg323632_101	WP_205217627.1
OG0000345	Utg323140_249	WP_205217480.1
OG0000347	Utg323300_185	WP_205219623.1
OG0000348	Utg323140_253	WP_205218791.1
OG0000349	Utg323990_125	WP_205219748.1
OG0000352	Utg323300_309	WP_205217504.1
OG0000353	Utg323152_411	WP_205218764.1
OG0000355	Utg323180_503	WP_205218649.1
OG0000356	Utg325220_24, Utg323152_199	WP_205218114.1
OG0000357	Utg323140_190	WP_205219318.1
OG0000358	Utg323152_183, Utg323180_133	WP_205218079.1
OG0000359	Utg323266_112	WP_205218171.1
OG0000360	Utg323448_18	WP_205217452.1
OG0000361	Utg323392_154	WP_205217741.1
OG0000362	Utg323074_50	WP_205217652.1
OG0000362	Utg323632_361	WP_205218942.1
OG0000363	Utg323266_83	WP_205217706.1
OG0000364	Utg323448_115, Utg324810_20, Utg323180_185	WP_205219523.1
OG0000365	Utg323300_405	WP_205218267.1
OG0000366	Utg323180_120	WP_275888945.1
OG0000367	Utg323140_73	WP_240191917.1
OG0000370	Utg323074_44	WP_205217374.1
OG0000372	Utg323316_334	WP_205218561.1
OG0000373	Utg323316_333	WP_205218559.1
OG0000378	Utg323300_225	WP_205217714.1
OG0000380	Utg323392_22	WP_205220206.1
OG0000381	Utg323266_59, Utg323262_166	WP_205217576.1
OG0000383	Utg323074_113	WP_240191982.1
OG0000384	Utg323632_224, Utg323392_7	WP_205218413.1
OG0000385	Utg323990_182	WP_205220324.1
OG0000388	Utg323392_149	WP_205217746.1
OG0000389	Utg325220_115	WP_205217531.1
OG0000390	Utg323152_156	WP_240192167.1
OG0000391	Utg323392_139	WP_205219766.1
OG0000392	Utg323140_187	WP_275889000.1
OG0000393	Utg323392_115	WP_205218954.1
OG0000394	Utg323632_227	WP_205218909.1
OG0000395	Utg323392_102	WP_205218155.1
OG0000396	Utg323316_308	WP_205218452.1
OG0000397	Utg323152_152	WP_205220277.1
OG0000398	Utg323316_283	WP_205219765.1
OG0000399	Utg323074_27	WP_240192074.1
OG0000400	Utg323074_129	WP_205219816.1
OG0000401	Utg323448_26	WP_205219368.1
OG0000403	Utg323392_161	WP_205217733.1
OG0000404	Utg323632_90	WP_205217616.1
OG0000406	Utg323300_304, Utg323632_208	WP_205217506.1
OG0000407	Utg323300_231	WP_205217713.1
OG0000408	Utg323316_309	WP_205218451.1
OG0000409	Utg323152_214, Utg323152_215	WP_205218129.1
OG0000410	Utg323180_618	WP_205217356.1
OG0000411	Utg323180_184	WP_240192044.1
OG0000413	Utg323632_56	WP_205217469.1
OG0000414	Utg323140_130	WP_205217875.1
OG0000415	Utg323180_424	WP_205220192.1
OG0000418	Utg323632_29	WP_205217768.1
OG0000419	Utg323990_112	WP_205219837.1
OG0000420	Utg323392_158	WP_205217661.1
OG0000422	Utg323316_306	WP_205218454.1
OG0000423	Utg323152_259	WP_205218959.1
OG0000424	Utg323180_488	WP_205218567.1
OG0000425	Utg323632_72	WP_205220198.1
OG0000426	Utg323152_151	WP_205220276.1
OG0000427	Utg323448_41	WP_240191961.1
OG0000428	Utg323392_159	WP_205217735.1
OG0000429	Utg323632_282	WP_205218395.1
OG0000430	Utg323152_270, Utg323152_281	WP_205217883.1
OG0000433	Utg323316_347	WP_205219208.1
OG0000435	Utg323316_84	WP_205217363.1
OG0000439	Utg323152_408	WP_205219736.1
OG0000440	Utg323152_402	WP_205218572.1
OG0000441	Utg323152_388	WP_205218891.1
OG0000443	Utg324810_34	WP_205217439.1
OG0000444	Utg323152_45	WP_240192150.1
OG0000445	Utg323152_295	WP_205219058.1
OG0000447	Utg323180_327, Utg323990_241	WP_205220334.1
OG0000447	Utg323392_129	WP_205218746.1
OG0000448	Utg323152_562	WP_205219778.1
OG0000449	Utg323152_593	WP_205219769.1, WP_205220150.1
OG0000451	Utg323074_46, Utg323266_24	WP_205218646.1
OG0000457	Utg323140_93	WP_240192041.1
OG0000458	Utg323632_292	WP_205218916.1
OG0000459	Utg323152_197	WP_205218112.1
OG0000460	Utg323632_251	WP_205219183.1
OG0000461	Utg323266_1, Utg323180_610	WP_205217709.1
OG0000462	Utg323392_157	WP_205217736.1
OG0000463	Utg323152_557	WP_205219782.1
OG0000464	Utg323266_64	WP_205220375.1
OG0000465	Utg323316_131	WP_205219553.1
OG0000466	Utg323316_143	WP_205219574.1
OG0000467	Utg324810_50	WP_275888973.1
OG0000468	Utg323152_550	WP_205218748.1
OG0000469	Utg323300_339	WP_205217491.1
OG0000470	Utg323632_217	WP_205218902.1
OG0000471	Utg323180_23	WP_205218800.1
OG0000472	Utg323990_82	WP_205218167.1
OG0000473	Utg324810_49	WP_205218594.1
OG0000474	Utg323392_19	WP_240192159.1
OG0000475	Utg323300_262	WP_240191922.1
OG0000476	Utg323448_21	WP_205217449.1
OG0000477	Utg323316_316	WP_205218449.1
OG0000479	Utg323152_47	WP_275889017.1
OG0000480	Utg323448_83	WP_205217922.1
OG0000484	Utg323300_196	WP_205217459.1
OG0000485	Utg323152_48	WP_240192151.1
OG0000486	Utg323152_439	WP_240192058.1
OG0000487	Utg323152_216	WP_205218131.1
OG0000488	Utg323160_29	WP_205218506.1
OG0000489	Utg323392_46	WP_205219267.1
OG0000490	Utg323180_708	WP_205219099.1
OG0000491	Utg323074_142	WP_205219120.1
OG0000492	Utg323180_163	WP_205219754.1
OG0000493	Utg323300_317	WP_205217497.1
OG0000494	Utg323300_293	WP_205218563.1
OG0000495	Utg323152_176	WP_205218729.1
OG0000496	Utg323632_52	WP_205217666.1
OG0000497	Utg323632_236	WP_240192032.1
OG0000498	Utg323632_237	WP_205218691.1
OG0000499	Utg323300_95, Utg323180_506	WP_205218654.1
OG0000500	Utg323448_101	WP_205217905.1
OG0000501	Utg323392_55	WP_240192165.1
OG0000502	Utg323152_196	WP_205218110.1
OG0000504	Utg323180_617	WP_205217355.1
OG0000505	Utg323316_99, Utg323266_72	WP_205219666.1
OG0000507	Utg323180_43	WP_205217438.1
OG0000508	Utg323300_12	WP_205218825.1
OG0000509	Utg323160_78	WP_205218546.1
OG0000510	Utg323180_484	WP_205218853.1
OG0000511	Utg323316_346	WP_205218437.1
OG0000512	Utg323074_26	WP_205219193.1
OG0000513	Utg323300_263	WP_205217560.1
OG0000514	Utg323632_76	WP_205218175.1
OG0000515	Utg323152_558	WP_205219781.1
OG0000516	Utg323180_611, Utg323266_2	WP_205217710.1
OG0000517	Utg323262_106	WP_205220396.1
OG0000518	Utg323180_544	WP_205218820.1
OG0000520	Utg323392_86	WP_205220133.1
OG0000521	Utg323152_146	WP_205219612.1
OG0000522	Utg323152_209	WP_205218124.1
OG0000523	Utg323392_227	WP_205219825.1
OG0000526	Utg323180_264	WP_205220125.1
OG0000527	Utg323990_77	WP_205218165.1
OG0000528	Utg323316_180	WP_205217332.1
OG0000529	Utg323300_351	WP_205218420.1
OG0000530	Utg323632_211, Utg323632_212	WP_205218899.1
OG0000531	Utg323990_111	WP_205219838.1
OG0000532	Utg323990_149	WP_205218675.1
OG0000533	Utg323300_299	WP_205217510.1
OG0000535	Utg323180_111	WP_205219617.1
OG0000537	Utg323152_226	WP_205218142.1
OG0000538	Utg323140_264, Utg325220_1	WP_205218780.1
OG0000539	Utg323180_65	WP_205217783.1
OG0000540	Utg323990_215, Utg323990_214	WP_205219210.1
OG0000542	Utg323300_321	WP_205217495.1
OG0000543	Utg323152_153	WP_205220278.1
OG0000544	Utg324810_54	WP_205218590.1
OG0000545	Utg323140_9	WP_205217421.1
OG0000546	Utg323140_178	WP_205219329.1
OG0000547	Utg323180_527	WP_205219929.1
OG0000548	Utg323140_246	WP_205217478.1
OG0000549	Utg323392_28	WP_205220069.1
OG0000550	Utg323632_387, Utg323392_263	WP_240192054.1
OG0000555	Utg323180_103	WP_205219625.1
OG0000558	Utg323152_97	WP_205219892.1
OG0000560	Utg323074_183	WP_205217349.1
OG0000561	Utg323266_17	WP_205219465.1
OG0000562	Utg323160_42	WP_205217553.1
OG0000564	Utg323392_207	WP_205218994.1
OG0000565	Utg323392_208	WP_205218993.1
OG0000568	Utg323392_178, Utg323152_148	WP_205219610.1
OG0000569	Utg323632_362	WP_205219985.1
OG0000570	Utg323316_297	WP_205217437.1
OG0000571	Utg323300_101	WP_205217567.1
OG0000575	Utg323140_189	WP_205219319.1
OG0000576	Utg323266_35	WP_205220238.1
OG0000577	Utg323074_28	WP_205219226.1
OG0000578	Utg323160_67	WP_205218542.1
OG0000579	Utg323160_81	WP_205218548.1
OG0000580	Utg323180_689	WP_205219652.1
OG0000581	Utg323448_49	WP_205217953.1
OG0000582	Utg323140_12	WP_205217424.1
OG0000584	Utg323316_328	WP_205218446.1
OG0000585	Utg323316_329	WP_205218445.1
OG0000586	Utg323316_331	WP_205218444.1
OG0000587	Utg323152_245	WP_205219068.1
OG0000588	Utg323316_336	WP_205218441.1
OG0000589	Utg323152_565	WP_205219775.1
OG0000590	Utg323316_300	WP_205218457.1
OG0000591	Utg323140_180	WP_205219327.1
OG0000592	Utg323152_248	WP_205219066.1
OG0000593	Utg323632_96	WP_205218486.1
OG0000594	Utg323300_311	WP_205217503.1
OG0000595	Utg323990_151	WP_205218673.1
OG0000596	Utg323152_192	WP_205218108.1
OG0000597	Utg323152_175	WP_205218730.1
OG0000598	Utg323632_99	WP_205217625.1
OG0000599	Utg323152_223	WP_205218140.1
OG0000600	Utg323180_267	WP_205217588.1
OG0000601	Utg323140_185	WP_205219323.1
OG0000603	Utg323990_83	WP_240191991.1
OG0000604	Utg323180_32	WP_205219036.1
OG0000605	Utg323180_276	WP_205219056.1
OG0000606	Utg323266_43	WP_240192025.1
OG0000607	Utg323300_283	WP_240191928.1
OG0000608	Utg323180_609	WP_205217708.1
OG0000609	Utg323074_152	WP_240192100.1
OG0000610	Utg323448_99	WP_205217907.1
OG0000611	Utg323152_250	WP_205219064.1
OG0000612	Utg323632_295	WP_205218918.1
OG0000613	Utg323632_296	WP_205218919.1
OG0000614	Utg323300_233	WP_205217712.1
OG0000615	Utg323448_90	WP_205217915.1
OG0000616	Utg323448_92	WP_205217914.1
OG0000617	Utg323448_63	WP_205217940.1
OG0000618	Utg323448_65	WP_205217938.1
OG0000619	Utg323448_66	WP_205217937.1
OG0000620	Utg323448_67	WP_205217936.1
OG0000621	Utg323448_68	WP_205217935.1
OG0000622	Utg323262_150	WP_205219259.1
OG0000623	Utg323074_128	WP_205219817.1
OG0000624	Utg323152_218	WP_205218135.1
OG0000625	Utg323152_219	WP_205218136.1
OG0000626	Utg324810_60	WP_205219413.1
OG0000627	Utg323448_100	WP_205217906.1
OG0000628	Utg323180_312	WP_240191905.1
OG0000629	Utg323632_1, Utg323316_98	WP_205219678.1, WP_205219665.1
OG0000630	Utg323300_302	WP_205217508.1
OG0000631	Utg323300_300	WP_205217509.1
OG0000632	Utg323392_138	WP_205219650.1
OG0000633	Utg323180_584	WP_205218065.1
OG0000634	Utg323074_110	WP_205219197.1
OG0000635	Utg323990_206	WP_205219807.1
OG0000637	Utg323392_155	WP_205217740.1
OG0000638	Utg323262_113	WP_205219253.1
OG0000639	Utg323152_564	WP_205219776.1
OG0000640	Utg323990_80	WP_205218166.1
OG0000641	Utg323632_228	WP_205218910.1
OG0000642	Utg323316_136	WP_205219556.1
OG0000643	Utg323074_137	WP_205219124.1
OG0000644	Utg323300_295	WP_205220191.1
OG0000645	Utg323316_141	WP_205219573.1
OG0000646	Utg323632_108	WP_205217633.1
OG0000647	Utg323632_107	WP_240191938.1
OG0000648	Utg323632_103	WP_205217629.1
OG0000649	Utg323074_138	WP_205219123.1
OG0000650	Utg323632_350	WP_205219129.1
OG0000651	Utg323152_154	WP_205220279.1
OG0000652	Utg323392_225	WP_205219827.1
OG0000653	Utg323152_255	WP_205219060.1
OG0000654	Utg323140_11	WP_205217423.1
OG0000655	Utg323448_27	WP_205217444.1
OG0000656	Utg323180_692	WP_205217793.1
OG0000657	Utg323180_693	WP_205217794.1
OG0000658	Utg323180_697	WP_205217799.1
OG0000659	Utg323180_698	WP_205217800.1
OG0000660	Utg323632_33	WP_205217770.1
OG0000661	Utg323632_34	WP_205217771.1
OG0000662	Utg323262_165, Utg323262_164	WP_205219263.1
OG0000663	Utg323140_228	WP_205218622.1
OG0000664	Utg323990_147	WP_205218676.1
OG0000665	Utg323140_6	WP_275888932.1
OG0000666	Utg323180_423	WP_205219657.1
OG0000667	Utg323300_165	WP_205218606.1
OG0000669	Utg323160_12, Utg324810_104	WP_240191924.1
OG0000670	Utg323632_92	WP_205217618.1
OG0000671	Utg323990_137	WP_205218683.1
OG0000672	Utg323300_313	WP_205217501.1
OG0000673	Utg323152_509	WP_240192152.1
OG0000674	Utg324548_24	WP_205218740.1
OG0000675	Utg323632_238	WP_205218692.1
OG0000676	Utg323152_254	WP_205219061.1
OG0000677	Utg323448_85	WP_205217919.1
OG0000678	Utg323448_84	WP_205217920.1
OG0000679	Utg323632_301	WP_205218924.1
OG0000680	Utg323448_39	WP_205217962.1
OG0000681	Utg323448_54	WP_205217948.1
OG0000682	Utg323448_53	WP_205217949.1
OG0000684	Utg323300_386	WP_205218432.1
OG0000685	Utg323448_77	WP_205217925.1
OG0000686	Utg323448_114	WP_205217901.1
OG0000687	Utg323448_73	WP_205217930.1
OG0000688	Utg323448_71	WP_205217932.1
OG0000689	Utg323448_70	WP_205217933.1
OG0000690	Utg323300_99	WP_205219394.1
OG0000691	Utg323448_57	WP_205217945.1
OG0000692	Utg323300_284	WP_205217519.1
OG0000693	Utg325220_116	WP_205217532.1
OG0000694	Utg323316_326	WP_240192014.1
OG0000695	Utg324810_39	WP_205220187.1
OG0000696	Utg325220_114	WP_205218821.1
OG0000697	Utg323300_348	WP_205217482.1
OG0000698	Utg323632_294	WP_205218917.1
OG0000699	Utg323632_360	WP_205218967.1
OG0000700	Utg323074_31	WP_205219191.1
OG0000701	Utg323152_442	WP_205218997.1
OG0000702	Utg323180_262	WP_205219051.1
OG0000703	Utg323300_223	WP_205217726.1
OG0000704	Utg323632_111	WP_205217636.1
OG0000705	Utg323632_110	WP_205217635.1
OG0000706	Utg323632_109	WP_205217634.1
OG0000707	Utg323632_105	WP_205217631.1
OG0000708	Utg323632_98	WP_205217624.1
OG0000709	Utg323152_170	WP_205218732.1
OG0000710	Utg323632_246	WP_240192073.1
OG0000711	Utg323300_74	WP_205219390.1
OG0000712	Utg323152_217	WP_205218133.1
OG0000713	Utg323392_146	WP_205219117.1
OG0000714	Utg323392_144	WP_205217749.1
OG0000715	Utg323448_38	WP_205217963.1
OG0000716	Utg323448_40	WP_205217961.1
OG0000717	Utg323448_50	WP_205217952.1
OG0000718	Utg323448_51	WP_205217951.1
OG0000719	Utg323448_52	WP_205217950.1
OG0000720	Utg323448_55	WP_205217947.1
OG0000721	Utg323448_58	WP_205217944.1
OG0000722	Utg323448_61	WP_240191960.1
OG0000723	Utg323448_64	WP_205217939.1
OG0000724	Utg323448_69	WP_205217934.1
OG0000725	Utg323448_72	WP_205217931.1
OG0000726	Utg323448_74	WP_205217929.1
OG0000727	Utg323448_78	WP_205218008.1
OG0000728	Utg323448_79	WP_205217924.1
OG0000729	Utg323448_80	WP_240191959.1
OG0000730	Utg323448_81	WP_205217923.1
OG0000731	Utg323448_86	WP_205217918.1
OG0000732	Utg323448_87	WP_205217917.1
OG0000733	Utg323448_88	WP_205217916.1
OG0000734	Utg323180_700	WP_205219096.1
OG0000735	Utg323074_151	WP_205219189.1
OG0000736	Utg323180_687	WP_205220122.1
OG0000737	Utg323180_694	WP_205217796.1
OG0000738	Utg323140_176	WP_205219331.1
OG0000739	Utg323152_227	WP_205218143.1
OG0000740	Utg323316_299	WP_275888967.1
OG0000741	Utg323300_319	WP_205217496.1
OG0000742	Utg323316_284	WP_205219631.1
OG0000743	Utg323448_33	WP_205217968.1
OG0000744	Utg323990_150	WP_205218674.1
OG0000745	Utg323392_96	WP_205218152.1
OG0000746	Utg323152_179	WP_205218726.1
OG0000747	Utg323074_132	WP_205219812.1
OG0000748	Utg323074_131	WP_205219814.1
OG0000749	Utg323180_110	WP_205219618.1
OG0000750	Utg324810_48	WP_205218595.1
OG0000751	Utg324810_51	WP_240192028.1
OG0000752	Utg323180_291	WP_205218564.1
OG0000753	Utg323152_450	WP_205218989.1
OG0000754	Utg323266_37	WP_205220236.1
OG0000755	Utg323266_36	WP_205220237.1
OG0000756	Utg323152_9	WP_205219133.1
OG0000757	Utg323316_304	WP_205218455.1
OG0000758	Utg323160_65	WP_240192022.1
OG0000759	Utg323180_268	WP_205219052.1
OG0000760	Utg323140_99	WP_205218807.1
OG0000761	Utg323266_44	WP_205218558.1
OG0000762	Utg323180_108	WP_205219620.1
OG0000763	Utg323180_107	WP_205219621.1
OG0000764	Utg323300_379	WP_205218425.1
OG0000765	Utg323152_356	WP_205219073.1
OG0000766	Utg323160_38	WP_205220395.1
OG0000767	Utg323180_507	WP_205218656.1
OG0000768	Utg323632_232	WP_205218690.1
OG0000769	Utg323448_91	WP_275888946.1
OG0000770	Utg323448_93	WP_205217913.1
OG0000771	Utg323448_94	WP_205217912.1
OG0000772	Utg323448_95	WP_205217911.1
OG0000773	Utg323448_96	WP_205217910.1
OG0000774	Utg323448_97	WP_205217909.1
OG0000775	Utg323300_280	WP_240191916.1
OG0000776	Utg323632_74	WP_205218177.1
OG0000777	Utg323632_75	WP_205218176.1
OG0000779	Utg324548_29	WP_205218735.1
OG0000780	Utg323074_40	WP_205218094.1
OG0000781	Utg323392_152	WP_205217743.1
OG0000782	Utg323300_390	WP_205218434.1
OG0000783	Utg323152_80	WP_205218487.1
OG0000784	Utg323140_102	WP_205218810.1
OG0000785	Utg323140_103	WP_205218811.1
OG0000787	Utg323632_68	WP_205219764.1
OG0000788	Utg323316_75, Utg323316_74	WP_205220268.1
OG0000789	Utg323632_245	WP_205219178.1
OG0000790	Utg323300_297	WP_205217512.1
OG0000791	Utg323180_99	WP_205218403.1
OG0000792	Utg323632_247	WP_205219179.1
OG0000793	Utg323180_665	WP_205220169.1
OG0000794	Utg323152_166	WP_205218734.1
OG0000795	Utg324548_10	WP_205218172.1
OG0000796	Utg323392_226	WP_205219826.1
OG0000797	Utg323152_78	WP_205219772.1
OG0000798	Utg323140_157	WP_205218814.1
OG0000799	Utg323262_161	WP_205219260.1
OG0000800	Utg323300_103	WP_205219395.1
OG0000801	Utg323632_142	WP_205217648.1
OG0000802	Utg323152_508	WP_205220123.1
OG0000803	Utg323632_49	WP_205217659.1
OG0000804	Utg323300_114	WP_205219572.1
OG0000805	Utg323074_179	WP_205217347.1
OG0000806	Utg323160_64	WP_205218541.1
OG0000807	Utg323074_136	WP_205219808.1
OG0000808	Utg323448_113	WP_275888952.1
OG0000809	Utg323180_317	WP_205219281.1
OG0000810	Utg323392_199	WP_205218840.1
OG0000811	Utg323180_318	WP_205219367.1
OG0000812	Utg323152_454	WP_205219470.1
OG0000813	Utg323990_217	WP_205219801.1
OG0000814	Utg323180_447	WP_205218306.1
OG0000815	Utg323152_145	WP_205219613.1
OG0000816	Utg323160_60	WP_205218540.1
OG0000817	Utg323160_28	WP_205218505.1
OG0000818	Utg323152_392	WP_205219800.1
OG0000819	Utg323152_177	WP_205218728.1
OG0000820	Utg323160_92	WP_205219113.1
OG0000822	Utg323448_19	WP_205217451.1
OG0000823	Utg323448_22	WP_205217448.1
OG0000824	Utg323140_266, Utg325220_3	WP_205218778.1
OG0000825	Utg323990_142	WP_205218679.1
OG0000826	Utg323180_412	WP_205219491.1
OG0000827	Utg323632_335	WP_205218948.1
OG0000828	Utg323632_336	WP_205218949.1
OG0000829	Utg323632_337	WP_205218950.1
OG0000830	Utg323632_338	WP_205218951.1
OG0000831	Utg323632_339	WP_205218952.1
OG0000832	Utg323632_340	WP_205218953.1
OG0000833	Utg323632_14	WP_205217756.1
OG0000834	Utg323180_620	WP_205217358.1
OG0000835	Utg324810_42	WP_205220188.1
OG0000836	Utg323152_510	WP_205220071.1
OG0000837	Utg323074_130	WP_205219815.1
OG0000838	Utg323180_39	WP_205219040.1
OG0000839	Utg323074_139	WP_205219122.1
OG0000841	Utg324810_75	WP_205218340.1
OG0000842	Utg323152_444	WP_205218996.1
OG0000843	Utg323152_225	WP_205218141.1
OG0000844	Utg323632_298	WP_205218921.1
OG0000845	Utg323632_299	WP_275888983.1
OG0000846	Utg323632_302	WP_205218925.1
OG0000848	Utg323152_213	WP_240191979.1
OG0000849	Utg323180_649	WP_240191947.1
OG0000850	Utg323266_11, Utg323160_130	WP_205217326.1
OG0000851	Utg323140_191	WP_205219317.1
OG0000852	Utg323632_42	WP_205217657.1
OG0000853	Utg323632_35	WP_205217772.1
OG0000854	Utg323152_260	WP_205218958.1
OG0000855	Utg323632_31	WP_205217769.1
OG0000856	Utg323152_257	WP_205218960.1
OG0000857	Utg323632_269, Utg323990_138	WP_205218681.1
OG0000858	Utg323300_288	WP_205217517.1
OG0000859	Utg323632_3, Utg323316_96	WP_205219545.1
OG0000860	Utg323300_384	WP_205218430.1
OG0000861	Utg323632_43	WP_205217658.1
OG0000862	Utg323316_335	WP_205218442.1
OG0000863	Utg323392_26	WP_205220211.1
OG0000864	Utg323300_312	WP_205217502.1
OG0000865	Utg323140_184	WP_205219324.1
OG0000866	Utg324810_56	WP_205219407.1
OG0000867	Utg323300_342	WP_205217488.1
OG0000868	Utg323632_250	WP_205219182.1
OG0000869	Utg323448_56	WP_205217946.1
OG0000870	Utg323300_279	WP_205217521.1
OG0000871	Utg323180_699	WP_205217801.1
OG0000872	Utg323180_314	WP_240191904.1
OG0000873	Utg323632_242	WP_205219176.1
OG0000874	Utg323152_504	WP_205220074.1
OG0000875	Utg323632_38	WP_205217774.1
OG0000876	Utg323392_25	WP_205220208.1
OG0000877	Utg323180_31	WP_205219035.1
OG0000878	Utg323160_74	WP_205220135.1
OG0000879	Utg323152_205	WP_205218122.1
OG0000881	Utg323316_231	WP_205220014.1
OG0000882	Utg323262_102	WP_205219246.1
OG0000884	Utg323140_158	WP_205218815.1
OG0000885	Utg323140_247	WP_205217479.1
OG0000886	Utg323180_127	WP_275889010.1
OG0000889	Utg323316_321	WP_205218536.1
OG0000890	Utg323392_107	WP_205218159.1
OG0000891	Utg323316_330	WP_240192013.1
OG0000892	Utg323632_93	WP_240191934.1
OG0000893	Utg323632_104	WP_205217630.1
OG0000894	Utg323152_386	WP_205218892.1
OG0000895	Utg323140_181	WP_205219326.1
OG0000896	Utg323632_54	WP_205217667.1
OG0000898	Utg325220_118	WP_275888936.1
OG0000899	Utg323632_342	WP_205219137.1
OG0000900	Utg323262_111	WP_205219251.1
OG0000902	Utg323180_515	WP_205219847.1
OG0000903	Utg323180_514	WP_205219846.1
OG0000904	Utg323180_505	WP_205218653.1
OG0000905	Utg323392_88	WP_205218151.1
OG0000906	Utg323180_37	WP_205219038.1
OG0000907	Utg323180_3, Utg323140_1	WP_205218271.1, WP_205217453.1
OG0000909	Utg325220_65, Utg323140_271	WP_205219473.1
OG0000911	Utg323152_135, Utg323074_104	WP_205218602.1
OG0000913	Utg323262_68	WP_205217455.1
OG0000916	Utg323316_195	WP_205217529.1
OG0000921	Utg323316_298	WP_205218751.1
OG0000922	Utg323316_229	WP_205220011.1
OG0000923	Utg323316_133	WP_205219602.1
OG0000924	Utg323074_212	WP_240192029.1
OG0000925	Utg323990_109, Utg323152_422, Utg323990_81	WP_205219009.1
OG0000928	Utg323392_136	WP_205220137.1
OG0000930	Utg323152_167	WP_205218380.1
OG0000931	Utg323152_71	WP_205220385.1, WP_205218075.1
OG0000935	Utg323392_48	WP_205219071.1
OG0000937	Utg323074_117	WP_205218286.1
OG0000939	Utg323632_214	WP_205218901.1
OG0000940	Utg323140_88	WP_205218831.1
OG0000941	Utg323448_32	WP_205219442.1
OG0000943	Utg323152_72	WP_205218074.1, WP_205220386.1
OG0000944	Utg323632_235	WP_205218943.1
OG0000946	Utg323300_26	WP_205217980.1
OG0000950	Utg323180_222	WP_205218390.1
OG0000952	Utg323266_108	WP_205218336.1
OG0000962	Utg323392_104	WP_205218157.1
OG0000964	Utg323152_505	WP_205220073.1
OG0000967	Utg323074_88	WP_205218071.1
OG0000968	Utg323152_222	WP_205218139.1
OG0000970	Utg323448_24	WP_205217447.1
OG0000972	Utg323152_186	WP_205218721.1
OG0000976	Utg323990_85	WP_205220108.1
OG0000977	Utg323152_39	WP_240191990.1
OG0000978	Utg323448_62	WP_205217941.1
OG0000979	Utg323300_360	WP_240192011.1
OG0000981	Utg323160_41	WP_205218246.1
OG0000982	Utg323160_37	WP_205217514.1
OG0000983	Utg323632_219	WP_205218904.1
OG0000984	Utg324810_16	WP_205218347.1
OG0000985	Utg323632_24	WP_205217765.1
OG0000987	Utg323152_147	WP_205219611.1
OG0000988	Utg323140_10	WP_205217422.1
OG0000990	Utg323160_59	WP_205218539.1
OG0000992	Utg323632_94	WP_205217619.1
OG0000993	Utg323074_90	WP_205217694.1
OG0000995	Utg323448_75	WP_205217927.1
OG0000996	Utg323316_175	WP_205219580.1
OG0000998	Utg323152_435	WP_205219006.1
OG0000999	Utg323180_137	WP_240191974.1
OG0001000	Utg323448_76	WP_205217926.1
OG0001001	Utg323300_401	WP_205218631.1
OG0001002	Utg323180_695	WP_205217797.1
OG0001003	Utg323990_38	WP_205219272.1
OG0001004	Utg323140_68	WP_205218801.1
OG0001005	Utg323140_69	WP_205218802.1
OG0001006	Utg323300_164	WP_205218607.1
OG0001008	Utg323152_394	WP_205219798.1
OG0001009	Utg323152_395	WP_205219797.1
OG0001010	Utg323300_40	WP_205217410.1
OG0001011	Utg323180_292	WP_205218109.1
OG0001012	Utg323180_475	WP_205218851.1
OG0001013	Utg323180_440	WP_205218845.1
OG0001015	Utg323152_385	WP_205218893.1
OG0001016	Utg323152_384	WP_205218894.1
OG0001018	Utg323180_30	WP_205219034.1
OG0001019	Utg323392_151	WP_205217744.1
OG0001020	Utg323160_24	WP_205217316.1
OG0001022	Utg323316_145	WP_205219577.1
OG0001023	Utg324810_43	WP_205220189.1
OG0001024	Utg323990_78	WP_205218063.1
OG0001026	Utg323074_108	WP_205219199.1
OG0001027	Utg323262_93	WP_205219238.1
OG0001029	Utg323632_341	WP_205219136.1
OG0001031	Utg323316_83	WP_205220262.1
OG0001033	Utg323152_155	WP_205220280.1
OG0001034	Utg323160_30	WP_205218507.1
OG0001035	Utg323160_77	WP_205218545.1
OG0001036	Utg323300_378	WP_205218424.1
OG0001039	Utg323632_226	WP_205218908.1
OG0001041	Utg323392_134	WP_205219647.1
OG0001043	Utg323140_245	WP_205217477.1
OG0001044	Utg323448_48	WP_205217954.1
OG0001045	Utg323392_222	WP_205219830.1
OG0001046	Utg323632_291	WP_205218915.1
OG0001048	Utg323632_137	WP_205217646.1
OG0001050	Utg323632_116	WP_205220040.1
OG0001051	Utg323316_103	WP_205219548.1
OG0001052	Utg323180_63, Utg323180_64	WP_205217782.1
OG0001053	Utg323074_193	WP_205219767.1
OG0001055	Utg323140_254	WP_205218790.1
OG0001056	Utg323392_17	WP_205218713.1
OG0001057	Utg323266_53	WP_240191907.1
OG0001058	Utg323392_223	WP_205219829.1
OG0001063	Utg323152_486	WP_205218344.1
OG0001065	Utg323990_218	WP_205218067.1
OG0001066	Utg323632_95	WP_205217620.1
OG0001067	Utg323152_449	WP_240192064.1
OG0001068	Utg323152_142	WP_240192112.1
OG0001070	Utg323180_313	WP_205217344.1
OG0001075	Utg323392_6, Utg323180_123	WP_205218414.1
OG0001076	Utg323180_109	WP_205219619.1
OG0001080	Utg323180_162	WP_205218033.1
OG0001081	Utg323266_115	WP_205217896.1
OG0001082	Utg323180_204, Utg323632_375	WP_205218761.1
OG0001083	Utg323266_20	WP_205219467.1
OG0001084	Utg323266_18	WP_205219466.1
OG0001085	Utg323140_42	WP_205218232.1
OG0001086	Utg323140_41	WP_205218233.1
OG0001088	Utg323300_97	WP_205219393.1
OG0001092	Utg323300_189	WP_205220084.1
OG0001093	Utg323316_348	WP_205219209.1
OG0001094	Utg323316_100, Utg323266_73	WP_205219667.1
OG0001095	Utg323448_104	WP_205217903.1
OG0001096	Utg323448_116	WP_205217900.1
OG0001097	Utg323300_239	WP_205219354.1
OG0001098	Utg323180_597	WP_205218439.1
OG0001099	Utg323990_180	WP_205220322.1
OG0001100	Utg323074_143	WP_205219119.1
OG0001101	Utg323392_147	WP_205217747.1
OG0001102	Utg323152_482	WP_205220079.1
OG0001104	Utg323152_221	WP_205218137.1
OG0001105	Utg323152_162	WP_205218324.1
OG0001106	Utg323152_161	WP_205218325.1
OG0001107	Utg323152_83	WP_205219774.1
OG0001108	Utg323152_74	WP_205218072.1
OG0001109	Utg323152_73	WP_205218073.1
OG0001110	Utg323152_70	WP_205218076.1
OG0001111	Utg323152_46	WP_205220052.1
OG0001112	Utg323152_291	WP_205219025.1
OG0001113	Utg323632_127	WP_205217643.1
OG0001115	Utg323392_20	WP_205218647.1, WP_240192161.1
OG0001116	Utg323152_551	WP_205218749.1
OG0001117	Utg323152_555	WP_205218752.1
OG0001118	Utg323632_363	WP_205219984.1
OG0001119	Utg323632_225	WP_205218906.1
OG0001120	Utg323632_40	WP_205217775.1
OG0001121	Utg323632_368	WP_205218876.1
OG0001122	Utg323300_158, Utg323300_51	WP_205218126.1
OG0001124	Utg323152_163	WP_205218323.1
OG0001125	Utg323180_240	WP_205219983.1
OG0001126	Utg323180_426	WP_205220194.1
OG0001127	Utg323074_24	WP_205219194.1
OG0001128	Utg323074_95	WP_205218416.1
OG0001129	Utg323152_464, Utg323990_8, Utg323990_9, Utg323074_202	WP_205218985.1, WP_205220430.1, WP_205218490.1, WP_205219727.1, WP_205218865.1
OG0001130	Utg323180_461	WP_205218091.1, WP_205220140.1
OG0001131	Utg323266_63	WP_205219088.1
OG0001132	Utg323300_25	WP_205217979.1
OG0001133	Utg324548_38	WP_205217996.1
OG0001143	Utg323180_198	WP_205218381.1
OG0001145	Utg323074_133	WP_205219811.1
OG0001148	Utg323300_455	WP_205219310.1
OG0001150	Utg323262_147	WP_205219258.1
OG0001152	Utg323632_333	WP_205218946.1
OG0001153	Utg324810_105, Utg323160_13	WP_205217308.1
OG0001154	Utg323300_318	WP_240192097.1
OG0001155	Utg323152_136	WP_205218651.1
OG0001157	Utg323160_20	WP_205217590.1
OG0001158	Utg323300_422	WP_205219231.1
OG0001159	Utg323180_316	WP_205219280.1
OG0001161	Utg323392_145	WP_205217748.1
OG0001162	Utg323152_612	WP_205218244.1
OG0001164	Utg323152_143	WP_205219342.1
OG0001165	Utg323180_603	WP_205217655.1
OG0001166	Utg323990_176	WP_205218669.1
OG0001167	Utg323180_420	WP_205218642.1
OG0001168	Utg323180_474	WP_205218850.1
OG0001169	Utg323180_479	WP_205218846.1
OG0001171	Utg324810_89	WP_205217298.1
OG0001172	Utg323160_16	WP_205217310.1
OG0001173	Utg323160_17	WP_205217311.1
OG0001174	Utg324810_87	WP_205217296.1
OG0001175	Utg323316_80	WP_240192166.1
OG0001179	Utg323180_524	WP_205218693.1
OG0001182	Utg323300_109	WP_205219128.1
OG0001183	Utg323316_130	WP_205218555.1, WP_205219551.1
OG0001184	Utg323316_246	WP_205218460.1
OG0001188	Utg323316_71	WP_205220271.1
OG0001189	Utg323180_66	WP_205217785.1
OG0001192	Utg323632_281	WP_205218397.1
OG0001194	Utg323316_77	WP_205220267.1
OG0001195	Utg323632_60	WP_205217682.1
OG0001196	Utg323152_389	WP_205218887.1
OG0001197	Utg323180_696	WP_205217798.1
OG0001198	Utg323180_663	WP_205217818.1
OG0001200	Utg323180_517	WP_205219849.1
OG0001202	Utg323180_259	WP_205219047.1
OG0001203	Utg323180_214	WP_205217393.1
OG0001204	Utg323152_110	WP_240192133.1
OG0001205	Utg323152_107, Utg323152_109, Utg323152_108	WP_205219792.1
OG0001206	Utg323180_122, Utg323392_9	WP_205218412.1
OG0001207	Utg323180_121, Utg323392_8	WP_240192010.1
OG0001209	Utg323140_89	WP_205217566.1
OG0001214	Utg323300_140, Utg323180_633	WP_205218599.1
OG0001215	Utg323180_587	WP_205217558.1
OG0001216	Utg323180_160	WP_205218030.1
OG0001217	Utg323316_278	WP_205218248.1
OG0001218	Utg323392_172	WP_205219508.1
OG0001219	Utg325220_70, Utg323152_112	WP_205218068.1
OG0001220	Utg323140_261	WP_205218783.1
OG0001221	Utg325220_2, Utg323140_265	WP_205218779.1
OG0001226	Utg323632_386, Utg323180_391, Utg323180_434	WP_205219343.1
OG0001228	Utg323300_168	WP_205220154.1
OG0001230	Utg323160_31	WP_205218508.1
OG0001232	Utg323300_98	WP_240192095.1
OG0001233	Utg323990_128	WP_205219763.1
OG0001235	Utg323316_292, Utg323316_288, Utg323316_252	WP_205220215.1, WP_205220047.1
OG0001238	Utg323180_231	WP_205217329.1
OG0001239	Utg323990_155	WP_205218179.1
OG0001240	Utg323140_161	WP_205217716.1
OG0001241	Utg323300_214	WP_205217456.1
OG0001242	Utg323300_298	WP_205217511.1
OG0001243	Utg323300_316	WP_205217498.1
OG0001244	Utg323300_327	WP_205217493.1
OG0001245	Utg323300_343	WP_205217487.1
OG0001246	Utg323300_380	WP_205218426.1
OG0001247	Utg323316_340	WP_205217403.1
OG0001248	Utg323316_314	WP_205218450.1
OG0001249	Utg323316_226	WP_205220007.1
OG0001250	Utg323140_227	WP_205218470.1
OG0001251	Utg323140_224	WP_205218472.1
OG0001252	Utg323262_101	WP_205219245.1
OG0001253	Utg323262_104	WP_205219247.1
OG0001254	Utg323262_108	WP_205219250.1
OG0001256	Utg324548_22	WP_205218742.1
OG0001257	Utg324548_27	WP_205218738.1
OG0001258	Utg323990_208	WP_205219805.1
OG0001259	Utg323990_207	WP_205219806.1
OG0001260	Utg323990_177	WP_205219771.1
OG0001261	Utg323990_156	WP_205218671.1
OG0001262	Utg323990_144	WP_205220033.1
OG0001263	Utg323990_114	WP_205219749.1
OG0001264	Utg323990_37	WP_275888999.1
OG0001265	Utg323074_210	WP_205218615.1
OG0001265	Utg323262_7	WP_205217336.1
OG0001266	Utg323074_125	WP_205219820.1
OG0001267	Utg323180_208	WP_205218239.1, WP_205218238.1, WP_205218021.1
OG0001269	Utg323152_401	WP_205219757.1
OG0001270	Utg323152_591	WP_275888994.1
OG0001271	Utg323152_203	WP_205218119.1
OG0001272	Utg323152_190	WP_205218078.1
OG0001273	Utg323152_231	WP_205219430.1
OG0001274	Utg323152_173	WP_205219714.1
OG0001275	Utg323152_87	WP_205218955.1
OG0001276	Utg323152_76	WP_205219744.1
OG0001277	Utg323152_75	WP_205219745.1
OG0001278	Utg323152_68	WP_205219739.1
OG0001279	Utg323152_67	WP_275889009.1
OG0001281	Utg323152_44	WP_205220050.1
OG0001282	Utg323152_43	WP_240192149.1
OG0001283	Utg323152_42	WP_205218145.1
OG0001291	Utg323392_23	WP_205219337.1
OG0001292	Utg323392_24	WP_205220207.1
OG0001293	Utg323392_27	WP_205220212.1
OG0001294	Utg323392_87	WP_205218150.1
OG0001295	Utg323152_553	WP_205218750.1
OG0001298	Utg323632_300	WP_205218923.1
OG0001300	Utg323316_198	WP_205219583.1
OG0001301	Utg323632_16, Utg323632_15	WP_205217757.1
OG0001303	Utg323632_288	WP_205218912.1
OG0001304	Utg323180_508	WP_205218657.1
OG0001305	Utg323180_513	WP_205219550.1
OG0001306	Utg323632_37, Utg323632_36	WP_205217773.1
OG0001308	Utg323300_381	WP_205218427.1
OG0001309	Utg323392_100	WP_205218154.1
OG0001310	Utg323152_200	WP_205218116.1
OG0001311	Utg323074_49	WP_205219264.1
OG0001314	Utg323180_567	WP_205217407.1
OG0001319	Utg323990_181	WP_205220323.1
OG0001330	Utg323180_706	WP_205219098.1
OG0001332	Utg323990_57	WP_205218173.1
OG0001334	Utg323160_118	WP_205218066.1
OG0001338	Utg323074_156	WP_205219187.1
OG0001339	Utg323632_143	WP_275888943.1
OG0001340	Utg324548_5	WP_205219265.1
OG0001341	Utg323152_137	WP_205218652.1
OG0001344	Utg323300_285	WP_205217518.1
OG0001346	Utg323990_134	WP_205218705.1
OG0001347	Utg324548_35	WP_275888977.1
OG0001348	Utg323140_133	WP_240192042.1
OG0001350	Utg323140_258	WP_240192040.1
OG0001351	Utg323140_257	WP_205218787.1
OG0001353	Utg323180_491	WP_205218857.1
OG0001354	Utg323180_485	WP_205218852.1
OG0001355	Utg323152_168	WP_205218733.1
OG0001357	Utg323990_123	WP_205218368.1
OG0001359	Utg324810_88	WP_205217297.1
OG0001362	Utg323632_61	WP_240191949.1
OG0001363	Utg323632_286	WP_205218911.1
OG0001364	Utg323990_216	WP_205219802.1
OG0001365	Utg323140_112	WP_205218862.1
OG0001367	Utg323160_68	WP_205218543.1
OG0001370	Utg323160_90	WP_205219115.1
OG0001371	Utg323160_25	WP_205217317.1
OG0001371	Utg323300_203	WP_205219947.1
OG0001374	Utg323140_113	WP_205218861.1
OG0001375	Utg323152_237	WP_205218258.1
OG0001378	Utg323392_106	WP_240191981.1
OG0001379	Utg323140_256	WP_205218788.1
OG0001385	Utg323180_489	WP_205218858.1
OG0001387	Utg323180_272	WP_205217692.1
OG0001389	Utg323316_104	WP_240192109.1
OG0001390	Utg323074_127	WP_205219818.1
OG0001391	Utg323300_157, Utg323300_155	WP_205217592.1
OG0001394	Utg323180_709	WP_205219100.1
OG0001395	Utg323180_688	WP_205219653.1
OG0001397	Utg323632_12	WP_205217754.1
OG0001399	Utg323180_635	WP_205217809.1
OG0001400	Utg323180_98, Utg323140_244, Utg323262_132	WP_205218046.1
OG0001401	Utg323180_602	WP_205217654.1
OG0001403	Utg323180_260	WP_205219048.1
OG0001404	Utg323180_258	WP_205219046.1
OG0001405	Utg323180_256	WP_205219044.1
OG0001406	Utg323180_255	WP_205219043.1
OG0001407	Utg323180_232	WP_205217328.1
OG0001408	Utg323180_230	WP_240191903.1
OG0001409	Utg323180_209	WP_205217398.1
OG0001410	Utg324810_97, Utg324810_102, Utg323160_10	WP_205217305.1
OG0001411	Utg323392_169	WP_240191973.1
OG0001414	Utg323180_104	WP_205220113.1
OG0001416	Utg323180_24	WP_205219021.1
OG0001417	Utg323074_181	WP_240191906.1
OG0001418	Utg323140_71, Utg323140_70	WP_205218803.1
OG0001420	Utg323180_159	WP_205218031.1
OG0001421	Utg323140_208	WP_205218511.1
OG0001425	Utg323160_127, Utg323266_8	WP_205219463.1
OG0001427	Utg323180_246	WP_240192037.1
OG0001428	Utg323160_108	WP_240192023.1
OG0001429	Utg323160_32	WP_205218509.1
OG0001430	Utg324810_30	WP_205219288.1
OG0001431	Utg324810_31	WP_205219292.1
OG0001434	Utg323300_79	WP_205219276.1
OG0001435	Utg323632_379	WP_205219074.1
OG0001440	Utg323180_13	WP_205218095.1
OG0001441	Utg323300_170	WP_205217343.1
OG0001442	Utg323300_176	WP_205219869.1
OG0001443	Utg323300_186	WP_205219626.1
OG0001444	Utg323300_199	WP_205217458.1
OG0001445	Utg323300_278	WP_205217522.1
OG0001446	Utg323300_314	WP_205217500.1
OG0001447	Utg323300_315	WP_205217499.1
OG0001448	Utg323300_346	WP_205217484.1
OG0001450	Utg323300_363	WP_205218423.1
OG0001451	Utg323300_392	WP_205218436.1
OG0001452	Utg323316_327	WP_205218447.1
OG0001453	Utg323316_313	WP_205219878.1
OG0001454	Utg323316_307	WP_205218453.1
OG0001456	Utg323140_221	WP_205218474.1
OG0001458	Utg323448_42	WP_205217960.1
OG0001459	Utg323448_43	WP_205217959.1
OG0001461	Utg323262_96	WP_205219239.1
OG0001462	Utg323262_112	WP_205219252.1
OG0001463	Utg323152_415	WP_205218717.1, WP_205219871.1
OG0001464	Utg323262_115	WP_205219256.1
OG0001465	Utg323262_162	WP_275888998.1
OG0001466	Utg323262_163	WP_205219262.1
OG0001467	Utg323300_237	WP_240192093.1
OG0001469	Utg324548_17	WP_205218374.1
OG0001470	Utg324548_36	WP_240192034.1
OG0001472	Utg323990_122	WP_205217397.1
OG0001476	Utg323990_61	WP_275888992.1, WP_205219155.1, WP_205219144.1
OG0001477	Utg323074_194	WP_205219768.1
OG0001479	Utg323074_140	WP_205219121.1
OG0001481	Utg323392_167	WP_205217732.1
OG0001483	Utg323392_133	WP_205219646.1, WP_205220442.1, WP_205220070.1
OG0001484	Utg323152_483	WP_205220078.1
OG0001485	Utg323152_448	WP_205218991.1
OG0001486	Utg323152_398	WP_205219760.1
OG0001487	Utg323152_393	WP_205219799.1
OG0001488	Utg323152_63	WP_205218719.1
OG0001489	Utg323140_21, Utg323152_59	WP_205218744.1
OG0001507	Utg323392_42	WP_205220199.1
OG0001508	Utg323392_53	WP_205219069.1
OG0001510	Utg323392_105	WP_205218158.1
OG0001513	Utg323392_18	WP_205218714.1
OG0001514	Utg323152_594	WP_205219741.1
OG0001515	Utg323152_595	WP_205219742.1
OG0001516	Utg323074_67	WP_205219200.1
OG0001517	Utg323632_369	WP_275888982.1
OG0001518	Utg323632_231	WP_205218689.1
OG0001519	Utg323632_77	WP_205218174.1
OG0001520	Utg323632_69	WP_240192128.1
OG0001521	Utg323632_28	WP_205218568.1
OG0001522	Utg323632_17	WP_205217758.1
OG0001523	Utg323152_126	WP_205217700.1
OG0001524	Utg323316_132	WP_205219554.1
OG0001525	Utg323152_157	WP_205220282.1
OG0001527	Utg323152_399	WP_205219759.1
OG0001528	Utg323392_44	WP_205220200.1
OG0001529	Utg323152_597	WP_205219743.1
OG0001530	Utg323300_212, Utg323316_332	WP_205218443.1
OG0001531	Utg323632_220	WP_205218905.1
OG0001532	Utg323152_396	WP_205219796.1
OG0001534	Utg323300_221	WP_205219011.1
OG0001535	Utg323180_615	WP_275888941.1
OG0001536	Utg323180_257	WP_205219045.1
OG0001540	Utg323152_416	WP_205217325.1
OG0001542	Utg323180_190	WP_205219255.1
OG0001546	Utg323300_151	WP_205217565.1
OG0001547	Utg323300_296	WP_205217513.1
OG0001548	Utg323392_177	WP_205219017.1
OG0001567	Utg323266_34	WP_205220239.1
OG0001578	Utg323074_66	WP_205219201.1
OG0001580	Utg323266_32	WP_205219477.1
OG0001582	Utg324810_81	WP_205219007.1
OG0001589	Utg323990_64	WP_205218964.1
OG0001592	Utg323266_33	WP_205219476.1
OG0001596	Utg323180_219	WP_205218190.1
OG0001600	Utg323392_35	WP_205218489.1
OG0001601	Utg323152_502	WP_205220076.1
OG0001606	Utg323140_263	WP_205218781.1
OG0001608	Utg323152_585	WP_205217539.1
OG0001609	Utg323316_232	WP_205220015.1
OG0001615	Utg323140_61	WP_205218799.1
OG0001621	Utg323300_338	WP_205220345.1
OG0001624	Utg323632_331	WP_205220381.1
OG0001628	Utg323180_701	WP_205219097.1
OG0001633	Utg323180_473	WP_240192052.1
OG0001634	Utg323180_472	WP_205218843.1
OG0001635	Utg323180_437	WP_205217525.1
OG0001636	Utg323152_434	WP_205218664.1
OG0001637	Utg323180_319	WP_205219282.1
OG0001639	Utg323180_294	WP_205218688.1
OG0001640	Utg323180_273	WP_240192065.1
OG0001641	Utg323180_254	WP_205219042.1
OG0001644	Utg323180_227	WP_205217342.1
OG0001649	Utg323160_19	WP_152943676.1
OG0001650	Utg323160_18	WP_205217312.1
OG0001651	Utg324810_106, Utg323160_14	WP_205217309.1
OG0001658	Utg323180_26	WP_205219029.1
OG0001659	Utg323180_25	WP_205219022.1
OG0001660	Utg323140_94	WP_205218804.1
OG0001661	Utg323140_95	WP_205218805.1
OG0001664	Utg323140_165	WP_205219632.1
OG0001665	Utg323140_177	WP_205219330.1
OG0001666	Utg323140_207	WP_205218512.1
OG0001669	Utg323152_96	WP_205220018.1
OG0001670	Utg323140_232	WP_205218520.1
OG0001671	Utg323140_235	WP_205218518.1
OG0001672	Utg323300_424	WP_240192016.1
OG0001673	Utg323140_267, Utg325220_61	WP_205218623.1
OG0001675	Utg323140_127	WP_205217877.1
OG0001679	Utg323262_51, Utg323140_66	WP_205217819.1
OG0001680	Utg323160_121	WP_205218806.1
OG0001681	Utg323160_119	WP_240192024.1
OG0001682	Utg323160_115	WP_205218795.1
OG0001685	Utg323160_36	WP_240191914.1
OG0001686	Utg323140_195	WP_205218223.1
OG0001687	Utg324810_22	WP_205218343.1
OG0001693	Utg323300_100	WP_240192096.1
OG0001694	Utg323300_106	WP_205219396.1
OG0001698	Utg324810_93	WP_205217564.1
OG0001699	Utg323392_67	WP_205219493.1
OG0001700	Utg323300_171	WP_205218371.1
OG0001701	Utg323300_192	WP_205217462.1
OG0001703	Utg323300_213	WP_205217457.1
OG0001705	Utg323300_325, Utg323300_324	WP_205217494.1
OG0001706	Utg323300_344	WP_205217486.1
OG0001707	Utg323300_354	WP_205217523.1
OG0001709	Utg323316_345	WP_205218438.1
OG0001712	Utg323316_312	WP_205219879.1
OG0001713	Utg323316_150	WP_205219008.1
OG0001715	Utg323316_101	WP_205219546.1
OG0001716	Utg323316_97, Utg323632_2	WP_240192115.1
OG0001717	Utg323316_85	WP_205220261.1
OG0001718	Utg323448_45	WP_205217957.1
OG0001719	Utg323448_46	WP_205217956.1
OG0001720	Utg323262_98	WP_205219241.1
OG0001721	Utg323300_240	WP_205219353.1
OG0001725	Utg324548_32	WP_205218291.1
OG0001726	Utg324548_34	WP_205218290.1
OG0001728	Utg323990_169	WP_205217803.1
OG0001734	Utg323392_183	WP_205219314.1
OG0001735	Utg323392_135	WP_205219648.1
OG0001738	Utg323152_212	WP_205218127.1
OG0001743	Utg323152_53	WP_205220059.1
OG0001744	Utg323990_107	WP_240192007.1
OG0001745	Utg323152_41	WP_205218146.1
OG0001746	Utg323152_40	WP_205218147.1
OG0001752	Utg323632_207	WP_205220067.1
OG0001753	Utg323392_47	WP_205220048.1
OG0001754	Utg323392_49	WP_205219070.1
OG0001755	Utg323392_98	WP_205218153.1
OG0001756	Utg323392_103	WP_205218156.1
OG0001758	Utg323392_131	WP_205218747.1
OG0001759	Utg323074_58	WP_205219206.1
OG0001760	Utg323074_60	WP_205219204.1
OG0001761	Utg323074_62	WP_205219203.1
OG0001762	Utg323074_63	WP_205219202.1
OG0001764	Utg323632_297	WP_205218920.1
OG0001768	Utg323632_139	WP_240191939.1
OG0001769	Utg323632_132	WP_205217645.1
OG0001771	Utg323632_20	WP_205217761.1
OG0001772	Utg323140_218	WP_205218477.1
OG0001773	Utg323152_447	WP_205218992.1, WP_205220181.1
OG0001774	Utg323152_144	WP_205219614.1
OG0001776	Utg323074_200, Utg323262_8, Utg323152_519	WP_205219142.1
OG0001778	Utg323140_59	WP_205217671.1
OG0001779	Utg323140_183	WP_205219325.1
OG0001780	Utg323152_252, Utg323152_251	WP_205219063.1
OG0001782	Utg323180_14	WP_205218704.1
OG0001788	Utg323180_580	WP_205219699.1
OG0001797	Utg323392_181	WP_205218777.1
OG0001799	Utg323448_120	WP_205218362.1
OG0001802	Utg324548_23	WP_205218741.1
OG0001803	Utg324810_2	WP_205219116.1
OG0001822	Utg323262_59	WP_205218057.1
OG0001834	Utg323152_116	WP_205219836.1
OG0001840	Utg323180_422	WP_205217595.1
OG0001842	Utg324810_57	WP_205219408.1
OG0001868	Utg323180_710	WP_205219101.1
OG0001869	Utg323180_707	WP_240192068.1
OG0001879	Utg323180_242	WP_205217340.1
OG0001880	Utg323180_241	WP_205217339.1
OG0001881	Utg323180_195	WP_205217399.1
OG0001882	Utg324810_103, Utg323160_11	WP_205217306.1
OG0001884	Utg323180_124	WP_205219750.1
OG0001885	Utg323180_101	WP_205220117.1
OG0001886	Utg323180_47	WP_205217781.1
OG0001887	Utg323180_46	WP_205217780.1
OG0001888	Utg323180_40	WP_205219041.1
OG0001889	Utg323180_7	WP_205217440.1
OG0001890	Utg323140_58	WP_240191902.1
OG0001891	Utg323140_100	WP_205218808.1
OG0001899	Utg325220_113	WP_240192008.1
OG0001901	Utg323632_383	WP_205220028.1
OG0001902	Utg323160_117	WP_205218551.1
OG0001904	Utg323180_539	WP_205219301.1
OG0001905	Utg324810_82	WP_205219615.1
OG0001906	Utg324810_76	WP_240191997.1
OG0001909	Utg323300_96	WP_205219392.1
OG0001911	Utg323300_108	WP_205219397.1
OG0001924	Utg323300_226	WP_205217724.1
OG0001925	Utg323300_230	WP_205219274.1
OG0001926	Utg323300_290	WP_205217516.1
OG0001928	Utg323300_303	WP_205217507.1
OG0001930	Utg323300_331	WP_205219168.1
OG0001934	Utg323316_277, Utg323316_254	WP_205219695.1
OG0001935	Utg323316_237	WP_205218459.1
OG0001936	Utg323316_234	WP_205220017.1
OG0001937	Utg323316_228	WP_205220010.1
OG0001939	Utg323316_135	WP_205219555.1
OG0001942	Utg323316_86	WP_205218197.1
OG0001943	Utg323448_20	WP_205217450.1
OG0001944	Utg323448_25	WP_240191913.1
OG0001945	Utg323448_30	WP_205219439.1
OG0001946	Utg323140_216	WP_240192039.1
OG0001947	Utg323140_215	WP_205218707.1
OG0001948	Utg323448_34	WP_205217967.1
OG0001949	Utg323448_35	WP_205217966.1
OG0001950	Utg323448_36	WP_205217965.1
OG0001951	Utg323448_103	WP_205217904.1
OG0001953	Utg323262_99	WP_205219242.1
OG0001954	Utg323262_100	WP_205219243.1
OG0001955	Utg323262_105	WP_205219248.1
OG0001960	Utg323990_157	WP_205218670.1
OG0001963	Utg323990_136	WP_205218684.1
OG0001964	Utg323990_135	WP_205220109.1
OG0001965	Utg323990_120	WP_205219277.1
OG0001967	Utg323990_73	WP_205220132.1
OG0001970	Utg323990_39	WP_240191909.1
OG0001971	Utg323392_221	WP_205219831.1
OG0001973	Utg324810_79	WP_205218794.1
OG0001974	Utg323152_499	WP_205220077.1
OG0001976	Utg323180_161	WP_240191975.1
OG0001977	Utg323152_445	WP_205218995.1
OG0001979	Utg323152_433	WP_205218665.1
OG0001980	Utg323152_421	WP_205219010.1
OG0001984	Utg323152_228	WP_240191989.1
OG0001985	Utg323152_204	WP_205218120.1
OG0001986	Utg323152_187	WP_205218720.1
OG0001987	Utg323152_182	WP_205218723.1
OG0001988	Utg323152_181	WP_205218724.1
OG0001991	Utg323152_79	WP_205219773.1
OG0001992	Utg323152_61	WP_205218743.1
OG0001994	Utg323152_54	WP_205220060.1
OG0001995	Utg323152_52	WP_205220058.1
OG0001996	Utg323152_51	WP_205220057.1
OG0001997	Utg323152_50	WP_205220056.1
OG0001999	Utg323152_261	WP_205218957.1
OG0002004	Utg323392_112	WP_205218962.1
OG0002005	Utg323392_121	WP_205219190.1
OG0002006	Utg323392_127	WP_205218745.1
OG0002009	Utg323152_477	WP_205220082.1
OG0002010	Utg323074_109	WP_205219198.1
OG0002011	Utg323392_261	WP_205218883.1
OG0002012	Utg323632_353	WP_205219131.1
OG0002013	Utg323632_290	WP_205218914.1
OG0002014	Utg323632_289	WP_205218913.1
OG0002015	Utg323632_213	WP_205218900.1
OG0002016	Utg323632_131	WP_205217644.1
OG0002017	Utg323632_126	WP_205217641.1
OG0002018	Utg323632_125	WP_205217640.1
OG0002019	Utg323632_124	WP_205217639.1
OG0002020	Utg323632_87	WP_205217615.1
OG0002021	Utg323632_73	WP_205218178.1
OG0002022	Utg323392_92	WP_205219509.1
OG0002023	Utg323152_432	WP_205219479.1
OG0002024	Utg323180_194	WP_205217400.1
OG0002025	Utg323152_49	WP_205220055.1
OG0002026	Utg323262_97	WP_205219240.1
OG0002027	Utg323392_41	WP_240192060.1
OG0002028	Utg323632_249	WP_205219181.1
OG0002029	Utg324810_38	WP_205218318.1
OG0002030	Utg323140_259	WP_205218785.1
OG0002033	Utg323180_11	WP_205218755.1
OG0002036	Utg323316_199	WP_205218934.1
OG0002037	Utg323180_664	WP_205220168.1
OG0002042	Utg323074_219	WP_205220000.1
OG0002046	Utg323152_113	WP_205219443.1
OG0002047	Utg323152_118	WP_205217983.1
OG0002051	Utg323152_475	WP_205220159.1
OG0002054	Utg323180_207, Utg323180_206	WP_205218661.1
OG0002057	Utg323180_585	WP_205220328.1
OG0002058	Utg323262_64	WP_205218836.1
OG0002059	Utg323262_66	WP_205218834.1
OG0002060	Utg323262_131	WP_205218315.1
OG0002061	Utg323300_143	WP_205219112.1, WP_205219105.1
OG0002062	Utg323300_256	WP_205218754.1
OG0002064	Utg323316_58	WP_205218360.1
OG0002068	Utg323632_203	WP_205217303.1
OG0002069	Utg325220_16	WP_205219722.1
OG0002108	Utg323300_454	WP_205219311.1
OG0002122	Utg323392_119	WP_205218479.1
OG0002125	Utg323262_22	WP_205217468.1
OG0002126	Utg323160_96	WP_205219219.1
OG0002127	Utg323160_94	WP_205219351.1
OG0002144	Utg323152_82	WP_205218488.1
OG0002155	Utg323180_652	WP_240191955.1
OG0002158	Utg323180_495	WP_205218859.1
OG0002160	Utg324810_33	WP_205220424.1
OG0002161	Utg323180_295	WP_205218687.1
OG0002162	Utg323180_275	WP_205219055.1
OG0002163	Utg323180_266	WP_205218535.1
OG0002164	Utg323180_265	WP_205219785.1
OG0002166	Utg323392_198	WP_205218389.1
OG0002167	Utg323160_9	WP_205217304.1
OG0002178	Utg323152_125	WP_240192141.1
OG0002179	Utg323140_229	WP_205218523.1
OG0002180	Utg323140_230	WP_205218522.1
OG0002181	Utg323140_231	WP_205218521.1
OG0002182	Utg323140_233	WP_205218519.1
OG0002184	Utg323140_250	WP_205217481.1
OG0002185	Utg323140_260	WP_205218784.1
OG0002186	Utg323140_262	WP_205218782.1
OG0002189	Utg323632_380	WP_205217551.1
OG0002192	Utg323262_58	WP_205218058.1
OG0002193	Utg323160_43	WP_240192021.1
OG0002195	Utg324810_23	WP_205218342.1
OG0002204	Utg323180_112	WP_205218070.1
OG0002210	Utg323300_172	WP_205218373.1, WP_205218372.1
OG0002211	Utg323300_173	WP_275888969.1
OG0002212	Utg323300_188	WP_205218589.1
OG0002213	Utg323300_195	WP_205217460.1
OG0002214	Utg323300_227	WP_205217723.1
OG0002215	Utg323300_228	WP_205217722.1
OG0002216	Utg323300_261	WP_205217561.1
OG0002217	Utg323300_277	WP_205220083.1
OG0002220	Utg323300_347	WP_205217483.1
OG0002225	Utg323316_240	WP_205218463.1
OG0002226	Utg323316_239	WP_205218464.1
OG0002235	Utg323316_82	WP_205220265.1
OG0002236	Utg323316_72	WP_205220270.1
OG0002237	Utg323316_66	WP_205217613.1
OG0002239	Utg323074_68	WP_205219165.1
OG0002240	Utg323300_238	WP_205219355.1
OG0002242	Utg324548_33	WP_205220455.1
OG0002243	Utg323990_212	WP_205219803.1
OG0002252	Utg323392_156	WP_240191952.1
OG0002253	Utg323392_143	WP_205217750.1
OG0002259	Utg323152_441	WP_205218998.1
OG0002265	Utg323152_158	WP_205217353.1
OG0002273	Utg323300_216	WP_240192137.1
OG0002290	Utg323632_50	WP_205217660.1
OG0002292	Utg323632_11	WP_205217753.1
OG0002293	Utg323140_217	WP_205218709.1
OG0002301	Utg323316_73	WP_205220269.1
OG0002302	Utg323152_122	WP_205218757.1
OG0002303	Utg323152_124	WP_205218107.1
OG0002307	Utg323074_79	WP_205220329.1
OG0002308	Utg323074_87	WP_240192043.1
OG0002309	Utg323140_155	WP_205218339.1
OG0002318	Utg323180_15	WP_205218896.1
OG0002319	Utg323180_19	WP_205217534.1
OG0002321	Utg323180_72	WP_275888933.1
OG0002324	Utg323180_205	WP_205218662.1
OG0002326	Utg323180_348	WP_205219164.1, WP_205219988.1, WP_205219991.1, WP_205219224.1
OG0002327	Utg323180_384	WP_205219388.1
OG0002328	Utg323180_411	WP_205219492.1
OG0002329	Utg323180_448	WP_205218305.1
OG0002334	Utg323262_182, Utg323262_185	WP_205218659.1
OG0002342	Utg323316_50	WP_205219996.1
OG0002344	Utg323316_366	WP_240191926.1
OG0002345	Utg323392_10	WP_205218411.1
OG0002346	Utg323392_12	WP_205218410.1
OG0002353	Utg325220_67	WP_240192048.1
OG0002354	Utg325220_95	WP_205218328.1
OG0002491	Utg323140_116	WP_205217614.1
OG0002497	Utg323180_647	WP_205219313.1
OG0002509	Utg323262_50	WP_205219489.1
OG0002517	Utg323266_97	WP_205219784.1
OG0002523	Utg323300_128, Utg323140_204	WP_240191976.1
OG0002524	Utg323262_55	WP_205218061.1
OG0002531	Utg324810_21	WP_205218660.1
OG0002564	Utg323140_214	WP_205218706.1
OG0002610	Utg323074_112	WP_205218024.1
OG0002636	Utg323180_646	WP_205219312.1
OG0002656	Utg323152_467	WP_275888950.1
OG0002675	Utg323180_645	WP_205217810.1
OG0002680	Utg323300_34	WP_205218321.1
OG0002682	Utg323300_320	WP_205217729.1
OG0002686	Utg323316_44	WP_205219993.1
OG0002702	Utg323990_95	WP_205219723.1
OG0002705	Utg323990_230	WP_205217428.1
OG0002865	Utg323074_148	WP_205220174.1
OG0002874	Utg323074_189	WP_205219595.1
OG0002910	Utg323180_469	WP_205219917.1
OG0002911	Utg323392_190	WP_205220175.1
OG0002960	Utg323316_233	WP_205220016.1
OG0002963	Utg323300_435	WP_205218716.1
OG0002976	Utg323990_130	WP_205217552.1
OG0002979	Utg323152_367	WP_205219154.1
OG0003019	Utg323262_133	WP_205217435.1
OG0003025	Utg323152_285	WP_205219606.1
OG0003057	Utg323152_184	WP_205218722.1
OG0003071	Utg323180_169	WP_205219220.1, WP_205218316.1, WP_205218532.1
OG0003076	Utg323180_398	WP_205218907.1
OG0003092	Utg323300_22	WP_205217984.1
OG0003093	Utg323300_23	WP_205220232.1
OG0003112	Utg323316_244	WP_205219562.1
OG0003137	Utg325220_84	WP_205217693.1, WP_205217702.1
OG0003526	Utg323262_61	WP_205218055.1
OG0003527	Utg323262_54	WP_205218062.1
OG0003532	Utg323160_109	WP_205218089.1
OG0003650	Utg323262_56	WP_205218060.1
OG0003670	Utg323152_238	WP_240192003.1
OG0003684	Utg323180_145	WP_205220349.1, WP_205219013.1
OG0003696	Utg323180_445	WP_205218309.1
OG0003697	Utg323180_451	WP_205218308.1
OG0003710	Utg323262_117	WP_205219898.1
OG0003711	Utg323262_118	WP_205219897.1
OG0003726	Utg323300_77	WP_205219882.1
OG0003736	Utg323316_36, Utg323300_458	WP_205217698.1
OG0003746	Utg323316_48	WP_205219994.1
OG0003787	Utg325220_5	WP_205218643.1
OG0004671	Utg323152_239	WP_205218256.1
OG0004766	Utg323266_57	WP_205218701.1
OG0004796	Utg323316_49	WP_205219995.1
OG0004798	Utg323316_64	WP_205220339.1
OG0004849	Utg325220_76	WP_205220152.1
