Orthogroup	Desulfocapsa sulfexigens DSM 10523	Desulfosediminicola ganghwensis IMCC35004
OG0000000	WP_015405628.1	WP_136797951.1
OG0000000	WP_015404870.1, WP_015402904.1	WP_136798351.1
OG0000000	WP_015403470.1	WP_136798833.1
OG0000000	WP_015404602.1	WP_217907585.1
OG0000000	WP_015404730.1	WP_136797758.1
OG0000000	WP_015403104.1, WP_015404836.1	WP_136799830.1
OG0000000	WP_015405714.1	WP_275942930.1
OG0000000	WP_015404574.1	WP_136795862.1
OG0000000	WP_015405247.1, WP_015404443.1, WP_015405235.1	WP_136798339.1, WP_136796441.1
OG0000000	WP_015404190.1	WP_136797028.1, WP_136799931.1
OG0000000	WP_228130058.1	WP_136796539.1
OG0000000	WP_015402874.1	WP_176360009.1, WP_228721410.1
OG0000000	WP_052326964.1	WP_136799495.1
OG0000000	WP_015405199.1, WP_015404515.1	WP_136798421.1
OG0000000	WP_015404367.1	WP_136798981.1
OG0000001	WP_015402638.1	WP_136796374.1
OG0000001	WP_015403644.1	WP_136798931.1
OG0000001	WP_015402811.1	WP_136798799.1
OG0000001	WP_167320702.1	WP_136799195.1
OG0000002	WP_015404618.1	WP_136795378.1
OG0000002	WP_041916771.1	WP_275942949.1, WP_167495633.1
OG0000004	WP_015405091.1	WP_136796385.1
OG0000004	WP_015402402.1	WP_136798650.1, WP_167495700.1
OG0000004	WP_015405656.1	WP_167495840.1
OG0000004	WP_015405739.1, WP_015402401.1, WP_015402421.1, WP_052326944.1, WP_015403175.1, WP_015402868.1	WP_136798338.1
OG0000004	WP_015402970.1	WP_136795716.1
OG0000005	WP_015405658.1, WP_015404343.1, WP_015403003.1	WP_136799362.1
OG0000005	WP_167320730.1	WP_167495679.1
OG0000007	WP_015405611.1	WP_228721345.1
OG0000007	WP_015405734.1	WP_136796543.1
OG0000007	WP_041916547.1	WP_136795639.1
OG0000007	WP_015404120.1	WP_136795569.1
OG0000007	WP_015403101.1	WP_217907574.1, WP_136796830.1
OG0000007	WP_015404400.1	WP_136796500.1
OG0000008	WP_015403337.1	WP_167495786.1
OG0000008	WP_015403510.1	WP_136796821.1
OG0000008	WP_015404768.1	WP_136798618.1
OG0000009	WP_015405657.1	WP_136799743.1
OG0000009	WP_015405427.1	WP_167495941.1, WP_228721437.1
OG0000010	WP_015404680.1	WP_136795772.1
OG0000011	WP_015403675.1	WP_136796520.1, WP_136796063.1
OG0000012	WP_015405394.1	WP_136799858.1
OG0000012	WP_228130022.1	WP_228721381.1
OG0000012	WP_015403471.1	WP_136796722.1
OG0000013	WP_015404193.1	WP_228721392.1, WP_136799928.1
OG0000013	WP_015404186.1	WP_136797029.1, WP_136799932.1, WP_136797031.1
OG0000014	WP_015403048.1	WP_176360024.1
OG0000014	WP_015403432.1	WP_136795451.1
OG0000014	WP_015403639.1	WP_136798954.1
OG0000015	WP_015404994.1, WP_015405754.1	WP_136798539.1
OG0000015	WP_015403214.1	WP_228721502.1
OG0000016	WP_015403249.1	WP_136799792.1
OG0000017	WP_015404508.1	WP_136796602.1
OG0000018	WP_015405040.1	WP_136795787.1
OG0000018	WP_015405587.1	WP_136799915.1
OG0000018	WP_015404684.1	WP_136798307.1
OG0000018	WP_228130074.1	WP_167495927.1
OG0000019	WP_015403161.1	WP_136796978.1
OG0000019	WP_015403047.1	WP_228721469.1
OG0000020	WP_015405231.1, WP_015404437.1, WP_015405244.1	WP_136796993.1
OG0000020	WP_015404863.1	WP_136798358.1
OG0000020	WP_015403536.1	WP_267314022.1
OG0000021	WP_015405210.1	WP_136799193.1
OG0000022	WP_015405396.1	WP_136798804.1, WP_136796834.1
OG0000023	WP_015403473.1	WP_136798831.1
OG0000023	WP_015403474.1	WP_136798830.1
OG0000023	WP_015402850.1	WP_136796827.1
OG0000024	WP_015405350.1	WP_136796326.1
OG0000024	WP_015402645.1, WP_015402478.1	WP_136798855.1
OG0000024	WP_015403732.1	WP_136796891.1
OG0000025	WP_041916396.1	WP_136796934.1, WP_136796878.1, WP_136797803.1, WP_136796860.1
OG0000026	WP_015403451.1	WP_136795497.1
OG0000026	WP_015403738.1	WP_136799106.1
OG0000026	WP_015403942.1	WP_136795158.1
OG0000027	WP_083907219.1	WP_136795589.1
OG0000027	WP_228130083.1, WP_265588650.1, WP_228130054.1	WP_136797362.1
OG0000028	WP_015404516.1, WP_015405200.1	WP_136798422.1
OG0000028	WP_015404192.1	WP_136799929.1, WP_136797026.1
OG0000029	WP_167320727.1	WP_136797658.1
OG0000029	WP_015403405.1	WP_136797424.1
OG0000030	WP_228130041.1	WP_228721452.1
OG0000031	WP_015404265.1	WP_136798099.1
OG0000031	WP_015405368.1, WP_015403311.1	WP_153305538.1
OG0000032	WP_015403973.1	WP_136795138.1
OG0000032	WP_015403801.1	WP_136799837.1
OG0000032	WP_015403541.1	WP_136795593.1
OG0000033	WP_015403598.1	WP_228721439.1
OG0000034	WP_015404767.1	WP_136798619.1
OG0000035	WP_015402576.1, WP_015404344.1, WP_015403874.1, WP_015403839.1	WP_136796974.1
OG0000038	WP_015404535.1	WP_136796619.1
OG0000038	WP_015402313.1	WP_136797873.1
OG0000038	WP_015402314.1	WP_136797874.1
OG0000039	WP_015405087.1	WP_136798188.1
OG0000040	WP_015404697.1	WP_136796808.1
OG0000040	WP_015403788.1, WP_015404594.1	WP_136799761.1
OG0000041	WP_015404769.1	WP_136798488.1
OG0000041	WP_015403613.1	WP_167495619.1
OG0000042	WP_041916557.1	WP_217907590.1
OG0000042	WP_015403963.1	WP_136795372.1
OG0000042	WP_015404842.1	WP_136799831.1
OG0000042	WP_015404992.1	WP_275942936.1
OG0000043	WP_015402371.1	WP_136799174.1, WP_136799625.1
OG0000045	WP_015402866.1	WP_136797441.1
OG0000045	WP_015404579.1	WP_167495904.1, WP_267314012.1
OG0000045	WP_228130035.1	WP_136797412.1
OG0000046	WP_015402438.1	WP_136797836.1
OG0000046	WP_015405008.1	WP_136796683.1
OG0000046	WP_015404864.1	WP_136798359.1
OG0000047	WP_015404707.1	WP_136798300.1
OG0000048	WP_015404100.1	WP_136795596.1
OG0000049	WP_015404873.1	WP_136797013.1, WP_136798429.1, WP_136798433.1, WP_136795482.1, WP_136799871.1
OG0000050	WP_015403570.1	WP_136798658.1
OG0000050	WP_015403568.1	WP_136798659.1
OG0000051	WP_015404005.1	WP_136798861.1
OG0000051	WP_015403310.1, WP_153304915.1	WP_267313990.1
OG0000052	WP_015405485.1	WP_136796158.1
OG0000053	WP_015404739.1	WP_136797779.1
OG0000053	WP_015405788.1	WP_228721360.1
OG0000053	WP_228130071.1	WP_136795598.1
OG0000055	WP_015405217.1	WP_136796674.1
OG0000057	WP_015403643.1	WP_136798992.1
OG0000057	WP_015403138.1	WP_167495705.1, WP_136795513.1, WP_136798386.1, WP_136799419.1
OG0000058	WP_015402352.1	WP_136796804.1
OG0000058	WP_015405249.1, WP_015404440.1, WP_015405240.1, WP_015403671.1	WP_136799492.1
OG0000059	WP_083907268.1	WP_136795559.1
OG0000059	WP_015403273.1	WP_136796392.1, WP_136796893.1, WP_136799176.1
OG0000060	WP_015403496.1	WP_136799403.1
OG0000060	WP_015404589.1	WP_228721336.1
OG0000061	WP_015402468.1	WP_136798172.1
OG0000062	WP_041916419.1	WP_228721376.1
OG0000063	WP_015405546.1	WP_136799120.1
OG0000063	WP_015404799.1	WP_136798008.1
OG0000064	WP_015404547.1	WP_136796630.1
OG0000064	WP_015402710.1	WP_136796784.1
OG0000065	WP_015402731.1	WP_136799671.1
OG0000067	WP_015404777.1	WP_136797988.1
OG0000069	WP_015403151.1, WP_015402608.1	WP_228721441.1
OG0000069	WP_015403747.1	WP_228721419.1
OG0000069	WP_015404352.1	WP_136796966.1
OG0000070	WP_015404487.1	WP_136799869.1
OG0000071	WP_015405451.1	WP_136799261.1
OG0000072	WP_015405452.1	WP_136799262.1
OG0000074	WP_015402447.1	WP_136795663.1
OG0000077	WP_015404654.1	WP_136799204.1, WP_136799391.1, WP_136798867.1
OG0000077	WP_015404715.1	WP_136797723.1
OG0000078	WP_015402312.1	WP_136797872.1
OG0000078	WP_015403864.1	WP_136795211.1
OG0000078	WP_015403563.1	WP_136797307.1
OG0000079	WP_015402977.1, WP_015405417.1	WP_136798159.1
OG0000079	WP_015404623.1	WP_136798710.1
OG0000081	WP_153304848.1, WP_015402793.1	WP_136797478.1
OG0000085	WP_015403009.1	WP_136796338.1
OG0000085	WP_153304855.1	WP_136796087.1
OG0000086	WP_015403683.1	WP_136795286.1
OG0000086	WP_265588649.1	WP_136799066.1
OG0000087	WP_015404821.1	WP_136798368.1
OG0000091	WP_015402418.1	WP_136795688.1
OG0000091	WP_015404791.1	WP_267314029.1
OG0000092	WP_015403796.1	WP_136796869.1
OG0000092	WP_015402386.1	WP_136796490.1
OG0000093	WP_015402704.1	WP_136798528.1
OG0000094	WP_015404230.1	WP_136799863.1, WP_176360090.1
OG0000094	WP_015404703.1	WP_136798304.1
OG0000095	WP_015403025.1	WP_136795641.1
OG0000095	WP_265588636.1	WP_136799860.1
OG0000096	WP_015405356.1	WP_136800027.1
OG0000097	WP_015404820.1	WP_228721358.1
OG0000097	WP_015403348.1, WP_015403223.1	WP_136798365.1
OG0000098	WP_015402377.1	WP_136796883.1
OG0000098	WP_015405453.1	WP_136799263.1
OG0000099	WP_015403552.1, WP_015403528.1	WP_136798797.1
OG0000100	WP_015404401.1, WP_167320752.1, WP_015404701.1	WP_136798504.1
OG0000100	WP_015404121.1	WP_136795568.1
OG0000101	WP_228130039.1	WP_136796133.1
OG0000102	WP_015405674.1	WP_136798740.1
OG0000103	WP_015404021.1	WP_136795741.1
OG0000103	WP_015402491.1	WP_136795457.1
OG0000104	WP_228130081.1	WP_136796697.1
OG0000104	WP_015403990.1	WP_136795137.1
OG0000105	WP_015404793.1	WP_167495799.1
OG0000105	WP_015402408.1	WP_136795700.1
OG0000106	WP_015403625.1	WP_136799199.1
OG0000106	WP_015404007.1	WP_136797460.1
OG0000107	WP_153304789.1	WP_136796997.1
OG0000107	WP_052326938.1	WP_136797882.1
OG0000108	WP_015405353.1	WP_136795821.1
OG0000108	WP_015402336.1	WP_136797888.1
OG0000109	WP_015404943.1, WP_015405434.1, WP_015405438.1, WP_265588654.1	WP_217907575.1, WP_217907576.1
OG0000112	WP_015403936.1	WP_136795162.1
OG0000112	WP_015404001.1	WP_136798234.1
OG0000113	WP_015404088.1	WP_136795601.1
OG0000114	WP_015404279.1	WP_136798085.1
OG0000114	WP_015402582.1	WP_136796322.1
OG0000115	WP_015403910.1	WP_136795176.1
OG0000116	WP_015402490.1	WP_136796906.1
OG0000116	WP_015403565.1, WP_015403958.1	WP_136797346.1
OG0000117	WP_015403159.1	WP_136796980.1
OG0000118	WP_015403158.1	WP_136796981.1
OG0000119	WP_015402797.1	WP_228721364.1
OG0000121	WP_015403603.1, WP_041916370.1	WP_136799772.1
OG0000126	WP_015404803.1	WP_228721374.1
OG0000126	WP_015402913.1	WP_136797840.1
OG0000127	WP_015404182.1	WP_136798114.1, WP_136799486.1
OG0000127	WP_015404183.1	WP_136798113.1, WP_136799487.1
OG0000128	WP_015402505.1	WP_136796763.1
OG0000128	WP_015405039.1	WP_136795788.1
OG0000129	WP_015402307.1	WP_136797946.1
OG0000130	WP_015402762.1	WP_136796463.1
OG0000131	WP_153304997.1	WP_136797768.1
OG0000133	WP_015403281.1, WP_228130062.1	WP_228721521.1
OG0000133	WP_228130048.1	WP_136796853.1
OG0000134	WP_015402789.1	WP_136797419.1
OG0000134	WP_015405212.1	WP_136796679.1
OG0000135	WP_015403834.1	WP_136798501.1
OG0000136	WP_015405013.1	WP_136795808.1
OG0000136	WP_015405352.1	WP_136795820.1
OG0000142	WP_015404601.1	WP_167495789.1
OG0000142	WP_015405517.1	WP_167495869.1
OG0000143	WP_015402714.1	WP_136796789.1
OG0000144	WP_015404757.1	WP_136797809.1
OG0000144	WP_015404779.1	WP_136797990.1
OG0000145	WP_015402384.1	WP_136795140.1
OG0000147	WP_015404800.1	WP_136798009.1
OG0000149	WP_015404202.1	WP_136795704.1
OG0000150	WP_015404955.1	WP_136795891.1
OG0000150	WP_015403878.1	WP_136795197.1
OG0000151	WP_015404064.1	WP_228721372.1
OG0000152	WP_015402381.1	WP_136796510.1
OG0000152	WP_015402374.1	WP_136796511.1
OG0000153	WP_015404425.1	WP_136795927.1
OG0000153	WP_015402914.1	WP_136799344.1
OG0000154	WP_015403217.1	WP_136796369.1
OG0000155	WP_015404997.1	WP_136799056.1, WP_136798259.1
OG0000155	WP_015404996.1	WP_136798260.1
OG0000158	WP_015403712.1	WP_136797710.1
OG0000159	WP_208598504.1, WP_015404336.1, WP_015403472.1, WP_015403779.1, WP_015405738.1	WP_136799875.1
OG0000160	WP_015402570.1	WP_136796341.1
OG0000162	WP_041916377.1	WP_136795728.1, WP_136796297.1
OG0000163	WP_015403342.1	WP_136796117.1
OG0000163	WP_015404356.1	WP_136796962.1
OG0000164	WP_015403628.1	WP_136798769.1
OG0000165	WP_015402948.1	WP_136796042.1
OG0000166	WP_015405604.1	WP_136796654.1
OG0000166	WP_015404252.1	WP_136796310.1
OG0000167	WP_015403235.1	WP_136799493.1
OG0000167	WP_015404889.1	WP_136797693.1
OG0000169	WP_015404816.1	WP_136799778.1
OG0000170	WP_015403919.1	WP_136795168.1
OG0000171	WP_015402771.1	WP_136798343.1
OG0000171	WP_015404887.1	WP_228721370.1
OG0000172	WP_015404511.1	WP_136796611.1
OG0000173	WP_015403640.1	WP_136798955.1
OG0000173	WP_015403433.1	WP_136795452.1
OG0000174	WP_015402361.1	WP_136796534.1
OG0000174	WP_015403695.1	WP_136799964.1
OG0000176	WP_015403419.1	WP_136795439.1
OG0000177	WP_015402938.1	WP_136799697.1
OG0000178	WP_041916346.1	WP_136799423.1
OG0000178	WP_015403012.1	WP_167495794.1
OG0000180	WP_052326988.1	WP_267314032.1
OG0000180	WP_015403309.1	WP_136798149.1, WP_136799735.1
OG0000181	WP_015404063.1	WP_136799823.1
OG0000182	WP_015404788.1	WP_136798335.1, WP_136796291.1, WP_136797999.1
OG0000183	WP_208598531.1	WP_228721515.1
OG0000184	WP_015403677.1	WP_136799103.1
OG0000184	WP_015404418.1	WP_136795383.1
OG0000185	WP_015405172.1	WP_136799282.1
OG0000185	WP_015404124.1	WP_167495634.1
OG0000186	WP_015403116.1	WP_136795139.1, WP_136796574.1
OG0000187	WP_015404268.1	WP_136798096.1, WP_136798084.1
OG0000188	WP_015403875.1	WP_167495832.1, WP_136797034.1
OG0000189	WP_015404553.1	WP_167495659.1
OG0000190	WP_015404901.1	WP_136799722.1
OG0000191	WP_228130031.1	WP_136799623.1
OG0000191	WP_015402923.1, WP_015403618.1	WP_136798957.1
OG0000193	WP_015402732.1	WP_136799672.1
OG0000194	WP_015402613.1	WP_228721422.1
OG0000194	WP_015403363.1	WP_275942947.1
OG0000195	WP_015402308.1	WP_136797868.1
OG0000196	WP_015405758.1	WP_136798543.1
OG0000197	WP_015404178.1	WP_136798116.1
OG0000197	WP_015402858.1	WP_136795613.1
OG0000198	WP_015405101.1	WP_167495725.1
OG0000199	WP_015403925.1	WP_136795913.1
OG0000199	WP_015405043.1	WP_136799295.1
OG0000200	WP_015405573.1, WP_015403368.1	WP_136796236.1
OG0000201	WP_015402726.1	WP_167495912.1
OG0000202	WP_015403041.1	WP_136796191.1
OG0000203	WP_015403624.1	WP_136799198.1
OG0000203	WP_015405501.1	WP_136795326.1
OG0000204	WP_167320750.1, WP_041916292.1	WP_136798353.1
OG0000205	WP_052326952.1	WP_136796816.1
OG0000209	WP_015403972.1	WP_136795947.1
OG0000210	WP_153304845.1	WP_228721446.1
OG0000211	WP_015402955.1	WP_136795944.1
OG0000212	WP_015403425.1	WP_136795445.1
OG0000213	WP_015402864.1, WP_015404619.1	WP_136799586.1
OG0000215	WP_015405467.1	WP_136797669.1
OG0000215	WP_015403395.1	WP_136797400.1
OG0000216	WP_015403304.1, WP_015404094.1	WP_136796319.1, WP_136796305.1
OG0000217	WP_015404433.1	WP_136798268.1
OG0000218	WP_015405521.1	WP_136799185.1
OG0000219	WP_015403862.1	WP_136795256.1
OG0000221	WP_015402390.1	WP_136796482.1
OG0000222	WP_015404363.1	WP_136799627.1, WP_136796957.1
OG0000223	WP_015404744.1	WP_136797786.1
OG0000223	WP_041916376.1	WP_136795603.1
OG0000225	WP_228130059.1, WP_015402983.1	WP_136796339.1
OG0000225	WP_153304792.1	WP_136799395.1
OG0000226	WP_015403895.1	WP_136795182.1
OG0000227	WP_015405532.1	WP_136795610.1
OG0000228	WP_015404722.1	WP_136797734.1
OG0000229	WP_015403080.1	WP_136797844.1
OG0000229	WP_015403531.1	WP_136799519.1
OG0000230	WP_015405214.1	WP_136796677.1
OG0000232	WP_015404828.1, WP_228130015.1	WP_167495833.1
OG0000233	WP_015405001.1	WP_136799192.1
OG0000234	WP_015404541.1	WP_136796624.1
OG0000235	WP_015402571.1	WP_136795881.1
OG0000235	WP_015403933.1	WP_136795164.1
OG0000237	WP_015403027.1	WP_136795455.1
OG0000237	WP_015403550.1	WP_136799333.1
OG0000238	WP_015403087.1	WP_228721474.1
OG0000238	WP_015403615.1	WP_228721413.1
OG0000239	WP_015403176.1	WP_136796129.1
OG0000240	WP_015404338.1	WP_136798651.1
OG0000241	WP_015404417.1	WP_136799335.1
OG0000241	WP_015404839.1	WP_136798432.1, WP_217907681.1
OG0000243	WP_015404772.1	WP_136795705.1
OG0000244	WP_015404822.1	WP_136797096.1
OG0000245	WP_208598476.1	WP_136796580.1
OG0000248	WP_015402961.1	WP_136796054.1
OG0000250	WP_015405307.1	WP_228721415.1
OG0000252	WP_015405759.1	WP_136798544.1
OG0000253	WP_015405687.1	WP_136798729.1
OG0000257	WP_015404474.1	WP_136798972.1
OG0000257	WP_015403400.1	WP_136796084.1
OG0000258	WP_052327002.1	WP_136798303.1
OG0000259	WP_015404586.1	WP_136795856.1
OG0000260	WP_167320763.1	WP_136795470.1
OG0000261	WP_015404558.1	WP_228721335.1
OG0000262	WP_015405634.1	WP_136796483.1
OG0000264	WP_015403248.1	WP_136797181.1
OG0000264	WP_015403956.1	WP_136795150.1
OG0000265	WP_015403241.1	WP_136797172.1
OG0000265	WP_015403954.1	WP_136795152.1
OG0000266	WP_015403244.1	WP_136797177.1
OG0000266	WP_015403914.1	WP_136795173.1
OG0000268	WP_228130027.1	WP_217907614.1
OG0000268	WP_015402508.1	WP_136796766.1
OG0000269	WP_015404334.1	WP_228721394.1
OG0000269	WP_015404333.1	WP_136798040.1
OG0000270	WP_015403162.1	WP_136796977.1
OG0000271	WP_015402792.1	WP_136799331.1
OG0000273	WP_015404326.1	WP_136799640.1
OG0000274	WP_015403324.1	WP_136798962.1
OG0000275	WP_015404217.1	WP_136798312.1
OG0000276	WP_015404460.1	WP_176360008.1, WP_176360001.1, WP_176360014.1
OG0000277	WP_015404527.1	WP_136798455.1, WP_228721430.1
OG0000278	WP_015405763.1	WP_136798548.1
OG0000279	WP_015405243.1	WP_136796994.1, WP_136796988.1
OG0000281	WP_015405374.1	WP_136799054.1, WP_136797818.1, WP_136798858.1, WP_136797825.1, WP_136795978.1, WP_136799050.1
OG0000283	WP_015403418.1	WP_136795438.1
OG0000284	WP_015403619.1	WP_136799707.1, WP_167495665.1, WP_136796354.1
OG0000285	WP_015404434.1	WP_275942935.1
OG0000286	WP_015404559.1	WP_136795871.1
OG0000287	WP_015402629.1	WP_136797497.1, WP_167495767.1
OG0000288	WP_015405114.1	WP_136796288.1
OG0000290	WP_015404568.1	WP_136795867.1
OG0000291	WP_015404986.1	WP_136799698.1
OG0000293	WP_015405755.1	WP_136798540.1
OG0000295	WP_015404534.1	WP_136796618.1
OG0000296	WP_015403918.1	WP_136795169.1
OG0000297	WP_015403344.1	WP_136796115.1
OG0000298	WP_015404125.1	WP_136798649.1
OG0000299	WP_015403320.1	WP_136800019.1
OG0000299	WP_015405743.1	WP_228721361.1
OG0000300	WP_015403426.1	WP_136795446.1
OG0000301	WP_228130009.1	WP_228721397.1
OG0000302	WP_015403592.1	WP_217907611.1
OG0000306	WP_015405248.1	WP_136799972.1, WP_176360005.1, WP_176360041.1, WP_176359994.1
OG0000307	WP_015405767.1	WP_136798552.1
OG0000308	WP_015405760.1	WP_136798545.1
OG0000309	WP_015403758.1	WP_136795359.1
OG0000310	WP_015404633.1, WP_015404219.1, WP_015404235.1	WP_217907591.1
OG0000311	WP_015405461.1	WP_136796702.1
OG0000312	WP_015405651.1	WP_136798752.1
OG0000313	WP_015404163.1	WP_136799522.1
OG0000314	WP_015405762.1	WP_136798547.1
OG0000316	WP_015402519.1	WP_136796772.1
OG0000317	WP_015404977.1, WP_015402650.1, WP_015405136.1	WP_136799216.1
OG0000317	WP_015402674.1	WP_136795878.1
OG0000318	WP_015402849.1	WP_136796516.1
OG0000319	WP_015403020.1	WP_228721436.1
OG0000320	WP_015403444.1	WP_136798174.1, WP_136796156.1
OG0000321	WP_015404150.1	WP_136798133.1
OG0000322	WP_015404641.1	WP_136799817.1
OG0000323	WP_015404848.1	WP_136796691.1
OG0000324	WP_015404907.1	WP_136798385.1
OG0000326	WP_041916402.1	WP_136798251.1
OG0000327	WP_228130085.1	WP_136799265.1
OG0000331	WP_015405475.1	WP_136796720.1
OG0000332	WP_015405537.1	WP_136799111.1
OG0000333	WP_015403733.1	WP_136798161.1
OG0000333	WP_015403934.1	WP_136795163.1
OG0000334	WP_015403351.1	WP_136796110.1
OG0000335	WP_015403959.1	WP_136795148.1
OG0000336	WP_015404585.1	WP_136795857.1
OG0000337	WP_015405731.1	WP_136796546.1
OG0000338	WP_015403909.1	WP_136795177.1
OG0000339	WP_015403039.1, WP_015405469.1	WP_136797650.1
OG0000340	WP_015403067.1	WP_136798577.1
OG0000341	WP_015405804.1	WP_136798700.1
OG0000343	WP_015405688.1	WP_136798728.1
OG0000344	WP_015404093.1, WP_015403303.1	WP_136796304.1
OG0000345	WP_015403061.1	WP_136798582.1
OG0000346	WP_015403591.1	WP_167495793.1
OG0000347	WP_041916354.1, WP_228130011.1	WP_228721417.1
OG0000348	WP_015403564.1	WP_136798409.1
OG0000348	WP_015403065.1	WP_136798579.1
OG0000349	WP_015404560.1	WP_136795870.1
OG0000352	WP_015405787.1	WP_136800015.1
OG0000352	WP_015403877.1	WP_136795198.1
OG0000353	WP_015404899.1	WP_136797713.1
OG0000355	WP_015402391.1	WP_136796481.1
OG0000356	WP_015405042.1	WP_136795786.1
OG0000357	WP_015402963.1	WP_136796056.1
OG0000358	WP_015403098.1	WP_136799323.1
OG0000360	WP_015404165.1	WP_136798124.1
OG0000361	WP_015404787.1	WP_176360071.1
OG0000362	WP_015402364.1	WP_136796936.1
OG0000364	WP_015404331.1, WP_015403401.1, WP_015402587.1	WP_136799030.1
OG0000365	WP_015402606.1	WP_136799028.1
OG0000366	WP_015402662.1	WP_136799525.1, WP_136799524.1, WP_136795920.1
OG0000367	WP_015402768.1	WP_136795270.1
OG0000369	WP_015402969.1	WP_136795951.1, WP_167495667.1, WP_167495760.1, WP_136799363.1
OG0000370	WP_015402991.1	WP_136796262.1
OG0000372	WP_015403993.1	WP_136796218.1
OG0000373	WP_015403994.1	WP_136796172.1
OG0000374	WP_015404823.1	WP_136797097.1
OG0000374	WP_015403387.1	WP_136795485.1, WP_136798325.1
OG0000375	WP_015403480.1, WP_015403509.1	WP_136796820.1
OG0000376	WP_015403572.1	WP_136798340.1
OG0000376	WP_015405664.1	WP_136797126.1
OG0000377	WP_015403734.1	WP_167495625.1
OG0000378	WP_015403825.1	WP_136798498.1, WP_136795265.1
OG0000379	WP_015404447.1	WP_136796120.1, WP_136798265.1
OG0000380	WP_041916449.1	WP_136795812.1
OG0000383	WP_015405487.1	WP_136795342.1
OG0000384	WP_015405623.1	WP_136797954.1
OG0000388	WP_015404792.1	WP_136798003.1
OG0000389	WP_015403093.1	WP_136799133.1
OG0000390	WP_015405129.1	WP_136799223.1
OG0000391	WP_015405595.1	WP_136798011.1
OG0000392	WP_015402960.1	WP_136796053.1
OG0000393	WP_015405397.1	WP_217907665.1, WP_136799201.1
OG0000394	WP_015405620.1	WP_136797957.1
OG0000395	WP_015405385.1	WP_136795845.1
OG0000396	WP_015404016.1	WP_136795747.1
OG0000397	WP_015405133.1	WP_136799219.1
OG0000398	WP_015404034.1	WP_136797241.1
OG0000399	WP_015404853.1	WP_136796872.1
OG0000400	WP_015404727.1	WP_136797743.1
OG0000401	WP_015404176.1	WP_136798295.1
OG0000403	WP_015404778.1	WP_136797989.1
OG0000404	WP_015405699.1	WP_167495839.1
OG0000406	WP_228130050.1	WP_136795200.1
OG0000407	WP_015403831.1	WP_136798289.1, WP_136798499.1
OG0000408	WP_015404015.1	WP_136795748.1
OG0000409	WP_015405028.1	WP_136795796.1
OG0000410	WP_015405264.1, WP_015402353.1	WP_136796803.1
OG0000413	WP_015403446.1	WP_136799397.1, WP_136798200.1
OG0000414	WP_015403280.1, WP_015403160.1	WP_136796979.1
OG0000415	WP_015402798.1	WP_136799099.1
OG0000417	WP_015403699.1	WP_136795336.1
OG0000417	WP_015402701.1	WP_136799378.1, WP_136799719.1
OG0000418	WP_015405752.1	WP_136798538.1
OG0000419	WP_015404566.1	WP_136795869.1
OG0000420	WP_167320749.1	WP_136797992.1
OG0000422	WP_015404018.1	WP_136795745.1
OG0000423	WP_015405222.1	WP_136799855.1
OG0000425	WP_015405708.1	WP_136798280.1
OG0000426	WP_015405134.1	WP_167495870.1
OG0000427	WP_015404262.1	WP_136798102.1
OG0000428	WP_015404780.1	WP_136797991.1
OG0000429	WP_015405570.1	WP_136797960.1
OG0000430	WP_015405242.1, WP_015405409.1, WP_015403469.1, WP_015405232.1	WP_136796992.1
OG0000431	WP_015403546.1	WP_136798587.1
OG0000431	WP_015405375.1	WP_136799038.1, WP_136799032.1
OG0000432	WP_015403657.1	WP_136795729.1
OG0000433	WP_015403967.1	WP_136797392.1, WP_217907637.1
OG0000434	WP_015404078.1	WP_136795621.1
OG0000435	WP_015404420.1	WP_136795407.1
OG0000437	WP_015404840.1	WP_136795141.1
OG0000439	WP_015404902.1	WP_136797715.1
OG0000440	WP_015404953.1	WP_136798367.1, WP_167495880.1
OG0000441	WP_015404988.1	WP_136799700.1
OG0000442	WP_015405004.1	WP_136798502.1
OG0000443	WP_015405092.1	WP_136798155.1
OG0000444	WP_015405195.1	WP_136795830.1
OG0000445	WP_015405275.1	WP_136799851.1
OG0000447	WP_015405423.1	WP_136799250.1
OG0000448	WP_015405454.1	WP_136799264.1
OG0000449	WP_015405463.1	WP_136799022.1, WP_136799207.1, WP_267313993.1
OG0000457	WP_208598499.1	WP_217907739.1
OG0000458	WP_015405560.1	WP_136797971.1
OG0000459	WP_015405044.1	WP_136799294.1
OG0000460	WP_015405601.1	WP_136796657.1
OG0000461	WP_015402359.1	WP_136796552.1
OG0000462	WP_015404782.1	WP_228721518.1
OG0000463	WP_015405449.1	WP_136799259.1
OG0000465	WP_015404108.1	WP_136797917.1, WP_167495636.1
OG0000466	WP_015404099.1	WP_136795597.1
OG0000467	WP_015403423.1	WP_136795443.1
OG0000468	WP_015405442.1	WP_136799254.1
OG0000469	WP_015403908.1	WP_136795178.1
OG0000470	WP_015405629.1	WP_136797950.1
OG0000471	WP_015402724.1	WP_136799592.1
OG0000472	WP_015404576.1	WP_136798286.1
OG0000473	WP_265588642.1	WP_136795442.1
OG0000474	WP_015405340.1	WP_136795809.1
OG0000475	WP_015403842.1	WP_136798639.1
OG0000476	WP_015404168.1	WP_136798121.1
OG0000477	WP_015404008.1	WP_136795752.1
OG0000478	WP_015404092.1, WP_015403302.1	WP_136796303.1
OG0000479	WP_015405193.1	WP_136795828.1
OG0000480	WP_015404302.1	WP_136798064.1
OG0000481	WP_015404083.1	WP_136795606.1
OG0000482	WP_015403548.1	WP_228721401.1
OG0000484	WP_015403760.1	WP_167495621.1
OG0000485	WP_015405192.1	WP_136795827.1
OG0000486	WP_015404881.1	WP_136797690.1
OG0000487	WP_015405027.1	WP_136795797.1
OG0000488	WP_015403375.1	WP_136796092.1
OG0000489	WP_228130021.1	WP_136796933.1
OG0000490	WP_015402294.1	WP_167495787.1
OG0000491	WP_015404713.1	WP_136797722.1
OG0000492	WP_041916554.1	WP_136798284.1
OG0000493	WP_015403885.1	WP_136795190.1
OG0000494	WP_015403661.1	WP_136796219.1
OG0000495	WP_015405099.1	WP_136796738.1
OG0000496	WP_015405733.1	WP_136796544.1
OG0000497	WP_015405614.1	WP_136796646.1
OG0000498	WP_015405613.1	WP_167495720.1
OG0000499	WP_015405505.1	WP_136796485.1
OG0000500	WP_015404321.1	WP_136798047.1
OG0000502	WP_015405045.1	WP_136799293.1
OG0000503	WP_015403102.1	WP_167495729.1
OG0000504	WP_015402354.1	WP_136796802.1
OG0000505	WP_015404141.1	WP_136799709.1
OG0000506	WP_015404813.1	WP_136798020.1
OG0000507	WP_015402706.1	WP_136799902.1
OG0000508	WP_015403578.1, WP_015403440.1	WP_136798663.1
OG0000509	WP_015403345.1	WP_136796114.1
OG0000510	WP_015402412.1	WP_136795693.1
OG0000511	WP_015403968.1	WP_275942945.1
OG0000512	WP_015404854.1	WP_136796695.1
OG0000513	WP_015403843.1	WP_136798638.1
OG0000514	WP_015405704.1	WP_136798276.1
OG0000515	WP_015405450.1	WP_136799260.1
OG0000516	WP_015402358.1	WP_136796553.1
OG0000517	WP_015403261.1	WP_176360081.1, WP_176360018.1
OG0000517	WP_015404355.1	WP_228721387.1
OG0000518	WP_015402512.1	WP_136797903.1, WP_217907595.1
OG0000520	WP_015405376.1	WP_136795974.1
OG0000521	WP_015405139.1	WP_136799214.1
OG0000522	WP_015405032.1	WP_136795791.1
OG0000523	WP_015404736.1	WP_136797774.1
OG0000524	WP_015403357.1	WP_136796105.1
OG0000525	WP_015403476.1	WP_136798559.1
OG0000526	WP_015402518.1	WP_136796771.1
OG0000527	WP_228130012.1	WP_136795858.1
OG0000528	WP_052326983.1	WP_136795602.1
OG0000529	WP_015403920.1	WP_136795167.1
OG0000530	WP_015405633.1	WP_136797947.1
OG0000531	WP_015404567.1	WP_136795868.1
OG0000532	WP_015404539.1	WP_136796622.1
OG0000533	WP_015403868.1	WP_136795206.1
OG0000534	WP_015402863.1	WP_136799314.1
OG0000534	WP_015405596.1	WP_228721373.1
OG0000535	WP_015402664.1	WP_228721330.1
OG0000536	WP_015403275.1	WP_136797215.1
OG0000537	WP_015405017.1	WP_136796009.1
OG0000538	WP_015403076.1	WP_136798568.1
OG0000539	WP_015402679.1	WP_167495824.1
OG0000540	WP_015404471.1	WP_136795948.1
OG0000542	WP_015403888.1	WP_136795187.1
OG0000543	WP_015405132.1	WP_136799220.1
OG0000544	WP_015403427.1	WP_136795447.1
OG0000545	WP_015404963.1, WP_015402736.1	WP_136799884.1
OG0000546	WP_015402951.1	WP_136796045.1
OG0000547	WP_228130060.1	WP_136795732.1
OG0000548	WP_015403059.1	WP_136798584.1
OG0000549	WP_015405349.1	WP_228721339.1
OG0000550	WP_015405518.1	WP_136799186.1
OG0000551	WP_015402319.1	WP_136797876.1
OG0000553	WP_015403748.1, WP_015402607.1, WP_015403152.1	WP_136799145.1
OG0000555	WP_015402671.1	WP_136795929.1
OG0000556	WP_015405411.1, WP_015404875.1	WP_136797680.1
OG0000557	WP_015404678.1, WP_015402968.1, WP_015403490.1	WP_136799297.1, WP_176360061.1, WP_176359988.1, WP_176360051.1
OG0000558	WP_015402992.1	WP_136798715.1
OG0000559	WP_015403185.1, WP_015403179.1	WP_136795425.1, WP_136796497.1
OG0000561	WP_015403206.1	WP_136795477.1
OG0000562	WP_015405527.1, WP_015403366.1, WP_041916336.1, WP_052326966.1	WP_136797843.1
OG0000563	WP_015403725.1	WP_136796986.1
OG0000564	WP_015403905.1	WP_136798827.1
OG0000565	WP_015403906.1	WP_136798828.1
OG0000566	WP_015403945.1	WP_136799976.1
OG0000567	WP_015405005.1	WP_136799661.1
OG0000568	WP_041916977.1, WP_015405137.1	WP_136799215.1
OG0000569	WP_015405528.1	WP_136799166.1
OG0000570	WP_015405597.1	WP_136799900.1
OG0000571	WP_083907217.1	WP_136796999.1, WP_136799243.1
OG0000575	WP_015402962.1	WP_136796055.1
OG0000576	WP_015403169.1	WP_228721434.1
OG0000577	WP_041916988.1	WP_136796694.1
OG0000578	WP_015403356.1	WP_136796106.1
OG0000579	WP_015403343.1	WP_136796116.1
OG0000580	WP_015402309.1	WP_136797869.1
OG0000581	WP_015404269.1	WP_136798094.1
OG0000582	WP_015402739.1	WP_136799881.1
OG0000583	WP_015404258.1	WP_136798106.1
OG0000584	WP_015403998.1	WP_136795130.1
OG0000585	WP_015403997.1	WP_267314034.1
OG0000586	WP_083907252.1	WP_136795133.1
OG0000587	WP_015405003.1	WP_136796681.1
OG0000588	WP_015403991.1	WP_136795136.1
OG0000589	WP_015405457.1	WP_136799267.1
OG0000590	WP_015404022.1	WP_136795740.1
OG0000591	WP_015402953.1	WP_136796047.1
OG0000592	WP_015405213.1	WP_136796678.1
OG0000593	WP_015405693.1	WP_136798724.1
OG0000594	WP_015403879.1	WP_136795196.1
OG0000595	WP_015404537.1	WP_136796620.1
OG0000596	WP_015405048.1	WP_136799290.1
OG0000597	WP_015405100.1	WP_228721343.1
OG0000598	WP_015405690.1	WP_136798726.1
OG0000599	WP_015405020.1	WP_136795803.1
OG0000600	WP_015402515.1	WP_136796770.1
OG0000601	WP_015402958.1	WP_136796051.1
OG0000602	WP_015405103.1	WP_136798689.1
OG0000603	WP_015404575.1	WP_136795861.1
OG0000604	WP_015402715.1	WP_136796790.1
OG0000605	WP_083907155.1	WP_167495727.1
OG0000606	WP_228130038.1	WP_136796139.1
OG0000607	WP_167320733.1	WP_167495615.1
OG0000608	WP_228130026.1	WP_136796551.1
OG0000609	WP_228130078.1	WP_136798299.1
OG0000610	WP_015404319.1	WP_136798049.1
OG0000611	WP_015405215.1	WP_136796676.1
OG0000612	WP_015405558.1	WP_136797973.1
OG0000613	WP_015405557.1	WP_136797974.1
OG0000614	WP_015403833.1	WP_136798290.1, WP_136798500.1
OG0000615	WP_015404310.1	WP_136798056.1
OG0000616	WP_015404312.1	WP_136798054.1
OG0000617	WP_015404282.1	WP_136798082.1
OG0000618	WP_015404284.1	WP_136798080.1
OG0000619	WP_015404285.1	WP_136798079.1
OG0000620	WP_015404286.1	WP_136798078.1
OG0000621	WP_015404287.1	WP_136798077.1
OG0000622	WP_015404375.1	WP_136796952.1
OG0000623	WP_015404728.1	WP_136797745.1
OG0000624	WP_015405025.1	WP_136795798.1
OG0000625	WP_015405024.1	WP_136795799.1
OG0000626	WP_015403434.1	WP_136795453.1
OG0000627	WP_015404320.1	WP_136798048.1
OG0000628	WP_015402471.1	WP_136798169.1
OG0000629	WP_015404142.1	WP_136799712.1
OG0000630	WP_015403871.1	WP_136795203.1
OG0000631	WP_015403869.1	WP_136795205.1
OG0000632	WP_015404802.1	WP_136798012.1
OG0000633	WP_015404414.1	WP_228721385.1
OG0000634	WP_015405484.1	WP_136796709.1
OG0000635	WP_015404478.1	WP_136798248.1
OG0000637	WP_015404786.1	WP_136797997.1
OG0000638	WP_015404362.1	WP_136796958.1
OG0000639	WP_015405456.1	WP_136799266.1
OG0000640	WP_015404578.1	WP_136795860.1
OG0000641	WP_015405619.1	WP_136797958.1
OG0000642	WP_015404104.1	WP_136795582.1
OG0000643	WP_015404719.1	WP_136797731.1
OG0000644	WP_015403865.1	WP_136795210.1
OG0000645	WP_153304871.1	WP_136795595.1
OG0000646	WP_015405682.1	WP_136795671.1
OG0000647	WP_015405683.1	WP_136798733.1
OG0000648	WP_015405686.1	WP_136798730.1
OG0000649	WP_015404718.1	WP_136797729.1
OG0000650	WP_015405533.1	WP_136795609.1
OG0000651	WP_015405131.1	WP_136799221.1
OG0000652	WP_015404738.1	WP_136797778.1
OG0000653	WP_041917055.1	WP_136796672.1
OG0000654	WP_015402738.1	WP_136799882.1
OG0000655	WP_015404177.1	WP_136798117.1
OG0000656	WP_015402306.1	WP_136797867.1
OG0000657	WP_015402305.1	WP_136797866.1
OG0000658	WP_015402301.1	WP_228721325.1
OG0000659	WP_015402300.1	WP_136797861.1
OG0000660	WP_015405750.1	WP_136798536.1
OG0000661	WP_015405749.1	WP_136798535.1
OG0000662	WP_015404379.1	WP_136796949.1
OG0000663	WP_015403013.1	WP_136798564.1
OG0000664	WP_015404540.1	WP_136796623.1
OG0000665	WP_015402733.1	WP_136799885.1
OG0000666	WP_015402799.1, WP_015403904.1	WP_136799100.1
OG0000667	WP_015403629.1	WP_136798768.1
OG0000669	WP_015402625.1	WP_136795465.1
OG0000670	WP_015405697.1	WP_136798720.1
OG0000671	WP_015404549.1	WP_136796632.1
OG0000672	WP_015403881.1	WP_136795194.1
OG0000673	WP_015404811.1	WP_136798019.1
OG0000674	WP_015404432.1	WP_136798269.1
OG0000675	WP_015405612.1	WP_136796648.1
OG0000676	WP_015405218.1	WP_136796673.1
OG0000677	WP_015404305.1	WP_136798061.1
OG0000678	WP_015404304.1	WP_136798062.1
OG0000679	WP_015405552.1	WP_136797979.1
OG0000680	WP_015404260.1	WP_136798104.1
OG0000681	WP_208598517.1	WP_275942944.1
OG0000682	WP_015404273.1	WP_136798090.1
OG0000683	WP_015404510.1	WP_136796610.1
OG0000684	WP_015403957.1	WP_136795149.1
OG0000685	WP_015404296.1	WP_136798068.1
OG0000686	WP_015404330.1	WP_136798042.1
OG0000687	WP_015404292.1	WP_136798073.1
OG0000688	WP_015404290.1	WP_136798075.1
OG0000689	WP_015404289.1	WP_136798076.1
OG0000690	WP_015403507.1	WP_136799408.1
OG0000691	WP_015404277.1	WP_136798087.1
OG0000692	WP_015403857.1	WP_136795261.1
OG0000693	WP_015403094.1	WP_136799132.1
OG0000694	WP_015404000.1	WP_136795128.1
OG0000695	WP_153304833.1	WP_136795434.1
OG0000696	WP_015403092.1	WP_136799137.1
OG0000697	WP_015403917.1	WP_136795170.1
OG0000698	WP_228130088.1	WP_136797972.1
OG0000699	WP_015405529.1	WP_228721367.1
OG0000700	WP_015404849.1	WP_136796692.1
OG0000701	WP_015404878.1	WP_136797686.1
OG0000702	WP_015402520.1	WP_136796773.1
OG0000703	WP_015403823.1	WP_136798371.1, WP_136795267.1
OG0000704	WP_015405679.1	WP_136798736.1
OG0000705	WP_015405680.1	WP_136798735.1
OG0000706	WP_015405681.1	WP_136798734.1
OG0000707	WP_015405684.1	WP_136798732.1
OG0000708	WP_015405691.1	WP_136798725.1
OG0000709	WP_015405104.1	WP_136796760.1
OG0000710	WP_015405606.1	WP_136796652.1
OG0000711	WP_015403495.1	WP_136799402.1
OG0000712	WP_015405026.1	WP_275942932.1
OG0000713	WP_015404795.1	WP_136797845.1
OG0000714	WP_083907296.1	WP_228721375.1
OG0000715	WP_015404259.1	WP_136798105.1
OG0000716	WP_015404261.1	WP_136798103.1
OG0000717	WP_015404270.1	WP_136798093.1
OG0000718	WP_015404271.1	WP_136798092.1
OG0000719	WP_015404272.1	WP_136798091.1
OG0000720	WP_015404275.1	WP_136798089.1
OG0000721	WP_015404278.1	WP_136798086.1
OG0000722	WP_015404280.1	WP_176360112.1
OG0000723	WP_015404283.1	WP_136798081.1
OG0000724	WP_015404288.1	WP_136798143.1
OG0000725	WP_015404291.1	WP_136798074.1
OG0000726	WP_015404293.1	WP_136798072.1
OG0000727	WP_015404297.1	WP_136798067.1
OG0000728	WP_015404298.1	WP_136798066.1
OG0000729	WP_015404299.1	WP_136798142.1
OG0000730	WP_015404300.1	WP_136798065.1
OG0000731	WP_015404306.1	WP_136798060.1
OG0000732	WP_015404307.1	WP_136798059.1
OG0000733	WP_015404308.1	WP_136798058.1
OG0000734	WP_015402298.1	WP_136797859.1
OG0000735	WP_041916957.1	WP_136798298.1
OG0000736	WP_015402311.1	WP_136797871.1
OG0000737	WP_015402304.1	WP_136797865.1
OG0000738	WP_015402949.1	WP_136796043.1
OG0000739	WP_015405016.1	WP_136795806.1
OG0000740	WP_015404023.1	WP_136795739.1
OG0000741	WP_015403887.1	WP_136795188.1
OG0000742	WP_015404033.1	WP_228721329.1
OG0000743	WP_015404254.1	WP_136798110.1
OG0000744	WP_015404538.1	WP_136796621.1
OG0000745	WP_015405381.1	WP_136795840.1
OG0000746	WP_015405095.1	WP_136796741.1
OG0000747	WP_015404724.1	WP_136797738.1
OG0000748	WP_015404725.1	WP_136797740.1
OG0000749	WP_083907163.1	WP_167495666.1
OG0000750	WP_015403421.1	WP_167495626.1
OG0000751	WP_015403424.1	WP_136795444.1
OG0000752	WP_015402484.1	WP_136796221.1
OG0000753	WP_015404859.1	WP_136797671.1
OG0000754	WP_015403167.1	WP_136796132.1
OG0000755	WP_228130063.1	WP_136796131.1
OG0000756	WP_041916433.1	WP_136799191.1
OG0000757	WP_015404019.1	WP_217907634.1, WP_136795743.1
OG0000758	WP_015403358.1	WP_136796104.1
OG0000759	WP_015402514.1	WP_136796769.1
OG0000760	WP_015402787.1	WP_136797423.1
OG0000761	WP_015403142.1	WP_136796171.1
OG0000762	WP_015402667.1	WP_136795924.1
OG0000763	WP_015402668.1	WP_136795925.1
OG0000764	WP_015403950.1	WP_136795156.1
OG0000766	WP_015403369.1	WP_136796097.1
OG0000767	WP_015402388.1	WP_136796488.1
OG0000768	WP_015405616.1	WP_228721346.1
OG0000769	WP_015404311.1	WP_136798055.1
OG0000770	WP_015404313.1	WP_136798053.1
OG0000771	WP_015404314.1	WP_228721396.1
OG0000772	WP_015404315.1	WP_136798052.1
OG0000773	WP_015404316.1	WP_136798051.1
OG0000774	WP_015404317.1	WP_136798050.1
OG0000775	WP_015403854.1	WP_228721411.1
OG0000776	WP_228130023.1	WP_136798278.1
OG0000777	WP_015405705.1	WP_136798277.1
OG0000778	WP_015402473.1	WP_136798167.1
OG0000779	WP_015404446.1	WP_136798266.1
OG0000780	WP_015405473.1	WP_136796300.1
OG0000781	WP_015404789.1	WP_136798000.1
OG0000782	WP_015403960.1	WP_136795147.1
OG0000783	WP_015405149.1	WP_136799271.1
OG0000784	WP_015402790.1	WP_136797418.1
OG0000785	WP_015402791.1	WP_136797416.1
OG0000787	WP_228130090.1	WP_228721347.1
OG0000788	WP_015404156.1	WP_136798128.1
OG0000789	WP_015405607.1	WP_136796651.1
OG0000790	WP_015403866.1	WP_136795208.1
OG0000791	WP_015402492.1, WP_015402610.1	WP_136795458.1
OG0000792	WP_015405605.1	WP_136796653.1
OG0000793	WP_015402327.1	WP_136797883.1
OG0000794	WP_015405108.1	WP_136796734.1
OG0000795	WP_015404416.1	WP_136798273.1
OG0000796	WP_015404737.1	WP_136797776.1
OG0000797	WP_015405151.1	WP_167495876.1
OG0000798	WP_015402907.1	WP_136797406.1
OG0000799	WP_015404376.1	WP_275942943.1
OG0000800	WP_015403515.1	WP_275942948.1
OG0000801	WP_015405649.1	WP_228721379.1
OG0000802	WP_015404812.1	WP_136795406.1
OG0000803	WP_041917156.1	WP_136796537.1
OG0000804	WP_015403522.1	WP_136795584.1
OG0000805	WP_015402755.1	WP_167495804.1
OG0000806	WP_015403359.1	WP_136796103.1
OG0000807	WP_167320747.1	WP_136797733.1
OG0000808	WP_015404329.1	WP_136798043.1
OG0000809	WP_015402465.1	WP_136798238.1
OG0000810	WP_015404753.1	WP_136797787.1, WP_136799498.1
OG0000811	WP_015402464.1	WP_136798239.1
OG0000813	WP_015404469.1	WP_136798257.1
OG0000815	WP_015405140.1	WP_136799213.1
OG0000816	WP_015403361.1	WP_136796102.1
OG0000817	WP_015403376.1	WP_136796091.1
OG0000818	WP_015404964.1	WP_136795884.1
OG0000819	WP_015405097.1	WP_136796739.1
OG0000820	WP_015403336.1	WP_136797850.1
OG0000822	WP_015404166.1	WP_167495802.1
OG0000823	WP_015404169.1	WP_136798120.1
OG0000824	WP_015403078.1	WP_136798566.1
OG0000825	WP_015404545.1	WP_136796628.1
OG0000826	WP_015402880.1	WP_136796514.1
OG0000827	WP_015405545.1	WP_136799119.1
OG0000828	WP_015405544.1	WP_136799118.1
OG0000829	WP_015405543.1	WP_136799117.1
OG0000830	WP_015405542.1	WP_136799116.1
OG0000831	WP_041916459.1	WP_228721517.1
OG0000832	WP_015405540.1	WP_136799114.1
OG0000833	WP_015405766.1	WP_136798551.1
OG0000834	WP_015402351.1	WP_136796805.1
OG0000836	WP_015404810.1	WP_136798018.1
OG0000837	WP_015404726.1	WP_136797742.1
OG0000838	WP_015402709.1	WP_136796783.1
OG0000839	WP_015404717.1	WP_136797727.1
OG0000841	WP_015403390.1	WP_136796089.1
OG0000842	WP_015404877.1	WP_136797684.1
OG0000843	WP_015405018.1	WP_136795805.1
OG0000844	WP_015405555.1	WP_136797976.1
OG0000845	WP_015405554.1	WP_136797977.1
OG0000846	WP_015405551.1	WP_136797980.1
OG0000847	WP_015404020.1	WP_136795742.1
OG0000848	WP_015405029.1	WP_136795795.1
OG0000849	WP_015402337.1	WP_136797889.1
OG0000850	WP_015403211.1	WP_136796372.1
OG0000851	WP_015402964.1	WP_136796057.1
OG0000852	WP_015405742.1	WP_136796535.1
OG0000853	WP_015405748.1	WP_217907604.1
OG0000854	WP_015405223.1	WP_267314025.1
OG0000855	WP_015405751.1	WP_136798537.1
OG0000856	WP_015405221.1	WP_136799856.1
OG0000857	WP_015404548.1	WP_136796631.1
OG0000858	WP_015403860.1	WP_136795258.1
OG0000859	WP_015404144.1	WP_136795551.1
OG0000860	WP_015403955.1	WP_136795151.1
OG0000861	WP_015405741.1	WP_136796536.1
OG0000862	WP_015403992.1	WP_176360094.1
OG0000863	WP_015405347.1	WP_136795816.1
OG0000864	WP_015403880.1	WP_136795195.1
OG0000865	WP_015402957.1	WP_136796050.1
OG0000866	WP_015403430.1	WP_136795449.1
OG0000867	WP_015403911.1	WP_136795175.1
OG0000868	WP_015405602.1	WP_136796656.1
OG0000869	WP_015404276.1	WP_136798088.1
OG0000870	WP_167320732.1	WP_228721412.1
OG0000871	WP_015402299.1	WP_136797860.1
OG0000872	WP_153304786.1	WP_136798171.1
OG0000873	WP_015405609.1	WP_136796649.1
OG0000874	WP_041916421.1	WP_136799779.1
OG0000875	WP_015405746.1	WP_136798533.1
OG0000876	WP_015405346.1	WP_136795815.1
OG0000877	WP_167320708.1	WP_136796791.1
OG0000878	WP_015403349.1	WP_136795911.1
OG0000879	WP_015405036.1	WP_136795790.1
OG0000881	WP_015404074.1	WP_136795624.1
OG0000882	WP_015404351.1	WP_136796967.1
OG0000884	WP_015402908.1	WP_136797404.1
OG0000885	WP_015403060.1	WP_176360000.1, WP_136798583.1
OG0000886	WP_015402656.1	WP_228721348.1
OG0000888	WP_015402439.1	WP_136795759.1
OG0000889	WP_015404003.1	WP_136796064.1
OG0000890	WP_015405391.1	WP_136795850.1
OG0000891	WP_041916368.1	WP_228721406.1
OG0000892	WP_265588656.1	WP_136798721.1
OG0000893	WP_015405685.1	WP_136798731.1
OG0000894	WP_015404989.1	WP_136799701.1
OG0000895	WP_015402954.1	WP_136796048.1
OG0000896	WP_015405732.1	WP_136796545.1
OG0000898	WP_015403096.1	WP_228721490.1
OG0000899	WP_208598530.1	WP_136799112.1
OG0000900	WP_015404360.1	WP_136796960.1
OG0000901	WP_015402379.1	WP_136796881.1
OG0000902	WP_015402382.1	WP_136796509.1
OG0000903	WP_015402383.1	WP_228721318.1
OG0000904	WP_015402389.1	WP_136796484.1
OG0000905	WP_015405378.1	WP_136795839.1
OG0000906	WP_015402711.1	WP_136796785.1
OG0000907	WP_015402730.1	WP_136799670.1
OG0000909	WP_015403808.1	WP_136796190.1
OG0000910	WP_015403150.1	WP_136796138.1
OG0000911	WP_153304782.1	WP_136798787.1
OG0000911	WP_015403277.1	WP_136796445.1
OG0000912	WP_015403511.1	WP_136796822.1
OG0000913	WP_015405502.1	WP_136795325.1
OG0000914	WP_015403535.1	WP_136796841.1, WP_136795587.1
OG0000915	WP_015403543.1	WP_228721400.1
OG0000917	WP_015403948.1	WP_136799020.1
OG0000919	WP_015404006.1	WP_136798859.1, WP_136797824.1, WP_136799051.1, WP_228721327.1
OG0000920	WP_015404640.1	WP_136795765.1
OG0000920	WP_015404042.1	WP_136799763.1, WP_136799918.1
OG0000921	WP_015404062.1	WP_136799767.1, WP_167495874.1
OG0000922	WP_015404076.1	WP_136795623.1
OG0000923	WP_015404106.1	WP_136795580.1
OG0000924	WP_015404218.1	WP_136798308.1
OG0000925	WP_167320729.1, WP_015404894.1, WP_015404577.1	WP_136797706.1
OG0000926	WP_015404659.1, WP_015404582.1	WP_136799974.1
OG0000928	WP_015404804.1	WP_136799731.1, WP_136799732.1
OG0000929	WP_015404850.1, WP_015404851.1	WP_136796693.1
OG0000930	WP_015405107.1	WP_136796735.1, WP_136796298.1
OG0000931	WP_015405170.1	WP_136799280.1
OG0000935	WP_015405361.1	WP_136796687.1
OG0000936	WP_015405470.1	WP_136797788.1, WP_136797648.1
OG0000937	WP_015405491.1	WP_136796818.1
OG0000938	WP_015405506.1	WP_136799641.1
OG0000939	WP_015405631.1	WP_228721519.1
OG0000940	WP_052326950.1	WP_136797984.1
OG0000941	WP_052326989.1	WP_136798112.1
OG0000942	WP_153304905.1	WP_136798177.1
OG0000943	WP_153304907.1	WP_136799279.1
OG0000944	WP_265588652.1	WP_136796512.1
OG0000963	WP_015403953.1	WP_136795153.1
OG0000964	WP_015404814.1	WP_136799780.1
OG0000966	WP_015402855.1	WP_136796143.1
OG0000968	WP_015405021.1	WP_136795802.1
OG0000970	WP_015404174.1	WP_136798119.1
OG0000971	WP_015402959.1	WP_136796052.1
OG0000972	WP_015405054.1	WP_136796746.1
OG0000974	WP_041916461.1	WP_228721377.1
OG0000976	WP_153304895.1	WP_136795863.1
OG0000977	WP_015405209.1	WP_136795836.1
OG0000978	WP_015404281.1	WP_136798083.1
OG0000979	WP_015403935.1	WP_228721408.1
OG0000980	WP_015405535.1	WP_136799110.1
OG0000981	WP_015403367.1	WP_228721435.1
OG0000982	WP_015403370.1	WP_136795234.1
OG0000983	WP_015405627.1	WP_136797952.1
OG0000984	WP_015403398.1	WP_136796082.1
OG0000985	WP_153304930.1	WP_136798542.1
OG0000986	WP_015405637.1	WP_136797982.1
OG0000987	WP_015405138.1	WP_267313994.1
OG0000988	WP_015402737.1	WP_136799883.1
OG0000989	WP_015405135.1	WP_136799217.1
OG0000990	WP_015403362.1	WP_136796101.1
OG0000991	WP_015402952.1	WP_136796046.1
OG0000992	WP_015405695.1	WP_136798722.1
OG0000994	WP_015404303.1	WP_136798063.1
OG0000995	WP_015404294.1	WP_136798070.1
OG0000996	WP_015404090.1	WP_136795600.1
OG0000998	WP_015404890.1	WP_136797695.1
OG0000999	WP_015404871.1, WP_153304944.1	WP_136798352.1
OG0001000	WP_015404295.1	WP_136798069.1
OG0001001	WP_015403965.1	WP_136795554.1
OG0001002	WP_015402303.1	WP_136797864.1
OG0001003	WP_015404627.1	WP_136798713.1
OG0001004	WP_015402764.1	WP_136799590.1
OG0001005	WP_015402765.1	WP_136799589.1
OG0001006	WP_015403630.1	WP_136798767.1
OG0001007	WP_015405608.1	WP_136796650.1
OG0001008	WP_015404961.1	WP_136795886.1
OG0001009	WP_015404960.1	WP_136795887.1
OG0001010	WP_015402489.1	WP_136796905.1
OG0001011	WP_015402483.1	WP_136796220.1
OG0001012	WP_041916502.1	WP_136795692.1
OG0001013	WP_052326942.1	WP_136795685.1
OG0001014	WP_015405709.1	WP_136798281.1
OG0001015	WP_015404990.1	WP_136799702.1
OG0001016	WP_015404991.1	WP_136799703.1
OG0001017	WP_015405424.1	WP_136799251.1
OG0001018	WP_015402717.1	WP_136796792.1
OG0001019	WP_015404790.1	WP_136798001.1
OG0001020	WP_015402612.1	WP_167495829.1
OG0001022	WP_015404097.1	WP_136795599.1
OG0001023	WP_015403416.1	WP_136795437.1
OG0001024	WP_015404583.1	WP_136795859.1
OG0001026	WP_015405482.1	WP_136796711.1
OG0001027	WP_015404342.1	WP_228721388.1
OG0001028	WP_015404785.1	WP_136797996.1
OG0001029	WP_015405539.1	WP_136799113.1
OG0001030	WP_153304834.1	WP_136795435.1
OG0001031	WP_015404147.1	WP_136798136.1
OG0001033	WP_015405130.1	WP_136799222.1
OG0001034	WP_015403374.1	WP_136796093.1
OG0001035	WP_015403346.1	WP_136796113.1
OG0001036	WP_015403949.1	WP_167495603.1
OG0001038	WP_015403497.1	WP_136795493.1
OG0001039	WP_015405621.1	WP_136797956.1
OG0001040	WP_015404318.1	WP_228721395.1
OG0001041	WP_015404806.1	WP_136798014.1
OG0001043	WP_015403058.1	WP_136798585.1
OG0001044	WP_083907278.1	WP_136798095.1
OG0001045	WP_015404741.1	WP_136797782.1
OG0001046	WP_167320764.1	WP_136797970.1
OG0001048	WP_052327029.1	WP_136798750.1
OG0001049	WP_015404374.1	WP_136796953.1
OG0001050	WP_015402800.1	WP_228721423.1
OG0001051	WP_015404136.1	WP_136795556.1
OG0001052	WP_015402680.1	WP_136798525.1
OG0001054	WP_015405702.1	WP_136798315.1
OG0001055	WP_015403066.1	WP_136798578.1
OG0001056	WP_015405405.1	WP_136797793.1
OG0001057	WP_015403900.1	WP_136799630.1
OG0001058	WP_015404740.1	WP_136797780.1
OG0001060	WP_015405522.1	WP_228721350.1
OG0001063	WP_015404826.1	WP_136798681.1
OG0001065	WP_015404468.1	WP_136798258.1
OG0001066	WP_015405694.1	WP_136798723.1
OG0001067	WP_228130016.1	WP_136797673.1
OG0001068	WP_015405143.1	WP_136799211.1
OG0001069	WP_015404898.1	WP_136797293.1, WP_136797291.1
OG0001070	WP_015402470.1	WP_136798170.1
OG0001071	WP_015402318.1	WP_136797875.1
OG0001072	WP_015402324.1	WP_136797881.1
OG0001073	WP_015402549.1	WP_167495884.1
OG0001074	WP_015405057.1	WP_136796378.1
OG0001075	WP_015402659.1	WP_136795631.1
OG0001076	WP_015402666.1	WP_136795923.1
OG0001077	WP_015402773.1	WP_136799892.1
OG0001078	WP_015402853.1	WP_136796140.1
OG0001079	WP_015402875.1, WP_015402854.1, WP_015402878.1, WP_015402872.1, WP_015402873.1	WP_136798417.1
OG0001080	WP_015402899.1	WP_136798357.1
OG0001081	WP_015403050.1, WP_015405493.1	WP_136798792.1
OG0001082	WP_015403197.1	WP_136795883.1
OG0001083	WP_015403203.1	WP_136795473.1
OG0001084	WP_015403205.1	WP_167495628.1
OG0001086	WP_015403453.1	WP_136796896.1
OG0001088	WP_015403505.1	WP_136799406.1
OG0001089	WP_015403555.1	WP_136796845.1
OG0001090	WP_015403573.1	WP_136797132.1, WP_217907601.1, WP_136796254.1
OG0001091	WP_015403620.1	WP_136799196.1
OG0001092	WP_015403753.1	WP_136797661.1
OG0001093	WP_015403966.1	WP_136795400.1
OG0001094	WP_015404140.1	WP_136799708.1
OG0001095	WP_015404324.1	WP_136798045.1
OG0001096	WP_015405070.1, WP_015404332.1	WP_136798041.1
OG0001097	WP_015404393.1	WP_136795656.1
OG0001098	WP_015404428.1	WP_136796525.1
OG0001099	WP_015404509.1	WP_136796603.1
OG0001100	WP_015404712.1	WP_136797720.1
OG0001101	WP_015404794.1	WP_136798147.1, WP_136798005.1
OG0001102	WP_015404831.1	WP_136797646.1
OG0001104	WP_015405022.1	WP_136795801.1
OG0001105	WP_015405112.1	WP_136798292.1
OG0001106	WP_015405113.1	WP_136798293.1
OG0001107	WP_015405147.1	WP_136799270.1
OG0001108	WP_015405167.1	WP_136799277.1
OG0001109	WP_015405168.1	WP_136799278.1
OG0001110	WP_015405171.1	WP_136799281.1
OG0001111	WP_015405194.1	WP_136795829.1
OG0001113	WP_015405271.1, WP_015405669.1	WP_136798744.1
OG0001115	WP_015405341.1	WP_136795810.1
OG0001116	WP_015405443.1	WP_136799255.1
OG0001118	WP_015405526.1	WP_136799165.1
OG0001119	WP_015405622.1	WP_136797955.1
OG0001120	WP_015405744.1	WP_275942939.1
OG0001121	WP_041916456.1	WP_136799183.1
OG0001122	WP_041916785.1	WP_136795793.1
OG0001124	WP_228130020.1	WP_136798291.1
OG0001125	WP_228130028.1	WP_136799164.1
OG0001126	WP_228130033.1, WP_228130032.1	WP_136799098.1
OG0001127	WP_228130080.1	WP_136799646.1
OG0001142	WP_015405698.1	WP_136798719.1
OG0001143	WP_015402577.1	WP_136795380.1
OG0001144	WP_015402786.1	WP_136795792.1
OG0001145	WP_167320748.1	WP_136797736.1
OG0001149	WP_228130077.1	WP_136795373.1
OG0001150	WP_015404373.1	WP_136796954.1
OG0001152	WP_015405547.1	WP_136799121.1
OG0001153	WP_015402622.1	WP_136795544.1
OG0001154	WP_015403886.1	WP_136795189.1
OG0001155	WP_015405636.1	WP_176360040.1
OG0001157	WP_015402616.1	WP_136795459.1
OG0001159	WP_015402466.1	WP_136798237.1
OG0001161	WP_015404796.1	WP_136798006.1
OG0001163	WP_083907279.1	WP_136798071.1
OG0001165	WP_015402362.1	WP_136796533.1
OG0001166	WP_015404513.1	WP_136796613.1
OG0001167	WP_167320694.1	WP_167495741.1
OG0001168	WP_015402423.1	WP_136795690.1
OG0001169	WP_015402417.1	WP_167495639.1
OG0001171	WP_015402630.1	WP_136795479.1
OG0001172	WP_228130030.1	WP_136795463.1
OG0001173	WP_015402619.1	WP_136795462.1
OG0001174	WP_015402632.1	WP_136795481.1
OG0001175	WP_015404151.1	WP_136798132.1
OG0001179	WP_015402373.1	WP_136796524.1
OG0001182	WP_015403519.1	WP_136799108.1
OG0001183	WP_167320739.1	WP_136795576.1
OG0001184	WP_015404058.1, WP_015404057.1	WP_136799824.1
OG0001188	WP_015404159.1	WP_136798126.1
OG0001189	WP_015402678.1	WP_136798523.1
OG0001191	WP_015403063.1	WP_136798580.1
OG0001192	WP_015405571.1	WP_136797959.1
OG0001194	WP_041916847.1	WP_136798130.1
OG0001195	WP_167320742.1	WP_136796547.1
OG0001196	WP_015404987.1	WP_136799699.1
OG0001197	WP_015402302.1	WP_136797863.1
OG0001198	WP_015402329.1	WP_136797885.1
OG0001199	WP_015402348.1	WP_136797895.1
OG0001200	WP_015402380.1	WP_275942929.1
OG0001202	WP_015402523.1	WP_136796776.1
OG0001203	WP_015402569.1	WP_136796532.1
OG0001204	WP_015402635.1	WP_217907619.1
OG0001205	WP_015402636.1	WP_136795638.1
OG0001206	WP_015402660.1	WP_136795634.1
OG0001207	WP_015402661.1	WP_136795633.1
OG0001208	WP_015402705.1	WP_136796541.1
OG0001209	WP_015402781.1	WP_136799242.1
OG0001210	WP_015402794.1, WP_015403728.1	WP_136795410.1
OG0001212	WP_015402856.1	WP_136796142.1
OG0001213	WP_015402857.1	WP_136796141.1
OG0001215	WP_015402891.1	WP_228721493.1
OG0001216	WP_015403335.1, WP_015404868.1, WP_015402902.1	WP_136798361.1
OG0001219	WP_015403044.1	WP_136798794.1, WP_136798793.1, WP_167495837.1
OG0001220	WP_015403073.1	WP_136798571.1
OG0001221	WP_015403077.1	WP_136798567.1
OG0001222	WP_015403081.1	WP_167495830.1
OG0001223	WP_015403095.1	WP_136797040.1
OG0001226	WP_015403178.1	WP_136798778.1
OG0001227	WP_015403187.1	WP_136797099.1
OG0001228	WP_015403737.1	WP_228721365.1
OG0001229	WP_015403350.1	WP_136796111.1
OG0001230	WP_015403373.1	WP_136796094.1
OG0001231	WP_015403441.1	WP_136799085.1, WP_136799081.1
OG0001232	WP_015403506.1	WP_136799407.1
OG0001233	WP_015403549.1	WP_136795872.1
OG0001235	WP_015403602.1, WP_015404027.1	WP_167495917.1, WP_136799771.1
OG0001236	WP_015403621.1	WP_136799197.1
OG0001237	WP_015403626.1	WP_136799200.1
OG0001238	WP_015403638.1	WP_136796364.1
OG0001239	WP_015403722.1	WP_136799026.1
OG0001240	WP_015403774.1	WP_136798235.1
OG0001241	WP_015403818.1	WP_136795333.1
OG0001242	WP_015403867.1	WP_136795207.1
OG0001243	WP_015403884.1	WP_136798823.1, WP_136795191.1
OG0001244	WP_015403893.1	WP_136795184.1
OG0001245	WP_015403912.1	WP_275942946.1
OG0001246	WP_015403951.1	WP_228721407.1
OG0001247	WP_015403971.1	WP_136795142.1
OG0001248	WP_015404010.1	WP_136795750.1
OG0001249	WP_015404079.1	WP_136795620.1
OG0001250	WP_015404185.1	WP_136799933.1, WP_136797030.1
OG0001251	WP_015404188.1	WP_136799934.1, WP_136797033.1
OG0001252	WP_015404350.1	WP_136796968.1
OG0001253	WP_015404353.1	WP_136796965.1
OG0001254	WP_015404357.1	WP_136796961.1
OG0001255	WP_015404406.1	WP_136796940.1
OG0001256	WP_015404430.1	WP_136798271.1
OG0001257	WP_015404435.1	WP_136798267.1
OG0001258	WP_015404476.1	WP_136798250.1
OG0001259	WP_015404477.1	WP_136798249.1
OG0001260	WP_015404512.1	WP_136796612.1
OG0001261	WP_015404532.1	WP_136796617.1
OG0001262	WP_015404543.1	WP_136796626.1
OG0001263	WP_015404564.1	WP_167495658.1
OG0001264	WP_015404628.1	WP_136798714.1
OG0001265	WP_015404683.1	WP_136799189.1
OG0001266	WP_015404731.1	WP_136797760.1
OG0001268	WP_015404809.1	WP_136798017.1
OG0001269	WP_015404954.1	WP_136795892.1
OG0001270	WP_015405462.1	WP_136796701.1
OG0001270	WP_015404970.1	WP_136798158.1
OG0001271	WP_015405038.1	WP_136795789.1
OG0001272	WP_015405050.1	WP_136799289.1
OG0001273	WP_015405065.1	WP_136799134.1
OG0001274	WP_015405102.1	WP_136797098.1
OG0001275	WP_015405144.1	WP_136799202.1
OG0001276	WP_015405165.1	WP_136799275.1
OG0001277	WP_015405166.1	WP_136799276.1
OG0001278	WP_015405173.1	WP_136799283.1
OG0001279	WP_015405174.1	WP_167495877.1
OG0001280	WP_015405180.1	WP_136796749.1
OG0001281	WP_015405196.1	WP_176360050.1
OG0001282	WP_015405197.1	WP_136795832.1
OG0001283	WP_015405206.1	WP_136795833.1
OG0001291	WP_015405344.1	WP_136797801.1
OG0001292	WP_015405345.1	WP_167495653.1
OG0001293	WP_015405348.1	WP_136795817.1
OG0001294	WP_015405377.1	WP_136798595.1, WP_136795838.1
OG0001295	WP_015405445.1	WP_136799256.1
OG0001296	WP_015405503.1	WP_136795324.1
OG0001297	WP_015405504.1	WP_136795323.1
OG0001298	WP_015405553.1	WP_136797978.1
OG0001299	WP_015405568.1	WP_136797439.1
OG0001300	WP_015405639.1, WP_228130004.1	WP_136795617.1
OG0001301	WP_015405765.1	WP_136798550.1
OG0001302	WP_041916361.1	WP_136799783.1
OG0001303	WP_041916463.1	WP_136797967.1
OG0001304	WP_052326940.1	WP_136796489.1
OG0001305	WP_083907266.1	WP_136795561.1
OG0001306	WP_153304929.1	WP_136798534.1
OG0001307	WP_167320711.1	WP_136798865.1
OG0001308	WP_167320735.1	WP_136795154.1
OG0001309	WP_208598477.1	WP_136795844.1
OG0001310	WP_228130019.1	WP_228721341.1, WP_228721340.1, WP_228721342.1, WP_136799544.1
OG0001331	WP_167320709.1	WP_136796367.1
OG0001332	WP_052326998.1	WP_136798274.1
OG0001334	WP_041916672.1	WP_167495680.1
OG0001335	WP_015405638.1	WP_136797983.1
OG0001336	WP_015404620.1	WP_136798521.1
OG0001338	WP_015404706.1, WP_015404240.1	WP_136798301.1
OG0001339	WP_015405648.1	WP_136798753.1
OG0001340	WP_015404407.1	WP_136796939.1
OG0001341	WP_015405635.1	WP_267314023.1
OG0001344	WP_015403859.1	WP_136795260.1
OG0001345	WP_015404126.1	WP_136795564.1
OG0001347	WP_015404452.1	WP_136798263.1
OG0001348	WP_015402882.1	WP_136797414.1
OG0001349	WP_015403139.1	WP_136798492.1
OG0001350	WP_015403070.1	WP_136798574.1
OG0001351	WP_015403069.1	WP_136798575.1
OG0001352	WP_083907249.1	WP_136795165.1
OG0001353	WP_015402407.1	WP_136795698.1
OG0001354	WP_015402411.1	WP_228721402.1
OG0001355	WP_015405106.1	WP_136796736.1
OG0001358	WP_015403757.1	WP_136799104.1
OG0001359	WP_015402631.1	WP_136795480.1
OG0001361	WP_015404784.1	WP_136797995.1
OG0001362	WP_015404426.1	WP_136796548.1
OG0001363	WP_153304920.1	WP_136797966.1
OG0001364	WP_015404470.1	WP_136798256.1
OG0001365	WP_015402601.1	WP_136796995.1
OG0001367	WP_015403355.1	WP_167495677.1
OG0001369	WP_015403939.1	WP_136795159.1
OG0001370	WP_015403338.1	WP_136797848.1
OG0001374	WP_015402596.1	WP_136796996.1
OG0001378	WP_015405390.1	WP_136795849.1
OG0001379	WP_015403068.1	WP_136798576.1
OG0001380	WP_015402538.1	WP_136796455.1
OG0001381	WP_167320697.1	WP_217907723.1
OG0001384	WP_015403420.1	WP_136795440.1
OG0001385	WP_015402409.1	WP_136795699.1
OG0001386	WP_015402937.1	WP_136799695.1
OG0001389	WP_015404135.1	WP_136795557.1
OG0001390	WP_015404729.1	WP_136797757.1
OG0001391	WP_015403664.1	WP_136796399.1
OG0001392	WP_015403848.1	WP_136798377.1
OG0001393	WP_015402537.1	WP_136796450.1
OG0001394	WP_015402293.1	WP_136797854.1
OG0001395	WP_015402310.1	WP_136797870.1
OG0001396	WP_015402320.1	WP_136797877.1
OG0001397	WP_015402330.1	WP_136798553.1
OG0001398	WP_015402341.1	WP_136797891.1
OG0001399	WP_041916246.1, WP_015402347.1	WP_136797894.1
OG0001401	WP_015402363.1	WP_228721320.1
OG0001403	WP_015402522.1	WP_136796775.1
OG0001404	WP_015402524.1	WP_136796777.1
OG0001405	WP_015402526.1	WP_136796779.1
OG0001406	WP_015402527.1	WP_136796780.1
OG0001407	WP_015402550.1, WP_015403637.1	WP_176360029.1
OG0001408	WP_015405268.1, WP_015402566.1	WP_228721472.1
OG0001409	WP_015402572.1	WP_136796337.1
OG0001410	WP_015402627.1	WP_136795467.1
OG0001411	WP_015402634.1	WP_136796389.1
OG0001413	WP_015402663.1	WP_136795492.1
OG0001414	WP_015402670.1	WP_136795877.1
OG0001415	WP_015402707.1	WP_136799901.1
OG0001416	WP_015402723.1	WP_275942953.1
OG0001417	WP_015404679.1, WP_015402757.1	WP_136798203.1
OG0001418	WP_015402766.1	WP_136799587.1
OG0001419	WP_015404866.1, WP_015402898.1	WP_136798355.1
OG0001420	WP_015404867.1, WP_015402901.1	WP_136798360.1
OG0001421	WP_015402984.1	WP_136796069.1
OG0001423	WP_015403191.1	WP_136797111.1
OG0001424	WP_015403202.1	WP_136798958.1
OG0001425	WP_015404340.1	WP_136798633.1
OG0001426	WP_015403288.1	WP_136798624.1
OG0001427	WP_015403323.1	WP_136796634.1
OG0001428	WP_015403329.1	WP_136796119.1
OG0001429	WP_015403372.1	WP_136796095.1
OG0001430	WP_015403607.1, WP_015403407.1	WP_136797795.1
OG0001431	WP_015403408.1, WP_015403612.1	WP_136799286.1
OG0001432	WP_015403410.1	WP_136795430.1
OG0001433	WP_015403462.1	WP_136795515.1
OG0001434	WP_015403502.1	WP_136799404.1
OG0001435	WP_015403513.1	WP_228721476.1
OG0001436	WP_015403574.1	WP_136798341.1
OG0001436	WP_015405666.1	WP_136797130.1
OG0001437	WP_015403599.1	WP_136797665.1
OG0001438	WP_015403659.1	WP_136795865.1
OG0001439	WP_015403727.1	WP_136798604.1
OG0001440	WP_015403730.1	WP_136798515.1
OG0001441	WP_015403739.1	WP_136795420.1
OG0001442	WP_015403745.1	WP_136795937.1
OG0001443	WP_015403750.1	WP_136795938.1
OG0001444	WP_015403763.1	WP_136798437.1, WP_136795353.1
OG0001445	WP_015403852.1	WP_136795263.1
OG0001446	WP_015403882.1	WP_136795193.1
OG0001447	WP_015403883.1	WP_136795192.1
OG0001448	WP_015403915.1	WP_136795172.1
OG0001450	WP_015403937.1	WP_136795161.1
OG0001451	WP_015403962.1	WP_136795146.1
OG0001452	WP_015403999.1	WP_136795129.1
OG0001454	WP_015404017.1	WP_136795746.1
OG0001456	WP_015404191.1	WP_136799930.1, WP_136797027.1
OG0001458	WP_015404263.1	WP_136798101.1
OG0001459	WP_015404264.1	WP_136798100.1
OG0001460	WP_015404341.1	WP_136797654.1
OG0001461	WP_015404345.1	WP_136796973.1
OG0001462	WP_015404361.1	WP_136796959.1
OG0001463	WP_015404364.1	WP_136798978.1
OG0001464	WP_015404371.1	WP_136796956.1
OG0001465	WP_015404377.1	WP_136796951.1
OG0001466	WP_015404378.1	WP_136796950.1
OG0001467	WP_015404395.1	WP_136795655.1, WP_228721357.1
OG0001468	WP_015404403.1	WP_136796807.1
OG0001469	WP_015404419.1	WP_167495622.1
OG0001470	WP_015404453.1	WP_136798262.1
OG0001471	WP_015404554.1	WP_136795873.1
OG0001472	WP_083907333.1, WP_015404561.1	WP_136798187.1
OG0001474	WP_015404587.1	WP_136795855.1
OG0001476	WP_015404603.1	WP_136796604.1
OG0001478	WP_015404708.1	WP_136799037.1
OG0001479	WP_015404716.1	WP_136797725.1
OG0001480	WP_015404766.1	WP_136795583.1
OG0001481	WP_015404775.1	WP_136797986.1
OG0001482	WP_015404801.1	WP_136798010.1
OG0001483	WP_015404807.1	WP_136798015.1
OG0001484	WP_015404829.1	WP_136797645.1
OG0001485	WP_015404861.1	WP_136797675.1
OG0001486	WP_015404957.1	WP_136795889.1
OG0001487	WP_015404962.1	WP_167495660.1
OG0001488	WP_015405071.1, WP_015405179.1	WP_136796748.1
OG0001489	WP_015405182.1	WP_136796751.1
OG0001507	WP_015405355.1	WP_136796690.1
OG0001508	WP_015405364.1	WP_167495722.1
OG0001509	WP_015405369.1	WP_136795991.1
OG0001510	WP_015405389.1	WP_136795848.1
OG0001511	WP_015405401.1	WP_136798296.1
OG0001512	WP_015405403.1	WP_136798297.1
OG0001513	WP_015405406.1	WP_136797794.1
OG0001514	WP_015405464.1	WP_136796700.1
OG0001515	WP_015405465.1	WP_167495723.1
OG0001516	WP_015405481.1	WP_136796715.1
OG0001517	WP_015405523.1	WP_136799184.1
OG0001518	WP_015405617.1	WP_136796643.1
OG0001519	WP_015405703.1	WP_136798275.1
OG0001520	WP_015405711.1	WP_136798282.1
OG0001521	WP_015405753.1	WP_136799328.1
OG0001522	WP_015405764.1	WP_136798549.1
OG0001523	WP_041916362.1	WP_136797389.1
OG0001524	WP_041916379.1	WP_136795579.1
OG0001525	WP_041916439.1	WP_136799224.1
OG0001526	WP_041916457.1	WP_136795577.1
OG0001527	WP_041917007.1	WP_136795890.1
OG0001528	WP_041917081.1	WP_136796689.1
OG0001529	WP_041917103.1	WP_136796698.1
OG0001530	WP_052326981.1	WP_136795134.1
OG0001531	WP_167320766.1	WP_136797953.1
OG0001532	WP_228130018.1	WP_136795888.1
OG0001533	WP_228130037.1	WP_217907603.1
OG0001534	WP_228130049.1	WP_136796164.1
OG0001535	WP_228130052.1	WP_228721323.1
OG0001536	WP_228130053.1	WP_136796778.1
OG0001537	WP_265588648.1	WP_136796067.1
OG0001567	WP_015403170.1	WP_136796130.1
OG0001569	WP_015405675.1	WP_136798739.1
OG0001573	WP_015405019.1	WP_167495652.1
OG0001575	WP_015405270.1	WP_136796575.1
OG0001578	WP_015405480.1	WP_136796716.1
OG0001580	WP_015403593.1	WP_136797919.1
OG0001589	WP_015404597.1	WP_136799859.1
OG0001592	WP_015403594.1	WP_136797918.1
OG0001600	WP_015403926.1	WP_167495764.1
OG0001601	WP_015404817.1	WP_136799777.1
OG0001605	WP_015403596.1	WP_136799421.1
OG0001606	WP_015403075.1	WP_136798569.1
OG0001607	WP_015403110.1	WP_136796727.1
OG0001608	WP_015402365.1	WP_136797908.1
OG0001609	WP_228130002.1	WP_136795625.1
OG0001612	WP_015402540.1	WP_136796457.1
OG0001613	WP_015402539.1	WP_136796456.1
OG0001615	WP_015402761.1	WP_136799602.1
OG0001618	WP_015405109.1	WP_136796733.1
OG0001625	WP_015402554.1	WP_136798444.1
OG0001628	WP_015402297.1	WP_136797858.1
OG0001629	WP_015402325.1	WP_136797880.1
OG0001630	WP_015402326.1	WP_136797879.1
OG0001631	WP_015402369.1	WP_136799337.1
OG0001632	WP_015402378.1	WP_136796886.1
OG0001633	WP_015402424.1	WP_136795694.1
OG0001634	WP_015402425.1	WP_136795683.1
OG0001635	WP_015402444.1	WP_136795314.1
OG0001636	WP_015402461.1	WP_167495778.1
OG0001637	WP_015402463.1	WP_136798240.1
OG0001638	WP_015402472.1	WP_136798168.1
OG0001639	WP_015402476.1	WP_136796641.1
OG0001640	WP_015402509.1	WP_136796767.1
OG0001641	WP_015402528.1	WP_228721483.1
OG0001642	WP_015402529.1	WP_136799683.1, WP_136796781.1
OG0001644	WP_015402568.1	WP_217907713.1
OG0001645	WP_015402574.1	WP_136796325.1
OG0001646	WP_015402575.1	WP_153305540.1
OG0001647	WP_015402595.1	WP_136797108.1
OG0001648	WP_015402605.1	WP_136797193.1
OG0001649	WP_015402617.1	WP_136795460.1
OG0001650	WP_015402618.1	WP_136795461.1
OG0001651	WP_015402621.1	WP_167495627.1
OG0001652	WP_015402651.1	WP_136798888.1, WP_176360056.1
OG0001653	WP_015402676.1	WP_228721454.1
OG0001654	WP_015402693.1	WP_136798513.1
OG0001656	WP_015402712.1	WP_136796786.1
OG0001657	WP_015402719.1	WP_136796794.1
OG0001658	WP_015402721.1	WP_136796799.1
OG0001659	WP_015402722.1	WP_228721482.1
OG0001660	WP_015402784.1	WP_136797428.1
OG0001661	WP_015402785.1	WP_136797426.1
OG0001664	WP_015402916.1	WP_136798679.1
OG0001665	WP_015402950.1	WP_136796044.1
OG0001666	WP_015402973.1	WP_136796068.1
OG0001667	WP_015402985.1	WP_136798920.1
OG0001668	WP_015402986.1	WP_136796937.1
OG0001669	WP_015403007.1	WP_136795627.1
OG0001670	WP_015403017.1	WP_136796077.1
OG0001671	WP_015403019.1	WP_136796075.1
OG0001672	WP_015403024.1	WP_136795640.1
OG0001673	WP_015403079.1	WP_167495825.1
OG0001674	WP_015403099.1	WP_176360037.1, WP_136798933.1
OG0001675	WP_015403157.1	WP_136796982.1
OG0001676	WP_015403171.1	WP_136795475.1
OG0001677	WP_015403189.1	WP_136795269.1
OG0001678	WP_015403204.1	WP_136795474.1
OG0001679	WP_015403209.1	WP_136799591.1
OG0001680	WP_015403226.1	WP_228721453.1
OG0001681	WP_015403228.1	WP_136796125.1
OG0001682	WP_015403231.1	WP_136798961.1
OG0001683	WP_015403353.1	WP_136796108.1
OG0001684	WP_015403354.1	WP_167495678.1
OG0001685	WP_015405085.1, WP_015403371.1	WP_136795235.1
OG0001687	WP_015403403.1	WP_136796085.1
OG0001688	WP_015403435.1	WP_136795456.1, WP_136795454.1
OG0001689	WP_015403450.1	WP_136796554.1
OG0001690	WP_015403457.1	WP_228721321.1
OG0001691	WP_015403458.1	WP_136796558.1
OG0001692	WP_015403466.1	WP_136799633.1
OG0001693	WP_015403508.1	WP_136799409.1
OG0001694	WP_015403517.1	WP_136799411.1
OG0001696	WP_015403575.1	WP_136797133.1, WP_136798342.1
OG0001697	WP_015403581.1	WP_136797046.1, WP_228721450.1
OG0001698	WP_015403634.1	WP_136796645.1
OG0001699	WP_015403676.1	WP_217907605.1
OG0001700	WP_015403741.1	WP_136795386.1
OG0001701	WP_015403756.1	WP_136795360.1
OG0001702	WP_015403776.1	WP_136795670.1
OG0001703	WP_015403817.1	WP_136795334.1
OG0001704	WP_015403855.1, WP_015404749.1	WP_136797480.1
OG0001705	WP_015403891.1	WP_167495607.1
OG0001706	WP_015403913.1	WP_167495604.1
OG0001707	WP_015403923.1	WP_136796096.1
OG0001708	WP_015403946.1	WP_136799977.1
OG0001709	WP_015403969.1	WP_136795145.1
OG0001711	WP_015404002.1	WP_136795127.1
OG0001713	WP_015404091.1	WP_136797703.1
OG0001714	WP_015404115.1	WP_267313999.1, WP_136795233.1
OG0001715	WP_015404139.1	WP_136795552.1
OG0001717	WP_015404146.1	WP_136798137.1
OG0001718	WP_015404266.1	WP_136798098.1
OG0001719	WP_015404267.1	WP_136798097.1
OG0001720	WP_015404347.1	WP_136796971.1
OG0001721	WP_015404392.1	WP_136795657.1
OG0001722	WP_015404415.1	WP_136796136.1
OG0001723	WP_015404429.1	WP_136797961.1
OG0001725	WP_015404449.1	WP_136798224.1
OG0001726	WP_015404451.1	WP_136798225.1
OG0001728	WP_015404520.1	WP_136799354.1, WP_136795943.1
OG0001729	WP_015404557.1	WP_176360096.1
OG0001730	WP_015404571.1	WP_153305535.1
OG0001731	WP_015404721.1	WP_176360070.1
OG0001732	WP_015404734.1	WP_136797766.1
OG0001733	WP_015404751.1	WP_217907675.1
OG0001734	WP_015404771.1	WP_136796134.1
OG0001735	WP_015404805.1	WP_136798013.1
OG0001736	WP_015404824.1	WP_136796118.1
OG0001737	WP_015405771.1, WP_015405023.1	WP_136795800.1
OG0001738	WP_015405030.1	WP_136795794.1
OG0001739	WP_015405055.1	WP_176360052.1
OG0001740	WP_015405058.1	WP_136796379.1
OG0001741	WP_015405059.1	WP_136796380.1
OG0001742	WP_015405145.1	WP_136795505.1
OG0001743	WP_015405187.1	WP_136795822.1
OG0001744	WP_015405198.1	WP_136795411.1
OG0001745	WP_015405207.1	WP_136795834.1
OG0001746	WP_015405208.1	WP_136795835.1
OG0001752	WP_015405351.1	WP_136795819.1
OG0001753	WP_015405360.1	WP_136796688.1
OG0001754	WP_015405362.1	WP_136796686.1
OG0001755	WP_015405382.1	WP_136795841.1
OG0001756	WP_015405386.1	WP_136795846.1
OG0001757	WP_015405420.1	WP_136795941.1
OG0001758	WP_015405425.1	WP_136799252.1
OG0001759	WP_015405474.1	WP_136796721.1
OG0001760	WP_015405476.1	WP_136796719.1
OG0001761	WP_015405477.1	WP_136796718.1
OG0001762	WP_015405478.1	WP_136796717.1
OG0001763	WP_015405520.1	WP_136798864.1
OG0001764	WP_015405556.1	WP_136797975.1
OG0001765	WP_015405599.1	WP_136795126.1
OG0001766	WP_167320718.1, WP_015405640.1	WP_136795945.1
OG0001767	WP_015405647.1	WP_267314024.1, WP_228721524.1
OG0001768	WP_015405652.1	WP_136798751.1
OG0001769	WP_015405661.1	WP_136798747.1
OG0001770	WP_015405678.1	WP_228721382.1
OG0001771	WP_015405761.1	WP_136798546.1
OG0001772	WP_041916383.1	WP_136797025.1
OG0001773	WP_041916992.1	WP_136797677.1
OG0001774	WP_041917045.1	WP_136799212.1
OG0001775	WP_052326982.1	WP_136799769.1
OG0001777	WP_153304785.1	WP_136796671.1
OG0001778	WP_153304797.1	WP_136798486.1
OG0001779	WP_153304809.1	WP_136796049.1
OG0001780	WP_153304909.1	WP_136796675.1
OG0001781	WP_228130043.1	WP_136796109.1
OG0001822	WP_015403242.1	WP_167495752.1
OG0001825	WP_228130051.1	WP_136795912.1
OG0001828	WP_015402594.1	WP_136797110.1
OG0001833	WP_015404213.1, WP_167320712.1	WP_136796065.1
OG0001840	WP_015402446.1	WP_136796344.1
OG0001842	WP_015403431.1	WP_136795450.1
OG0001848	WP_052327045.1	WP_136796486.1
OG0001851	WP_015403559.1	WP_217907699.1
OG0001852	WP_015403702.1	WP_136797326.1
OG0001853	WP_015403109.1	WP_136796726.1
OG0001854	WP_015405276.1	WP_136799850.1
OG0001864	WP_015403617.1	WP_136796923.1
OG0001865	WP_015404758.1	WP_136797808.1
OG0001868	WP_015402292.1	WP_136797853.1
OG0001869	WP_015402295.1	WP_136797856.1
OG0001870	WP_015402331.1, WP_015402345.1	WP_167495690.1
OG0001871	WP_015402590.1, WP_015402343.1	WP_167495775.1
OG0001872	WP_015402349.1	WP_136799024.1
OG0001873	WP_015402350.1	WP_136795250.1
OG0001874	WP_015402413.1	WP_136797035.1
OG0001875	WP_015402415.1	WP_136795695.1
OG0001877	WP_015402493.1	WP_136795958.1
OG0001878	WP_015402536.1	WP_136796449.1
OG0001879	WP_015402546.1	WP_136796358.1
OG0001880	WP_015402547.1	WP_136796359.1
OG0001881	WP_015402580.1	WP_136796324.1
OG0001882	WP_015402626.1	WP_136795466.1
OG0001883	WP_015402633.1	WP_136797436.1
OG0001884	WP_015402658.1	WP_136798285.1
OG0001885	WP_015402675.1	WP_136795879.1
OG0001886	WP_015402702.1	WP_136798526.1
OG0001887	WP_015402703.1	WP_136798527.1
OG0001888	WP_015402708.1	WP_136796782.1
OG0001889	WP_015402725.1	WP_136799665.1
OG0001890	WP_015402758.1	WP_228721455.1
OG0001891	WP_015402788.1	WP_136797421.1
OG0001893	WP_015402870.1	WP_228721383.1
OG0001895	WP_015402895.1	WP_136797409.1
OG0001896	WP_015402912.1	WP_136796549.1
OG0001898	WP_015402965.1	WP_136796058.1
OG0001900	WP_015403105.1, WP_015404837.1	WP_136799829.1
OG0001902	WP_015403230.1	WP_136796123.1
OG0001904	WP_015403384.1	WP_136797016.1
OG0001905	WP_015403385.1	WP_136799206.1
OG0001906	WP_015403389.1	WP_267314005.1
OG0001907	WP_015403711.1, WP_015403392.1	WP_136798795.1
OG0001908	WP_015403438.1	WP_136796366.1
OG0001909	WP_015403504.1	WP_136799405.1
OG0001910	WP_015403512.1	WP_136796823.1
OG0001911	WP_015403518.1	WP_136799412.1
OG0001912	WP_015403537.1	WP_136795590.1
OG0001913	WP_015403539.1	WP_136795592.1
OG0001914	WP_015403566.1	WP_136798662.1
OG0001915	WP_015403674.1	WP_136796062.1
OG0001917	WP_015403706.1	WP_136797048.1
OG0001918	WP_015403716.1	WP_136798655.1
OG0001919	WP_015403764.1	WP_228721416.1
OG0001920	WP_015403765.1	WP_136795352.1
OG0001921	WP_015403775.1	WP_136795669.1
OG0001923	WP_015403794.1	WP_136795249.1
OG0001924	WP_015403826.1	WP_136798374.1
OG0001925	WP_015403830.1	WP_136798952.1
OG0001926	WP_015403861.1	WP_136795257.1
OG0001927	WP_015403870.1	WP_136795204.1
OG0001928	WP_015403872.1	WP_167495608.1
OG0001929	WP_015403894.1	WP_136795183.1
OG0001930	WP_015403897.1	WP_136795181.1
OG0001931	WP_015403899.1	WP_136795179.1
OG0001933	WP_015404013.1	WP_217907623.1
OG0001934	WP_015404041.1	WP_136799819.1
OG0001935	WP_015404067.1	WP_167495643.1
OG0001936	WP_015404071.1	WP_136795626.1
OG0001937	WP_015404077.1	WP_136795622.1
OG0001938	WP_015404080.1	WP_136795619.1
OG0001939	WP_015404105.1	WP_136795581.1
OG0001940	WP_015404111.1	WP_136795574.1
OG0001941	WP_015404113.1	WP_136799417.1
OG0001942	WP_015404145.1	WP_136798820.1
OG0001943	WP_015404167.1	WP_136798122.1
OG0001944	WP_015404175.1	WP_136798118.1
OG0001945	WP_015404181.1	WP_136798115.1
OG0001946	WP_015404196.1	WP_136798802.1
OG0001947	WP_015404197.1	WP_136798801.1
OG0001948	WP_015404255.1	WP_136798109.1
OG0001949	WP_015404256.1	WP_136798108.1
OG0001950	WP_015404257.1	WP_136798107.1
OG0001951	WP_015404323.1	WP_167495801.1
OG0001953	WP_015404348.1	WP_136796970.1
OG0001954	WP_015404349.1	WP_136796969.1
OG0001955	WP_015404354.1	WP_136796964.1
OG0001956	WP_015404405.1	WP_136796941.1
OG0001957	WP_015404457.1	WP_136797916.1, WP_136797199.1
OG0001958	WP_015404514.1	WP_136796614.1
OG0001959	WP_015404526.1	WP_136798672.1
OG0001960	WP_015404531.1	WP_275942933.1
OG0001961	WP_015404533.1	WP_217907712.1
OG0001962	WP_015404546.1	WP_136797567.1, WP_136796629.1
OG0001963	WP_015404550.1	WP_136796633.1
OG0001964	WP_015404551.1	WP_136795875.1
OG0001965	WP_015404563.1	WP_136798186.1
OG0001966	WP_015404580.1	WP_136797123.1
OG0001967	WP_015404588.1	WP_136795975.1
OG0001970	WP_015404625.1	WP_136798712.1
OG0001971	WP_015404742.1	WP_136797784.1
OG0001972	WP_015404754.1	WP_136797811.1
OG0001973	WP_015404759.1	WP_136798959.1
OG0001974	WP_015404819.1	WP_136797643.1
OG0001975	WP_015404855.1	WP_136796696.1
OG0001976	WP_153304805.1, WP_015404869.1	WP_136798362.1
OG0001977	WP_015404876.1	WP_136797682.1
OG0001979	WP_015404891.1	WP_136797699.1
OG0001980	WP_015404895.1	WP_167495779.1
OG0001981	WP_015404966.1	WP_136795374.1
OG0001982	WP_015404972.1	WP_136798943.1, WP_136795367.1
OG0001983	WP_015405009.1	WP_167495721.1
OG0001984	WP_015405015.1	WP_228721509.1
OG0001985	WP_015405037.1	WP_153305561.1
OG0001986	WP_015405053.1	WP_136796747.1
OG0001987	WP_015405067.1	WP_136796743.1
OG0001988	WP_015405068.1	WP_136796742.1
OG0001989	WP_015405089.1	WP_136798190.1
OG0001990	WP_015405096.1	WP_167495726.1
OG0001991	WP_015405150.1	WP_136799272.1
OG0001992	WP_015405181.1	WP_136796750.1
OG0001994	WP_015405186.1	WP_228721338.1
OG0001995	WP_015405188.1	WP_136795823.1
OG0001996	WP_015405189.1	WP_136795824.1
OG0001997	WP_015405190.1	WP_136795825.1
OG0001998	WP_015405211.1	WP_136796680.1
OG0001999	WP_015405224.1	WP_136799853.1
OG0002003	WP_015405338.1	WP_136799868.1
OG0002004	WP_015405395.1	WP_136799857.1
OG0002005	WP_015405399.1	WP_228721349.1
OG0002006	WP_015405421.1	WP_136799249.1
OG0002007	WP_015405448.1	WP_167495875.1
OG0002008	WP_015405459.1	WP_136799268.1
OG0002009	WP_015405468.1	WP_136797652.1
OG0002010	WP_015405483.1	WP_136796710.1
OG0002011	WP_015405510.1	WP_136799188.1
OG0002012	WP_015405530.1	WP_136799107.1
OG0002013	WP_015405562.1	WP_136797969.1
OG0002014	WP_015405563.1	WP_136797968.1
OG0002015	WP_015405632.1	WP_136797948.1
OG0002016	WP_015405662.1	WP_136798746.1
OG0002017	WP_015405670.1	WP_228721380.1
OG0002018	WP_015405671.1	WP_136798742.1
OG0002019	WP_015405672.1	WP_136798741.1
OG0002020	WP_015405701.1	WP_136798717.1
OG0002021	WP_015405707.1	WP_136798279.1
OG0002024	WP_041916533.1	WP_136796323.1
OG0002025	WP_041917050.1	WP_136795826.1
OG0002026	WP_052326992.1	WP_136796972.1
OG0002028	WP_052327027.1	WP_136796655.1
OG0002029	WP_083907209.1	WP_136796381.1
OG0002030	WP_153304818.1	WP_167495826.1
OG0002031	WP_153304904.1	WP_136799739.1
OG0002032	WP_153304926.1	WP_136795946.1
OG0002033	WP_153304973.1	WP_217907719.1
OG0002034	WP_167320716.1	WP_136796401.1
OG0002035	WP_167320736.1	WP_136799820.1
OG0002036	WP_228130003.1	WP_136795618.1
OG0002037	WP_228130025.1	WP_136797884.1
OG0002038	WP_228130057.1	WP_136798784.1
OG0002039	WP_265588641.1	WP_263577274.1
OG0002040	WP_265588646.1	WP_136795961.1
OG0002106	WP_015404084.1	WP_136795605.1
OG0002119	WP_015404200.1, WP_015404695.1	WP_167495811.1
OG0002120	WP_015404127.1	WP_228721399.1
OG0002126	WP_041916281.1	WP_136795540.1
OG0002127	WP_015402827.1	WP_136796479.1
OG0002128	WP_015403278.1	WP_136798493.1
OG0002131	WP_015403111.1	WP_136796728.1
OG0002132	WP_015403113.1	WP_136796730.1
OG0002133	WP_015403115.1	WP_136796731.1
OG0002149	WP_015403112.1	WP_136796729.1
OG0002155	WP_015402335.1	WP_136797887.1
OG0002157	WP_015402346.1	WP_228721324.1
OG0002158	WP_015402404.1	WP_136795701.1
OG0002159	WP_015402405.1	WP_136795697.1
OG0002161	WP_015402475.1	WP_136796640.1
OG0002162	WP_015402507.1	WP_136796765.1
OG0002163	WP_015402516.1	WP_228721484.1
OG0002165	WP_015402521.1	WP_136796774.1
OG0002167	WP_015402628.1	WP_136798668.1
OG0002168	WP_015402718.1	WP_136796793.1
OG0002169	WP_015402727.1	WP_228721457.1
OG0002175	WP_015402889.1	WP_136796225.1
OG0002177	WP_015402972.1	WP_136796066.1
OG0002178	WP_015402987.1	WP_136796890.1
OG0002179	WP_015403014.1	WP_136796080.1
OG0002180	WP_015403015.1	WP_136796079.1
OG0002181	WP_015403016.1	WP_136796078.1
OG0002182	WP_015403018.1	WP_136796076.1
OG0002183	WP_015403036.1	WP_136796504.1, WP_136797583.1
OG0002184	WP_015403062.1	WP_136798581.1
OG0002185	WP_015403072.1	WP_136798572.1
OG0002186	WP_015403074.1	WP_136798570.1
OG0002187	WP_015403100.1	WP_136796829.1
OG0002189	WP_015403183.1	WP_136798428.1
OG0002190	WP_015403225.1	WP_136796824.1
OG0002191	WP_015403227.1	WP_136796889.1
OG0002192	WP_015403243.1	WP_136797175.1
OG0002193	WP_015403364.1	WP_136796099.1
OG0002194	WP_015403386.1	WP_228721421.1
OG0002195	WP_015403404.1	WP_136796086.1
OG0002197	WP_015403447.1	WP_136797659.1
OG0002198	WP_015403468.1, WP_015405007.1	WP_136796682.1
OG0002199	WP_015403529.1	WP_136796393.1, WP_136796892.1
OG0002200	WP_015403538.1	WP_136795591.1
OG0002201	WP_015403542.1	WP_136795594.1
OG0002202	WP_015403633.1	WP_136798252.1
OG0002203	WP_015405387.1	WP_136799424.1
OG0002204	WP_015403670.1	WP_136798185.1
OG0002205	WP_015403672.1	WP_136796060.1
OG0002206	WP_015403673.1	WP_136796061.1
OG0002207	WP_015403679.1	WP_136796904.1
OG0002209	WP_015403731.1	WP_136799175.1
OG0002210	WP_015403742.1	WP_136795385.1
OG0002211	WP_015403743.1	WP_136795382.1
OG0002212	WP_015403752.1	WP_136799305.1
OG0002213	WP_015403759.1	WP_136795358.1
OG0002214	WP_015403827.1	WP_136798375.1
OG0002215	WP_015403828.1	WP_136798376.1
OG0002216	WP_015403841.1	WP_228721429.1
OG0002217	WP_015403851.1	WP_136797656.1
OG0002219	WP_015403892.1	WP_167495606.1
OG0002220	WP_015403916.1	WP_136795171.1
OG0002221	WP_015403938.1	WP_136795160.1
OG0002222	WP_015404009.1	WP_167495644.1
OG0002225	WP_015404065.1	WP_136799822.1
OG0002226	WP_015404066.1	WP_136799821.1
OG0002227	WP_015404068.1	WP_136795737.1
OG0002228	WP_015404110.1	WP_167495635.1
OG0002229	WP_015404112.1	WP_136795573.1
OG0002231	WP_015404117.1	WP_136795572.1
OG0002232	WP_015404118.1	WP_136795571.1
OG0002233	WP_015404119.1	WP_136795570.1
OG0002235	WP_015404149.1	WP_136798134.1
OG0002236	WP_015404158.1	WP_228721398.1
OG0002237	WP_015404164.1	WP_136798125.1
OG0002238	WP_015404201.1	WP_217907624.1
OG0002240	WP_015404394.1	WP_217907621.1
OG0002241	WP_015404448.1	WP_136798264.1
OG0002243	WP_015404473.1	WP_136798253.1
OG0002245	WP_015404528.1	WP_176360054.1
OG0002246	WP_015404529.1	WP_136796615.1
OG0002247	WP_015404530.1	WP_136796616.1
OG0002248	WP_015404542.1	WP_136796625.1
OG0002249	WP_015404544.1	WP_136796627.1
OG0002250	WP_015404562.1	WP_228721462.1
OG0002251	WP_015404770.1	WP_228721359.1
OG0002252	WP_015404783.1	WP_136797994.1
OG0002253	WP_015404798.1	WP_136798007.1
OG0002254	WP_015404808.1	WP_167495800.1
OG0002255	WP_015404818.1	WP_136797641.1
OG0002256	WP_015404832.1	WP_136796423.1
OG0002257	WP_015404844.1	WP_136799832.1
OG0002258	WP_015404847.1	WP_136795982.1
OG0002259	WP_015404879.1	WP_136797688.1
OG0002260	WP_015404909.1	WP_136798383.1
OG0002261	WP_015405046.1	WP_136799292.1
OG0002263	WP_015405088.1	WP_136798189.1
OG0002264	WP_015405624.1, WP_015405094.1	WP_136797477.1
OG0002265	WP_015405115.1	WP_136796289.1
OG0002266	WP_015405126.1	WP_136798469.1
OG0002267	WP_015405127.1	WP_228721443.1
OG0002269	WP_015405254.1	WP_228721322.1
OG0002273	WP_015405339.1	WP_136795680.1
OG0002277	WP_015405393.1	WP_136795852.1
OG0002280	WP_015405567.1	WP_136797438.1
OG0002281	WP_015405591.1	WP_136795761.1
OG0002282	WP_015405592.1	WP_136795760.1
OG0002283	WP_015405600.1	WP_136796658.1
OG0002284	WP_015405618.1	WP_136796126.1
OG0002285	WP_015405655.1	WP_136798749.1
OG0002286	WP_015405667.1	WP_136798745.1
OG0002287	WP_015405689.1	WP_136798727.1
OG0002288	WP_015405710.1	WP_167495809.1
OG0002290	WP_015405736.1	WP_136796538.1
OG0002291	WP_015405745.1	WP_136798532.1
OG0002292	WP_015405768.1	WP_136798554.1
OG0002293	WP_041916861.1	WP_136798803.1
OG0002294	WP_083907232.1	WP_217907594.1
OG0002295	WP_083907315.1	WP_136799101.1
OG0002297	WP_153304830.1	WP_136796112.1
OG0002298	WP_153304872.1	WP_136795567.1
OG0002300	WP_228130006.1	WP_136795558.1
OG0002301	WP_228130007.1	WP_136798127.1
OG0002304	WP_228130076.1	WP_136795766.1
OG0002456	WP_015403576.1	WP_136798209.1
OG0002463	WP_015404507.1	WP_167495716.1
OG0002464	WP_015405267.1	WP_136798165.1
OG0002497	WP_015402339.1	WP_136797772.1
OG0002498	WP_015402342.1	WP_136797602.1
OG0002500	WP_015402485.1	WP_136798512.1
OG0002501	WP_015402487.1	WP_136798199.1
OG0002502	WP_015402556.1	WP_136796998.1
OG0002504	WP_015402713.1	WP_136796788.1
OG0002505	WP_015402729.1	WP_136799669.1
OG0002506	WP_015402749.1	WP_228721501.1
OG0002507	WP_015402756.1	WP_136798205.1
OG0002509	WP_015402831.1	WP_136796515.1
OG0002510	WP_015402859.1	WP_136795614.1
OG0002511	WP_015402861.1	WP_136795616.1
OG0002514	WP_015403082.1	WP_136797077.1
OG0002515	WP_015403084.1	WP_167495749.1
OG0002516	WP_015403089.1	WP_167495901.1
OG0002518	WP_015403165.1	WP_136797107.1
OG0002519	WP_015403188.1	WP_136795268.1
OG0002520	WP_015403208.1	WP_228721458.1
OG0002524	WP_015403246.1	WP_136797179.1
OG0002525	WP_015403286.1	WP_136798456.1
OG0002526	WP_015403287.1	WP_136798454.1
OG0002527	WP_015403295.1	WP_136796330.1
OG0002528	WP_015403321.1	WP_136796851.1
OG0002530	WP_015403399.1	WP_136796083.1
OG0002531	WP_015403402.1	WP_136799035.1
OG0002532	WP_015403411.1	WP_136795433.1
OG0002533	WP_015403439.1	WP_167495774.1
OG0002534	WP_015403448.1	WP_136797963.1
OG0002535	WP_015403475.1	WP_136796826.1
OG0002536	WP_015403547.1	WP_136798586.1
OG0002537	WP_015403567.1	WP_136798664.1
OG0002538	WP_015403579.1	WP_167495831.1
OG0002541	WP_015403692.1	WP_176360079.1
OG0002542	WP_015403707.1	WP_136796287.1
OG0002546	WP_015403832.1	WP_136795264.1
OG0002549	WP_015403876.1	WP_136795199.1
OG0002550	WP_015403889.1	WP_136795976.1
OG0002551	WP_015403890.1	WP_136795977.1
OG0002552	WP_015403898.1	WP_167495605.1
OG0002556	WP_015404014.1	WP_136795749.1
OG0002557	WP_015404037.1	WP_136797639.1
OG0002559	WP_015404085.1	WP_136795604.1
OG0002560	WP_015404116.1	WP_136797526.1
OG0002561	WP_015404123.1	WP_136795566.1
OG0002562	WP_015404155.1	WP_136798129.1
OG0002563	WP_015404173.1	WP_136795315.1
OG0002565	WP_015404372.1	WP_167495737.1
OG0002566	WP_015404388.1	WP_136795424.1
OG0002567	WP_015404390.1	WP_136799795.1
OG0002568	WP_015404938.1, WP_015404698.1, WP_015404398.1	WP_136798507.1
OG0002569	WP_015404399.1, WP_015404937.1, WP_015404699.1	WP_167495823.1
OG0002570	WP_015404438.1	WP_136796983.1
OG0002571	WP_015404497.1	WP_136797530.1
OG0002572	WP_015404501.1	WP_167495935.1
OG0002573	WP_015404523.1	WP_228721431.1
OG0002574	WP_015404524.1	WP_136798674.1
OG0002575	WP_015404525.1	WP_136798673.1
OG0002576	WP_015404581.1	WP_136799975.1
OG0002577	WP_015404604.1	WP_136798400.1
OG0002578	WP_015404624.1	WP_228721384.1
OG0002580	WP_015404685.1	WP_136798306.1
OG0002581	WP_015404687.1	WP_136795919.1
OG0002583	WP_015404843.1	WP_136799834.1
OG0002584	WP_015404888.1	WP_136797691.1
OG0002585	WP_015404893.1	WP_136797705.1
OG0002586	WP_015404900.1	WP_167495780.1
OG0002589	WP_015405035.1	WP_275942931.1
OG0002590	WP_015405090.1	WP_136798191.1
OG0002594	WP_015405146.1	WP_136799269.1
OG0002595	WP_015405176.1	WP_167495878.1
OG0002603	WP_015405342.1	WP_228721508.1
OG0002605	WP_015405372.1	WP_136799034.1
OG0002606	WP_015405373.1	WP_136799033.1
OG0002607	WP_015405392.1	WP_136795851.1
OG0002608	WP_015405426.1	WP_136799253.1
OG0002609	WP_015405471.1	WP_136799042.1
OG0002611	WP_015405495.1	WP_136798922.1
OG0002612	WP_015405496.1	WP_136798923.1
OG0002613	WP_015405497.1	WP_136798924.1
OG0002614	WP_015405499.1	WP_136798926.1
OG0002619	WP_015405610.1	WP_136799043.1
OG0002621	WP_015405676.1	WP_217907612.1
OG0002622	WP_015405735.1	WP_136795647.1
OG0002624	WP_041916289.1	WP_136796135.1
OG0002628	WP_041917087.1	WP_136797985.1
OG0002629	WP_074195169.1	WP_181212308.1
OG0002630	WP_083907295.1	WP_136797810.1
OG0002633	WP_153304867.1	WP_136795166.1
OG0002634	WP_153304884.1	WP_136798057.1
OG0002635	WP_153304890.1	WP_136799955.1
OG0002636	WP_167320692.1	WP_136797770.1
OG0002637	WP_167320714.1	WP_136795744.1
OG0002639	WP_167320738.1	WP_136798918.1
OG0002641	WP_228130040.1	WP_136797012.1
OG0002904	WP_015403835.1	WP_136798373.1
OG0002907	WP_015402372.1	WP_136795499.1
OG0002908	WP_015402394.1	WP_136797465.1
OG0002913	WP_015402503.1	WP_136795508.1
OG0002914	WP_015402565.1	WP_136797585.1
OG0002922	WP_015402815.1	WP_136795501.1
OG0002925	WP_015402860.1	WP_136795615.1
OG0002929	WP_015402966.1	WP_136798594.1
OG0002930	WP_015402967.1	WP_136798593.1
OG0002937	WP_015403107.1	WP_136796725.1
OG0002942	WP_015403254.1	WP_136799489.1
OG0002943	WP_015403267.1	WP_167495732.1
OG0002945	WP_015403315.1	WP_136796376.1
OG0002948	WP_015403445.1	WP_136795642.1
OG0002949	WP_015403498.1	WP_136796839.1
OG0002953	WP_015403754.1	WP_136799057.1
OG0002954	WP_015403803.1	WP_167495863.1
OG0002955	WP_015403824.1	WP_136795266.1
OG0002956	WP_015403907.1	WP_136795916.1
OG0002957	WP_015403941.1	WP_136796258.1
OG0002961	WP_015404131.1	WP_136795560.1
OG0002962	WP_015404134.1	WP_136795643.1
OG0002964	WP_015404187.1	WP_167495742.1
OG0002965	WP_015404211.1	WP_167495844.1, WP_136797371.1
OG0002966	WP_015404365.1	WP_136798979.1
OG0002967	WP_015404366.1	WP_136798980.1
OG0002970	WP_015404456.1	WP_136797197.1
OG0002972	WP_015404505.1	WP_136796599.1
OG0002973	WP_015404506.1	WP_136796600.1
OG0002978	WP_015404612.1	WP_136795908.1
OG0002981	WP_015404686.1	WP_153305556.1
OG0002983	WP_015404745.1	WP_217907607.1
OG0002986	WP_015404865.1	WP_136798354.1
OG0002993	WP_015405093.1, WP_015405412.1	WP_136796708.1
OG0002998	WP_015405201.1, WP_167320717.1	WP_136798423.1
OG0003006	WP_015405498.1	WP_136798925.1
OG0003007	WP_015405500.1	WP_167495853.1
OG0003022	WP_153304873.1	WP_136795562.1
OG0003026	WP_208598463.1	WP_136799811.1
OG0003028	WP_228130079.1	WP_136797324.1
OG0003462	WP_015403610.1	WP_136798230.1
OG0003482	WP_015402467.1	WP_217907627.1
OG0003488	WP_015402563.1	WP_136797330.1
OG0003492	WP_015402640.1	WP_217907657.1
OG0003498	WP_015402754.1	WP_136798201.1
OG0003509	WP_015402867.1	WP_136798416.1
OG0003528	WP_015403260.1	WP_228721465.1
OG0003529	WP_015403279.1	WP_136798826.1
OG0003551	WP_015403768.1	WP_136795346.1
OG0003552	WP_015403769.1	WP_136795345.1
OG0003559	WP_015403819.1	WP_217907677.1
OG0003562	WP_015403964.1	WP_217907701.1
OG0003563	WP_015404044.1	WP_136799812.1
OG0003576	WP_015404386.1	WP_136796825.1
OG0003591	WP_015404702.1	WP_136799190.1
OG0003601	WP_015404939.1	WP_136799611.1
OG0003614	WP_015405083.1	WP_136796261.1
OG0003628	WP_015405576.1	WP_176360088.1
OG0003640	WP_041916417.1	WP_136798302.1
OG0003641	WP_052327059.1	WP_136795660.1
OG0003643	WP_153304900.1	WP_136796461.1
OG0004484	WP_015402455.1	WP_136798928.1
OG0004489	WP_015402741.1	WP_153305546.1
OG0004501	WP_015402939.1	WP_136796040.1
OG0004502	WP_015402971.1	WP_167495750.1
OG0004534	WP_015403442.1	WP_136796071.1
OG0004542	WP_015403577.1	WP_136798208.1
OG0004561	WP_015404208.1	WP_136798812.1
OG0004562	WP_015404210.1	WP_136798811.1
OG0004595	WP_015404976.1	WP_176359989.1
OG0004602	WP_015405155.1	WP_136795901.1
