Orthogroup	Desulfocapsa sulfexigens DSM 10523	Desulfocapsa_06_corrosive
OG0000000	WP_015405628.1	Utg323632_218
OG0000000	WP_015404870.1, WP_015402904.1	Utg323180_138
OG0000000	WP_015404602.1	Utg323990_62
OG0000000	WP_015404730.1	Utg323074_126
OG0000000	WP_015404836.1	Utg323262_146
OG0000000	WP_015403526.1	Utg323140_105
OG0000000	WP_015405714.1	Utg323632_66
OG0000000	WP_015404574.1	Utg323990_84
OG0000000	WP_015405012.1	Utg323152_233
OG0000000	WP_015405247.1	Utg323152_286
OG0000000	WP_015404443.1	Utg323632_278
OG0000000	WP_015405235.1	Utg323152_278
OG0000000	WP_015404190.1	Utg323140_222
OG0000000	WP_228130058.1	Utg323180_69
OG0000000	WP_015402874.1	Utg323262_120
OG0000000	WP_015404515.1	Utg323990_174
OG0000000	WP_015404367.1	Utg323152_412
OG0000001	WP_015402638.1	Utg323180_225
OG0000001	WP_015402457.1, WP_015402486.1	Utg323180_287
OG0000001	WP_015402385.1	Utg323180_510
OG0000001	WP_167320702.1	Utg323180_136
OG0000001	WP_015402480.1	Utg323180_418, Utg323074_106, Utg323180_183
OG0000002	WP_015403812.1, WP_015404031.1	Utg323300_31
OG0000002	WP_015403655.1	Utg323632_46
OG0000002	WP_015404618.1	Utg323300_181
OG0000002	WP_041916771.1	Utg323300_202
OG0000002	WP_153304957.1	Utg323160_86
OG0000003	WP_015403648.1	Utg323152_11, Utg323180_390, Utg323300_45, Utg323140_167, Utg323140_166, Utg323180_464, Utg323180_430
OG0000004	WP_015404335.1	Utg323316_191, Utg323152_14
OG0000004	WP_015403270.1	Utg323074_85, Utg323180_529
OG0000004	WP_015405428.1	Utg323152_27, Utg323300_412, Utg323266_76, Utg323266_66
OG0000004	WP_015403551.1	Utg323180_502
OG0000004	WP_015405656.1	Utg323632_135
OG0000004	WP_015402421.1, WP_052326944.1	Utg323180_613
OG0000004	WP_015403175.1	Utg323180_419
OG0000004	WP_015402868.1	Utg323262_186
OG0000004	WP_015402970.1	Utg323300_14
OG0000005	WP_015403762.1	Utg323300_198
OG0000005	WP_015404965.1	Utg323152_391
OG0000005	WP_015405658.1	Utg323632_133
OG0000005	WP_015404343.1	Utg323262_94
OG0000005	WP_015403003.1	Utg323392_93
OG0000005	WP_015402641.1	Utg323300_274, Utg323392_174
OG0000005	WP_167320730.1	Utg323316_116
OG0000006	WP_015403002.1	Utg323392_94
OG0000006	WP_015405414.1, WP_015403820.1	Utg323180_218, Utg323180_148
OG0000007	WP_015405611.1	Utg323632_239
OG0000007	WP_015405734.1	Utg323632_51
OG0000007	WP_041916547.1	Utg323152_106
OG0000007	WP_015404120.1	Utg323316_118
OG0000007	WP_015403101.1	Utg323180_130
OG0000007	WP_015404400.1	Utg323632_81
OG0000008	WP_015403337.1	Utg323160_91
OG0000008	WP_015405644.1	Utg323300_42
OG0000008	WP_015403510.1	Utg323300_399
OG0000008	WP_015404768.1	Utg323392_185
OG0000009	WP_015405657.1	Utg323632_134
OG0000009	WP_015405427.1	Utg323180_612, Utg323180_288, Utg323152_586
OG0000010	WP_015404239.1	Utg323316_272, Utg323316_267
OG0000010	WP_153304882.1	Utg323990_20
OG0000010	WP_015404221.1, WP_015404682.1	Utg323316_270
OG0000011	WP_015403675.1	Utg323180_549
OG0000012	WP_015405394.1	Utg323392_111
OG0000012	WP_015403532.1	Utg323140_106
OG0000012	WP_015405260.1	Utg323180_153
OG0000012	WP_228130022.1	Utg323632_113
OG0000013	WP_015402979.1	Utg323140_78
OG0000013	WP_015404193.1	Utg323140_219
OG0000013	WP_015404186.1	Utg323140_226
OG0000014	WP_015403048.1	Utg323392_110
OG0000014	WP_015403432.1	Utg324810_58
OG0000015	WP_015404994.1	Utg323392_212
OG0000015	WP_015405754.1	Utg323632_27
OG0000015	WP_015403214.1	Utg323140_90
OG0000016	WP_015405281.1	Utg323152_301
OG0000018	WP_015405040.1	Utg323152_201
OG0000019	WP_015403161.1	Utg323140_131
OG0000020	WP_015405231.1	Utg323152_283
OG0000020	WP_015404437.1	Utg323632_271
OG0000020	WP_015405244.1	Utg323152_268
OG0000020	WP_015404863.1	Utg323180_155
OG0000020	WP_015403536.1	Utg323300_116
OG0000021	WP_015405210.1	Utg323152_38
OG0000022	WP_015402646.1	Utg323180_278
OG0000022	WP_015405396.1	Utg323392_113
OG0000023	WP_015403473.1	Utg323180_594
OG0000023	WP_015403474.1	Utg323180_595
OG0000024	WP_015405350.1	Utg323180_286
OG0000024	WP_015402478.1	Utg323152_134
OG0000025	WP_015403272.1	Utg323300_113
OG0000025	WP_015403667.1	Utg323140_34
OG0000025	WP_015405643.1	Utg323316_176, Utg323180_632
OG0000025	WP_015405516.1	Utg323180_229
OG0000025	WP_015405536.1	Utg323152_140, Utg323140_139
OG0000025	WP_041916396.1	Utg323392_180, Utg323316_342, Utg323316_341, Utg323180_435, Utg323632_121, Utg323392_70
OG0000026	WP_015403451.1	Utg323140_43
OG0000026	WP_015402804.1	Utg323632_118
OG0000026	WP_015403738.1	Utg323300_169
OG0000026	WP_015403942.1	Utg323300_371
OG0000027	WP_083907219.1	Utg323300_117
OG0000027	WP_265588650.1	Utg323392_79
OG0000027	WP_228130054.1	Utg323180_188
OG0000028	WP_015404516.1	Utg323990_173
OG0000028	WP_015405200.1	Utg323140_52
OG0000028	WP_015404192.1	Utg323140_220
OG0000029	WP_167320727.1	Utg323300_179
OG0000029	WP_052326975.1	Utg323300_178
OG0000030	WP_015403340.1	Utg323160_85
OG0000030	WP_228130041.1	Utg323160_112
OG0000031	WP_015404265.1	Utg323448_44
OG0000031	WP_015405368.1	Utg323392_77
OG0000031	WP_015403311.1	Utg323262_179
OG0000032	WP_015403973.1	Utg323316_338
OG0000032	WP_015403541.1	Utg323300_122
OG0000033	WP_015403598.1	Utg323140_147, Utg323140_146
OG0000034	WP_015404767.1	Utg323392_186, Utg323392_187
OG0000035	WP_015402576.1	Utg323180_199
OG0000035	WP_015404344.1	Utg323262_95
OG0000035	WP_015403874.1	Utg323300_305
OG0000035	WP_015403839.1	Utg323300_236
OG0000038	WP_015404535.1	Utg323990_153
OG0000038	WP_015402313.1	Utg323180_685
OG0000038	WP_015402314.1	Utg323180_684
OG0000039	WP_015405087.1	Utg323316_349
OG0000040	WP_015404697.1	Utg323074_178
OG0000040	WP_015404594.1	Utg323990_66
OG0000041	WP_015404769.1	Utg323632_79, Utg323300_84
OG0000041	WP_015403613.1	Utg323316_196
OG0000042	WP_041916557.1	Utg323180_126
OG0000042	WP_015403963.1	Utg323300_393
OG0000042	WP_015404842.1	Utg323262_141
OG0000042	WP_015404992.1	Utg323152_383
OG0000043	WP_015402371.1	Utg323140_196, Utg323990_243, Utg323160_116, Utg323180_525
OG0000043	WP_015402367.1	Utg323180_599
OG0000044	WP_015404161.1	Utg323316_69
OG0000045	WP_015402866.1	Utg323180_405
OG0000045	WP_015404579.1	Utg324810_80, Utg323990_79
OG0000045	WP_228130035.1	Utg323300_218
OG0000046	WP_015402438.1	Utg324810_8
OG0000046	WP_015405008.1	Utg323152_235
OG0000046	WP_015404864.1	Utg323180_156
OG0000047	WP_015405593.1	Utg323316_238
OG0000047	WP_015404707.1	Utg323074_155
OG0000048	WP_015404100.1	Utg323316_142
OG0000049	WP_015404873.1	Utg323300_370
OG0000051	WP_015404005.1	Utg323316_319
OG0000051	WP_015403310.1	Utg323262_180
OG0000051	WP_153304915.1	Utg323392_75
OG0000052	WP_015405485.1	Utg323074_111
OG0000053	WP_015404739.1	Utg323392_224
OG0000053	WP_015405788.1	Utg323180_371, Utg323316_65
OG0000053	WP_228130071.1	Utg323316_144
OG0000054	WP_015404045.1	Utg323316_271, Utg323316_253
OG0000055	WP_015405217.1	Utg323152_253
OG0000055	WP_015404642.1	Utg323990_203, Utg323152_348, Utg323152_241
OG0000056	WP_015402552.1	Utg323180_501
OG0000057	WP_015403643.1	Utg323152_465
OG0000057	WP_015403138.1	Utg323300_441, Utg323632_324, Utg323392_16, Utg323140_160
OG0000058	WP_015402352.1	Utg323180_619
OG0000058	WP_015405249.1	Utg323152_288
OG0000058	WP_015404440.1	Utg323632_274
OG0000058	WP_015405240.1	Utg323152_273
OG0000058	WP_015403671.1	Utg323180_545
OG0000059	WP_083907268.1	Utg323316_107
OG0000060	WP_015403496.1	Utg323300_75
OG0000060	WP_015404589.1	Utg323990_72
OG0000061	WP_015402468.1	Utg323180_315
OG0000062	WP_041916419.1	Utg323392_166
OG0000063	WP_015405546.1	Utg323632_334
OG0000063	WP_015404799.1	Utg323392_142
OG0000064	WP_015404547.1	Utg323990_139
OG0000064	WP_015402710.1	Utg323180_38
OG0000065	WP_015402775.1	Utg323140_85
OG0000065	WP_015402615.1	Utg323160_21
OG0000065	WP_015402731.1	Utg323140_2, Utg323180_2
OG0000067	WP_015404777.1	Utg323392_165
OG0000069	WP_015403747.1	Utg323300_182
OG0000069	WP_015404352.1	Utg323262_103
OG0000070	WP_015405051.1	Utg323152_189
OG0000070	WP_015404487.1, WP_228130013.1	Utg323990_69
OG0000071	WP_015405451.1	Utg323152_559
OG0000071	WP_015402375.1	Utg323180_522
OG0000072	WP_015405452.1	Utg323152_560
OG0000072	WP_015402376.1	Utg323180_521
OG0000073	WP_015405086.1	Utg323160_62
OG0000073	WP_015405072.1, WP_015402609.1	Utg323180_197, Utg323632_357
OG0000073	WP_015402677.1	Utg323180_298
OG0000073	WP_015402482.1	Utg323180_233
OG0000073	WP_015403799.1	Utg324548_6
OG0000073	WP_167320698.1, WP_015402435.1	Utg323140_124
OG0000074	WP_015402447.1	Utg323180_421
OG0000075	WP_015403341.1	Utg323160_84
OG0000076	WP_015405226.1	Utg323152_263
OG0000077	WP_015404715.1	Utg323074_141
OG0000078	WP_015404958.1	Utg323152_397
OG0000078	WP_015402312.1	Utg323180_686
OG0000078	WP_015403864.1	Utg323300_294
OG0000079	WP_015402977.1	Utg323160_93
OG0000079	WP_015405417.1	Utg323180_41
OG0000079	WP_015404623.1	Utg323990_42
OG0000080	WP_015403975.1	Utg323140_241
OG0000080	WP_015402686.1	Utg323152_20
OG0000080	WP_015404671.1	Utg323316_249
OG0000082	WP_015404747.1	Utg323392_216
OG0000082	WP_015405296.1	Utg323152_318
OG0000085	WP_153304855.1	Utg323180_592
OG0000086	WP_265588649.1	Utg323180_528
OG0000087	WP_015402777.1	Utg323140_87
OG0000087	WP_015404821.1	Utg323152_497
OG0000087	WP_015405668.1	Utg323632_128
OG0000088	WP_015405225.1	Utg323152_262
OG0000091	WP_015402418.1	Utg323180_478
OG0000091	WP_015404791.1	Utg323392_150
OG0000092	WP_015403796.1	Utg323300_130
OG0000092	WP_015403008.1	Utg323152_94
OG0000092	WP_015402386.1	Utg323180_509
OG0000093	WP_015402704.1	Utg323180_45
OG0000094	WP_015404230.1	Utg323152_240, Utg323990_23
OG0000094	WP_015404703.1	Utg323074_170
OG0000095	WP_015403025.1	Utg323300_425
OG0000095	WP_265588636.1	Utg323990_63
OG0000096	WP_015405356.1	Utg323392_43
OG0000097	WP_015404820.1	Utg323152_498
OG0000097	WP_015403348.1	Utg323160_75
OG0000097	WP_015403223.1	Utg323266_3, Utg323160_123
OG0000098	WP_015402377.1	Utg323180_520
OG0000098	WP_015405453.1	Utg323152_561
OG0000099	WP_015403552.1	Utg324810_13, Utg323180_500
OG0000099	WP_015403528.1	Utg323074_101, Utg323074_64
OG0000100	WP_015404121.1	Utg323316_117
OG0000101	WP_228130039.1	Utg323266_38
OG0000101	WP_015403666.1	Utg323180_20
OG0000102	WP_015405674.1	Utg323632_122
OG0000103	WP_015404021.1	Utg323316_301
OG0000104	WP_228130081.1	Utg323074_23
OG0000104	WP_015403990.1	Utg323316_337
OG0000105	WP_015404793.1	Utg323392_148
OG0000105	WP_015402408.1	Utg323180_490
OG0000106	WP_015403625.1	Utg323300_138
OG0000106	WP_015404007.1	Utg323316_317
OG0000107	WP_153304789.1	Utg323266_55
OG0000107	WP_052326938.1	Utg323180_669
OG0000108	WP_015405353.1	Utg323392_40
OG0000108	WP_015402336.1	Utg323180_650
OG0000110	WP_015405228.1	Utg323152_265
OG0000112	WP_015403936.1	Utg323300_361
OG0000113	WP_015404088.1	Utg323316_179
OG0000114	WP_015404279.1	Utg323448_59
OG0000114	WP_015402582.1	Utg323180_193
OG0000115	WP_015403910.1	Utg323300_341
OG0000115	WP_015404572.1	Utg323990_86
OG0000116	WP_015402490.1	Utg323300_39
OG0000116	WP_015403565.1, WP_015403958.1	Utg323300_387
OG0000117	WP_015403805.1	Utg323316_188
OG0000117	WP_015403159.1	Utg323140_129
OG0000118	WP_015403158.1	Utg323140_128
OG0000118	WP_015403806.1	Utg323316_189
OG0000119	WP_015402797.1	Utg323180_425
OG0000121	WP_015403603.1, WP_041916370.1	Utg323316_251, Utg323316_295, Utg323316_290
OG0000121	WP_015404050.1	Utg323074_180
OG0000122	WP_015403700.1	Utg323300_431, Utg323262_85
OG0000123	WP_015405227.1	Utg323152_264
OG0000126	WP_015404803.1	Utg323392_137
OG0000126	WP_015402913.1	Utg323140_162
OG0000127	WP_015404182.1, WP_015404183.1	Utg323448_31
OG0000128	WP_015402505.1	Utg323180_277
OG0000128	WP_015405039.1	Utg323152_202
OG0000129	WP_015402307.1	Utg323180_691
OG0000130	WP_015402762.1	Utg323140_62, Utg323632_319
OG0000131	WP_153304997.1	Utg323074_120
OG0000131	WP_015404061.1	Utg323990_32
OG0000133	WP_228130062.1	Utg323140_126
OG0000133	WP_228130048.1	Utg323316_190
OG0000134	WP_015402789.1	Utg323140_101
OG0000134	WP_015405212.1	Utg323152_247
OG0000135	WP_015403944.1	Utg323300_373
OG0000135	WP_015403834.1	Utg323300_234
OG0000136	WP_015405013.1	Utg323152_230
OG0000136	WP_015405352.1	Utg323392_39
OG0000137	WP_015403804.1	Utg323316_187
OG0000137	WP_015403527.1	Utg323632_120, Utg323074_21, Utg323300_15
OG0000141	WP_228130036.1	Utg323300_418
OG0000142	WP_015404601.1	Utg323180_616
OG0000142	WP_015405517.1	Utg323392_262
OG0000143	WP_015402647.1	Utg323140_49
OG0000143	WP_015402714.1	Utg323180_33
OG0000144	WP_015404757.1	Utg323392_195
OG0000144	WP_015404779.1	Utg323392_160
OG0000145	WP_015404615.1	Utg323180_144
OG0000145	WP_015402384.1	Utg323180_511
OG0000147	WP_015404800.1	Utg323392_141
OG0000149	WP_015404246.1	Utg323152_360
OG0000149	WP_015404202.1	Utg323300_144, Utg325220_75, Utg323152_363
OG0000150	WP_015404955.1	Utg323152_400
OG0000150	WP_015404102.1	Utg323316_140
OG0000150	WP_015403878.1	Utg323300_310
OG0000151	WP_015404064.1	Utg323316_242
OG0000152	WP_015402381.1	Utg323180_516
OG0000152	WP_015402374.1	Utg323180_523
OG0000153	WP_015404425.1	Utg323180_413
OG0000153	WP_015402914.1	Utg323300_187
OG0000154	WP_015403217.1	Utg323160_129, Utg323266_10
OG0000159	WP_208598504.1	Utg324810_14
OG0000159	WP_015405738.1	Utg323180_417
OG0000160	WP_015402570.1	Utg323180_213
OG0000162	WP_041916377.1	Utg323316_178
OG0000163	WP_015403342.1	Utg323160_83
OG0000163	WP_015404356.1	Utg323262_107
OG0000164	WP_015403628.1	Utg323300_166
OG0000165	WP_015402948.1	Utg323140_175
OG0000166	WP_015405604.1	Utg323632_248
OG0000166	WP_015404252.1	Utg324810_90
OG0000167	WP_015404889.1	Utg323152_436
OG0000168	WP_015403840.1	Utg323300_260
OG0000169	WP_015404816.1	Utg323152_503
OG0000170	WP_015403919.1	Utg323300_350
OG0000171	WP_015404886.1	Utg323152_438
OG0000171	WP_015404887.1	Utg323152_437
OG0000172	WP_015404511.1	Utg323990_178
OG0000173	WP_015403433.1	Utg324810_59
OG0000174	WP_015402361.1	Utg323180_604
OG0000174	WP_015403695.1	Utg323266_90
OG0000175	WP_208598472.1	Utg323160_23, Utg325220_73, Utg323392_235, Utg323300_462, Utg323160_47
OG0000176	WP_015403419.1	Utg324810_46
OG0000177	WP_015402938.1	Utg323300_73
OG0000178	WP_015403012.1	Utg323316_122
OG0000178	WP_167320722.1	Utg324810_77
OG0000179	WP_015403164.1	Utg323152_376
OG0000180	WP_015403309.1	Utg323262_181, Utg323262_184
OG0000181	WP_015404063.1	Utg323316_243
OG0000182	WP_015404788.1	Utg323392_153
OG0000183	WP_208598531.1	Utg323632_25
OG0000184	WP_015403677.1	Utg323392_66
OG0000184	WP_015404418.1	Utg324548_16
OG0000185	WP_015405172.1	Utg323152_69
OG0000185	WP_015404124.1	Utg323316_113
OG0000186	WP_015403686.1	Utg323392_251
OG0000187	WP_015404268.1	Utg323448_60, Utg323448_47
OG0000188	WP_015403875.1	Utg323300_307
OG0000189	WP_015404553.1	Utg323990_133
OG0000190	WP_015404901.1	Utg323152_409, Utg323262_17
OG0000191	WP_228130031.1	Utg323180_105
OG0000191	WP_015403618.1	Utg323266_48
OG0000193	WP_015402732.1	Utg323140_4, Utg323180_1
OG0000194	WP_015402613.1	Utg323160_22
OG0000194	WP_015403363.1	Utg323160_58, Utg323316_1
OG0000195	WP_167320713.1	Utg323152_119
OG0000195	WP_015402308.1	Utg323180_690
OG0000196	WP_015405758.1	Utg323632_23
OG0000197	WP_015404178.1	Utg323448_28
OG0000197	WP_015402858.1	Utg323180_590
OG0000198	WP_015404032.1	Utg323316_285
OG0000198	WP_015405101.1	Utg323152_174
OG0000199	WP_015403925.1	Utg323300_357
OG0000199	WP_015405043.1	Utg323152_198
OG0000200	WP_015403368.1	Utg323160_40
OG0000201	WP_015402726.1	Utg323180_6
OG0000202	WP_015403041.1	Utg325220_64, Utg323140_270
OG0000202	WP_015403516.1	Utg323300_104
OG0000203	WP_015403624.1	Utg323262_83, Utg323300_137
OG0000203	WP_015405501.1	Utg323262_67
OG0000204	WP_167320750.1, WP_041916292.1	Utg323180_154
OG0000205	WP_052326952.1	Utg323266_99
OG0000209	WP_015403972.1	Utg323316_339
OG0000210	WP_153304845.1	Utg323300_167
OG0000211	WP_015402955.1	Utg323140_182
OG0000212	WP_015403425.1	Utg324810_52
OG0000213	WP_015402864.1	Utg323180_404
OG0000214	WP_015403656.1	Utg323632_45
OG0000215	WP_015405467.1	Utg323152_476
OG0000215	WP_015403395.1	Utg324810_67
OG0000216	WP_015404094.1	Utg323316_146
OG0000217	WP_015404433.1	Utg324548_25
OG0000218	WP_015405521.1	Utg323632_371
OG0000218	WP_015403719.1	Utg323266_87
OG0000218	WP_015403718.1	Utg323266_88
OG0000219	WP_015403862.1	Utg323300_291
OG0000221	WP_015402390.1	Utg323180_504
OG0000222	WP_015404363.1	Utg323262_114
OG0000223	WP_015404744.1	Utg323392_219
OG0000223	WP_041916376.1	Utg323316_181
OG0000224	WP_015403713.1	Utg323152_490
OG0000225	WP_228130059.1, WP_015402983.1	Utg323152_460
OG0000225	WP_153304792.1	Utg323140_111
OG0000226	WP_015403895.1	Utg323300_329
OG0000227	WP_015405532.1	Utg323632_351
OG0000228	WP_015404722.1	Utg323074_134
OG0000229	WP_015403080.1	Utg325220_87
OG0000230	WP_015405214.1	Utg323152_249
OG0000232	WP_015404828.1	Utg323152_484
OG0000232	WP_228130015.1	Utg323152_485
OG0000233	WP_015405001.1	Utg323152_10
OG0000233	WP_015403097.1	Utg323266_103
OG0000234	WP_015404541.1	Utg323990_146
OG0000235	WP_015402571.1	Utg323180_210
OG0000235	WP_015403933.1	Utg323300_358
OG0000236	WP_015403802.1, WP_015402832.1, WP_015405047.1	Utg323152_193
OG0000237	WP_015403027.1	Utg324810_62
OG0000237	WP_015403550.1	Utg323300_24
OG0000238	WP_015403087.1	Utg325220_109
OG0000238	WP_015403615.1	Utg323316_194
OG0000239	WP_015403176.1	Utg323266_22
OG0000240	WP_015404338.1	Utg323152_13, Utg323180_454
OG0000241	WP_015404417.1	Utg324548_15
OG0000241	WP_015404839.1	Utg323262_144
OG0000242	WP_015405234.1	Utg323152_279
OG0000242	WP_015404444.1	Utg323632_279
OG0000242	WP_015405245.1	Utg323152_284
OG0000243	WP_015404772.1	Utg323180_67, Utg323266_94, Utg323160_100, Utg323160_101
OG0000244	WP_015404822.1	Utg323152_496
OG0000245	WP_208598476.1, WP_228130017.1, WP_228130061.1	Utg323316_355
OG0000248	WP_015402961.1	Utg323140_188
OG0000250	WP_015405307.1	Utg323152_330
OG0000252	WP_015405759.1	Utg323632_22
OG0000253	WP_015405687.1	Utg323632_102
OG0000256	WP_015403654.1	Utg323632_47
OG0000257	WP_015404474.1	Utg323990_211
OG0000257	WP_015403400.1	Utg324810_19
OG0000258	WP_052327002.1	Utg323074_207, Utg323074_198
OG0000258	WP_041916466.1	Utg323074_197, Utg323316_263
OG0000259	WP_015404586.1	Utg323990_75
OG0000260	WP_167320763.1	Utg323180_575
OG0000260	WP_015402947.1	Utg323140_174
OG0000261	WP_015403028.1	Utg323300_415
OG0000261	WP_015404558.1	Utg323990_127
OG0000262	WP_015405634.1	Utg323152_138, Utg323152_139
OG0000263	WP_015403031.1	Utg323300_416
OG0000264	WP_015403248.1	Utg323262_53
OG0000264	WP_015403956.1	Utg323300_385
OG0000265	WP_015403241.1	Utg323262_60
OG0000265	WP_015403954.1	Utg323300_383
OG0000266	WP_015403244.1	Utg323262_57
OG0000266	WP_015403914.1	Utg323300_345
OG0000268	WP_228130027.1	Utg323180_596
OG0000268	WP_015402508.1	Utg323180_274
OG0000269	WP_015404334.1	Utg323448_118
OG0000269	WP_015404333.1	Utg323448_117
OG0000270	WP_015403162.1	Utg323140_132
OG0000271	WP_015402792.1	Utg323266_111, Utg323140_109
OG0000272	WP_015403141.1, WP_015403406.1	Utg324810_29
OG0000272	WP_015404095.1	Utg323152_381
OG0000273	WP_015403232.1	Utg323392_256
OG0000273	WP_015404326.1	Utg323448_108
OG0000274	WP_015403324.1	Utg323160_113
OG0000275	WP_015404634.1	Utg323074_158
OG0000276	WP_015404460.1	Utg323152_607, Utg323316_369, Utg323140_3
OG0000277	WP_015404536.1	Utg323990_152
OG0000277	WP_015404527.1	Utg323990_162
OG0000278	WP_015405763.1	Utg323632_18
OG0000278	WP_015405123.1	Utg323990_104
OG0000279	WP_015405233.1	Utg323152_280
OG0000279	WP_083907283.1	Utg323632_270
OG0000279	WP_015405243.1	Utg323152_269
OG0000280	WP_015405279.1	Utg323152_299
OG0000280	WP_015405280.1	Utg323152_300
OG0000281	WP_015405374.1	Utg323392_84
OG0000283	WP_015403418.1	Utg324810_45
OG0000284	WP_015403619.1	Utg323300_134
OG0000285	WP_015404434.1	Utg324548_26
OG0000286	WP_015404559.1	Utg323990_126
OG0000288	WP_015405114.1	Utg323152_159
OG0000290	WP_015404568.1	Utg323990_110
OG0000291	WP_015404986.1	Utg323152_390
OG0000292	WP_228130008.1	Utg323448_29
OG0000293	WP_015405755.1	Utg323632_26
OG0000294	WP_015403030.1	Utg323300_417
OG0000295	WP_015404534.1	Utg323990_154
OG0000296	WP_015403918.1	Utg323300_349
OG0000297	WP_015403344.1	Utg323160_80, Utg323160_79
OG0000298	WP_015404125.1	Utg323316_112
OG0000299	WP_015403320.1	Utg323392_237
OG0000299	WP_015405743.1	Utg323632_41
OG0000300	WP_015403426.1	Utg324810_53
OG0000301	WP_228130009.1	Utg323448_82
OG0000302	WP_015402586.1	Utg323180_186, Utg323262_78
OG0000302	WP_015403592.1	Utg323266_31
OG0000305	WP_015403709.1	Utg323990_250
OG0000306	WP_015405248.1	Utg323152_287
OG0000307	WP_015405767.1	Utg323632_13
OG0000308	WP_015405760.1	Utg323632_21
OG0000309	WP_015403758.1	Utg323300_194
OG0000310	WP_015404633.1, WP_015404219.1, WP_015404235.1	Utg323074_211
OG0000311	WP_015405461.1	Utg323152_590
OG0000312	WP_015405651.1	Utg323632_141
OG0000313	WP_015404163.1	Utg323316_67
OG0000314	WP_015405762.1	Utg323632_19
OG0000316	WP_015402519.1	Utg323180_263
OG0000317	WP_015404977.1, WP_015402650.1	Utg323180_167
OG0000317	WP_015405136.1	Utg323152_149
OG0000317	WP_015402674.1	Utg323180_102
OG0000318	WP_015402849.1	Utg323316_214
OG0000319	WP_015403020.1	Utg323140_236
OG0000320	WP_015403444.1	Utg323300_402
OG0000321	WP_015404150.1	Utg323316_81
OG0000322	WP_015404641.1	Utg323152_347, Utg323990_34, Utg323074_213
OG0000323	WP_015404848.1	Utg323074_32
OG0000324	WP_015404907.1	Utg323262_158
OG0000325	WP_041916275.1	Utg323140_86
OG0000325	WP_015405569.1	Utg323632_283
OG0000326	WP_041916402.1	Utg323990_210
OG0000327	WP_228130085.1	Utg323152_563
OG0000331	WP_015405475.1	Utg323074_59
OG0000332	WP_015405537.1	Utg323632_343
OG0000333	WP_015403934.1	Utg323300_359
OG0000334	WP_015403351.1	Utg323392_248, Utg323160_72
OG0000335	WP_015403959.1	Utg323300_389
OG0000336	WP_015404585.1	Utg323990_76
OG0000337	WP_015405731.1	Utg323632_59
OG0000338	WP_015403909.1	Utg323300_340
OG0000339	WP_015403039.1, WP_015405469.1	Utg323152_478
OG0000340	WP_015403067.1	Utg323140_255
OG0000341	WP_015405804.1	Utg325220_86
OG0000343	WP_015405688.1	Utg323632_101
OG0000344	WP_015404093.1	Utg323316_147
OG0000345	WP_015403061.1	Utg323140_249
OG0000346	WP_015403591.1	Utg323266_30
OG0000346	WP_015402585.1	Utg323180_187
OG0000347	WP_041916354.1	Utg323300_185
OG0000348	WP_015403065.1	Utg323140_253
OG0000349	WP_015404560.1	Utg323990_125
OG0000352	WP_015403877.1	Utg323300_309
OG0000353	WP_015404899.1	Utg323152_411
OG0000354	WP_208598493.1	Utg323140_240
OG0000355	WP_015402391.1	Utg323180_503
OG0000356	WP_015405042.1	Utg325220_24, Utg323152_199
OG0000357	WP_015402963.1	Utg323140_190
OG0000358	WP_015405066.1	Utg323152_183
OG0000358	WP_015403098.1	Utg323180_133
OG0000359	WP_015402603.1	Utg323140_110
OG0000360	WP_015404165.1	Utg323448_18
OG0000361	WP_015404787.1	Utg323392_154
OG0000362	WP_015402364.1	Utg323074_50
OG0000363	WP_228130024.1	Utg323632_65
OG0000364	WP_015404331.1	Utg323448_115
OG0000364	WP_015403401.1	Utg324810_20
OG0000364	WP_015402587.1	Utg323180_185
OG0000365	WP_015402606.1	Utg323300_405
OG0000365	WP_015402769.1	Utg323140_74
OG0000366	WP_015402662.1	Utg323180_120
OG0000367	WP_015402768.1	Utg323140_73
OG0000368	WP_015402817.1, WP_015403590.1, WP_015403595.1, WP_015402808.1, WP_015405418.1, WP_015403212.1, WP_015404760.1	Utg323152_293
OG0000370	WP_015402991.1	Utg323074_44
OG0000371	WP_167320743.1	Utg323180_627
OG0000372	WP_015403993.1	Utg323316_334
OG0000373	WP_015403994.1	Utg323316_333
OG0000374	WP_015404823.1	Utg323152_495
OG0000375	WP_015403509.1	Utg323300_400
OG0000378	WP_015403825.1	Utg323300_225
OG0000379	WP_015404447.1	Utg324548_30
OG0000380	WP_041916449.1	Utg323392_22
OG0000381	WP_208598490.1	Utg323266_59
OG0000382	WP_015405295.1	Utg323152_317
OG0000383	WP_015405487.1	Utg323074_113
OG0000384	WP_015405623.1	Utg323632_224
OG0000388	WP_015404792.1	Utg323392_149
OG0000389	WP_015403093.1	Utg325220_115
OG0000390	WP_015405129.1	Utg323152_156
OG0000391	WP_015405595.1	Utg323392_139
OG0000392	WP_015402960.1	Utg323140_187
OG0000393	WP_015405397.1	Utg323392_115
OG0000394	WP_015405620.1	Utg323632_227
OG0000395	WP_015405385.1	Utg323392_102
OG0000396	WP_015404016.1	Utg323316_308
OG0000397	WP_015405133.1	Utg323152_152
OG0000398	WP_015404034.1	Utg323316_283
OG0000399	WP_015404853.1	Utg323074_27
OG0000400	WP_015404727.1	Utg323074_129
OG0000401	WP_015404176.1	Utg323448_26
OG0000402	WP_015404482.1, WP_015404651.1	Utg323074_201
OG0000403	WP_015404778.1	Utg323392_161
OG0000404	WP_015405699.1	Utg323632_90
OG0000406	WP_228130050.1	Utg323300_304
OG0000407	WP_015403831.1	Utg323300_231
OG0000408	WP_015404015.1	Utg323316_309
OG0000409	WP_015405028.1	Utg323152_214, Utg323152_215
OG0000410	WP_015402353.1	Utg323180_618
OG0000413	WP_015403446.1	Utg323632_56
OG0000414	WP_015403280.1, WP_015403160.1	Utg323140_130
OG0000415	WP_015402798.1	Utg323180_424
OG0000417	WP_015403699.1	Utg323316_134
OG0000418	WP_015405752.1	Utg323632_29
OG0000419	WP_015404566.1	Utg323990_112
OG0000420	WP_167320749.1	Utg323392_158
OG0000422	WP_015404018.1	Utg323316_306
OG0000423	WP_015405222.1	Utg323152_259
OG0000424	WP_015404172.1	Utg323180_488
OG0000425	WP_015405708.1	Utg323632_72
OG0000426	WP_015405134.1	Utg323152_151
OG0000427	WP_015404262.1	Utg323448_41
OG0000428	WP_015404780.1	Utg323392_159
OG0000429	WP_015405570.1	Utg323632_282
OG0000430	WP_015405242.1	Utg323152_270
OG0000430	WP_015405409.1, WP_015403469.1, WP_015405232.1	Utg323152_281
OG0000431	WP_015403546.1	Utg323140_38
OG0000431	WP_015405375.1	Utg323392_85
OG0000433	WP_015403967.1	Utg323316_347
OG0000434	WP_015404078.1	Utg323316_227
OG0000436	WP_015404648.1, WP_015404652.1, WP_015405333.1	Utg323152_368
OG0000437	WP_041916859.1	Utg323140_223
OG0000437	WP_015404840.1	Utg323262_143
OG0000438	WP_015404896.1	Utg323152_420
OG0000439	WP_015404902.1	Utg323152_408
OG0000440	WP_015404953.1	Utg323152_402
OG0000441	WP_015404988.1	Utg323152_388
OG0000442	WP_015405004.1	Utg323152_244
OG0000444	WP_015405195.1	Utg323152_45
OG0000445	WP_015405275.1	Utg323152_295
OG0000446	WP_015405294.1	Utg323152_316
OG0000447	WP_015405423.1	Utg323392_129
OG0000448	WP_015405454.1	Utg323152_562
OG0000449	WP_015405463.1	Utg323152_593
OG0000457	WP_208598499.1	Utg323140_93
OG0000458	WP_015405560.1	Utg323632_292
OG0000459	WP_015405044.1	Utg323152_197
OG0000460	WP_015405601.1	Utg323632_251
OG0000461	WP_015402359.1	Utg323266_1, Utg323180_610
OG0000462	WP_015404782.1	Utg323392_157
OG0000463	WP_015405449.1	Utg323152_557
OG0000465	WP_015404108.1	Utg323316_131
OG0000466	WP_015404099.1	Utg323316_143
OG0000467	WP_015403423.1	Utg324810_50
OG0000468	WP_015405442.1	Utg323152_550
OG0000469	WP_015403908.1	Utg323300_339
OG0000470	WP_015405629.1	Utg323632_217
OG0000471	WP_015402724.1	Utg323180_23
OG0000472	WP_015404576.1	Utg323990_82
OG0000473	WP_265588642.1	Utg324810_49
OG0000474	WP_015405340.1	Utg323392_19
OG0000475	WP_015403842.1	Utg323300_262
OG0000476	WP_015404168.1	Utg323448_21
OG0000477	WP_015404008.1	Utg323316_316
OG0000478	WP_015404092.1	Utg323316_148
OG0000479	WP_015405193.1	Utg323152_47
OG0000480	WP_015404302.1	Utg323448_83
OG0000481	WP_015404083.1	Utg323316_184
OG0000482	WP_015403548.1	Utg323300_126
OG0000484	WP_015403760.1	Utg323300_196
OG0000485	WP_015405192.1	Utg323152_48
OG0000486	WP_015404881.1	Utg323152_439
OG0000487	WP_015405027.1	Utg323152_216
OG0000488	WP_015403375.1	Utg323160_29
OG0000489	WP_228130021.1	Utg323392_46
OG0000490	WP_015402294.1	Utg323180_708
OG0000491	WP_015404713.1	Utg323074_142
OG0000492	WP_041916554.1	Utg323180_163
OG0000493	WP_015403885.1	Utg323300_317
OG0000494	WP_015403661.1	Utg323300_293
OG0000495	WP_015405099.1	Utg323152_176
OG0000496	WP_015405733.1	Utg323632_52
OG0000497	WP_015405614.1	Utg323632_236
OG0000498	WP_015405613.1	Utg323632_237
OG0000499	WP_015402600.1	Utg323300_95
OG0000499	WP_015405505.1	Utg323180_506
OG0000500	WP_015404321.1	Utg323448_101
OG0000501	WP_015403989.1	Utg323392_55
OG0000502	WP_015405045.1	Utg323152_196
OG0000503	WP_015403102.1	Utg323180_35
OG0000504	WP_015402354.1	Utg323180_617
OG0000505	WP_015404141.1	Utg323316_99
OG0000506	WP_153305003.1	Utg323262_175
OG0000506	WP_015404813.1	Utg323152_506
OG0000507	WP_015402706.1	Utg323180_43
OG0000508	WP_015403578.1, WP_015403440.1	Utg323300_12
OG0000509	WP_015403345.1	Utg323160_78
OG0000510	WP_015402412.1	Utg323180_484
OG0000511	WP_015403968.1	Utg323316_346
OG0000512	WP_015404854.1	Utg323074_26
OG0000513	WP_015403843.1	Utg323300_263
OG0000514	WP_015405704.1	Utg323632_76
OG0000515	WP_015405450.1	Utg323152_558
OG0000516	WP_015402358.1	Utg323180_611, Utg323266_2
OG0000517	WP_015404355.1	Utg323262_106
OG0000518	WP_015402512.1	Utg323180_544
OG0000519	WP_015405014.1	Utg323152_229
OG0000520	WP_015405376.1	Utg323392_86
OG0000521	WP_015405139.1	Utg323152_146
OG0000522	WP_015405032.1	Utg323152_209
OG0000523	WP_015404736.1	Utg323392_227
OG0000524	WP_015403357.1	Utg323160_66
OG0000526	WP_015402518.1	Utg323180_264
OG0000527	WP_228130012.1	Utg323990_77
OG0000528	WP_052326983.1	Utg323316_180
OG0000529	WP_015403920.1	Utg323300_351
OG0000530	WP_015405633.1	Utg323632_212
OG0000531	WP_015404567.1	Utg323990_111
OG0000532	WP_015404539.1	Utg323990_149
OG0000533	WP_015403868.1	Utg323300_299
OG0000535	WP_015402664.1	Utg323180_111
OG0000537	WP_015405017.1	Utg323152_226
OG0000538	WP_015403076.1	Utg323140_264, Utg325220_1
OG0000539	WP_015402679.1	Utg323180_65
OG0000540	WP_015404471.1	Utg323990_215
OG0000542	WP_015403888.1	Utg323300_321
OG0000543	WP_015405132.1	Utg323152_153
OG0000544	WP_015403427.1	Utg324810_54
OG0000545	WP_015402736.1	Utg323140_9
OG0000546	WP_015402951.1	Utg323140_178
OG0000547	WP_228130060.1	Utg323180_527
OG0000548	WP_015403059.1	Utg323140_246
OG0000549	WP_015405349.1	Utg323392_28
OG0000550	WP_015405518.1	Utg323632_387, Utg323392_263
OG0000551	WP_015402319.1	Utg323180_674
OG0000552	WP_167320703.1, WP_015405740.1, WP_015402321.1	Utg324810_41
OG0000552	WP_167320725.1	Utg323074_43, Utg323632_58, Utg323074_42
OG0000553	WP_015403748.1	Utg323300_184
OG0000553	WP_015402607.1, WP_015403152.1	Utg325220_97
OG0000554	WP_015402643.1	Utg323300_276
OG0000555	WP_015402671.1	Utg323180_103
OG0000556	WP_015405411.1, WP_015404875.1	Utg323152_446
OG0000556	WP_015402888.1	Utg323140_140
OG0000557	WP_015404678.1, WP_015402968.1, WP_015403490.1	Utg323180_181
OG0000558	WP_015402992.1	Utg323152_97
OG0000559	WP_015403185.1	Utg323300_249
OG0000559	WP_015403179.1	Utg323632_385
OG0000560	WP_015403201.1	Utg323266_40
OG0000561	WP_015403206.1	Utg323266_17
OG0000562	WP_015405527.1, WP_015403366.1, WP_041916336.1, WP_052326966.1	Utg323160_42
OG0000563	WP_015403725.1	Utg323262_167, Utg323266_71, Utg323152_123
OG0000564	WP_015403905.1	Utg323392_207
OG0000565	WP_015403906.1	Utg323392_208
OG0000566	WP_015403945.1	Utg323300_374
OG0000567	WP_015405005.1	Utg323152_243
OG0000568	WP_041916977.1	Utg323392_178
OG0000568	WP_015405137.1	Utg323152_148
OG0000569	WP_015405528.1	Utg323632_362
OG0000570	WP_015405597.1	Utg323316_297
OG0000571	WP_083907217.1	Utg323300_101
OG0000575	WP_015402962.1	Utg323140_189
OG0000576	WP_015403169.1	Utg323266_35
OG0000577	WP_041916988.1	Utg323074_28
OG0000578	WP_015403356.1	Utg323160_67
OG0000579	WP_015403343.1	Utg323160_81
OG0000580	WP_015402309.1	Utg323180_689
OG0000581	WP_015404269.1	Utg323448_49
OG0000582	WP_015402739.1	Utg323140_12
OG0000583	WP_015404258.1	Utg323448_37
OG0000584	WP_015403998.1	Utg323316_328
OG0000585	WP_015403997.1	Utg323316_329
OG0000586	WP_083907252.1	Utg323316_331
OG0000587	WP_015405003.1	Utg323152_245
OG0000588	WP_015403991.1	Utg323316_336
OG0000589	WP_015405457.1	Utg323152_565
OG0000590	WP_015404022.1	Utg323316_300
OG0000591	WP_015402953.1	Utg323140_180
OG0000592	WP_015405213.1	Utg323152_248
OG0000593	WP_015405693.1	Utg323632_96
OG0000594	WP_015403879.1	Utg323300_311
OG0000595	WP_015404537.1	Utg323990_151
OG0000596	WP_015405048.1	Utg323152_192
OG0000597	WP_015405100.1	Utg323152_175
OG0000598	WP_015405690.1	Utg323632_99
OG0000599	WP_015405020.1	Utg323152_223
OG0000600	WP_015402515.1	Utg323180_267
OG0000601	WP_015402958.1	Utg323140_185
OG0000602	WP_015405103.1	Utg323152_172
OG0000603	WP_015404575.1	Utg323990_83
OG0000604	WP_015402715.1	Utg323180_32
OG0000605	WP_083907155.1	Utg323180_276
OG0000606	WP_228130038.1	Utg323266_43
OG0000607	WP_167320733.1	Utg323300_283
OG0000608	WP_228130026.1	Utg323180_609
OG0000609	WP_228130078.1	Utg323074_153, Utg323074_152
OG0000610	WP_015404319.1	Utg323448_99
OG0000611	WP_015405215.1	Utg323152_250
OG0000612	WP_015405558.1	Utg323632_295
OG0000613	WP_015405557.1	Utg323632_296
OG0000614	WP_015403833.1	Utg323300_233
OG0000615	WP_015404310.1	Utg323448_90
OG0000616	WP_015404312.1	Utg323448_92
OG0000617	WP_015404282.1	Utg323448_63
OG0000618	WP_015404284.1	Utg323448_65
OG0000619	WP_015404285.1	Utg323448_66
OG0000620	WP_015404286.1	Utg323448_67
OG0000621	WP_015404287.1	Utg323448_68
OG0000622	WP_015404375.1	Utg323262_150
OG0000623	WP_015404728.1	Utg323074_128
OG0000624	WP_015405025.1	Utg323152_218
OG0000625	WP_015405024.1	Utg323152_219
OG0000626	WP_015403434.1	Utg324810_60
OG0000627	WP_015404320.1	Utg323448_100
OG0000628	WP_015402471.1	Utg323180_312
OG0000629	WP_015404142.1	Utg323632_1, Utg323316_98
OG0000630	WP_015403871.1	Utg323300_302
OG0000631	WP_015403869.1	Utg323300_300
OG0000632	WP_015404802.1	Utg323392_138
OG0000633	WP_015404414.1	Utg323180_584
OG0000634	WP_015405484.1	Utg323074_110
OG0000635	WP_015404478.1	Utg323990_206
OG0000637	WP_015404786.1	Utg323392_155
OG0000638	WP_015404362.1	Utg323262_113
OG0000639	WP_015405456.1	Utg323152_564
OG0000640	WP_015404578.1	Utg323990_80
OG0000641	WP_015405619.1	Utg323632_228
OG0000642	WP_015404104.1	Utg323316_136
OG0000643	WP_015404719.1	Utg323074_137
OG0000644	WP_015403865.1	Utg323300_295
OG0000645	WP_153304871.1	Utg323316_141
OG0000646	WP_015405682.1	Utg323632_108
OG0000647	WP_015405683.1	Utg323632_107
OG0000648	WP_015405686.1	Utg323632_103
OG0000649	WP_015404718.1	Utg323074_138
OG0000650	WP_015405533.1	Utg323632_350
OG0000651	WP_015405131.1	Utg323152_154
OG0000652	WP_015404738.1	Utg323392_225
OG0000653	WP_041917055.1	Utg323152_255
OG0000654	WP_015402738.1	Utg323140_11
OG0000655	WP_015404177.1	Utg323448_27
OG0000656	WP_015402306.1	Utg323180_692
OG0000657	WP_015402305.1	Utg323180_693
OG0000658	WP_015402301.1	Utg323180_697
OG0000659	WP_015402300.1	Utg323180_698
OG0000660	WP_015405750.1	Utg323632_33
OG0000661	WP_015405749.1	Utg323632_34
OG0000662	WP_015404379.1	Utg323262_165, Utg323262_164
OG0000663	WP_015403013.1	Utg323140_228
OG0000664	WP_015404540.1	Utg323990_147
OG0000665	WP_015402733.1	Utg323140_6
OG0000666	WP_015402799.1	Utg323180_423
OG0000667	WP_015403629.1	Utg323300_165
OG0000668	WP_015403715.1	Utg323392_257
OG0000669	WP_015402625.1	Utg323160_12, Utg324810_104
OG0000670	WP_015405697.1	Utg323632_92
OG0000671	WP_015404549.1	Utg323990_137
OG0000672	WP_015403881.1	Utg323300_313
OG0000673	WP_015404811.1	Utg323152_509
OG0000674	WP_015404432.1	Utg324548_24
OG0000675	WP_015405612.1	Utg323632_238
OG0000676	WP_015405218.1	Utg323152_254
OG0000677	WP_015404305.1	Utg323448_85
OG0000678	WP_015404304.1	Utg323448_84
OG0000679	WP_015405552.1	Utg323632_301
OG0000680	WP_015404260.1	Utg323448_39
OG0000681	WP_208598517.1	Utg323448_54
OG0000682	WP_015404273.1	Utg323448_53
OG0000683	WP_015404510.1	Utg323990_179
OG0000684	WP_015403957.1	Utg323300_386
OG0000685	WP_015404296.1	Utg323448_77
OG0000686	WP_015404330.1	Utg323448_114
OG0000687	WP_015404292.1	Utg323448_73
OG0000688	WP_015404290.1	Utg323448_71
OG0000689	WP_015404289.1	Utg323448_70
OG0000690	WP_015403507.1	Utg323300_99
OG0000691	WP_015404277.1	Utg323448_57
OG0000692	WP_015403857.1	Utg323300_284
OG0000693	WP_015403094.1	Utg325220_116
OG0000694	WP_015404000.1	Utg323316_326
OG0000695	WP_153304833.1	Utg324810_39
OG0000696	WP_015403092.1	Utg325220_114
OG0000697	WP_015403917.1	Utg323300_348
OG0000698	WP_228130088.1	Utg323632_294
OG0000699	WP_015405529.1	Utg323632_360
OG0000700	WP_015404849.1	Utg323074_31
OG0000701	WP_015404878.1	Utg323152_442
OG0000702	WP_015402520.1	Utg323180_262
OG0000703	WP_015403823.1	Utg323300_223
OG0000704	WP_015405679.1	Utg323632_111
OG0000705	WP_015405680.1	Utg323632_110
OG0000706	WP_015405681.1	Utg323632_109
OG0000707	WP_015405684.1	Utg323632_105
OG0000708	WP_015405691.1	Utg323632_98
OG0000709	WP_015405104.1	Utg323152_170
OG0000710	WP_015405606.1	Utg323632_246
OG0000711	WP_015403495.1	Utg323300_74
OG0000712	WP_015405026.1	Utg323152_217
OG0000713	WP_015404795.1	Utg323392_146
OG0000714	WP_083907296.1	Utg323392_144
OG0000715	WP_015404259.1	Utg323448_38
OG0000716	WP_015404261.1	Utg323448_40
OG0000717	WP_015404270.1	Utg323448_50
OG0000718	WP_015404271.1	Utg323448_51
OG0000719	WP_015404272.1	Utg323448_52
OG0000720	WP_015404275.1	Utg323448_55
OG0000721	WP_015404278.1	Utg323448_58
OG0000722	WP_015404280.1	Utg323448_61
OG0000723	WP_015404283.1	Utg323448_64
OG0000724	WP_015404288.1	Utg323448_69
OG0000725	WP_015404291.1	Utg323448_72
OG0000726	WP_015404293.1	Utg323448_74
OG0000727	WP_015404297.1	Utg323448_78
OG0000728	WP_015404298.1	Utg323448_79
OG0000729	WP_015404299.1	Utg323448_80
OG0000730	WP_015404300.1	Utg323448_81
OG0000731	WP_015404306.1	Utg323448_86
OG0000732	WP_015404307.1	Utg323448_87
OG0000733	WP_015404308.1	Utg323448_88
OG0000734	WP_015402298.1	Utg323180_700
OG0000735	WP_041916957.1	Utg323074_151
OG0000736	WP_015402311.1	Utg323180_687
OG0000737	WP_015402304.1	Utg323180_694
OG0000738	WP_015402949.1	Utg323140_176
OG0000739	WP_015405016.1	Utg323152_227
OG0000740	WP_015404023.1	Utg323316_299
OG0000741	WP_015403887.1	Utg323300_319
OG0000742	WP_015404033.1	Utg323316_284
OG0000743	WP_015404254.1	Utg323448_33
OG0000744	WP_015404538.1	Utg323990_150
OG0000745	WP_015405381.1	Utg323392_96
OG0000746	WP_015405095.1	Utg323152_179
OG0000747	WP_015404724.1	Utg323074_132
OG0000748	WP_015404725.1	Utg323074_131
OG0000749	WP_083907163.1	Utg323180_110
OG0000750	WP_015403421.1	Utg324810_48
OG0000751	WP_015403424.1	Utg324810_51
OG0000752	WP_015402484.1	Utg323180_291
OG0000753	WP_015404859.1	Utg323152_450
OG0000754	WP_015403167.1	Utg323266_37
OG0000755	WP_228130063.1	Utg323266_36
OG0000756	WP_041916433.1	Utg323152_9
OG0000757	WP_015404019.1	Utg323316_304
OG0000758	WP_015403358.1	Utg323160_65
OG0000759	WP_015402514.1	Utg323180_268
OG0000760	WP_015402787.1	Utg323140_99
OG0000761	WP_015403142.1	Utg323266_44
OG0000762	WP_015402667.1	Utg323180_108
OG0000763	WP_015402668.1	Utg323180_107
OG0000764	WP_015403950.1	Utg323300_379
OG0000766	WP_015403369.1	Utg323160_38
OG0000767	WP_015402388.1	Utg323180_507
OG0000768	WP_015405616.1	Utg323632_232
OG0000769	WP_015404311.1	Utg323448_91
OG0000770	WP_015404313.1	Utg323448_93
OG0000771	WP_015404314.1	Utg323448_94
OG0000772	WP_015404315.1	Utg323448_95
OG0000773	WP_015404316.1	Utg323448_96
OG0000774	WP_015404317.1	Utg323448_97
OG0000775	WP_015403854.1	Utg323300_280
OG0000776	WP_228130023.1	Utg323632_74
OG0000777	WP_015405705.1	Utg323632_75
OG0000778	WP_015402473.1	Utg323180_310
OG0000779	WP_015404446.1	Utg324548_29
OG0000780	WP_015405473.1	Utg323074_40
OG0000781	WP_015404789.1	Utg323392_152
OG0000782	WP_015403960.1	Utg323300_390
OG0000783	WP_015405149.1	Utg323152_80
OG0000784	WP_015402790.1	Utg323140_102
OG0000785	WP_015402791.1	Utg323140_103
OG0000787	WP_228130090.1	Utg323632_68
OG0000788	WP_015404156.1	Utg323316_75, Utg323316_74
OG0000789	WP_015405607.1	Utg323632_245
OG0000790	WP_015403866.1	Utg323300_297
OG0000791	WP_015402492.1, WP_015402610.1	Utg323180_99
OG0000792	WP_015405605.1	Utg323632_247
OG0000793	WP_015402327.1	Utg323180_665
OG0000794	WP_015405108.1	Utg323152_166
OG0000795	WP_015404416.1	Utg324548_10
OG0000796	WP_015404737.1	Utg323392_226
OG0000797	WP_015405151.1	Utg323152_78
OG0000798	WP_015402907.1	Utg323140_157
OG0000799	WP_015404376.1	Utg323262_161
OG0000800	WP_015403515.1	Utg323300_103
OG0000801	WP_015405649.1	Utg323632_142
OG0000802	WP_015404812.1	Utg323152_508
OG0000803	WP_041917156.1	Utg323632_49
OG0000804	WP_015403522.1	Utg323300_114
OG0000805	WP_015402755.1, WP_015404212.1, WP_015403131.1	Utg323074_179
OG0000806	WP_015403359.1	Utg323160_64
OG0000807	WP_167320747.1	Utg323074_136
OG0000808	WP_015404329.1	Utg323448_113
OG0000809	WP_015402465.1	Utg323180_317
OG0000810	WP_015404753.1	Utg323392_199
OG0000811	WP_015402464.1	Utg323180_318
OG0000813	WP_015404469.1	Utg323990_217
OG0000815	WP_015405140.1	Utg323152_145
OG0000816	WP_015403361.1	Utg323160_60
OG0000817	WP_015403376.1	Utg323160_28
OG0000818	WP_015404964.1	Utg323152_392
OG0000819	WP_015405097.1	Utg323152_177
OG0000820	WP_015403336.1	Utg323160_92
OG0000822	WP_015404166.1	Utg323448_19
OG0000823	WP_015404169.1	Utg323448_22
OG0000824	WP_015403078.1	Utg323140_266, Utg325220_3
OG0000825	WP_015404545.1	Utg323990_142
OG0000826	WP_015402880.1	Utg323180_412
OG0000827	WP_015405545.1	Utg323632_335
OG0000828	WP_015405544.1	Utg323632_336
OG0000829	WP_015405543.1	Utg323632_337
OG0000830	WP_015405542.1	Utg323632_338
OG0000831	WP_041916459.1	Utg323632_339
OG0000832	WP_015405540.1	Utg323632_340
OG0000833	WP_015405766.1	Utg323632_14
OG0000834	WP_015402351.1	Utg323180_620
OG0000836	WP_015404810.1	Utg323152_510
OG0000837	WP_015404726.1	Utg323074_130
OG0000838	WP_015402709.1	Utg323180_39
OG0000839	WP_015404717.1	Utg323074_139
OG0000841	WP_015403390.1	Utg324810_75
OG0000842	WP_015404877.1	Utg323152_444
OG0000843	WP_015405018.1	Utg323152_225
OG0000844	WP_015405555.1	Utg323632_298
OG0000845	WP_015405554.1	Utg323632_299
OG0000846	WP_015405551.1	Utg323632_302
OG0000847	WP_015404020.1	Utg323316_303
OG0000848	WP_015405029.1	Utg323152_213
OG0000849	WP_015402337.1	Utg323180_649
OG0000850	WP_015403211.1	Utg323266_11, Utg323160_130
OG0000851	WP_015402964.1	Utg323140_191
OG0000852	WP_015405742.1	Utg323632_42
OG0000853	WP_015405748.1	Utg323632_35
OG0000854	WP_015405223.1	Utg323152_260
OG0000855	WP_015405751.1	Utg323632_31
OG0000856	WP_015405221.1	Utg323152_257
OG0000857	WP_015404548.1	Utg323632_269, Utg323990_138
OG0000858	WP_015403860.1	Utg323300_288
OG0000859	WP_015404144.1	Utg323632_3, Utg323316_96
OG0000860	WP_015403955.1	Utg323300_384
OG0000861	WP_015405741.1	Utg323632_43
OG0000862	WP_015403992.1	Utg323316_335
OG0000863	WP_015405347.1	Utg323392_26
OG0000864	WP_015403880.1	Utg323300_312
OG0000865	WP_015402957.1	Utg323140_184
OG0000866	WP_015403430.1	Utg324810_56
OG0000867	WP_015403911.1	Utg323300_342
OG0000868	WP_015405602.1	Utg323632_250
OG0000869	WP_015404276.1	Utg323448_56
OG0000870	WP_167320732.1	Utg323300_279
OG0000871	WP_015402299.1	Utg323180_699
OG0000872	WP_153304786.1	Utg323180_314
OG0000873	WP_015405609.1	Utg323632_242
OG0000874	WP_041916421.1	Utg323152_504
OG0000875	WP_015405746.1	Utg323632_38
OG0000876	WP_015405346.1	Utg323392_25
OG0000877	WP_167320708.1	Utg323180_31
OG0000878	WP_015403349.1	Utg323160_74
OG0000879	WP_015405036.1	Utg323152_205
OG0000880	WP_015404455.1	Utg323140_268, Utg325220_62
OG0000881	WP_015404074.1	Utg323316_231
OG0000882	WP_015404351.1	Utg323262_102
OG0000883	WP_015404359.1	Utg323262_110
OG0000884	WP_015402908.1	Utg323140_158
OG0000885	WP_015403060.1	Utg323140_247
OG0000886	WP_015402656.1	Utg323180_127
OG0000888	WP_015402439.1	Utg323180_439
OG0000889	WP_015404003.1	Utg323316_321
OG0000890	WP_015405391.1	Utg323392_107
OG0000891	WP_041916368.1	Utg323316_330
OG0000892	WP_265588656.1	Utg323632_93
OG0000893	WP_015405685.1	Utg323632_104
OG0000894	WP_015404989.1	Utg323152_386
OG0000895	WP_015402954.1	Utg323140_181
OG0000896	WP_015405732.1	Utg323632_54
OG0000898	WP_015403096.1	Utg325220_118
OG0000899	WP_208598530.1	Utg323632_342
OG0000900	WP_015404360.1	Utg323262_111
OG0000901	WP_015402379.1	Utg323262_62, Utg323180_518
OG0000902	WP_015402382.1	Utg323180_515
OG0000903	WP_015402383.1	Utg323180_514
OG0000904	WP_015402389.1	Utg323180_505
OG0000905	WP_015405378.1	Utg323392_88
OG0000906	WP_015402711.1	Utg323180_37
OG0000907	WP_015402730.1	Utg323180_3, Utg323140_1
OG0000908	WP_015402805.1	Utg324548_11
OG0000908	WP_015405049.1	Utg323300_215, Utg323152_191
OG0000909	WP_015403808.1	Utg325220_65, Utg323140_271
OG0000910	WP_015403150.1	Utg323266_42
OG0000911	WP_153304782.1	Utg323152_135
OG0000911	WP_015403276.1	Utg323074_104
OG0000912	WP_015403511.1	Utg323300_398
OG0000913	WP_015405502.1	Utg323262_68
OG0000914	WP_015403535.1	Utg323300_115
OG0000915	WP_015403543.1	Utg323300_124
OG0000916	WP_015403614.1	Utg323316_195
OG0000917	WP_015403948.1	Utg323300_377
OG0000918	WP_015403988.1	Utg323392_56
OG0000919	WP_015404006.1	Utg323316_318
OG0000920	WP_015404042.1	Utg323990_16
OG0000921	WP_015404062.1	Utg323316_298
OG0000922	WP_015404076.1	Utg323316_229
OG0000923	WP_015404106.1	Utg323316_133
OG0000924	WP_015404218.1	Utg323074_212
OG0000925	WP_167320729.1	Utg323990_109
OG0000925	WP_015404894.1	Utg323152_422
OG0000925	WP_015404577.1	Utg323990_81
OG0000926	WP_015404659.1	Utg323074_164
OG0000927	WP_015405331.1, WP_015404673.1, WP_015404643.1	Utg323152_349
OG0000928	WP_015404804.1	Utg323392_136
OG0000929	WP_015404850.1	Utg323074_30
OG0000929	WP_015404851.1	Utg323074_29
OG0000930	WP_015405107.1	Utg323152_167
OG0000931	WP_015405170.1	Utg323152_71
OG0000932	WP_015405251.1	Utg323152_290
OG0000933	WP_015405319.1	Utg323152_342
OG0000934	WP_015405326.1	Utg323152_374
OG0000935	WP_015405361.1	Utg323392_48
OG0000936	WP_015405470.1	Utg323152_479
OG0000937	WP_015405491.1	Utg323074_117
OG0000938	WP_015405506.1	Utg323392_59
OG0000939	WP_015405631.1	Utg323632_214
OG0000940	WP_052326950.1	Utg323140_88
OG0000941	WP_052326989.1	Utg323448_32
OG0000942	WP_153304905.1	Utg323152_425
OG0000943	WP_153304907.1	Utg323152_72
OG0000944	WP_265588652.1	Utg323632_235
OG0000963	WP_015403953.1	Utg323300_382
OG0000964	WP_015404814.1	Utg323152_505
OG0000966	WP_015402855.1	Utg323262_124
OG0000968	WP_015405021.1	Utg323152_222
OG0000970	WP_015404174.1	Utg323448_24
OG0000971	WP_015402959.1	Utg323140_186
OG0000972	WP_015405054.1	Utg323152_186
OG0000974	WP_041916461.1	Utg323632_293
OG0000975	WP_015405779.1, WP_015403443.1	Utg323300_17
OG0000976	WP_153304895.1	Utg323990_85
OG0000977	WP_015405209.1	Utg323152_39
OG0000978	WP_015404281.1	Utg323448_62
OG0000979	WP_015403935.1	Utg323300_360
OG0000980	WP_015405535.1	Utg323632_348
OG0000981	WP_015403367.1	Utg323160_41
OG0000982	WP_015403370.1	Utg323160_37
OG0000983	WP_015405627.1	Utg323632_219
OG0000984	WP_015403398.1	Utg324810_16
OG0000985	WP_153304930.1	Utg323632_24
OG0000986	WP_015405637.1	Utg323632_210
OG0000987	WP_015405138.1	Utg323152_147
OG0000988	WP_015402737.1	Utg323140_10
OG0000989	WP_015405135.1	Utg323152_150
OG0000990	WP_015403362.1	Utg323160_59
OG0000991	WP_015402952.1	Utg323140_179
OG0000992	WP_015405695.1	Utg323632_94
OG0000993	WP_015403233.1	Utg323074_90
OG0000995	WP_015404294.1	Utg323448_75
OG0000996	WP_015404090.1	Utg323316_175
OG0000998	WP_015404890.1	Utg323152_435
OG0000999	WP_015404871.1, WP_153304944.1	Utg323180_137
OG0001000	WP_015404295.1	Utg323448_76
OG0001001	WP_015403965.1	Utg323300_401
OG0001002	WP_015402303.1	Utg323180_695
OG0001003	WP_015404627.1	Utg323990_38
OG0001004	WP_015402764.1	Utg323140_68
OG0001005	WP_015402765.1	Utg323140_69
OG0001006	WP_015403630.1	Utg323300_164
OG0001007	WP_015405608.1	Utg323632_244
OG0001008	WP_015404961.1	Utg323152_394
OG0001009	WP_015404960.1	Utg323152_395
OG0001010	WP_015402489.1	Utg323300_40
OG0001011	WP_015402483.1	Utg323180_292
OG0001012	WP_041916502.1	Utg323180_475
OG0001013	WP_052326942.1	Utg323180_440
OG0001014	WP_015405709.1	Utg323632_71
OG0001015	WP_015404990.1	Utg323152_385
OG0001016	WP_015404991.1	Utg323152_384
OG0001017	WP_015405424.1	Utg323392_130
OG0001018	WP_015402717.1	Utg323180_30
OG0001019	WP_015404790.1	Utg323392_151
OG0001020	WP_015402612.1	Utg323160_24
OG0001022	WP_015404097.1	Utg323316_145
OG0001023	WP_015403416.1	Utg324810_43
OG0001024	WP_015404583.1	Utg323990_78
OG0001026	WP_015405482.1	Utg323074_108
OG0001027	WP_015404342.1	Utg323262_93
OG0001029	WP_015405539.1	Utg323632_341
OG0001030	WP_153304834.1	Utg324810_40
OG0001031	WP_015404147.1	Utg323316_83
OG0001033	WP_015405130.1	Utg323152_155
OG0001034	WP_015403374.1	Utg323160_30
OG0001035	WP_015403346.1	Utg323160_77
OG0001036	WP_015403949.1	Utg323300_378
OG0001038	WP_015403497.1	Utg323300_76
OG0001039	WP_015405621.1	Utg323632_226
OG0001040	WP_015404318.1	Utg323448_98
OG0001041	WP_015404806.1	Utg323392_134
OG0001043	WP_015403058.1	Utg323140_245
OG0001044	WP_083907278.1	Utg323448_48
OG0001045	WP_015404741.1	Utg323392_222
OG0001046	WP_167320764.1	Utg323632_291
OG0001048	WP_052327029.1	Utg323632_137
OG0001049	WP_015404374.1	Utg323262_148
OG0001050	WP_015402800.1	Utg323632_116
OG0001051	WP_015404136.1	Utg323316_103
OG0001052	WP_015402680.1	Utg323180_63, Utg323180_64
OG0001053	WP_015404629.1	Utg323074_193
OG0001054	WP_015405702.1	Utg323632_78
OG0001055	WP_015403066.1	Utg323140_254
OG0001056	WP_015405405.1	Utg323392_17
OG0001057	WP_015403900.1	Utg323266_53
OG0001058	WP_015404740.1	Utg323392_223
OG0001059	WP_015403083.1	Utg325220_91
OG0001060	WP_015405522.1	Utg323632_370
OG0001063	WP_015404826.1	Utg323152_486
OG0001065	WP_015404468.1	Utg323990_218
OG0001066	WP_015405694.1	Utg323632_95
OG0001067	WP_228130016.1	Utg323152_449
OG0001068	WP_015405143.1	Utg323152_142
OG0001069	WP_015404898.1	Utg323152_418
OG0001070	WP_015402470.1	Utg323180_313
OG0001071	WP_015402318.1	Utg323180_659, Utg323180_675
OG0001072	WP_015402324.1	Utg323180_668
OG0001075	WP_015402659.1	Utg323392_6, Utg323180_123
OG0001076	WP_015402666.1	Utg323180_109
OG0001077	WP_015402773.1	Utg323632_264, Utg323140_82
OG0001079	WP_015402875.1, WP_015402854.1	Utg323262_121
OG0001079	WP_015402878.1	Utg323180_409
OG0001080	WP_015402899.1	Utg323180_162
OG0001081	WP_015403050.1, WP_015405493.1, WP_167320715.1	Utg323266_115
OG0001082	WP_015403197.1	Utg323632_375
OG0001083	WP_015403203.1	Utg323266_20
OG0001084	WP_015403205.1	Utg323266_18
OG0001085	WP_015403452.1	Utg323140_42
OG0001086	WP_015403453.1	Utg323140_41
OG0001088	WP_015403505.1	Utg323300_97
OG0001091	WP_015403620.1	Utg323262_84, Utg323300_135
OG0001092	WP_015403753.1	Utg323300_189
OG0001093	WP_015403966.1	Utg323316_348
OG0001094	WP_015404140.1	Utg323316_100
OG0001095	WP_015404324.1	Utg323448_104
OG0001096	WP_015404332.1	Utg323448_116
OG0001097	WP_015404393.1	Utg323300_239
OG0001098	WP_015404428.1	Utg323180_597
OG0001100	WP_015404712.1	Utg323074_143
OG0001101	WP_015404794.1	Utg323392_147
OG0001102	WP_015404831.1	Utg323152_482
OG0001104	WP_015405022.1	Utg323152_221
OG0001105	WP_015405112.1	Utg323152_162
OG0001106	WP_015405113.1	Utg323152_161
OG0001107	WP_015405147.1	Utg323152_83
OG0001108	WP_015405167.1	Utg323152_74
OG0001109	WP_015405168.1	Utg323152_73
OG0001110	WP_015405171.1	Utg323152_70
OG0001111	WP_015405194.1	Utg323152_46
OG0001112	WP_015405252.1	Utg323152_291
OG0001113	WP_015405271.1, WP_015405669.1	Utg323632_127
OG0001114	WP_015405297.1	Utg323152_320, Utg323152_319
OG0001115	WP_015405341.1	Utg323392_20
OG0001116	WP_015405443.1	Utg323152_551
OG0001117	WP_015405447.1	Utg323152_555
OG0001118	WP_015405526.1	Utg323632_363
OG0001119	WP_015405622.1	Utg323632_225
OG0001120	WP_015405744.1	Utg323632_40
OG0001121	WP_041916456.1	Utg323632_368
OG0001122	WP_041916785.1	Utg323300_158, Utg323300_51
OG0001123	WP_153304801.1	Utg323632_261, Utg323316_220
OG0001124	WP_228130020.1	Utg323152_163
OG0001125	WP_228130028.1	Utg323180_240
OG0001126	WP_228130033.1, WP_228130032.1	Utg323180_426
OG0001127	WP_228130080.1	Utg323074_24
OG0001142	WP_015405698.1	Utg323632_91
OG0001143	WP_015402577.1	Utg323180_198
OG0001144	WP_015402786.1	Utg323140_97
OG0001145	WP_167320748.1	Utg323074_133
OG0001148	WP_015403121.1	Utg323300_455
OG0001150	WP_015404373.1	Utg323262_147
OG0001152	WP_015405547.1	Utg323632_333
OG0001153	WP_015402622.1	Utg324810_105, Utg323160_13
OG0001154	WP_015403886.1	Utg323300_318
OG0001155	WP_015405636.1	Utg323152_136
OG0001156	WP_015403195.1	Utg323632_376
OG0001157	WP_015402616.1	Utg323160_20
OG0001159	WP_015402466.1	Utg323180_316
OG0001160	WP_015402735.1	Utg323140_8
OG0001161	WP_015404796.1	Utg323392_145
OG0001164	WP_015405142.1	Utg323152_143
OG0001165	WP_015402362.1	Utg323180_603
OG0001166	WP_015404513.1	Utg323990_176
OG0001167	WP_167320694.1	Utg323180_420
OG0001168	WP_015402423.1	Utg323180_474
OG0001169	WP_015402417.1	Utg323180_479
OG0001171	WP_015402630.1	Utg324810_89
OG0001172	WP_228130030.1	Utg323160_16
OG0001173	WP_015402619.1	Utg323160_17
OG0001174	WP_015402632.1	Utg324810_87
OG0001175	WP_015404151.1	Utg323316_80
OG0001176	WP_015404381.1	Utg323266_50
OG0001178	WP_015405308.1	Utg323152_331
OG0001179	WP_015402373.1	Utg323180_524
OG0001182	WP_015403519.1	Utg323300_109
OG0001183	WP_167320739.1	Utg323316_130
OG0001184	WP_015404058.1, WP_015404057.1	Utg323316_246
OG0001188	WP_015404159.1	Utg323316_71
OG0001189	WP_015402678.1	Utg323180_66
OG0001191	WP_015403063.1	Utg323140_251
OG0001192	WP_015405571.1	Utg323632_281
OG0001194	WP_041916847.1	Utg323316_77
OG0001195	WP_167320742.1	Utg323632_60
OG0001196	WP_015404987.1	Utg323152_389
OG0001197	WP_015402302.1	Utg323180_696
OG0001198	WP_015402329.1	Utg323180_663
OG0001199	WP_015402348.1	Utg323180_634
OG0001200	WP_015402380.1	Utg323180_517
OG0001201	WP_015402453.1	Utg323180_106
OG0001201	WP_015403265.1, WP_015402551.1, WP_228130044.1, WP_015403744.1, WP_015404138.1, WP_015402919.1	Utg323180_591
OG0001202	WP_015402523.1	Utg323180_259
OG0001203	WP_015402569.1	Utg323180_214
OG0001204	WP_015402635.1	Utg323152_110
OG0001205	WP_015402636.1	Utg323152_107, Utg323152_109, Utg323152_108
OG0001206	WP_015402660.1	Utg323180_122
OG0001207	WP_015402661.1	Utg323180_121, Utg323392_8
OG0001208	WP_015402705.1	Utg323180_44
OG0001209	WP_015402781.1	Utg323140_89
OG0001210	WP_015402794.1	Utg323300_427
OG0001211	WP_015402807.1, WP_015403589.1, WP_015402816.1, WP_015405419.1, WP_015404761.1	Utg323300_369
OG0001212	WP_015402856.1	Utg323262_125
OG0001213	WP_015402857.1	Utg323262_126
OG0001214	WP_015402862.1	Utg323300_140
OG0001214	WP_015402871.1	Utg323180_633
OG0001215	WP_015402891.1	Utg323140_144
OG0001216	WP_015403335.1, WP_015404868.1, WP_015402902.1	Utg323180_160
OG0001217	WP_015402924.1	Utg323316_278
OG0001218	WP_041916470.1, WP_015403005.1	Utg323392_172
OG0001219	WP_015403044.1	Utg325220_70, Utg323152_112
OG0001220	WP_015403073.1	Utg323140_261
OG0001221	WP_015403077.1	Utg325220_2, Utg323140_265
OG0001222	WP_015403081.1	Utg325220_88
OG0001223	WP_015403095.1	Utg325220_117
OG0001224	WP_015405488.1	Utg323074_114
OG0001224	WP_015403478.1, WP_015403147.1	Utg323152_522
OG0001225	WP_015404649.1, WP_015404693.1, WP_015403177.1, WP_153304887.1, WP_041916415.1, WP_015404380.1	Utg323990_43
OG0001226	WP_015403178.1	Utg323632_386
OG0001226	WP_015403646.1	Utg323180_391, Utg323180_434
OG0001227	WP_015403187.1	Utg323632_381, Utg323300_251
OG0001228	WP_015403737.1	Utg323300_168
OG0001229	WP_015403350.1	Utg323392_249, Utg323160_73
OG0001230	WP_015403373.1	Utg323160_31
OG0001231	WP_015403441.1	Utg323300_16
OG0001232	WP_015403506.1	Utg323300_98
OG0001233	WP_015403549.1	Utg323990_128
OG0001234	WP_015403554.1	Utg323180_498
OG0001235	WP_015403602.1, WP_015404027.1	Utg323316_292, Utg323316_288, Utg323316_252
OG0001236	WP_015403621.1	Utg323262_79, Utg323300_136
OG0001237	WP_015403626.1	Utg323262_80, Utg323300_139
OG0001238	WP_015403638.1	Utg323180_231
OG0001239	WP_015403722.1	Utg323990_155
OG0001240	WP_015403774.1	Utg323140_161
OG0001241	WP_015403818.1	Utg323300_214
OG0001242	WP_015403867.1	Utg323300_298
OG0001243	WP_015403884.1	Utg323300_316
OG0001244	WP_015403893.1	Utg323300_327
OG0001245	WP_015403912.1	Utg323300_343
OG0001246	WP_015403951.1	Utg323300_380
OG0001247	WP_015403971.1	Utg323316_340
OG0001248	WP_015404010.1	Utg323316_314
OG0001249	WP_015404079.1	Utg323316_226
OG0001250	WP_015404185.1	Utg323140_227
OG0001251	WP_015404188.1	Utg323140_224
OG0001252	WP_015404350.1	Utg323262_101
OG0001253	WP_015404353.1	Utg323262_104
OG0001254	WP_015404357.1	Utg323262_108
OG0001255	WP_015404406.1	Utg324548_4, Utg323262_212
OG0001256	WP_015404430.1	Utg324548_22
OG0001257	WP_015404435.1	Utg324548_27
OG0001258	WP_015404476.1	Utg323990_208
OG0001259	WP_015404477.1	Utg323990_207
OG0001260	WP_015404512.1	Utg323990_177
OG0001261	WP_015404532.1	Utg323990_156
OG0001262	WP_015404543.1	Utg323990_144
OG0001263	WP_015404564.1	Utg323990_114
OG0001264	WP_015404628.1	Utg323990_37
OG0001265	WP_015404683.1	Utg323262_7
OG0001266	WP_015404731.1	Utg323074_125
OG0001267	WP_015404755.1	Utg323180_208
OG0001268	WP_015404809.1	Utg323152_511
OG0001269	WP_015404954.1	Utg323152_401
OG0001270	WP_015405462.1	Utg323152_591
OG0001271	WP_015405038.1	Utg323152_203
OG0001272	WP_015405050.1	Utg323152_190
OG0001273	WP_015405065.1	Utg323152_231
OG0001274	WP_015405102.1	Utg323152_173
OG0001275	WP_015405144.1	Utg323152_87
OG0001276	WP_015405165.1	Utg323152_76
OG0001277	WP_015405166.1	Utg323152_75
OG0001278	WP_015405173.1	Utg323152_68
OG0001279	WP_015405174.1	Utg323152_67
OG0001280	WP_015405180.1	Utg323152_62
OG0001281	WP_015405196.1	Utg323152_44
OG0001282	WP_015405197.1	Utg323152_43
OG0001283	WP_015405206.1	Utg323152_42
OG0001284	WP_015405287.1	Utg323152_308
OG0001285	WP_015405288.1	Utg323152_309
OG0001286	WP_015405289.1	Utg323152_310
OG0001287	WP_015405292.1	Utg323152_314
OG0001288	WP_015405293.1	Utg323152_315
OG0001289	WP_015405304.1	Utg323152_327
OG0001290	WP_015405305.1	Utg323152_328
OG0001291	WP_015405344.1	Utg323392_23
OG0001292	WP_015405345.1	Utg323392_24
OG0001293	WP_015405348.1	Utg323392_27
OG0001294	WP_015405377.1	Utg323392_87
OG0001295	WP_015405445.1	Utg323152_553
OG0001296	WP_015405503.1	Utg323262_69
OG0001297	WP_015405504.1	Utg323262_70
OG0001298	WP_015405553.1	Utg323632_300
OG0001299	WP_015405568.1	Utg323632_284
OG0001300	WP_228130004.1	Utg323316_198
OG0001301	WP_015405765.1	Utg323632_16, Utg323632_15
OG0001302	WP_041916361.1	Utg323300_330
OG0001303	WP_041916463.1	Utg323632_288
OG0001304	WP_052326940.1	Utg323180_508
OG0001305	WP_083907266.1	Utg323180_513
OG0001306	WP_153304929.1	Utg323632_37, Utg323632_36
OG0001307	WP_167320711.1	Utg323152_599, Utg323140_104
OG0001308	WP_167320735.1	Utg323300_381
OG0001309	WP_208598477.1	Utg323392_100
OG0001310	WP_228130019.1	Utg323152_200
OG0001332	WP_052326998.1	Utg323990_57
OG0001334	WP_041916672.1	Utg323160_118
OG0001335	WP_015405638.1	Utg323632_209
OG0001338	WP_015404706.1, WP_015404240.1	Utg323074_156
OG0001339	WP_015405648.1	Utg323632_143
OG0001340	WP_015404407.1	Utg324548_5
OG0001341	WP_015405635.1	Utg323152_137
OG0001342	WP_167320758.1	Utg323152_524, Utg323152_64
OG0001344	WP_015403859.1	Utg323300_285
OG0001345	WP_015404126.1	Utg323316_111
OG0001346	WP_015404552.1	Utg323990_134
OG0001347	WP_015404452.1	Utg324548_35
OG0001348	WP_015402882.1	Utg323140_133
OG0001349	WP_015403139.1	Utg323300_430
OG0001350	WP_015403070.1	Utg323140_258
OG0001351	WP_015403069.1	Utg323140_257
OG0001352	WP_083907249.1	Utg323300_353
OG0001353	WP_015402407.1	Utg323180_491
OG0001354	WP_015402411.1	Utg323180_485
OG0001355	WP_015405106.1	Utg323152_168
OG0001358	WP_015403757.1	Utg323300_193
OG0001359	WP_015402631.1	Utg324810_88
OG0001362	WP_015404426.1	Utg323632_61
OG0001363	WP_153304920.1	Utg323632_286
OG0001364	WP_015404470.1	Utg323990_216
OG0001365	WP_015402601.1	Utg323140_112
OG0001367	WP_015403355.1	Utg323160_68
OG0001369	WP_015403939.1	Utg323300_365
OG0001370	WP_015403338.1	Utg323160_90
OG0001371	WP_015402611.1	Utg323160_25
OG0001374	WP_015402596.1	Utg323140_113
OG0001377	WP_015404675.1	Utg323074_223, Utg323990_3
OG0001378	WP_015405390.1	Utg323392_106
OG0001379	WP_015403068.1	Utg323140_256
OG0001380	WP_015402538.1	Utg323152_574
OG0001381	WP_167320697.1	Utg323152_577
OG0001384	WP_015403420.1	Utg324810_47
OG0001385	WP_015402409.1	Utg323180_489
OG0001387	WP_015402510.1	Utg323180_272
OG0001389	WP_015404135.1	Utg323316_104
OG0001390	WP_015404729.1	Utg323074_127
OG0001391	WP_015403664.1	Utg323300_155
OG0001393	WP_015402537.1	Utg323152_579
OG0001394	WP_015402293.1	Utg323180_709
OG0001395	WP_015402310.1	Utg323180_688
OG0001396	WP_015402320.1	Utg323180_671, Utg323180_672
OG0001397	WP_015402330.1	Utg323632_12
OG0001398	WP_015402341.1	Utg323180_644
OG0001399	WP_015402347.1	Utg323180_635
OG0001400	WP_015402356.1, WP_015402357.1	Utg323180_98, Utg323140_244
OG0001401	WP_015402363.1	Utg323180_602
OG0001402	WP_015402406.1	Utg323180_493
OG0001402	WP_015404251.1	Utg323180_492
OG0001403	WP_015402522.1	Utg323180_260
OG0001404	WP_015402524.1	Utg323180_258
OG0001405	WP_015402526.1	Utg323180_256
OG0001406	WP_015402527.1	Utg323180_255
OG0001407	WP_015402550.1	Utg323180_232
OG0001408	WP_015405268.1, WP_015402566.1	Utg323180_230
OG0001409	WP_015402572.1	Utg323180_209
OG0001410	WP_015402627.1	Utg324810_102, Utg323160_10
OG0001411	WP_015402634.1	Utg323392_169
OG0001412	WP_015402655.1	Utg323180_134
OG0001413	WP_015402663.1	Utg323266_14
OG0001414	WP_015402670.1	Utg323180_104
OG0001415	WP_015402707.1	Utg323180_42
OG0001416	WP_015402723.1	Utg323180_24
OG0001417	WP_015404679.1, WP_015402757.1	Utg323074_181
OG0001418	WP_015402766.1	Utg323140_71, Utg323140_70
OG0001419	WP_015404866.1	Utg323180_158
OG0001420	WP_015404867.1, WP_015402901.1	Utg323180_159
OG0001421	WP_015402984.1	Utg323140_208
OG0001422	WP_015403148.1	Utg323152_521
OG0001422	WP_015405489.1	Utg323074_115
OG0001423	WP_015403191.1	Utg323300_255
OG0001424	WP_015403202.1	Utg323266_21
OG0001425	WP_015403218.1	Utg323160_127, Utg323266_8
OG0001426	WP_015403288.1	Utg323180_606
OG0001427	WP_015403323.1	Utg323180_246
OG0001428	WP_015403329.1	Utg323160_108
OG0001429	WP_015403372.1	Utg323160_32
OG0001430	WP_015403607.1, WP_015403407.1	Utg324810_30
OG0001431	WP_015403408.1	Utg324810_31
OG0001433	WP_015403462.1	Utg323262_191
OG0001434	WP_015403502.1	Utg323300_79
OG0001435	WP_015403513.1	Utg323632_379
OG0001437	WP_015403599.1	Utg323140_145
OG0001438	WP_015403659.1	Utg323140_83, Utg323990_90
OG0001439	WP_015403727.1	Utg323266_41
OG0001440	WP_015403730.1	Utg323180_13
OG0001441	WP_015403739.1	Utg323300_170
OG0001442	WP_015403745.1	Utg323300_176
OG0001443	WP_015403750.1	Utg323300_186
OG0001444	WP_015403763.1	Utg323300_199
OG0001445	WP_015403852.1	Utg323300_278
OG0001446	WP_015403882.1	Utg323300_314
OG0001447	WP_015403883.1	Utg323300_315
OG0001448	WP_015403915.1	Utg323300_346
OG0001449	WP_015403927.1	Utg324810_69
OG0001450	WP_015403937.1	Utg323300_363
OG0001451	WP_015403962.1	Utg323300_392
OG0001452	WP_015403999.1	Utg323316_327
OG0001453	WP_015404011.1, WP_015405581.1	Utg323316_313
OG0001454	WP_015404017.1	Utg323316_307
OG0001455	WP_015404060.1	Utg323074_161
OG0001456	WP_015404191.1	Utg323140_221
OG0001458	WP_015404263.1	Utg323448_42
OG0001459	WP_015404264.1	Utg323448_43
OG0001461	WP_015404345.1	Utg323262_96
OG0001462	WP_015404361.1	Utg323262_112
OG0001463	WP_015404364.1	Utg323152_415
OG0001464	WP_015404371.1	Utg323262_115
OG0001465	WP_015404377.1	Utg323262_162
OG0001466	WP_015404378.1	Utg323262_163
OG0001467	WP_015404395.1	Utg323300_237
OG0001468	WP_015404403.1	Utg323316_186
OG0001469	WP_015404419.1	Utg324548_17
OG0001470	WP_015404453.1	Utg324548_36
OG0001471	WP_015404554.1	Utg323990_132
OG0001472	WP_015404561.1	Utg323990_122
OG0001473	WP_015404570.1	Utg323990_89
OG0001474	WP_015404587.1	Utg323990_74
OG0001475	WP_015404593.1	Utg323990_67
OG0001476	WP_015404603.1	Utg323990_61
OG0001477	WP_015404630.1	Utg323074_194
OG0001478	WP_015404708.1	Utg323074_154
OG0001479	WP_015404716.1	Utg323074_140
OG0001480	WP_015404766.1	Utg323140_84
OG0001481	WP_015404775.1	Utg323392_167
OG0001482	WP_015404801.1	Utg323392_140
OG0001483	WP_015404807.1	Utg323392_133
OG0001484	WP_015404829.1	Utg323152_483
OG0001485	WP_015404861.1	Utg323152_448
OG0001486	WP_015404957.1	Utg323152_398
OG0001487	WP_015404962.1	Utg323152_393
OG0001488	WP_015405179.1	Utg323152_63
OG0001489	WP_015405182.1	Utg323152_59
OG0001490	WP_015405283.1	Utg323152_304
OG0001491	WP_015405284.1	Utg323152_305
OG0001492	WP_015405285.1	Utg323152_306
OG0001493	WP_015405286.1	Utg323152_307
OG0001494	WP_015405298.1	Utg323152_321
OG0001495	WP_015405299.1	Utg323152_322
OG0001496	WP_015405301.1	Utg323152_324
OG0001497	WP_015405302.1	Utg323152_325
OG0001498	WP_015405303.1	Utg323152_326
OG0001499	WP_015405310.1	Utg323152_333
OG0001500	WP_015405311.1	Utg323152_334
OG0001501	WP_015405312.1	Utg323152_335
OG0001502	WP_015405313.1	Utg323152_336
OG0001503	WP_015405314.1	Utg323152_337
OG0001504	WP_015405321.1	Utg323152_344
OG0001505	WP_015405325.1	Utg323152_373
OG0001506	WP_015405335.1	Utg323152_377
OG0001506	WP_015405336.1	Utg323152_378
OG0001507	WP_015405355.1	Utg323392_42
OG0001508	WP_015405364.1	Utg323392_53
OG0001509	WP_015405369.1	Utg323392_78
OG0001510	WP_015405389.1	Utg323392_105
OG0001511	WP_015405401.1	Utg323392_123
OG0001512	WP_015405403.1	Utg323392_125
OG0001513	WP_015405406.1	Utg323392_18
OG0001514	WP_015405464.1	Utg323152_594
OG0001515	WP_015405465.1	Utg323152_595
OG0001516	WP_015405481.1	Utg323074_67
OG0001517	WP_015405523.1	Utg323632_369
OG0001518	WP_015405617.1	Utg323632_231
OG0001519	WP_015405703.1	Utg323632_77
OG0001520	WP_015405711.1	Utg323632_69
OG0001521	WP_015405753.1	Utg323632_28
OG0001522	WP_015405764.1	Utg323632_17
OG0001523	WP_041916362.1	Utg323152_126
OG0001524	WP_041916379.1	Utg323316_132
OG0001525	WP_041916439.1	Utg323152_157
OG0001526	WP_041916457.1	Utg323632_364
OG0001527	WP_041917007.1	Utg323152_399
OG0001528	WP_041917081.1	Utg323392_44
OG0001529	WP_041917103.1	Utg323152_597
OG0001530	WP_052326981.1	Utg323316_332
OG0001531	WP_167320766.1	Utg323632_220
OG0001532	WP_228130018.1	Utg323152_396
OG0001533	WP_228130037.1	Utg323266_96
OG0001534	WP_228130049.1	Utg323300_221
OG0001535	WP_228130052.1	Utg323180_615
OG0001536	WP_228130053.1	Utg323180_257
OG0001537	WP_265588648.1	Utg323140_206, Utg323990_117
OG0001567	WP_015403170.1	Utg323266_34
OG0001569	WP_015405675.1	Utg323632_115
OG0001573	WP_015405019.1	Utg323152_224
OG0001578	WP_015405480.1	Utg323074_66
OG0001580	WP_015403593.1	Utg323266_32
OG0001581	WP_015405052.1	Utg323152_188
OG0001585	WP_015403064.1	Utg323140_252
OG0001586	WP_015405446.1	Utg323152_554
OG0001589	WP_015404597.1	Utg323990_64
OG0001592	WP_015403594.1	Utg323266_33
OG0001594	WP_015402917.1	Utg323152_102
OG0001601	WP_015404817.1	Utg323152_502
OG0001606	WP_015403075.1	Utg323140_263
OG0001608	WP_015402365.1	Utg323152_585
OG0001609	WP_228130002.1	Utg323316_232
OG0001612	WP_015402540.1	Utg323152_572
OG0001613	WP_015402539.1	Utg323152_573
OG0001615	WP_015402761.1	Utg323140_61
OG0001618	WP_015405109.1	Utg323152_165
OG0001621	WP_015403608.1, WP_083907183.1	Utg323300_338
OG0001628	WP_015402297.1	Utg323180_701
OG0001629	WP_015402325.1	Utg323180_667
OG0001630	WP_015402326.1	Utg323180_666
OG0001632	WP_015402378.1	Utg323180_519
OG0001633	WP_015402424.1	Utg323180_473
OG0001634	WP_015402425.1	Utg323180_472
OG0001635	WP_015402444.1	Utg323180_437
OG0001636	WP_015402461.1	Utg323152_434
OG0001637	WP_015402463.1	Utg323180_319
OG0001638	WP_015402472.1	Utg323180_311
OG0001639	WP_015402476.1	Utg323180_294
OG0001640	WP_015402509.1	Utg323180_273
OG0001641	WP_015402528.1	Utg323180_254
OG0001642	WP_015402529.1	Utg323180_253
OG0001644	WP_015402568.1	Utg323180_227
OG0001645	WP_015402574.1	Utg323180_202
OG0001646	WP_015402575.1	Utg323180_200
OG0001647	WP_015402595.1	Utg323180_171
OG0001649	WP_015402617.1	Utg323160_19
OG0001650	WP_015402618.1	Utg323160_18
OG0001651	WP_015402621.1	Utg324810_106, Utg323160_14
OG0001652	WP_015402651.1	Utg323180_164
OG0001653	WP_015402676.1	Utg323180_297
OG0001654	WP_015402693.1	Utg323300_423
OG0001656	WP_015402712.1	Utg323180_36
OG0001657	WP_015402719.1	Utg323180_28
OG0001658	WP_015402721.1	Utg323180_26
OG0001659	WP_015402722.1	Utg323180_25
OG0001660	WP_015402784.1	Utg323140_94
OG0001661	WP_015402785.1	Utg323140_95
OG0001663	WP_015402846.1	Utg323316_218
OG0001664	WP_015402916.1	Utg323140_165
OG0001665	WP_015402950.1	Utg323140_177
OG0001666	WP_015402973.1	Utg323140_207
OG0001667	WP_015402985.1	Utg323152_133
OG0001668	WP_015402986.1	Utg323152_128
OG0001669	WP_015403007.1	Utg323152_96
OG0001670	WP_015403017.1	Utg323140_232
OG0001671	WP_015403019.1	Utg323140_235
OG0001672	WP_015403024.1	Utg323300_424
OG0001673	WP_015403079.1	Utg323140_267, Utg325220_61
OG0001674	WP_015403099.1	Utg323180_132
OG0001675	WP_015403157.1	Utg323140_127
OG0001676	WP_015403171.1	Utg323266_29
OG0001677	WP_015403189.1	Utg323300_253
OG0001678	WP_015403204.1	Utg323266_19
OG0001679	WP_015403209.1	Utg323140_66
OG0001680	WP_015403226.1	Utg323160_121
OG0001681	WP_015403228.1	Utg323160_119
OG0001682	WP_015403231.1	Utg323160_115
OG0001683	WP_015403353.1	Utg323160_70, Utg323392_246
OG0001684	WP_015403354.1	Utg323160_69
OG0001685	WP_015405085.1, WP_015403371.1	Utg323160_36
OG0001686	WP_015403396.1	Utg323140_195
OG0001687	WP_015403403.1	Utg324810_22
OG0001688	WP_015403435.1	Utg324810_61
OG0001689	WP_015403450.1	Utg323300_150
OG0001690	WP_015403457.1	Utg323140_40
OG0001691	WP_015403458.1	Utg323140_39
OG0001692	WP_015403466.1	Utg323140_55
OG0001693	WP_015403508.1	Utg323300_100
OG0001694	WP_015403517.1	Utg323300_106
OG0001695	WP_015403553.1	Utg323180_499
OG0001697	WP_015403581.1	Utg323300_459, Utg323316_95, Utg323152_603, Utg323300_54
OG0001698	WP_015403634.1	Utg324810_93
OG0001699	WP_015403676.1	Utg323392_67
OG0001700	WP_015403741.1	Utg323300_171
OG0001701	WP_015403756.1	Utg323300_192
OG0001702	WP_015403776.1	Utg323300_257
OG0001703	WP_015403817.1	Utg323300_213
OG0001704	WP_015403855.1	Utg323300_281
OG0001704	WP_015404749.1	Utg323392_215
OG0001705	WP_015403891.1	Utg323300_325, Utg323300_324
OG0001706	WP_015403913.1	Utg323300_344
OG0001707	WP_015403923.1	Utg323300_354
OG0001708	WP_015403946.1	Utg323300_375
OG0001709	WP_015403969.1	Utg323316_345
OG0001710	WP_015403987.1	Utg323392_57
OG0001711	WP_015404002.1	Utg323316_322
OG0001712	WP_015404012.1	Utg323316_312
OG0001713	WP_015404091.1	Utg323316_150
OG0001714	WP_015404115.1	Utg325220_89
OG0001715	WP_015404139.1	Utg323316_101
OG0001716	WP_015404143.1	Utg323316_97, Utg323632_2
OG0001717	WP_015404146.1	Utg323316_85
OG0001718	WP_015404266.1	Utg323448_45
OG0001719	WP_015404267.1	Utg323448_46
OG0001720	WP_015404347.1	Utg323262_98
OG0001721	WP_015404392.1	Utg323300_240
OG0001722	WP_015404415.1	Utg323180_172
OG0001723	WP_015404429.1	Utg324548_21
OG0001724	WP_015404442.1	Utg323632_277
OG0001724	WP_015404441.1	Utg323632_276
OG0001725	WP_015404449.1	Utg324548_32
OG0001726	WP_015404451.1	Utg324548_34
OG0001728	WP_015404520.1	Utg323990_169
OG0001730	WP_015404571.1	Utg323990_87
OG0001731	WP_015404721.1	Utg323074_135
OG0001732	WP_015404734.1	Utg323074_121
OG0001733	WP_015404751.1	Utg323392_201
OG0001734	WP_015404771.1	Utg323392_183
OG0001735	WP_015404805.1	Utg323392_135
OG0001736	WP_015404824.1	Utg323160_87
OG0001737	WP_015405771.1, WP_015405023.1	Utg323152_220
OG0001738	WP_015405030.1	Utg323152_212
OG0001739	WP_015405055.1	Utg323152_185
OG0001742	WP_015405145.1	Utg323152_85
OG0001743	WP_015405187.1	Utg323152_53
OG0001744	WP_015405198.1	Utg323990_107
OG0001745	WP_015405207.1	Utg323152_41
OG0001746	WP_015405208.1	Utg323152_40
OG0001747	WP_015405290.1	Utg323152_311
OG0001748	WP_015405315.1	Utg323152_338
OG0001749	WP_015405320.1	Utg323152_343
OG0001750	WP_015405322.1	Utg323152_345
OG0001751	WP_015405327.1	Utg323152_375
OG0001752	WP_015405351.1	Utg323632_207
OG0001753	WP_015405360.1	Utg323392_47
OG0001754	WP_015405362.1	Utg323392_49
OG0001755	WP_015405382.1	Utg323392_98
OG0001756	WP_015405386.1	Utg323392_103
OG0001757	WP_015405420.1	Utg323392_126
OG0001758	WP_015405425.1	Utg323392_131
OG0001759	WP_015405474.1	Utg323074_58
OG0001760	WP_015405476.1	Utg323074_60
OG0001761	WP_015405477.1	Utg323074_62
OG0001762	WP_015405478.1	Utg323074_63
OG0001763	WP_015405520.1	Utg323632_373
OG0001764	WP_015405556.1	Utg323632_297
OG0001766	WP_167320718.1, WP_015405640.1	Utg324810_24
OG0001767	WP_015405647.1	Utg323392_37
OG0001768	WP_015405652.1	Utg323632_139
OG0001769	WP_015405661.1	Utg323632_132
OG0001770	WP_015405678.1	Utg323632_112
OG0001771	WP_015405761.1	Utg323632_20
OG0001772	WP_041916383.1	Utg323140_218
OG0001773	WP_041916992.1	Utg323152_447
OG0001774	WP_041917045.1	Utg323152_144
OG0001775	WP_052326982.1	Utg323316_248
OG0001776	WP_052326997.1	Utg323074_200, Utg323262_8, Utg323152_519
OG0001778	WP_153304797.1	Utg323140_59
OG0001779	WP_153304809.1	Utg323140_183
OG0001780	WP_153304909.1	Utg323152_252, Utg323152_251
OG0001781	WP_228130043.1	Utg323160_71, Utg323392_247
OG0001782	WP_228130047.1	Utg323180_14
OG0001822	WP_015403242.1	Utg323262_59
OG0001825	WP_228130051.1	Utg323300_356
OG0001828	WP_015402594.1	Utg323180_170
OG0001833	WP_015404213.1, WP_167320712.1	Utg323180_129
OG0001835	WP_015403755.1	Utg323300_191
OG0001840	WP_015402446.1	Utg323180_422
OG0001842	WP_015403431.1	Utg324810_57
OG0001852	WP_015403702.1	Utg323300_20
OG0001854	WP_015405276.1	Utg323152_296
OG0001858	WP_015405384.1	Utg323392_101
OG0001863	WP_015403397.1	Utg323392_50
OG0001864	WP_015403617.1	Utg323266_47
OG0001865	WP_015404758.1	Utg323392_194
OG0001868	WP_015402292.1	Utg323180_710
OG0001869	WP_015402295.1	Utg323180_707
OG0001870	WP_015402331.1	Utg323180_656
OG0001870	WP_015402345.1	Utg323180_640
OG0001871	WP_015402590.1, WP_015402343.1	Utg323180_642
OG0001872	WP_015402349.1	Utg323140_30
OG0001873	WP_015402350.1	Utg323180_621
OG0001874	WP_015402413.1	Utg323180_483
OG0001875	WP_015402415.1	Utg323180_481
OG0001876	WP_015402445.1	Utg323300_107, Utg323180_436
OG0001877	WP_015402493.1	Utg323160_61
OG0001878	WP_015402536.1	Utg323152_580
OG0001879	WP_015402546.1	Utg323180_242
OG0001880	WP_015402547.1	Utg323180_241
OG0001881	WP_015402580.1	Utg323180_195
OG0001882	WP_015402626.1	Utg324810_103, Utg323160_11
OG0001883	WP_015402633.1	Utg323152_589
OG0001884	WP_015402658.1	Utg323180_124
OG0001885	WP_015402675.1	Utg323180_101
OG0001886	WP_015402702.1	Utg323180_47
OG0001887	WP_015402703.1	Utg323180_46
OG0001888	WP_015402708.1	Utg323180_40
OG0001889	WP_015402725.1	Utg323180_7
OG0001890	WP_015402758.1	Utg323140_58
OG0001891	WP_015402788.1	Utg323140_100
OG0001893	WP_015402870.1	Utg323632_88
OG0001894	WP_015402881.1	Utg323180_438
OG0001894	WP_015405337.1	Utg323152_379
OG0001895	WP_015402895.1	Utg323140_151
OG0001896	WP_015402912.1	Utg323632_268
OG0001897	WP_015405578.1	Utg323316_279
OG0001898	WP_015402965.1	Utg323140_192
OG0001899	WP_015403091.1	Utg325220_113
OG0001900	WP_015403105.1, WP_015404837.1	Utg323262_145
OG0001901	WP_015403182.1	Utg323632_383
OG0001902	WP_015403230.1	Utg323160_117
OG0001903	WP_015405440.1, WP_015403307.1	Utg323448_126, Utg323632_5, Utg323300_161
OG0001904	WP_015403384.1	Utg323180_539
OG0001905	WP_015403385.1	Utg324810_82
OG0001906	WP_015403389.1	Utg324810_76
OG0001907	WP_015403711.1, WP_015403392.1	Utg324810_73
OG0001908	WP_015403438.1	Utg324810_66
OG0001909	WP_015403504.1	Utg323300_96
OG0001910	WP_015403512.1	Utg323300_397
OG0001911	WP_015403518.1	Utg323300_108
OG0001912	WP_015403537.1	Utg323300_119
OG0001913	WP_015403539.1	Utg323300_121
OG0001915	WP_015403674.1	Utg323180_548
OG0001916	WP_015403678.1	Utg323632_180, Utg323180_557
OG0001918	WP_015403716.1	Utg323316_353
OG0001919	WP_015403764.1	Utg323300_200
OG0001920	WP_015403765.1	Utg323300_201
OG0001921	WP_015403775.1	Utg323300_259, Utg323300_258
OG0001923	WP_015403794.1	Utg324810_37
OG0001924	WP_015403826.1	Utg323300_226
OG0001925	WP_015403830.1	Utg323300_230
OG0001926	WP_015403861.1	Utg323300_290
OG0001927	WP_015403870.1	Utg323300_301
OG0001928	WP_015403872.1	Utg323300_303
OG0001929	WP_015403894.1	Utg323300_328
OG0001930	WP_015403897.1	Utg323300_331
OG0001931	WP_015403899.1	Utg323300_333
OG0001933	WP_015404013.1	Utg323316_311
OG0001934	WP_015404041.1	Utg323316_277, Utg323316_254
OG0001935	WP_015404067.1	Utg323316_237
OG0001936	WP_015404071.1	Utg323316_234
OG0001937	WP_015404077.1	Utg323316_228
OG0001938	WP_015404080.1	Utg323316_225
OG0001939	WP_015404105.1	Utg323316_135
OG0001940	WP_015404111.1	Utg323316_127
OG0001941	WP_015404113.1	Utg323316_125
OG0001942	WP_015404145.1	Utg323316_86
OG0001943	WP_015404167.1	Utg323448_20
OG0001944	WP_015404175.1	Utg323448_25
OG0001945	WP_015404181.1	Utg323448_30
OG0001946	WP_015404196.1	Utg323140_216
OG0001947	WP_015404197.1	Utg323140_215
OG0001948	WP_015404255.1	Utg323448_34
OG0001949	WP_015404256.1	Utg323448_35
OG0001950	WP_015404257.1	Utg323448_36
OG0001951	WP_015404323.1	Utg323448_103
OG0001952	WP_015404337.1	Utg323180_455, Utg323152_12
OG0001953	WP_015404348.1	Utg323262_99
OG0001954	WP_015404349.1	Utg323262_100
OG0001955	WP_015404354.1	Utg323262_105
OG0001956	WP_015404405.1	Utg324548_3, Utg323262_211
OG0001958	WP_015404514.1	Utg323990_175
OG0001959	WP_015404526.1	Utg323990_163
OG0001960	WP_015404531.1	Utg323990_157
OG0001961	WP_015404533.1	Utg323152_453
OG0001962	WP_015404546.1	Utg323990_140
OG0001963	WP_015404550.1	Utg323990_136
OG0001964	WP_015404551.1	Utg323990_135
OG0001965	WP_015404563.1	Utg323990_120
OG0001967	WP_015404588.1	Utg323990_73
OG0001968	WP_015404595.1	Utg323152_359, Utg323990_65
OG0001969	WP_015404607.1	Utg323300_275, Utg323180_628
OG0001970	WP_015404625.1	Utg323990_39
OG0001971	WP_015404742.1	Utg323392_221
OG0001972	WP_015404754.1	Utg323392_197
OG0001973	WP_015404759.1	Utg324810_79
OG0001974	WP_015404819.1	Utg323152_499
OG0001975	WP_015404855.1	Utg323074_25
OG0001976	WP_153304805.1, WP_015404869.1	Utg323180_161
OG0001977	WP_015404876.1	Utg323152_445
OG0001978	WP_015404880.1	Utg323152_440
OG0001979	WP_015404891.1	Utg323152_433
OG0001980	WP_015404895.1	Utg323152_421
OG0001981	WP_015404966.1	Utg323392_231
OG0001982	WP_015404972.1	Utg323140_108
OG0001983	WP_015405202.1, WP_015405009.1	Utg323152_234
OG0001984	WP_015405015.1	Utg323152_228
OG0001985	WP_015405037.1	Utg323152_204
OG0001986	WP_015405053.1	Utg323152_187
OG0001987	WP_015405067.1	Utg323152_182
OG0001988	WP_015405068.1	Utg323152_181
OG0001989	WP_015405089.1	Utg323316_351
OG0001991	WP_015405150.1	Utg323152_79
OG0001992	WP_015405181.1	Utg323152_61
OG0001993	WP_015405185.1	Utg323152_55
OG0001994	WP_015405186.1	Utg323152_54
OG0001995	WP_015405188.1	Utg323152_52
OG0001996	WP_015405189.1	Utg323152_51
OG0001997	WP_015405190.1	Utg323152_50
OG0001998	WP_015405211.1	Utg323152_246
OG0001999	WP_015405224.1	Utg323152_261
OG0002000	WP_015405282.1	Utg323152_302, Utg323152_303
OG0002001	WP_015405300.1	Utg323152_323
OG0002002	WP_015405306.1	Utg323152_329
OG0002003	WP_015405338.1	Utg323152_380
OG0002004	WP_015405395.1	Utg323392_112
OG0002005	WP_015405399.1	Utg323392_121
OG0002006	WP_015405421.1	Utg323392_127
OG0002007	WP_015405448.1	Utg323152_556
OG0002008	WP_015405459.1	Utg323152_566
OG0002009	WP_015405468.1	Utg323152_477
OG0002010	WP_015405483.1	Utg323074_109
OG0002011	WP_015405510.1	Utg323392_261
OG0002012	WP_015405530.1	Utg323632_353
OG0002013	WP_015405562.1	Utg323632_290
OG0002014	WP_015405563.1	Utg323632_289
OG0002015	WP_015405632.1	Utg323632_213
OG0002016	WP_015405662.1	Utg323632_131
OG0002017	WP_015405670.1	Utg323632_126
OG0002018	WP_015405671.1	Utg323632_125
OG0002019	WP_015405672.1	Utg323632_124
OG0002020	WP_015405701.1	Utg323632_87
OG0002021	WP_015405707.1	Utg323632_73
OG0002022	WP_041916300.1	Utg323392_92
OG0002023	WP_041916427.1	Utg323152_432
OG0002024	WP_041916533.1	Utg323180_194
OG0002025	WP_041917050.1	Utg323152_49
OG0002026	WP_052326992.1	Utg323262_97
OG0002027	WP_052327019.1	Utg323392_41
OG0002028	WP_052327027.1	Utg323632_249
OG0002029	WP_083907209.1	Utg324810_38
OG0002030	WP_153304818.1	Utg323140_259
OG0002032	WP_153304926.1	Utg324810_25
OG0002033	WP_153304973.1	Utg323180_11
OG0002034	WP_167320716.1	Utg325220_110
OG0002035	WP_167320736.1	Utg323074_196
OG0002036	WP_228130003.1	Utg323316_199
OG0002037	WP_228130025.1	Utg323180_664
OG0002039	WP_265588641.1	Utg323140_142
OG0002040	WP_265588646.1	Utg323180_681
OG0002105	WP_015402573.1	Utg323180_203
OG0002106	WP_015404084.1	Utg323316_183
OG0002107	WP_015403331.1	Utg323160_6, Utg324810_100
OG0002108	WP_015403120.1	Utg323300_454
OG0002118	WP_015402909.1	Utg323316_78
OG0002120	WP_015404127.1	Utg323316_110
OG0002122	WP_015405398.1	Utg323392_119
OG0002126	WP_041916281.1	Utg323160_96
OG0002127	WP_015402827.1	Utg323160_94
OG0002144	WP_041916442.1	Utg323152_82
OG0002150	WP_015404387.1	Utg323300_18
OG0002155	WP_015402335.1	Utg323180_652
OG0002156	WP_015402338.1	Utg323180_648
OG0002157	WP_015402346.1	Utg323180_639
OG0002158	WP_015402404.1	Utg323180_495
OG0002159	WP_015402405.1	Utg323180_494
OG0002160	WP_015402456.1	Utg324810_33
OG0002161	WP_015402475.1	Utg323180_295
OG0002162	WP_015402507.1	Utg323180_275
OG0002163	WP_015402516.1	Utg323180_266
OG0002164	WP_015402517.1	Utg323180_265
OG0002165	WP_015402521.1	Utg323180_261
OG0002166	WP_015402557.1	Utg323392_198
OG0002167	WP_015402628.1	Utg323160_9
OG0002168	WP_015402718.1	Utg323180_29
OG0002169	WP_015402727.1	Utg323180_5
OG0002170	WP_015402772.1	Utg323140_79
OG0002172	WP_015402834.1	Utg323632_263, Utg323316_224
OG0002173	WP_015402836.1	Utg323316_222
OG0002174	WP_015402839.1	Utg323632_262, Utg323316_219
OG0002175	WP_015402889.1	Utg323140_141
OG0002177	WP_015402972.1	Utg323140_205
OG0002178	WP_015402987.1	Utg323152_125
OG0002179	WP_015403014.1	Utg323140_229
OG0002180	WP_015403015.1	Utg323140_230
OG0002181	WP_015403016.1	Utg323140_231
OG0002182	WP_015403018.1	Utg323140_233
OG0002183	WP_015403036.1	Utg323180_526
OG0002184	WP_015403062.1	Utg323140_250
OG0002185	WP_015403072.1	Utg323140_260
OG0002186	WP_015403074.1	Utg323140_262
OG0002187	WP_015403100.1	Utg323180_131
OG0002188	WP_015403133.1, WP_015404422.1	Utg323180_211
OG0002189	WP_015403183.1	Utg323632_380
OG0002190	WP_015403225.1	Utg323300_87
OG0002191	WP_015403227.1	Utg323160_120
OG0002192	WP_015403243.1	Utg323262_58
OG0002193	WP_015403364.1	Utg323160_43
OG0002195	WP_015403404.1	Utg324810_23
OG0002196	WP_015404825.1, WP_015403437.1	Utg324810_65
OG0002197	WP_015403447.1	Utg323990_40
OG0002198	WP_015403468.1, WP_015405007.1	Utg323152_236
OG0002200	WP_015403538.1	Utg323300_120
OG0002201	WP_015403542.1	Utg323300_123
OG0002203	WP_015403653.1	Utg325220_69
OG0002204	WP_015403670.1	Utg323180_112
OG0002205	WP_015403672.1	Utg323180_546
OG0002206	WP_015403673.1	Utg323180_547
OG0002207	WP_015403679.1	Utg323180_564
OG0002208	WP_015403687.1, WP_015403977.1	Utg323140_239
OG0002209	WP_015403731.1	Utg323180_12
OG0002210	WP_015403742.1	Utg323300_172
OG0002211	WP_015403743.1	Utg323300_173
OG0002212	WP_015403752.1	Utg323300_188
OG0002213	WP_015403759.1	Utg323300_195
OG0002214	WP_015403827.1	Utg323300_227
OG0002215	WP_015403828.1	Utg323300_228
OG0002216	WP_015403841.1	Utg323300_261
OG0002217	WP_015403851.1	Utg323300_277
OG0002218	WP_015403858.1	Utg323180_600
OG0002219	WP_015403892.1	Utg323300_326
OG0002220	WP_015403916.1	Utg323300_347
OG0002221	WP_015403938.1	Utg323300_364
OG0002222	WP_015404009.1	Utg323316_315
OG0002223	WP_015404036.1	Utg323316_213, Utg323316_281
OG0002225	WP_015404065.1	Utg323316_240
OG0002226	WP_015404066.1	Utg323316_239
OG0002227	WP_015404068.1	Utg323316_236
OG0002228	WP_015404110.1	Utg323316_128
OG0002229	WP_015404112.1	Utg323316_126
OG0002230	WP_015404114.1	Utg323316_124
OG0002231	WP_015404117.1	Utg323316_121
OG0002232	WP_015404118.1	Utg323316_120
OG0002233	WP_015404119.1	Utg323316_119
OG0002234	WP_015404137.1	Utg323316_102
OG0002235	WP_015404149.1	Utg323316_82
OG0002236	WP_015404158.1	Utg323316_72
OG0002237	WP_015404164.1	Utg323316_66
OG0002239	WP_015404204.1	Utg323074_68
OG0002240	WP_015404394.1	Utg323300_238
OG0002241	WP_015404448.1	Utg324548_31
OG0002242	WP_015404450.1	Utg324548_33
OG0002243	WP_015404473.1	Utg323990_212
OG0002244	WP_015404498.1	Utg323074_70
OG0002245	WP_015404528.1	Utg323990_160
OG0002246	WP_015404529.1	Utg323990_159
OG0002247	WP_015404530.1	Utg323990_158
OG0002248	WP_015404542.1	Utg323990_145
OG0002249	WP_015404544.1	Utg323990_143
OG0002250	WP_015404562.1	Utg323990_121
OG0002251	WP_015404770.1	Utg323392_184
OG0002252	WP_015404783.1	Utg323392_156
OG0002253	WP_015404798.1	Utg323392_143
OG0002254	WP_015404808.1	Utg323152_512
OG0002255	WP_015404818.1	Utg323152_500
OG0002256	WP_015404832.1	Utg323152_481
OG0002257	WP_015404844.1	Utg323262_140, Utg323262_138
OG0002258	WP_015404847.1	Utg323074_38
OG0002259	WP_015404879.1	Utg323152_441
OG0002261	WP_015405046.1	Utg323152_195
OG0002262	WP_015405069.1	Utg323392_260
OG0002263	WP_015405088.1	Utg323316_350
OG0002264	WP_015405624.1, WP_015405094.1	Utg323632_222
OG0002265	WP_015405115.1	Utg323152_158
OG0002266	WP_015405126.1	Utg323990_94
OG0002267	WP_015405127.1	Utg323990_93
OG0002268	WP_015405250.1	Utg323152_289
OG0002269	WP_015405254.1	Utg323300_49
OG0002270	WP_015405278.1	Utg323152_298
OG0002271	WP_015405316.1	Utg323152_339
OG0002272	WP_015405317.1	Utg323152_340
OG0002273	WP_015405339.1	Utg323300_216
OG0002274	WP_015405363.1	Utg323392_52
OG0002275	WP_015405366.1	Utg323392_69
OG0002276	WP_015405379.1	Utg323392_89
OG0002277	WP_015405393.1	Utg323392_109
OG0002278	WP_015405400.1	Utg323392_122
OG0002279	WP_015405402.1	Utg323392_124
OG0002280	WP_015405567.1	Utg323632_285
OG0002283	WP_015405600.1	Utg323632_258
OG0002284	WP_015405618.1	Utg323632_230
OG0002285	WP_015405655.1	Utg323632_136
OG0002286	WP_015405667.1	Utg323632_130
OG0002287	WP_015405689.1	Utg323632_100
OG0002288	WP_015405710.1	Utg323632_70
OG0002289	WP_015405713.1	Utg323632_67
OG0002290	WP_015405736.1	Utg323632_50
OG0002291	WP_015405745.1	Utg323632_39
OG0002292	WP_015405768.1	Utg323632_11
OG0002293	WP_041916861.1	Utg323140_217
OG0002294	WP_083907232.1	Utg323152_99
OG0002295	WP_083907315.1	Utg323180_248, Utg323152_58
OG0002297	WP_153304830.1	Utg323160_76
OG0002298	WP_153304872.1	Utg323316_115
OG0002299	WP_167320751.1	Utg323990_204
OG0002300	WP_228130006.1	Utg323316_106
OG0002301	WP_228130007.1	Utg323316_73
OG0002302	WP_228130045.1	Utg323152_122
OG0002303	WP_228130046.1	Utg323152_124
OG0002304	WP_228130076.1	Utg323990_205
OG0002481	WP_015402980.1	Utg323140_77
OG0002482	WP_083907148.1	Utg323180_482
OG0002496	WP_015402316.1	Utg323180_679
OG0002497	WP_015402339.1	Utg323180_647
OG0002498	WP_015402342.1	Utg323180_643
OG0002499	WP_015402344.1	Utg323180_641
OG0002500	WP_015402485.1	Utg323180_290
OG0002501	WP_015402487.1	Utg323266_92
OG0002502	WP_015402556.1	Utg323266_54
OG0002503	WP_015402673.1	Utg323152_514, Utg323140_156
OG0002504	WP_015402713.1	Utg323180_34
OG0002505	WP_015402729.1	Utg323180_4
OG0002507	WP_015402756.1	Utg323074_184
OG0002509	WP_015402831.1	Utg323262_50
OG0002510	WP_015402859.1	Utg323180_401
OG0002511	WP_015402861.1	Utg323180_403
OG0002514	WP_015403082.1	Utg325220_90
OG0002515	WP_015403084.1	Utg325220_92
OG0002516	WP_015403089.1	Utg325220_111
OG0002517	WP_015403117.1	Utg323266_97
OG0002518	WP_015403165.1	Utg323632_359
OG0002519	WP_015403188.1	Utg323300_252
OG0002521	WP_015403215.1	Utg323392_206
OG0002522	WP_015403220.1	Utg323160_126, Utg323266_7
OG0002523	WP_015403234.1	Utg323300_128, Utg323140_204
OG0002524	WP_015403246.1	Utg323262_55
OG0002525	WP_015403286.1	Utg323152_489
OG0002526	WP_015403287.1	Utg323152_488
OG0002527	WP_015403295.1	Utg323140_27
OG0002528	WP_015403321.1	Utg323180_630
OG0002529	WP_015405220.1	Utg323152_256
OG0002529	WP_015403378.1	Utg323392_213
OG0002530	WP_015403399.1	Utg324810_18
OG0002531	WP_015403402.1	Utg324810_21
OG0002532	WP_015403411.1	Utg324810_36
OG0002533	WP_015403439.1	Utg324810_11
OG0002534	WP_015403448.1	Utg323180_191
OG0002539	WP_015403587.1	Utg324810_10, Utg323140_57
OG0002541	WP_015403692.1	Utg323152_120
OG0002542	WP_015403707.1	Utg323262_202
OG0002543	WP_015403721.1	Utg323448_109
OG0002544	WP_015403726.1, WP_015405774.1	Utg323180_476
OG0002545	WP_015403772.1	Utg323300_271, Utg323266_25
OG0002546	WP_015403832.1	Utg323300_232
OG0002547	WP_015403838.1	Utg323300_306, Utg323300_235
OG0002548	WP_015403863.1	Utg323300_292
OG0002549	WP_015403876.1	Utg323300_308
OG0002550	WP_015403889.1	Utg323300_322
OG0002551	WP_015403890.1	Utg323300_323
OG0002552	WP_015403898.1	Utg323300_332
OG0002554	WP_015403947.1	Utg323300_376
OG0002555	WP_015403986.1	Utg323140_237, Utg323140_238
OG0002556	WP_015404014.1	Utg323316_310
OG0002557	WP_015404037.1	Utg323316_280
OG0002559	WP_015404085.1	Utg323316_182
OG0002560	WP_015404116.1	Utg323266_91
OG0002561	WP_015404123.1	Utg323316_114
OG0002562	WP_015404155.1	Utg323316_76
OG0002563	WP_015404173.1	Utg323448_23
OG0002564	WP_015404198.1	Utg323140_214
OG0002565	WP_015404372.1	Utg323152_31
OG0002566	WP_015404388.1	Utg323262_200
OG0002567	WP_015404390.1	Utg323392_228
OG0002570	WP_015404438.1	Utg323632_272
OG0002573	WP_015404523.1	Utg323990_166
OG0002574	WP_015404524.1	Utg323990_165
OG0002575	WP_015404525.1	Utg323990_164
OG0002576	WP_015404581.1	Utg323180_714
OG0002577	WP_015404604.1	Utg323990_60
OG0002578	WP_015404624.1	Utg323990_41
OG0002579	WP_015404638.1	Utg323074_185
OG0002582	WP_015404746.1	Utg323392_217
OG0002583	WP_015404843.1	Utg323262_139
OG0002585	WP_015404893.1	Utg323152_423
OG0002586	WP_015404900.1	Utg323152_410
OG0002587	WP_015404920.1	Utg323262_38
OG0002589	WP_015405035.1	Utg323152_206
OG0002590	WP_015405090.1	Utg323316_352
OG0002591	WP_015405118.1	Utg323990_99
OG0002592	WP_015405120.1	Utg323990_101
OG0002593	WP_015405121.1	Utg323990_102
OG0002594	WP_015405146.1	Utg323152_84
OG0002595	WP_015405176.1	Utg323152_65
OG0002596	WP_015405236.1	Utg323152_277
OG0002596	WP_015405237.1	Utg323152_275
OG0002597	WP_015405257.1	Utg323300_145
OG0002598	WP_015405277.1	Utg323152_297
OG0002599	WP_015405291.1	Utg323152_312
OG0002600	WP_015405309.1	Utg323152_332
OG0002601	WP_015405318.1	Utg323152_341
OG0002602	WP_015405329.1	Utg323152_346
OG0002603	WP_015405342.1	Utg323392_21
OG0002604	WP_015405358.1	Utg323392_45
OG0002605	WP_015405372.1	Utg323392_82
OG0002606	WP_015405373.1	Utg323392_83
OG0002607	WP_015405392.1	Utg323392_108
OG0002608	WP_015405426.1	Utg323392_132
OG0002609	WP_015405471.1	Utg323152_480
OG0002610	WP_015405486.1	Utg323074_112
OG0002615	WP_015405531.1	Utg323632_352
OG0002616	WP_015405549.1	Utg323262_91
OG0002617	WP_015405550.1	Utg323262_92
OG0002618	WP_015405565.1	Utg323632_287
OG0002619	WP_015405610.1	Utg323632_241
OG0002620	WP_015405673.1	Utg323632_123
OG0002621	WP_015405676.1	Utg323632_114
OG0002623	WP_041916261.1	Utg323180_139
OG0002624	WP_041916289.1	Utg323140_136
OG0002626	WP_041916410.1	Utg323180_625
OG0002627	WP_041916846.1	Utg323316_79
OG0002628	WP_041917087.1	Utg323140_125
OG0002629	WP_074195169.1	Utg323316_344
OG0002630	WP_083907295.1	Utg323392_196
OG0002631	WP_153304807.1, WP_208598467.1	Utg323266_52
OG0002632	WP_153304823.1	Utg323266_6, Utg323160_125
OG0002633	WP_153304867.1	Utg323300_352
OG0002634	WP_153304884.1	Utg323448_89
OG0002636	WP_167320692.1	Utg323180_646
OG0002637	WP_167320714.1	Utg323316_305
OG0002638	WP_167320728.1	Utg323300_270, Utg323266_26
OG0002639	WP_167320738.1	Utg323316_138
OG0002640	WP_167320761.1	Utg323392_54
OG0002859	WP_015403333.1	Utg324810_99, Utg323160_5
OG0002865	WP_015403172.1	Utg323074_148
OG0002883	WP_015404004.1	Utg323316_320
OG0002905	WP_015402322.1	Utg323180_670
OG0002906	WP_015402333.1	Utg323180_654
OG0002910	WP_015402428.1	Utg323180_469
OG0002911	WP_015402443.1	Utg323392_190
OG0002915	WP_015402567.1	Utg323180_228
OG0002917	WP_015402648.1	Utg323140_47
OG0002918	WP_015402654.1	Utg323180_135
OG0002919	WP_015402920.1, WP_015402700.1, WP_015403428.1	Utg323392_176
OG0002921	WP_015402734.1	Utg323140_7
OG0002925	WP_015402860.1	Utg323180_402
OG0002926	WP_015402876.1	Utg323262_122
OG0002927	WP_015402892.1	Utg323140_148
OG0002928	WP_015402894.1	Utg323140_150
OG0002929	WP_015402966.1	Utg323140_202
OG0002930	WP_015402967.1	Utg323140_203
OG0002931	WP_015403037.1	Utg323074_124
OG0002932	WP_015403049.1	Utg323262_130
OG0002935	WP_015403086.1	Utg323300_44, Utg325220_108
OG0002936	WP_015403090.1	Utg325220_112
OG0002938	WP_015403190.1	Utg323300_254
OG0002939	WP_015403200.1, WP_015403736.1	Utg323392_68
OG0002940	WP_015403210.1	Utg323266_12, Utg323160_131
OG0002941	WP_015403222.1	Utg323160_124, Utg323266_5
OG0002944	WP_015403291.1	Utg323140_24, Utg323160_88
OG0002946	WP_015403326.1	Utg323160_111
OG0002947	WP_015403391.1	Utg324810_74
OG0002948	WP_015403445.1	Utg323300_217
OG0002950	WP_015403533.1	Utg323140_107
OG0002951	WP_015403582.1	Utg323180_247
OG0002953	WP_015403754.1	Utg323300_190
OG0002955	WP_015403824.1	Utg323300_224
OG0002956	WP_015403907.1	Utg323262_183
OG0002958	WP_015403974.1	Utg323392_58
OG0002959	WP_015404035.1	Utg323316_282
OG0002960	WP_015404072.1	Utg323316_233
OG0002962	WP_015404134.1	Utg323316_105
OG0002963	WP_015404153.1	Utg323300_435
OG0002964	WP_015404187.1	Utg323140_225
OG0002966	WP_015404365.1	Utg323152_414
OG0002967	WP_015404366.1	Utg323152_413
OG0002968	WP_015404389.1	Utg323990_119
OG0002969	WP_015404404.1	Utg323140_98
OG0002974	WP_015404518.1	Utg323990_171
OG0002975	WP_015404519.1	Utg323990_170
OG0002976	WP_015404556.1	Utg323990_130
OG0002977	WP_015404592.1, WP_015405590.1	Utg323990_70
OG0002978	WP_015404612.1	Utg324810_12
OG0002979	WP_015404647.1	Utg323152_367
OG0002983	WP_015404745.1	Utg323392_218
OG0002984	WP_015404752.1	Utg323392_200
OG0002985	WP_015404834.1	Utg323140_44
OG0002986	WP_015404865.1	Utg323180_157
OG0002987	WP_015404897.1	Utg323152_419
OG0002991	WP_015405063.1, WP_015405006.1	Utg323152_242
OG0002994	WP_015405116.1	Utg323990_97
OG0002995	WP_015405117.1	Utg323990_98
OG0002996	WP_015405119.1	Utg323990_100
OG0002997	WP_015405122.1	Utg323990_103
OG0002999	WP_015405229.1	Utg323152_266
OG0003000	WP_015405241.1	Utg323152_271
OG0003001	WP_015405323.1	Utg323152_371
OG0003004	WP_015405422.1	Utg323392_128
OG0003005	WP_015405444.1	Utg323152_552
OG0003008	WP_015405507.1	Utg323180_583
OG0003009	WP_015405534.1	Utg323632_349
OG0003010	WP_015405548.1	Utg323180_638
OG0003011	WP_015405615.1	Utg323632_233
OG0003012	WP_015405625.1	Utg323632_221
OG0003013	WP_015405653.1	Utg323632_138
OG0003015	WP_015405730.1	Utg323632_63
OG0003016	WP_041916313.1	Utg323392_211
OG0003017	WP_041916450.1	Utg323392_90
OG0003018	WP_041916465.1	Utg323632_280
OG0003019	WP_041916518.1	Utg323262_133
OG0003020	WP_041916535.1	Utg323140_115
OG0003022	WP_153304873.1	Utg323316_108
OG0003023	WP_153304894.1	Utg323990_92
OG0003025	WP_167320760.1	Utg323152_285
OG0003026	WP_208598463.1	Utg323074_221, Utg323990_1
OG0003027	WP_208598489.1	Utg323300_7
OG0003336	WP_015403789.1	Utg324810_28
OG0003465	WP_015402315.1	Utg323180_683
OG0003466	WP_015402317.1	Utg323180_676
OG0003467	WP_015402458.1, WP_015402332.1	Utg323180_655
OG0003468	WP_015402334.1	Utg323180_653
OG0003469	WP_015402366.1	Utg323392_170
OG0003471	WP_015402403.1	Utg323180_496
OG0003472	WP_015402416.1	Utg323180_480
OG0003473	WP_015402419.1	Utg323180_477
OG0003474	WP_015402426.1	Utg323180_471
OG0003475	WP_015402427.1	Utg323180_470
OG0003476	WP_015402429.1	Utg323180_468
OG0003477	WP_015402430.1	Utg323180_467
OG0003478	WP_015402431.1	Utg323180_466
OG0003479	WP_015402432.1	Utg323180_465
OG0003480	WP_015402433.1	Utg323180_442
OG0003481	WP_015402434.1	Utg323180_441
OG0003483	WP_015402474.1	Utg323152_452
OG0003484	WP_015402477.1	Utg323180_293
OG0003485	WP_015402511.1	Utg323180_270
OG0003486	WP_015402513.1	Utg323180_269
OG0003487	WP_015402559.1	Utg323152_424
OG0003489	WP_015402579.1	Utg323180_196
OG0003490	WP_015402597.1	Utg323140_114
OG0003491	WP_015402599.1	Utg323300_93
OG0003493	WP_015402649.1	Utg323180_168
OG0003494	WP_015402681.1	Utg323180_48
OG0003497	WP_015402720.1	Utg323180_27
OG0003499	WP_015402760.1	Utg323140_60
OG0003500	WP_015402763.1	Utg323140_67
OG0003501	WP_015402767.1	Utg323140_72
OG0003502	WP_015402782.1	Utg323140_92
OG0003503	WP_015402795.1	Utg323266_101
OG0003505	WP_015402835.1	Utg323316_223
OG0003506	WP_015402837.1	Utg323316_221
OG0003510	WP_015402884.1	Utg323140_135
OG0003511	WP_015402886.1	Utg323300_396
OG0003512	WP_015402893.1	Utg323140_149
OG0003515	WP_015402981.1	Utg323140_76
OG0003516	WP_015403011.1	Utg323316_123
OG0003518	WP_015403085.1	Utg325220_93
OG0003519	WP_015403103.1	Utg323266_102
OG0003520	WP_015403149.1	Utg323152_520
OG0003521	WP_015403186.1	Utg323300_250
OG0003523	WP_015403194.1	Utg323632_377
OG0003524	WP_015403207.1	Utg323266_13
OG0003525	WP_015403224.1	Utg323160_122
OG0003526	WP_015403240.1	Utg323262_61
OG0003527	WP_015403247.1	Utg323262_54
OG0003530	WP_015403296.1	Utg323300_241
OG0003531	WP_015403319.1	Utg323180_18
OG0003532	WP_015403328.1	Utg323160_109
OG0003534	WP_015403436.1	Utg324810_64
OG0003535	WP_015403449.1	Utg323140_159
OG0003539	WP_015403501.1	Utg323180_9
OG0003546	WP_015403681.1	Utg323074_39
OG0003547	WP_015403682.1	Utg323152_491
OG0003548	WP_015403693.1	Utg323152_121
OG0003549	WP_015403720.1	Utg323266_86
OG0003550	WP_015403767.1	Utg323300_204
OG0003551	WP_015403768.1	Utg323300_205
OG0003552	WP_015403769.1	Utg323300_206
OG0003553	WP_015403771.1	Utg323300_272
OG0003554	WP_015403792.1	Utg323152_451
OG0003555	WP_015403811.1	Utg323300_32
OG0003556	WP_015403813.1	Utg323300_30
OG0003557	WP_015403814.1	Utg323300_29
OG0003558	WP_015403815.1	Utg323300_28
OG0003559	WP_015403819.1	Utg323990_161
OG0003560	WP_015403829.1	Utg323300_229
OG0003561	WP_015403943.1	Utg323300_372
OG0003563	WP_015404044.1	Utg323074_220
OG0003565	WP_015404070.1	Utg323266_60
OG0003566	WP_015404162.1	Utg323316_68
OG0003567	WP_015404170.1	Utg323180_21
OG0003568	WP_015404199.1	Utg323300_131
OG0003569	WP_015404233.1	Utg323140_28
OG0003570	WP_015404244.1	Utg323990_197
OG0003571	WP_015404327.1	Utg323448_111
OG0003572	WP_015404328.1	Utg323448_112
OG0003573	WP_015404339.1	Utg323632_303
OG0003574	WP_015404358.1	Utg323262_109
OG0003575	WP_015404368.1	Utg323392_71
OG0003579	WP_015404410.1	Utg323300_404
OG0003580	WP_015404411.1	Utg323300_403
OG0003581	WP_015404413.1	Utg324548_9
OG0003582	WP_015404439.1	Utg323632_273
OG0003583	WP_015404445.1	Utg324548_28
OG0003584	WP_015404454.1	Utg324548_37
OG0003585	WP_015404472.1	Utg323990_213
OG0003586	WP_015404494.1	Utg323316_259
OG0003587	WP_015404517.1	Utg323990_172
OG0003588	WP_015404521.1	Utg323990_168
OG0003589	WP_015404522.1	Utg323990_167
OG0003590	WP_015404606.1	Utg323180_629
OG0003592	WP_015404711.1	Utg323074_150
OG0003593	WP_015404743.1	Utg323392_220
OG0003594	WP_015404750.1	Utg323392_214
OG0003595	WP_015404774.1	Utg323392_175
OG0003596	WP_015404833.1	Utg323140_45
OG0003597	WP_015404841.1	Utg323262_142
OG0003598	WP_015404845.1	Utg323180_579
OG0003599	WP_015404846.1	Utg323074_41
OG0003602	WP_015404979.1	Utg323262_172
OG0003603	WP_015404981.1	Utg323262_174
OG0003604	WP_015404983.1	Utg323262_176
OG0003605	WP_015404984.1	Utg323262_177
OG0003607	WP_015405031.1	Utg323152_211
OG0003608	WP_015405033.1	Utg323152_208
OG0003609	WP_015405034.1	Utg323152_207
OG0003610	WP_015405064.1	Utg323140_210
OG0003611	WP_015405075.1	Utg325220_98
OG0003613	WP_015405082.1	Utg323262_47
OG0003615	WP_015405105.1	Utg323152_169
OG0003616	WP_015405164.1	Utg323152_77
OG0003617	WP_015405175.1	Utg323152_66
OG0003618	WP_015405184.1	Utg323152_57
OG0003619	WP_015405230.1	Utg323152_267
OG0003620	WP_015405238.1	Utg323152_276
OG0003621	WP_015405239.1	Utg323152_274
OG0003622	WP_015405253.1	Utg323152_292
OG0003623	WP_015405367.1	Utg323990_131
OG0003625	WP_015405479.1	Utg323074_65
OG0003626	WP_015405490.1	Utg323074_116
OG0003627	WP_015405508.1, WP_015405778.1	Utg323180_586
OG0003629	WP_015405630.1	Utg323632_216
OG0003630	WP_015405700.1	Utg323632_89
OG0003638	WP_041916325.1	Utg323160_63
OG0003639	WP_041916392.1	Utg323448_102
OG0003642	WP_153304854.1	Utg323300_273
OG0003644	WP_153304918.1	Utg323074_119
OG0003645	WP_167320701.1	Utg323140_48
OG0003647	WP_167320754.1	Utg323152_164
OG0003648	WP_167320755.1	Utg323990_105
OG0003649	WP_167320762.1	Utg323152_492
OG0003650	WP_228130064.1	Utg323262_56
OG0003651	WP_228130066.1	Utg323180_8
OG0004487	WP_015402504.1	Utg323300_55
OG0004498	WP_015402852.1	Utg323180_407
OG0004507	WP_015403043.1	Utg323266_95
OG0004510	WP_015403118.1	Utg323152_417
OG0004511	WP_015403132.1	Utg323152_592
OG0004516	WP_015403180.1	Utg323632_384
OG0004518	WP_015403184.1	Utg323300_242
OG0004519	WP_015403193.1	Utg323632_378
OG0004525	WP_015403293.1	Utg323140_25
OG0004526	WP_015403294.1	Utg323140_26
OG0004527	WP_015403327.1	Utg323160_110
OG0004528	WP_015403332.1	Utg323160_8
OG0004529	WP_015403379.1	Utg323262_189
OG0004530	WP_015403380.1	Utg323074_147
OG0004531	WP_015403381.1	Utg323074_146
OG0004533	WP_015403417.1	Utg324810_44
OG0004543	WP_015403588.1	Utg324810_9
OG0004545	WP_015403761.1	Utg323300_197
OG0004546	WP_015403798.1	Utg324548_8
OG0004547	WP_015403810.1	Utg323300_33
OG0004548	WP_015403816.1	Utg323300_27
OG0004549	WP_015403821.1	Utg323300_220
OG0004550	WP_015403845.1	Utg323300_265
OG0004551	WP_015403846.1	Utg323300_267
OG0004552	WP_015403847.1	Utg323300_268
OG0004553	WP_015403928.1	Utg323632_326
OG0004557	WP_015404128.1	Utg323316_109
OG0004558	WP_015404160.1	Utg323316_70
OG0004563	WP_015404391.1	Utg323074_80
OG0004567	WP_015404565.1	Utg323990_113
OG0004569	WP_015404614.1	Utg323300_266
OG0004607	WP_015405572.1	Utg323632_267
OG0004612	WP_041916263.1	Utg323262_190
OG0004613	WP_041916288.1	Utg323140_134
OG0004621	WP_153304803.1	Utg323180_408
OG0004624	WP_153304914.1	Utg323180_374
OG0004630	WP_265588647.1	Utg323140_164
