Orthogroup	Desulfocapsa sulfexigens DSM 10523	Desulfotalea psychrophila LSv54
OG0000000	WP_015405628.1	WP_011190064.1
OG0000000	WP_015404730.1	WP_011189962.1
OG0000000	WP_015403526.1	WP_011187621.1
OG0000000	WP_015405714.1	WP_041277753.1
OG0000000	WP_015404574.1	WP_041278710.1
OG0000000	WP_228130058.1	WP_011188526.1
OG0000001	WP_015403644.1	WP_011189956.1
OG0000001	WP_015402591.1	WP_041277893.1, WP_011188215.1
OG0000001	WP_015402480.1	WP_049785109.1
OG0000002	WP_015403812.1, WP_015404031.1	WP_041277844.1
OG0000002	WP_015403655.1	WP_011188785.1
OG0000002	WP_041916771.1	WP_011188678.1
OG0000004	WP_015402639.1	WP_162096622.1
OG0000004	WP_015402402.1	WP_011188268.1, WP_011189167.1, WP_011189166.1, WP_011189165.1, WP_162096658.1
OG0000004	WP_015403551.1	WP_011190354.1
OG0000004	WP_015405656.1	WP_162096666.1
OG0000005	WP_015403762.1, WP_015404965.1	WP_011189533.1, WP_011188126.1
OG0000005	WP_167320730.1	WP_011187985.1
OG0000007	WP_015405611.1	WP_011189794.1
OG0000007	WP_015405734.1	WP_011188868.1
OG0000007	WP_015402821.1	WP_011189025.1
OG0000007	WP_015404120.1	WP_011188995.1
OG0000007	WP_015403101.1	WP_011187745.1
OG0000009	WP_015405657.1	WP_011188127.1
OG0000009	WP_015405427.1	WP_156792224.1, WP_011189354.1, WP_011189261.1
OG0000010	WP_167320737.1	WP_011190434.1
OG0000011	WP_015403675.1	WP_011188428.1, WP_011187691.1
OG0000012	WP_015405394.1	WP_041278033.1
OG0000012	WP_015403532.1	WP_041277505.1
OG0000012	WP_228130022.1	WP_156792326.1
OG0000012	WP_015403471.1	WP_011188284.1
OG0000013	WP_015404193.1	WP_011188729.1
OG0000013	WP_015404186.1	WP_011188732.1
OG0000014	WP_015403432.1	WP_083818925.1
OG0000015	WP_015404994.1, WP_015405754.1	WP_041277718.1
OG0000015	WP_015403214.1	WP_228130190.1
OG0000016	WP_015405281.1	WP_011189892.1
OG0000017	WP_015404508.1	WP_011188709.1
OG0000018	WP_015405040.1	WP_011189821.1
OG0000018	WP_228130074.1	WP_011187258.1
OG0000019	WP_015403161.1	WP_011189126.1
OG0000020	WP_015403536.1	WP_011189009.1
OG0000021	WP_015405210.1	WP_011188449.1
OG0000024	WP_015405350.1	WP_011188931.1
OG0000024	WP_015403732.1	WP_011188179.1
OG0000025	WP_015403272.1, WP_015403667.1, WP_015405643.1, WP_015405516.1, WP_015405536.1, WP_041916396.1	WP_162096631.1
OG0000026	WP_015403942.1	WP_041278328.1
OG0000027	WP_083907219.1	WP_011189010.1
OG0000027	WP_228130083.1	WP_011187927.1
OG0000027	WP_265588650.1, WP_228130054.1	WP_011187726.1
OG0000028	WP_015404192.1	WP_162096634.1
OG0000029	WP_167320727.1	WP_265588603.1
OG0000029	WP_052326975.1	WP_049785031.1
OG0000030	WP_228130041.1	WP_011187333.1
OG0000031	WP_015404265.1	WP_041277675.1
OG0000032	WP_015403541.1	WP_011189014.1
OG0000033	WP_015403598.1	WP_011187749.1
OG0000035	WP_015402576.1	WP_011187249.1
OG0000038	WP_015404535.1	WP_083818947.1
OG0000038	WP_015402313.1	WP_011189861.1
OG0000038	WP_015402314.1	WP_011189862.1
OG0000040	WP_015403788.1, WP_015404594.1	WP_041277819.1
OG0000041	WP_015404769.1	WP_011189362.1
OG0000041	WP_015403613.1	WP_011190076.1
OG0000042	WP_015403963.1	WP_011187375.1
OG0000042	WP_015404992.1	WP_011189777.1
OG0000043	WP_015402371.1	WP_228130175.1
OG0000045	WP_015404579.1	WP_011190203.1
OG0000045	WP_228130035.1	WP_011188148.1
OG0000047	WP_015405593.1	WP_011190450.1
OG0000048	WP_015404100.1	WP_228130155.1
OG0000049	WP_015404873.1	WP_011187473.1, WP_049785016.1
OG0000050	WP_015403570.1	WP_011190308.1
OG0000050	WP_015403568.1	WP_011189772.1, WP_041277820.1, WP_011190307.1
OG0000052	WP_015405485.1	WP_041277548.1, WP_041277545.1
OG0000054	WP_015404045.1	WP_228130174.1, WP_011188415.1, WP_011187605.1
OG0000055	WP_015405217.1	WP_011189432.1
OG0000057	WP_015403138.1	WP_011189027.1
OG0000058	WP_015402352.1	WP_011190338.1
OG0000059	WP_015403273.1	WP_011189102.1, WP_011189104.1
OG0000060	WP_015403496.1	WP_011187768.1
OG0000060	WP_015404589.1	WP_011189467.1
OG0000061	WP_015402468.1	WP_011189049.1
OG0000063	WP_015405546.1	WP_041277748.1
OG0000063	WP_015404799.1	WP_011190024.1
OG0000064	WP_015405262.1, WP_015404547.1	WP_011188922.1
OG0000064	WP_015402710.1	WP_011190321.1
OG0000065	WP_015402731.1	WP_041277642.1
OG0000069	WP_015404352.1	WP_041278071.1
OG0000071	WP_015402375.1	WP_011188512.1
OG0000072	WP_015402376.1	WP_011188511.1
OG0000074	WP_015402447.1	WP_011188124.1
OG0000076	WP_015405226.1	WP_011189884.1
OG0000079	WP_015402977.1, WP_015405417.1	WP_041278114.1
OG0000080	WP_015403975.1	WP_011187758.1
OG0000080	WP_015405717.1	WP_011189349.1
OG0000081	WP_015402793.1	WP_011189028.1
OG0000082	WP_015405296.1	WP_011189907.1
OG0000085	WP_015403009.1	WP_049784979.1
OG0000085	WP_153304855.1	WP_011188000.1
OG0000086	WP_015403683.1	WP_011188968.1, WP_041277821.1, WP_228130156.1
OG0000086	WP_265588649.1	WP_011187364.1
OG0000087	WP_015404821.1	WP_011190071.1
OG0000088	WP_015405225.1	WP_041278034.1
OG0000091	WP_015402418.1	WP_011189088.1
OG0000091	WP_015404791.1	WP_265588615.1
OG0000092	WP_015402386.1	WP_041277704.1
OG0000093	WP_015402704.1	WP_011187627.1, WP_041277722.1
OG0000095	WP_015403025.1	WP_011187326.1
OG0000095	WP_265588636.1	WP_011189875.1
OG0000097	WP_015404820.1	WP_011190072.1
OG0000097	WP_015403223.1	WP_011189603.1
OG0000098	WP_015402377.1	WP_011188510.1
OG0000100	WP_015404401.1, WP_167320752.1, WP_015404701.1, WP_015404229.1, WP_015404121.1	WP_011188994.1
OG0000101	WP_015403666.1	WP_011187560.1
OG0000102	WP_015405674.1	WP_011190131.1
OG0000103	WP_015404021.1	WP_041277624.1
OG0000103	WP_015402491.1	WP_011187572.1
OG0000104	WP_228130081.1	WP_011189410.1
OG0000105	WP_015404793.1	WP_011190029.1
OG0000105	WP_015402408.1	WP_041277849.1
OG0000106	WP_015403625.1	WP_011189715.1
OG0000106	WP_015404007.1	WP_011188105.1
OG0000107	WP_153304789.1	WP_011189658.1
OG0000108	WP_015405353.1	WP_011189642.1
OG0000108	WP_015402336.1	WP_011188953.1
OG0000110	WP_015405228.1	WP_011189886.1
OG0000112	WP_015403936.1	WP_011188067.1
OG0000112	WP_015404001.1	WP_041277874.1
OG0000113	WP_015404088.1	WP_041277425.1
OG0000114	WP_015404279.1	WP_011188364.1
OG0000114	WP_015402582.1	WP_011187252.1
OG0000117	WP_015403805.1	WP_011188472.1
OG0000117	WP_015403159.1	WP_011189124.1
OG0000118	WP_015403158.1	WP_011189123.1
OG0000118	WP_015403806.1	WP_011188471.1
OG0000121	WP_015404050.1	WP_011187278.1
OG0000123	WP_015405227.1	WP_011189885.1
OG0000126	WP_015404803.1	WP_011190020.1
OG0000127	WP_015404182.1	WP_011188334.1
OG0000127	WP_015404183.1	WP_011188335.1
OG0000128	WP_015402505.1	WP_011190249.1
OG0000128	WP_015405039.1	WP_041278021.1
OG0000131	WP_153304997.1	WP_011189957.1
OG0000131	WP_015404061.1	WP_011187291.1
OG0000132	WP_153305005.1	WP_156792284.1
OG0000133	WP_015403281.1, WP_228130062.1	WP_049785062.1
OG0000133	WP_228130048.1	WP_011188470.1
OG0000134	WP_015402789.1	WP_011188144.1
OG0000134	WP_015405212.1	WP_011189428.1
OG0000135	WP_015403834.1	WP_011190396.1, WP_011189338.1
OG0000136	WP_015405013.1	WP_011189843.1
OG0000136	WP_015405352.1	WP_156792292.1
OG0000137	WP_015403804.1	WP_011188473.1
OG0000142	WP_015404601.1	WP_156792321.1
OG0000142	WP_015405517.1	WP_041277814.1
OG0000143	WP_015402714.1	WP_011190324.1
OG0000144	WP_015404779.1	WP_011189528.1
OG0000145	WP_015402384.1	WP_156792207.1
OG0000147	WP_015404800.1	WP_011190023.1
OG0000150	WP_015404955.1	WP_156792302.1
OG0000150	WP_015403878.1	WP_011188038.1
OG0000151	WP_015404064.1	WP_156792391.1
OG0000152	WP_015402381.1	WP_011188507.1
OG0000152	WP_015402374.1	WP_011188513.1
OG0000153	WP_015404425.1	WP_041278081.1
OG0000154	WP_015403217.1	WP_011188535.1
OG0000155	WP_015404997.1	WP_011189442.1
OG0000155	WP_015404996.1	WP_011189443.1
OG0000160	WP_015402570.1	WP_228130154.1
OG0000161	WP_015403558.1	WP_011189119.1
OG0000162	WP_041916377.1	WP_011187311.1
OG0000163	WP_015403342.1	WP_049784999.1
OG0000163	WP_015404356.1	WP_011190105.1
OG0000164	WP_015403628.1	WP_011187437.1
OG0000165	WP_015402948.1	WP_011187672.1
OG0000166	WP_015405604.1	WP_041278008.1
OG0000167	WP_015404889.1	WP_011189983.1
OG0000169	WP_015404816.1	WP_041278049.1
OG0000170	WP_015403919.1	WP_228130166.1
OG0000171	WP_015402771.1	WP_011188224.1
OG0000171	WP_015404886.1	WP_049785111.1
OG0000172	WP_015404511.1	WP_011188712.1
OG0000173	WP_015403433.1	WP_011187845.1
OG0000174	WP_015402361.1	WP_011188522.1
OG0000176	WP_015403419.1	WP_011187820.1
OG0000177	WP_015402938.1	WP_228130183.1
OG0000180	WP_052326988.1	WP_083818964.1
OG0000180	WP_015403309.1	WP_041278377.1
OG0000181	WP_015404063.1	WP_049785176.1
OG0000181	WP_015405574.1	WP_011190443.1
OG0000183	WP_208598531.1	WP_041277717.1
OG0000184	WP_015404418.1	WP_011189110.1
OG0000185	WP_015405172.1	WP_162096651.1
OG0000185	WP_015404124.1	WP_041277828.1
OG0000186	WP_015403116.1	WP_011188095.1
OG0000187	WP_015404268.1	WP_011188352.1, WP_011188365.1
OG0000188	WP_015403875.1	WP_011188912.1
OG0000191	WP_228130031.1	WP_011188792.1
OG0000193	WP_015402732.1	WP_011188238.1
OG0000194	WP_015403363.1	WP_011187954.1
OG0000195	WP_167320713.1, WP_015402308.1	WP_011189858.1
OG0000196	WP_015405758.1	WP_011188559.1
OG0000197	WP_015404178.1	WP_011188331.1
OG0000198	WP_015405101.1	WP_156792257.1
OG0000199	WP_015405043.1	WP_041277873.1
OG0000201	WP_015402726.1	WP_011188242.1
OG0000202	WP_015403041.1	WP_011189106.1
OG0000203	WP_015403624.1	WP_011189716.1
OG0000203	WP_015405501.1	WP_041277494.1
OG0000209	WP_015403972.1	WP_011189657.1
OG0000210	WP_153304845.1	WP_011187438.1
OG0000211	WP_015402955.1	WP_011190201.1
OG0000212	WP_015403425.1	WP_011187826.1
OG0000214	WP_015403656.1	WP_041277773.1, WP_011188783.1
OG0000215	WP_015403395.1	WP_041278351.1
OG0000216	WP_015403304.1	WP_011190303.1
OG0000217	WP_015404433.1	WP_041278087.1
OG0000218	WP_015405521.1	WP_011188935.1
OG0000219	WP_015403862.1	WP_011187520.1
OG0000221	WP_015402390.1	WP_011188482.1
OG0000222	WP_015404363.1	WP_041277470.1, WP_011190100.1
OG0000223	WP_015404744.1	WP_041277805.1
OG0000225	WP_228130059.1, WP_015402983.1	WP_011190357.1
OG0000226	WP_015403895.1	WP_041277609.1
OG0000227	WP_015405532.1	WP_011188872.1
OG0000228	WP_015404722.1	WP_228130150.1
OG0000229	WP_015405258.1	WP_041277488.1
OG0000232	WP_015404828.1, WP_228130015.1	WP_162096624.1
OG0000234	WP_015404541.1	WP_011188725.1
OG0000235	WP_015402571.1	WP_011189740.1
OG0000235	WP_015403933.1	WP_011188066.1
OG0000237	WP_015403027.1	WP_011187837.1
OG0000237	WP_015403550.1	WP_041277465.1
OG0000238	WP_015403615.1	WP_011190078.1
OG0000239	WP_015403176.1	WP_156792203.1
OG0000240	WP_015404338.1	WP_041277651.1
OG0000241	WP_015404417.1, WP_015404839.1	WP_011188682.1
OG0000243	WP_015404772.1	WP_041277879.1
OG0000244	WP_015404822.1	WP_011187903.1
OG0000245	WP_208598476.1, WP_228130017.1, WP_228130061.1	WP_156792261.1
OG0000248	WP_015402961.1	WP_011187684.1
OG0000250	WP_015405307.1	WP_041278036.1
OG0000252	WP_015405759.1	WP_011188558.1
OG0000253	WP_015405687.1	WP_041278077.1
OG0000256	WP_015403654.1	WP_193763857.1
OG0000257	WP_015403400.1	WP_011187938.1
OG0000259	WP_015404586.1	WP_011189470.1
OG0000260	WP_015402947.1	WP_011187671.1
OG0000261	WP_015403028.1	WP_041278096.1
OG0000261	WP_015404558.1	WP_011187462.1
OG0000262	WP_015405634.1	WP_011188941.1, WP_041277999.1
OG0000263	WP_015403031.1	WP_011190212.1
OG0000264	WP_015403956.1	WP_011188079.1
OG0000265	WP_015403954.1	WP_011188077.1
OG0000266	WP_015403914.1	WP_011188060.1
OG0000268	WP_228130027.1	WP_011189056.1
OG0000270	WP_015403162.1	WP_011189127.1
OG0000271	WP_015402792.1	WP_011187803.1
OG0000273	WP_015403232.1	WP_011188597.1, WP_011188167.1
OG0000274	WP_015403324.1	WP_011187334.1
OG0000277	WP_015404536.1	WP_011188116.1
OG0000278	WP_015405763.1	WP_011188554.1
OG0000280	WP_015405279.1, WP_015405280.1	WP_011189891.1
OG0000283	WP_015403418.1	WP_011187819.1
OG0000284	WP_015403619.1	WP_156792243.1
OG0000285	WP_015404434.1	WP_041278086.1
OG0000286	WP_015404559.1	WP_041277467.1
OG0000290	WP_015404568.1	WP_011189438.1
OG0000291	WP_015404986.1	WP_011188846.1
OG0000292	WP_228130008.1	WP_011188332.1
OG0000293	WP_015405755.1	WP_011188562.1
OG0000295	WP_015404534.1	WP_011188719.1
OG0000296	WP_015403918.1	WP_041277610.1
OG0000297	WP_015403344.1	WP_041277578.1
OG0000298	WP_015404125.1	WP_011187865.1
OG0000299	WP_015405743.1	WP_228130178.1
OG0000300	WP_015403426.1	WP_011187827.1
OG0000301	WP_228130009.1	WP_011188387.1
OG0000307	WP_015405767.1	WP_011188550.1
OG0000308	WP_015405760.1	WP_011188557.1
OG0000309	WP_015403758.1	WP_011187371.1
OG0000311	WP_265588653.1, WP_015405461.1	WP_011189408.1
OG0000312	WP_015405651.1	WP_011190120.1
OG0000313	WP_015404163.1	WP_162096635.1
OG0000314	WP_015405762.1	WP_011188555.1
OG0000316	WP_015402519.1	WP_011190257.1
OG0000317	WP_015404977.1, WP_015402650.1, WP_015405136.1, WP_015402674.1	WP_041277994.1
OG0000319	WP_015403020.1	WP_011187880.1
OG0000320	WP_015403444.1	WP_011187789.1, WP_011187785.1
OG0000321	WP_015404150.1	WP_011189150.1
OG0000322	WP_015404641.1	WP_156792160.1
OG0000323	WP_015404848.1	WP_041278448.1
OG0000324	WP_015404907.1	WP_011189814.1
OG0000326	WP_041916402.1	WP_041277799.1
OG0000331	WP_015405475.1	WP_011189375.1
OG0000332	WP_015405537.1	WP_011188671.1
OG0000333	WP_015403733.1	WP_011190299.1
OG0000336	WP_015404585.1	WP_011189471.1
OG0000337	WP_015405731.1	WP_011188684.1
OG0000338	WP_015403909.1	WP_011188054.1
OG0000339	WP_015403039.1, WP_015405469.1	WP_011187987.1
OG0000340	WP_015403067.1	WP_011187352.1
OG0000341	WP_015405804.1	WP_011190455.1, WP_041277512.1
OG0000343	WP_015405688.1	WP_041277972.1, WP_041278078.1
OG0000344	WP_015403303.1	WP_011190302.1
OG0000345	WP_015403061.1	WP_011187347.1
OG0000348	WP_015403065.1	WP_011187350.1
OG0000349	WP_015404560.1	WP_011187460.1
OG0000352	WP_015403877.1	WP_011188037.1
OG0000353	WP_015404899.1	WP_011188201.1, WP_011187388.1
OG0000354	WP_208598493.1	WP_011187759.1
OG0000355	WP_015402391.1	WP_011188481.1
OG0000356	WP_015405042.1	WP_011189820.1
OG0000357	WP_015402963.1	WP_011187686.1
OG0000358	WP_015403098.1	WP_011188159.1
OG0000360	WP_015404165.1	WP_041277667.1
OG0000361	WP_015404787.1	WP_011190034.1
OG0000362	WP_015402364.1	WP_011188275.1
OG0000363	WP_015402441.1, WP_228130024.1	WP_041277943.1
OG0000366	WP_015402662.1	WP_041278090.1
OG0000367	WP_015402768.1	WP_011187535.1
OG0000371	WP_015403026.1, WP_167320743.1	WP_011190222.1
OG0000372	WP_015403993.1	WP_011187969.1
OG0000373	WP_015403994.1	WP_011187968.1
OG0000374	WP_015404823.1	WP_041278286.1
OG0000376	WP_015405664.1	WP_011187926.1
OG0000380	WP_041916449.1	WP_011189781.1
OG0000381	WP_015405078.1, WP_208598490.1	WP_011188623.1
OG0000382	WP_015405295.1	WP_011189906.1
OG0000384	WP_015405623.1	WP_011187586.1
OG0000388	WP_015404792.1	WP_011190030.1
OG0000389	WP_015403093.1	WP_011187991.1
OG0000390	WP_015405129.1	WP_011189231.1
OG0000391	WP_015405595.1	WP_011190429.1, WP_011187259.1
OG0000392	WP_015402960.1, WP_015403130.1	WP_011187683.1
OG0000393	WP_015405397.1	WP_011189713.1
OG0000396	WP_015404016.1	WP_011189462.1
OG0000397	WP_015405133.1	WP_041277793.1
OG0000398	WP_015404034.1	WP_173362835.1, WP_011190427.1
OG0000399	WP_015404853.1	WP_041277921.1
OG0000400	WP_015404727.1	WP_011189966.1
OG0000401	WP_015404176.1	WP_011189767.1
OG0000403	WP_015404778.1	WP_011189529.1
OG0000404	WP_015405699.1	WP_162096667.1
OG0000406	WP_228130050.1	WP_011188036.1
OG0000407	WP_015403831.1	WP_011187531.1
OG0000408	WP_015404015.1	WP_011189463.1
OG0000409	WP_015405028.1	WP_173362847.1
OG0000410	WP_015402353.1	WP_011190337.1
OG0000413	WP_015403446.1	WP_011189040.1
OG0000414	WP_015403280.1, WP_015403160.1	WP_011189125.1
OG0000418	WP_015405752.1	WP_011189597.1, WP_011188565.1
OG0000419	WP_015404566.1	WP_011189440.1
OG0000420	WP_167320749.1	WP_011189525.1
OG0000422	WP_015404018.1	WP_011190167.1
OG0000423	WP_015405222.1	WP_041278794.1
OG0000425	WP_015405708.1	WP_041278082.1
OG0000426	WP_015405134.1	WP_011188860.1
OG0000427	WP_015404262.1, WP_015402929.1	WP_011188346.1
OG0000428	WP_015404780.1	WP_041277939.1
OG0000429	WP_015405570.1	WP_011187772.1
OG0000433	WP_015403967.1	WP_011189706.1
OG0000434	WP_015404078.1	WP_011187316.1
OG0000435	WP_015404420.1	WP_011187397.1
OG0000437	WP_015404840.1	WP_011188093.1
OG0000438	WP_015404896.1	WP_011187699.1
OG0000439	WP_015404902.1	WP_011187387.1, WP_011188202.1
OG0000440	WP_015404953.1	WP_041277623.1
OG0000441	WP_015404988.1	WP_011188848.1
OG0000444	WP_015405195.1	WP_228130145.1
OG0000445	WP_015405275.1	WP_156792310.1
OG0000447	WP_015405423.1	WP_011189512.1
OG0000449	WP_015405463.1	WP_265588553.1
OG0000458	WP_015405560.1	WP_011190050.1
OG0000459	WP_015405044.1	WP_011189199.1
OG0000460	WP_015405601.1	WP_011189785.1
OG0000461	WP_015402359.1	WP_011188884.1
OG0000462	WP_015404782.1	WP_041277938.1
OG0000463	WP_015405449.1	WP_011189177.1
OG0000466	WP_015404099.1	WP_041277422.1
OG0000467	WP_015403423.1	WP_011187824.1
OG0000468	WP_015405442.1	WP_011189509.1
OG0000469	WP_015403908.1	WP_011188053.1
OG0000470	WP_015405629.1	WP_011190065.1
OG0000471	WP_015402724.1	WP_011188128.1
OG0000472	WP_015404576.1	WP_011189474.1
OG0000473	WP_265588642.1	WP_011187823.1
OG0000474	WP_015405340.1	WP_011189845.1
OG0000475	WP_015403842.1	WP_011188169.1
OG0000476	WP_015404168.1	WP_041277668.1
OG0000477	WP_015404008.1	WP_011188156.1
OG0000478	WP_015403302.1	WP_011190301.1
OG0000479	WP_015405193.1	WP_011189651.1
OG0000480	WP_015404302.1	WP_041278396.1
OG0000482	WP_015403548.1	WP_011189018.1
OG0000484	WP_015403760.1	WP_011187369.1
OG0000485	WP_015405192.1	WP_011189650.1
OG0000486	WP_015404881.1	WP_011189991.1
OG0000487	WP_015405027.1	WP_041278024.1
OG0000488	WP_015403375.1	WP_011187960.1
OG0000489	WP_228130021.1	WP_011188276.1
OG0000490	WP_015402294.1	WP_162096643.1
OG0000491	WP_015404713.1	WP_041278044.1
OG0000492	WP_041916554.1	WP_011190160.1
OG0000493	WP_015403885.1	WP_011188045.1
OG0000495	WP_015405099.1	WP_011189170.1
OG0000496	WP_015405733.1	WP_049785040.1
OG0000497	WP_015405614.1	WP_011189797.1
OG0000498	WP_015405613.1	WP_011189796.1
OG0000500	WP_015404321.1	WP_011188406.1
OG0000501	WP_015403989.1	WP_041277540.1
OG0000502	WP_015405045.1	WP_011189198.1
OG0000503	WP_015403102.1	WP_041277961.1
OG0000504	WP_015402354.1	WP_041278120.1
OG0000505	WP_015404141.1	WP_041277824.1
OG0000506	WP_015404813.1	WP_049785112.1
OG0000507	WP_015402706.1	WP_228130170.1
OG0000508	WP_015403578.1	WP_011187508.1
OG0000509	WP_015403345.1	WP_011187888.1
OG0000510	WP_015402412.1	WP_011189093.1
OG0000511	WP_015403968.1	WP_011188090.1
OG0000512	WP_015404854.1	WP_011189412.1
OG0000513	WP_015403843.1	WP_011188168.1
OG0000514	WP_015405704.1	WP_041278089.1
OG0000515	WP_015405450.1	WP_011189178.1
OG0000516	WP_015402358.1	WP_041277801.1
OG0000520	WP_015405376.1	WP_041278621.1
OG0000521	WP_015405139.1	WP_011188856.1
OG0000522	WP_015405032.1	WP_011189825.1
OG0000523	WP_015404736.1	WP_011189941.1
OG0000524	WP_015403357.1	WP_011187894.1
OG0000525	WP_015403476.1	WP_041277510.1
OG0000526	WP_015402518.1	WP_011190256.1
OG0000527	WP_228130012.1	WP_011189472.1
OG0000530	WP_015405633.1	WP_049785116.1
OG0000531	WP_015404567.1	WP_228130141.1
OG0000532	WP_015404539.1	WP_011188723.1
OG0000533	WP_015403868.1	WP_011188031.1
OG0000534	WP_015402863.1	WP_011187873.1
OG0000535	WP_015402664.1	WP_011190194.1
OG0000536	WP_015403275.1	WP_011187628.1
OG0000537	WP_015405017.1	WP_011189840.1
OG0000538	WP_015403076.1	WP_011187361.1
OG0000539	WP_015402679.1	WP_011188585.1
OG0000540	WP_015404471.1	WP_011189704.1
OG0000542	WP_015403888.1	WP_041277608.1
OG0000543	WP_015405132.1	WP_041278539.1
OG0000544	WP_015403427.1	WP_011187828.1
OG0000545	WP_015404963.1, WP_015402736.1	WP_011188974.1
OG0000546	WP_015402951.1	WP_011187675.1
OG0000547	WP_228130060.1	WP_041277944.1
OG0000548	WP_015403059.1	WP_011187345.1
OG0000549	WP_015405349.1	WP_011189640.1
OG0000550	WP_015405518.1	WP_011188945.1
OG0000551	WP_015402319.1	WP_011189864.1
OG0000553	WP_015403748.1, WP_015402607.1, WP_015403152.1	WP_011187439.1
OG0000555	WP_015402671.1	WP_011188911.1
OG0000556	WP_015405411.1, WP_015404875.1	WP_041278827.1
OG0000558	WP_015402992.1	WP_011188479.1
OG0000559	WP_015403185.1, WP_015403179.1	WP_041277917.1
OG0000561	WP_015403206.1	WP_011188001.1
OG0000562	WP_015405527.1, WP_015403366.1, WP_041916336.1, WP_052326966.1	WP_011187743.1
OG0000563	WP_015403725.1	WP_011187488.1, WP_041278028.1
OG0000564	WP_015403905.1	WP_041278003.1
OG0000565	WP_015403906.1	WP_041278002.1
OG0000566	WP_015403945.1	WP_011189759.1, WP_011188209.1
OG0000568	WP_041916977.1, WP_015405137.1	WP_011188858.1
OG0000569	WP_015405528.1	WP_265588590.1, WP_011187919.1
OG0000570	WP_015405597.1	WP_011188250.1, WP_011190423.1, WP_011187271.1
OG0000571	WP_083907217.1	WP_083818934.1
OG0000575	WP_015402962.1	WP_011187685.1
OG0000576	WP_015403169.1	WP_156792204.1
OG0000577	WP_041916988.1	WP_041277922.1
OG0000578	WP_015403356.1	WP_265588588.1
OG0000579	WP_015403343.1	WP_041277577.1
OG0000580	WP_015402309.1	WP_011189859.1
OG0000581	WP_015404269.1	WP_011188354.1
OG0000582	WP_015402739.1	WP_011188971.1
OG0000583	WP_015404258.1	WP_041277672.1
OG0000584	WP_015403998.1	WP_011188100.1
OG0000585	WP_015403997.1	WP_083818932.1
OG0000586	WP_083907252.1	WP_041277613.1
OG0000587	WP_015405003.1	WP_011189426.1
OG0000588	WP_015403991.1	WP_011188096.1
OG0000589	WP_015405457.1	WP_011189180.1
OG0000590	WP_015404022.1	WP_011188172.1
OG0000591	WP_015402953.1	WP_041277520.1
OG0000592	WP_015405213.1	WP_011189429.1
OG0000593	WP_015405693.1	WP_041278079.1
OG0000594	WP_015403879.1	WP_162096625.1
OG0000595	WP_015404537.1	WP_011188721.1
OG0000596	WP_015405048.1	WP_011189197.1
OG0000597	WP_015405100.1	WP_011189171.1
OG0000598	WP_015405690.1	WP_011190145.1
OG0000599	WP_015405020.1	WP_011189837.1
OG0000600	WP_015402515.1	WP_041278909.1
OG0000601	WP_015402958.1	WP_011187681.1
OG0000603	WP_015404575.1	WP_011189475.1
OG0000604	WP_015402715.1	WP_041278118.1
OG0000605	WP_083907155.1	WP_156792331.1
OG0000606	WP_228130038.1	WP_011188166.1
OG0000607	WP_167320733.1	WP_011187525.1
OG0000608	WP_228130026.1	WP_011188883.1
OG0000609	WP_228130078.1	WP_049785044.1
OG0000610	WP_015404319.1	WP_011188404.1
OG0000611	WP_015405215.1	WP_011189430.1
OG0000612	WP_015405558.1	WP_011190047.1
OG0000613	WP_015405557.1	WP_011190046.1
OG0000614	WP_015403833.1	WP_011187529.1
OG0000615	WP_015404310.1	WP_011188395.1
OG0000616	WP_015404312.1	WP_228130172.1
OG0000617	WP_015404282.1	WP_011188368.1
OG0000618	WP_015404284.1	WP_011188370.1
OG0000619	WP_015404285.1	WP_011188371.1
OG0000620	WP_015404286.1	WP_011188372.1
OG0000621	WP_015404287.1	WP_011188373.1
OG0000622	WP_015404375.1	WP_041278063.1
OG0000623	WP_015404728.1	WP_011189965.1
OG0000624	WP_015405025.1	WP_011189832.1
OG0000625	WP_015405024.1	WP_011189833.1
OG0000626	WP_015403434.1	WP_011187844.1
OG0000627	WP_015404320.1	WP_011188405.1
OG0000628	WP_015402471.1	WP_011189052.1
OG0000629	WP_015404142.1	WP_011188979.1
OG0000630	WP_015403871.1	WP_011188034.1
OG0000631	WP_015403869.1	WP_011188032.1
OG0000632	WP_015404802.1	WP_011190021.1
OG0000634	WP_015405484.1	WP_011189407.1
OG0000635	WP_015404478.1	WP_011188882.1
OG0000637	WP_015404786.1	WP_011190035.1
OG0000638	WP_015404362.1	WP_011190101.1
OG0000639	WP_015405456.1	WP_011189179.1
OG0000640	WP_015404578.1	WP_011189473.1
OG0000641	WP_015405619.1	WP_011189464.1
OG0000642	WP_015404104.1	WP_011189005.1
OG0000643	WP_015404719.1	WP_011189974.1
OG0000644	WP_015403865.1	WP_011188027.1
OG0000645	WP_153304871.1	WP_011187303.1
OG0000646	WP_015405682.1	WP_011190137.1
OG0000647	WP_015405683.1	WP_011190138.1
OG0000648	WP_015405686.1	WP_011190141.1
OG0000649	WP_015404718.1	WP_011189975.1
OG0000650	WP_015405533.1	WP_011188871.1
OG0000651	WP_015405131.1	WP_011188863.1
OG0000652	WP_015404738.1	WP_011189939.1
OG0000653	WP_041917055.1	WP_011189434.1
OG0000654	WP_015402738.1	WP_011188972.1
OG0000655	WP_015404177.1	WP_011188330.1
OG0000656	WP_015402306.1	WP_011189856.1
OG0000657	WP_015402305.1	WP_011189855.1
OG0000658	WP_015402301.1	WP_011189851.1
OG0000659	WP_015402300.1	WP_011189850.1
OG0000660	WP_015405750.1	WP_011188567.1
OG0000661	WP_015405749.1	WP_011188568.1
OG0000662	WP_015404379.1	WP_011190083.1
OG0000663	WP_015403013.1	WP_198408692.1
OG0000664	WP_015404540.1	WP_011188724.1
OG0000665	WP_015402733.1	WP_011188975.1
OG0000666	WP_015402799.1, WP_015403904.1	WP_011190230.1
OG0000667	WP_015403629.1	WP_011187436.1
OG0000670	WP_015405697.1	WP_011190149.1
OG0000671	WP_015404549.1	WP_041277812.1
OG0000672	WP_015403881.1	WP_041277607.1
OG0000673	WP_015404811.1	WP_049785113.1
OG0000674	WP_015404432.1	WP_041278088.1
OG0000675	WP_015405612.1	WP_011189795.1
OG0000676	WP_015405218.1	WP_011189433.1
OG0000677	WP_015404305.1	WP_011188391.1
OG0000678	WP_015404304.1	WP_011188390.1
OG0000679	WP_015405552.1	WP_011190041.1
OG0000680	WP_015404260.1	WP_011188344.1
OG0000681	WP_208598517.1	WP_011188359.1
OG0000682	WP_015404273.1	WP_011188358.1
OG0000683	WP_015404510.1	WP_011188711.1
OG0000684	WP_015403957.1	WP_011188080.1
OG0000685	WP_015404296.1	WP_011188382.1
OG0000686	WP_015404330.1	WP_011188410.1
OG0000687	WP_015404292.1	WP_011188378.1
OG0000688	WP_015404290.1	WP_011188376.1
OG0000689	WP_015404289.1	WP_041277678.1
OG0000690	WP_015403507.1	WP_041278170.1
OG0000691	WP_015404277.1	WP_011188362.1
OG0000692	WP_015403857.1	WP_228130157.1
OG0000693	WP_015403094.1	WP_011187992.1
OG0000694	WP_015404000.1	WP_228130169.1
OG0000695	WP_153304833.1	WP_041277557.1
OG0000696	WP_015403092.1	WP_011187783.1
OG0000697	WP_015403917.1	WP_011188062.1
OG0000698	WP_228130088.1	WP_011190048.1
OG0000699	WP_015405529.1	WP_011188875.1
OG0000700	WP_015404849.1	WP_011189416.1
OG0000701	WP_015404878.1	WP_011189993.1
OG0000702	WP_015402520.1	WP_011190258.1
OG0000704	WP_015405679.1	WP_011190134.1
OG0000705	WP_015405680.1	WP_228130152.1
OG0000706	WP_015405681.1	WP_041278076.1
OG0000707	WP_015405684.1	WP_011190139.1
OG0000708	WP_015405691.1	WP_011190146.1
OG0000709	WP_015405104.1	WP_011189173.1
OG0000710	WP_015405606.1	WP_228130149.1
OG0000711	WP_015403495.1	WP_011187767.1
OG0000712	WP_015405026.1	WP_011189831.1
OG0000713	WP_015404795.1	WP_041277854.1
OG0000714	WP_083907296.1	WP_041278052.1
OG0000715	WP_015404259.1	WP_041277673.1
OG0000716	WP_015404261.1	WP_011188345.1
OG0000717	WP_015404270.1	WP_011188355.1
OG0000718	WP_015404271.1	WP_011188356.1
OG0000719	WP_015404272.1	WP_011188357.1
OG0000720	WP_015404275.1	WP_011188360.1
OG0000721	WP_015404278.1	WP_011188363.1
OG0000722	WP_015404280.1	WP_173362840.1
OG0000723	WP_015404283.1	WP_011188369.1
OG0000724	WP_015404288.1	WP_011188374.1
OG0000725	WP_015404291.1	WP_011188377.1
OG0000726	WP_015404293.1	WP_011188379.1
OG0000727	WP_015404297.1	WP_011188383.1
OG0000728	WP_015404298.1	WP_011188384.1
OG0000729	WP_015404299.1	WP_041277681.1
OG0000730	WP_015404300.1	WP_011188386.1
OG0000731	WP_015404306.1	WP_011188392.1
OG0000732	WP_015404307.1	WP_011188393.1
OG0000733	WP_015404308.1	WP_011188394.1
OG0000734	WP_015402298.1	WP_011189848.1
OG0000735	WP_041916957.1	WP_011188914.1
OG0000737	WP_015402304.1	WP_011189854.1
OG0000738	WP_015402949.1	WP_011187673.1
OG0000739	WP_015405016.1	WP_011189841.1
OG0000740	WP_015404023.1	WP_011188173.1
OG0000741	WP_015403887.1	WP_011188046.1
OG0000742	WP_015404033.1	WP_011189351.1
OG0000743	WP_015404254.1	WP_011188337.1
OG0000744	WP_015404538.1	WP_041277765.1
OG0000745	WP_015405381.1	WP_041278703.1
OG0000746	WP_015405095.1	WP_011189168.1
OG0000747	WP_015404724.1	WP_011189969.1
OG0000748	WP_015404725.1	WP_011189968.1
OG0000749	WP_083907163.1	WP_011190196.1
OG0000750	WP_015403421.1	WP_011187822.1
OG0000751	WP_015403424.1	WP_041277561.1
OG0000753	WP_015404859.1	WP_041278830.1
OG0000754	WP_015403167.1	WP_011188011.1
OG0000755	WP_228130063.1	WP_011188010.1
OG0000756	WP_041916433.1	WP_041277989.1
OG0000758	WP_015403358.1	WP_011187895.1
OG0000759	WP_015402514.1	WP_041278102.1
OG0000760	WP_015402787.1	WP_228130188.1
OG0000761	WP_015403142.1	WP_011187967.1
OG0000762	WP_015402667.1	WP_011190198.1
OG0000763	WP_015402668.1	WP_011190199.1
OG0000764	WP_015403950.1	WP_011188073.1
OG0000766	WP_015403369.1	WP_011187956.1
OG0000767	WP_015402388.1	WP_011188486.1
OG0000768	WP_015405616.1	WP_011188930.1
OG0000769	WP_015404311.1	WP_011188396.1
OG0000770	WP_015404313.1	WP_011188398.1
OG0000771	WP_015404314.1	WP_156792213.1
OG0000772	WP_015404315.1	WP_011188400.1
OG0000773	WP_015404316.1	WP_011188401.1
OG0000774	WP_015404317.1	WP_011188402.1
OG0000775	WP_015403854.1	WP_156792175.1
OG0000776	WP_228130023.1	WP_041278880.1
OG0000777	WP_015405705.1	WP_011190185.1
OG0000778	WP_015402473.1	WP_011189054.1
OG0000779	WP_015404446.1	WP_011190173.1
OG0000781	WP_015404789.1	WP_011190291.1, WP_011190033.1
OG0000782	WP_015403960.1	WP_011188085.1
OG0000783	WP_015405149.1	WP_011189184.1
OG0000784	WP_015402790.1	WP_173362838.1
OG0000785	WP_015402791.1	WP_011188146.1
OG0000787	WP_228130090.1	WP_011190159.1
OG0000788	WP_015404156.1	WP_011189147.1
OG0000789	WP_015405607.1	WP_041278010.1
OG0000790	WP_015403866.1	WP_011188029.1
OG0000791	WP_015402492.1, WP_015402610.1	WP_011187571.1
OG0000792	WP_015405605.1	WP_041278009.1
OG0000793	WP_015402327.1	WP_011189207.1
OG0000794	WP_015405108.1	WP_011189176.1
OG0000795	WP_015404416.1	WP_011190180.1
OG0000796	WP_015404737.1	WP_011189940.1
OG0000797	WP_015405151.1	WP_011189186.1
OG0000799	WP_015404376.1	WP_011190084.1
OG0000800	WP_015403515.1	WP_011187504.1
OG0000801	WP_015405649.1	WP_011190119.1
OG0000802	WP_015404812.1	WP_041278047.1
OG0000803	WP_041917156.1	WP_011188525.1
OG0000804	WP_015403522.1	WP_011189007.1
OG0000806	WP_015403359.1	WP_011187896.1
OG0000807	WP_167320747.1	WP_049785110.1
OG0000808	WP_015404329.1	WP_011188409.1
OG0000809	WP_015402465.1	WP_011189037.1
OG0000810	WP_015404753.1	WP_011187914.1
OG0000811	WP_015402464.1	WP_011189036.1
OG0000813	WP_015404469.1	WP_011190169.1
OG0000815	WP_015405140.1	WP_011188855.1
OG0000816	WP_015403361.1	WP_011187952.1
OG0000817	WP_015403376.1	WP_041277591.1
OG0000818	WP_015404964.1	WP_011189743.1
OG0000819	WP_015405097.1	WP_041277865.1
OG0000822	WP_015404166.1	WP_011188324.1
OG0000823	WP_015404169.1	WP_041277669.1
OG0000824	WP_015403078.1	WP_011187363.1
OG0000825	WP_015404545.1	WP_011188727.1
OG0000826	WP_015402880.1	WP_011189633.1
OG0000827	WP_015405545.1	WP_011188664.1
OG0000828	WP_015405544.1	WP_011188665.1
OG0000829	WP_015405543.1	WP_011188666.1
OG0000830	WP_015405542.1	WP_041277749.1
OG0000831	WP_041916459.1	WP_083818944.1
OG0000832	WP_015405540.1	WP_041278463.1
OG0000833	WP_015405766.1	WP_011188552.1
OG0000834	WP_015402351.1	WP_011190339.1
OG0000836	WP_015404810.1	WP_011190015.1
OG0000837	WP_015404726.1	WP_011189967.1
OG0000838	WP_015402709.1	WP_011190320.1
OG0000839	WP_015404717.1	WP_011189976.1
OG0000841	WP_015403390.1	WP_011187964.1
OG0000842	WP_015404877.1	WP_011189994.1
OG0000843	WP_015405018.1	WP_011189839.1
OG0000844	WP_015405555.1	WP_011190044.1
OG0000845	WP_015405554.1	WP_041278056.1
OG0000846	WP_015405551.1	WP_041278055.1
OG0000848	WP_015405029.1	WP_049785106.1
OG0000849	WP_015402337.1	WP_011188952.1
OG0000851	WP_015402964.1	WP_041277521.1
OG0000852	WP_015405742.1	WP_011188523.1
OG0000853	WP_015405748.1	WP_011188569.1
OG0000854	WP_015405223.1	WP_011189880.1
OG0000855	WP_015405751.1	WP_011188566.1
OG0000856	WP_015405221.1	WP_011189878.1
OG0000857	WP_015404548.1	WP_011188923.1
OG0000858	WP_015403860.1	WP_011187521.1
OG0000859	WP_015404144.1	WP_011188978.1
OG0000860	WP_015403955.1	WP_011188078.1
OG0000861	WP_015405741.1	WP_011188524.1
OG0000862	WP_015403992.1	WP_041278336.1
OG0000863	WP_015405347.1	WP_228130144.1
OG0000864	WP_015403880.1	WP_011188040.1
OG0000865	WP_015402957.1	WP_011187680.1
OG0000866	WP_015403430.1	WP_011187847.1
OG0000867	WP_015403911.1	WP_011188057.1
OG0000868	WP_015405602.1	WP_011190333.1, WP_011189786.1
OG0000869	WP_015404276.1	WP_011188361.1
OG0000870	WP_167320732.1	WP_011187527.1
OG0000871	WP_015402299.1	WP_011189849.1
OG0000872	WP_153304786.1	WP_193763854.1
OG0000873	WP_015405609.1	WP_011189793.1
OG0000874	WP_041916421.1	WP_041278050.1
OG0000875	WP_015405746.1	WP_156792221.1
OG0000876	WP_015405346.1	WP_011189775.1
OG0000877	WP_167320708.1	WP_011190326.1
OG0000878	WP_015403349.1	WP_011187891.1
OG0000879	WP_015405036.1	WP_011189824.1
OG0000881	WP_015404074.1	WP_011187319.1
OG0000882	WP_015404351.1	WP_041278072.1
OG0000884	WP_015402908.1	WP_011188152.1
OG0000885	WP_015403060.1	WP_011187346.1
OG0000886	WP_015402656.1	WP_011190161.1
OG0000889	WP_015404003.1	WP_011187694.1
OG0000891	WP_041916368.1	WP_228130168.1
OG0000893	WP_015405685.1	WP_011190140.1
OG0000894	WP_015404989.1	WP_041278006.1
OG0000895	WP_015402954.1	WP_011187678.1
OG0000896	WP_015405732.1	WP_011188870.1
OG0000898	WP_015403096.1	WP_011187994.1
OG0000899	WP_208598530.1	WP_011188670.1
OG0000900	WP_015404360.1	WP_041278069.1
OG0000901	WP_015402379.1	WP_011189435.1
OG0000902	WP_015402382.1	WP_011188506.1
OG0000903	WP_015402383.1	WP_228130176.1
OG0000904	WP_015402389.1	WP_011188485.1
OG0000905	WP_015405378.1	WP_011189445.1
OG0000906	WP_015402711.1	WP_011190322.1
OG0000907	WP_015402730.1	WP_011188240.1
OG0000908	WP_015402805.1, WP_015405049.1	WP_049785124.1
OG0000909	WP_015403808.1	WP_011188214.1
OG0000910	WP_015403150.1	WP_011188164.1
OG0000911	WP_153304782.1, WP_015403276.1, WP_015403277.1	WP_041277909.1
OG0000913	WP_015405502.1	WP_011187576.1
OG0000914	WP_015403535.1	WP_011190229.1, WP_011189008.1
OG0000915	WP_015403543.1	WP_011189188.1, WP_162096646.1
OG0000918	WP_015403988.1	WP_228130159.1
OG0000921	WP_015404062.1	WP_011187292.1, WP_011187838.1
OG0000922	WP_015404076.1	WP_011187318.1
OG0000923	WP_015404106.1	WP_011189003.1
OG0000925	WP_167320729.1, WP_015404894.1, WP_015404577.1	WP_011189980.1
OG0000928	WP_015404804.1	WP_011188614.1, WP_011188615.1
OG0000929	WP_015404850.1, WP_015404851.1	WP_011189415.1
OG0000930	WP_015405107.1	WP_041278638.1
OG0000931	WP_015405170.1	WP_011189193.1
OG0000933	WP_015405319.1	WP_011189930.1
OG0000934	WP_015405326.1	WP_011188900.1
OG0000935	WP_015405361.1	WP_041277923.1
OG0000936	WP_015405470.1	WP_011188905.1
OG0000937	WP_015405491.1	WP_011188588.1, WP_011188587.1
OG0000939	WP_015405631.1	WP_041278059.1
OG0000940	WP_052326950.1	WP_011187514.1, WP_049785042.1
OG0000942	WP_153304905.1	WP_011189048.1, WP_011188006.1
OG0000943	WP_153304907.1	WP_011189192.1
OG0000944	WP_265588652.1	WP_011187341.1
OG0000963	WP_015403953.1	WP_011188076.1
OG0000964	WP_015404814.1	WP_011190012.1
OG0000970	WP_015404174.1	WP_011188328.1
OG0000971	WP_015402959.1	WP_011187682.1
OG0000972	WP_015405054.1	WP_011189519.1
OG0000974	WP_041916461.1	WP_011190049.1
OG0000977	WP_015405209.1	WP_011189873.1
OG0000978	WP_015404281.1	WP_011188367.1
OG0000980	WP_015405535.1	WP_011188680.1
OG0000982	WP_015403370.1	WP_011188025.1
OG0000983	WP_015405627.1	WP_011190063.1
OG0000984	WP_015403398.1	WP_011187941.1
OG0000985	WP_153304930.1	WP_011188560.1
OG0000987	WP_015405138.1	WP_011188857.1
OG0000988	WP_015402737.1	WP_011188973.1
OG0000989	WP_015405135.1	WP_011188859.1
OG0000990	WP_015403362.1	WP_156792200.1
OG0000991	WP_015402952.1	WP_041277519.1
OG0000994	WP_015404303.1	WP_083818937.1
OG0000996	WP_015404090.1	WP_041277423.1
OG0000998	WP_015404890.1	WP_011189982.1
OG0001001	WP_015403965.1	WP_041277663.1
OG0001002	WP_015402303.1	WP_011189853.1
OG0001004	WP_015402764.1	WP_011188129.1
OG0001005	WP_015402765.1	WP_011188130.1
OG0001007	WP_015405608.1	WP_011189792.1
OG0001010	WP_015402489.1	WP_011187750.1, WP_049784987.1
OG0001011	WP_015402483.1	WP_011187970.1
OG0001012	WP_041916502.1	WP_041277843.1, WP_041277847.1
OG0001013	WP_052326942.1	WP_049785060.1
OG0001014	WP_015405709.1	WP_011190157.1
OG0001015	WP_015404990.1	WP_041278005.1
OG0001016	WP_015404991.1	WP_011189778.1
OG0001017	WP_015405424.1	WP_011189511.1
OG0001019	WP_015404790.1	WP_011190292.1, WP_228130207.1
OG0001022	WP_015404097.1	WP_011187306.1
OG0001023	WP_015403416.1	WP_156792191.1
OG0001026	WP_015405482.1	WP_011189405.1
OG0001027	WP_015404342.1	WP_011190117.1
OG0001028	WP_015404785.1	WP_083818998.1
OG0001030	WP_153304834.1	WP_011187816.1
OG0001031	WP_015404147.1	WP_011189151.1
OG0001033	WP_015405130.1	WP_041277794.1
OG0001034	WP_015403374.1	WP_041277590.1
OG0001035	WP_015403346.1	WP_011187889.1
OG0001036	WP_015403949.1	WP_041277818.1
OG0001038	WP_015403497.1	WP_011187949.1
OG0001039	WP_015405621.1	WP_011190060.1
OG0001040	WP_015404318.1	WP_011188403.1
OG0001041	WP_015404806.1	WP_011190017.1
OG0001043	WP_015403058.1	WP_011187344.1
OG0001044	WP_083907278.1	WP_083818936.1
OG0001045	WP_015404741.1	WP_011189936.1
OG0001046	WP_167320764.1	WP_011190051.1
OG0001048	WP_052327029.1	WP_049785120.1
OG0001049	WP_015404374.1	WP_041277587.1
OG0001050	WP_015402800.1	WP_041277856.1
OG0001051	WP_015404136.1	WP_011188984.1
OG0001052	WP_015402680.1	WP_011188584.1
OG0001053	WP_015404629.1	WP_041277415.1
OG0001054	WP_015405702.1	WP_011190182.1
OG0001055	WP_015403066.1	WP_041277435.1
OG0001056	WP_015405405.1	WP_011188906.1
OG0001057	WP_015403900.1	WP_011188545.1
OG0001058	WP_015404740.1	WP_041278814.1
OG0001059	WP_015403083.1	WP_011187902.1
OG0001060	WP_015405522.1	WP_049785045.1
OG0001063	WP_015404826.1	WP_011187933.1
OG0001067	WP_228130016.1	WP_011190005.1
OG0001068	WP_015405143.1	WP_011188852.1
OG0001070	WP_015402470.1	WP_011189051.1
OG0001071	WP_015402318.1	WP_011189863.1
OG0001072	WP_015402324.1	WP_011189869.1
OG0001073	WP_015402549.1	WP_011189989.1, WP_011188204.1
OG0001074	WP_015405057.1	WP_011190341.1
OG0001075	WP_015402659.1	WP_011187587.1
OG0001076	WP_015402666.1	WP_011190197.1
OG0001077	WP_015402773.1	WP_156792170.1, WP_011187417.1
OG0001078	WP_015402853.1	WP_041277736.1
OG0001081	WP_015403050.1, WP_015405493.1	WP_041277700.1
OG0001082	WP_015403197.1	WP_041277998.1
OG0001083	WP_015403203.1	WP_011188005.1
OG0001084	WP_015403205.1	WP_011188002.1
OG0001086	WP_015403453.1	WP_011188189.1
OG0001088	WP_015403505.1	WP_011187879.1
OG0001089	WP_015403555.1	WP_011188964.1
OG0001090	WP_015403573.1	WP_041277583.1
OG0001091	WP_015403620.1	WP_011189718.1
OG0001092	WP_015403753.1	WP_011188888.1, WP_041277802.1
OG0001093	WP_015403966.1	WP_011189705.1
OG0001094	WP_015404140.1	WP_011188981.1
OG0001095	WP_015404324.1	WP_011188408.1
OG0001096	WP_015405070.1, WP_015404332.1	WP_228130173.1
OG0001097	WP_015404393.1	WP_011187452.1
OG0001098	WP_015404428.1	WP_041277489.1
OG0001099	WP_015404509.1	WP_041277763.1
OG0001100	WP_015404712.1	WP_011189979.1
OG0001101	WP_015404794.1	WP_011190028.1
OG0001102	WP_015404831.1	WP_011190069.1
OG0001103	WP_015404903.1	WP_011189811.1
OG0001104	WP_015405022.1	WP_011189835.1
OG0001105	WP_015405112.1	WP_011189561.1
OG0001106	WP_015405113.1	WP_011189562.1
OG0001107	WP_015405147.1	WP_011189182.1
OG0001108	WP_015405167.1	WP_011189190.1
OG0001109	WP_015405168.1	WP_011189191.1
OG0001110	WP_015405171.1	WP_011189194.1
OG0001111	WP_015405194.1	WP_011189652.1
OG0001113	WP_015405271.1, WP_015405669.1	WP_011190127.1
OG0001114	WP_015405297.1	WP_011189908.1
OG0001115	WP_015405341.1	WP_011189846.1
OG0001116	WP_015405443.1	WP_011189508.1
OG0001117	WP_015405447.1	WP_011188962.1
OG0001118	WP_015405526.1	WP_011187917.1
OG0001119	WP_015405622.1	WP_041278058.1
OG0001120	WP_015405744.1	WP_011188572.1
OG0001121	WP_041916456.1	WP_011188932.1
OG0001122	WP_041916785.1	WP_011189826.1
OG0001124	WP_228130020.1	WP_011189560.1
OG0001125	WP_228130028.1	WP_011187916.1
OG0001126	WP_228130033.1, WP_228130032.1	WP_011187700.1
OG0001127	WP_228130080.1	WP_011189411.1
OG0001142	WP_015405698.1	WP_011190150.1
OG0001143	WP_015402577.1	WP_265588575.1
OG0001145	WP_167320748.1	WP_011189970.1
OG0001150	WP_015404373.1	WP_041278064.1
OG0001155	WP_015405636.1	WP_011188483.1
OG0001159	WP_015402466.1	WP_011189038.1
OG0001161	WP_015404796.1	WP_011190027.1
OG0001163	WP_083907279.1	WP_011188380.1
OG0001164	WP_015405142.1	WP_011188853.1
OG0001165	WP_015402362.1	WP_011188521.1
OG0001168	WP_015402423.1	WP_041277846.1
OG0001169	WP_015402417.1	WP_011189086.1
OG0001175	WP_015404151.1	WP_011189149.1
OG0001178	WP_015405308.1	WP_011189919.1
OG0001179	WP_015402373.1	WP_041277711.1
OG0001182	WP_015403519.1	WP_049785032.1
OG0001183	WP_167320739.1	WP_011189001.1
OG0001184	WP_015404058.1, WP_015404057.1	WP_011190441.1
OG0001188	WP_015404159.1	WP_041277859.1
OG0001189	WP_015402678.1	WP_011188586.1
OG0001191	WP_015403063.1	WP_041277434.1
OG0001192	WP_015405571.1	WP_011187771.1
OG0001195	WP_167320742.1	WP_228130192.1
OG0001196	WP_015404987.1	WP_041277791.1
OG0001197	WP_015402302.1	WP_011189852.1
OG0001198	WP_015402329.1	WP_041278650.1
OG0001200	WP_015402380.1	WP_041277710.1
OG0001203	WP_015402569.1	WP_011190358.1
OG0001204	WP_015402635.1	WP_011187324.1
OG0001206	WP_015402660.1	WP_011187584.1
OG0001207	WP_015402661.1	WP_011187585.1
OG0001208	WP_015402705.1	WP_011187339.1
OG0001209	WP_015402781.1	WP_041277637.1
OG0001210	WP_015403728.1	WP_041277861.1
OG0001215	WP_015402891.1	WP_011188303.1
OG0001217	WP_015402924.1	WP_228130211.1
OG0001220	WP_015403073.1	WP_011187358.1
OG0001221	WP_015403077.1	WP_011187362.1
OG0001223	WP_015403095.1	WP_011187993.1
OG0001225	WP_015404649.1, WP_015404693.1, WP_015403177.1, WP_153304887.1, WP_041916415.1, WP_015404380.1	WP_049784966.1
OG0001227	WP_015403187.1	WP_011189818.1
OG0001228	WP_015403737.1	WP_265588574.1
OG0001230	WP_015403373.1	WP_011187958.1
OG0001231	WP_015403441.1	WP_011189063.1
OG0001232	WP_015403506.1	WP_011187878.1
OG0001233	WP_015403549.1	WP_011187456.1
OG0001236	WP_015403621.1	WP_011189717.1
OG0001237	WP_015403626.1	WP_011189714.1
OG0001238	WP_015403638.1	WP_011190350.1
OG0001239	WP_015403722.1	WP_041277965.1
OG0001240	WP_015403774.1	WP_011189039.1
OG0001241	WP_015403818.1	WP_011187365.1
OG0001242	WP_015403867.1	WP_011188030.1
OG0001243	WP_015403884.1	WP_011188044.1
OG0001244	WP_015403893.1	WP_011188050.1
OG0001245	WP_015403912.1	WP_049785003.1
OG0001246	WP_015403951.1	WP_011188074.1
OG0001247	WP_015403971.1	WP_156792206.1
OG0001248	WP_015404010.1	WP_011188158.1
OG0001249	WP_015404079.1	WP_041277427.1
OG0001250	WP_015404185.1	WP_041277766.1
OG0001251	WP_015404188.1	WP_011188731.1
OG0001252	WP_015404350.1	WP_011190111.1
OG0001253	WP_015404353.1	WP_011190107.1
OG0001254	WP_015404357.1	WP_041278070.1
OG0001255	WP_015404406.1	WP_011190081.1
OG0001256	WP_015404430.1	WP_011190179.1
OG0001257	WP_015404435.1	WP_011190174.1
OG0001258	WP_015404476.1	WP_011188880.1
OG0001259	WP_015404477.1	WP_041277800.1
OG0001260	WP_015404512.1	WP_011188713.1
OG0001261	WP_015404532.1	WP_011188718.1
OG0001263	WP_015404564.1	WP_011187459.1
OG0001264	WP_015404628.1	WP_011190206.1
OG0001266	WP_015404731.1	WP_011189961.1
OG0001267	WP_015404755.1	WP_011187707.1
OG0001271	WP_015405038.1	WP_011189823.1
OG0001272	WP_015405050.1	WP_011189196.1
OG0001273	WP_015405065.1	WP_011187990.1
OG0001274	WP_015405102.1	WP_228130163.1
OG0001275	WP_015405144.1	WP_011188920.1
OG0001276	WP_015405165.1	WP_011187464.1
OG0001277	WP_015405166.1	WP_041277468.1
OG0001278	WP_015405173.1	WP_011187469.1
OG0001279	WP_015405174.1	WP_011187468.1
OG0001281	WP_015405196.1	WP_011189654.1
OG0001282	WP_015405197.1	WP_011189655.1
OG0001283	WP_015405206.1	WP_041278031.1
OG0001284	WP_015405287.1	WP_011189898.1
OG0001285	WP_015405288.1	WP_041278035.1
OG0001286	WP_015405289.1	WP_011189900.1
OG0001287	WP_015405292.1	WP_011189903.1
OG0001288	WP_015405293.1	WP_011189904.1
OG0001289	WP_015405304.1	WP_011189915.1
OG0001290	WP_015405305.1	WP_011189916.1
OG0001291	WP_015405344.1	WP_011189782.1
OG0001292	WP_015405345.1	WP_041278007.1
OG0001293	WP_015405348.1	WP_011189639.1
OG0001294	WP_015405377.1	WP_011189444.1
OG0001295	WP_015405445.1	WP_011189506.1, WP_265588558.1
OG0001296	WP_015405503.1	WP_011187575.1
OG0001297	WP_015405504.1	WP_011187574.1
OG0001298	WP_015405553.1	WP_011190042.1
OG0001300	WP_015405639.1, WP_228130004.1	WP_011187313.1
OG0001301	WP_015405765.1	WP_011188553.1
OG0001302	WP_041916361.1	WP_011188052.1
OG0001303	WP_041916463.1	WP_011190054.1
OG0001304	WP_052326940.1	WP_011188487.1
OG0001305	WP_083907266.1	WP_011188988.1
OG0001306	WP_153304929.1	WP_156792220.1
OG0001307	WP_167320711.1	WP_049784984.1
OG0001308	WP_167320735.1	WP_011188075.1
OG0001309	WP_208598477.1	WP_011189454.1
OG0001310	WP_228130019.1	WP_011189366.1
OG0001331	WP_167320709.1	WP_011190348.1
OG0001332	WP_052326998.1	WP_011190181.1
OG0001336	WP_015404620.1	WP_011187561.1
OG0001339	WP_015405648.1	WP_011190118.1
OG0001340	WP_015404407.1	WP_011190080.1
OG0001341	WP_015405635.1	WP_041277703.1
OG0001344	WP_015403859.1	WP_011187522.1
OG0001345	WP_015404126.1, WP_208598465.1	WP_011188990.1
OG0001347	WP_015404452.1	WP_011190171.1
OG0001348	WP_015402882.1	WP_156792209.1
OG0001350	WP_015403070.1	WP_156792166.1
OG0001351	WP_015403069.1	WP_011187354.1
OG0001353	WP_015402407.1	WP_228130197.1
OG0001354	WP_015402411.1	WP_011189092.1
OG0001355	WP_015405106.1	WP_011189174.1
OG0001361	WP_015404784.1	WP_011190037.1
OG0001362	WP_015404426.1	WP_011188686.1
OG0001363	WP_153304920.1	WP_011190055.1
OG0001364	WP_015404470.1	WP_049785165.1
OG0001367	WP_015403355.1	WP_011187892.1
OG0001378	WP_015405390.1	WP_011189459.1
OG0001379	WP_015403068.1	WP_156792165.1
OG0001380	WP_015402538.1	WP_011188771.1
OG0001381	WP_167320697.1	WP_011188774.1
OG0001384	WP_015403420.1	WP_041277560.1
OG0001385	WP_015402409.1	WP_011189099.1
OG0001386	WP_015402937.1	WP_041277517.1
OG0001387	WP_015402510.1	WP_011189607.1
OG0001389	WP_015404135.1	WP_041277825.1
OG0001390	WP_015404729.1	WP_011189963.1
OG0001393	WP_015402537.1	WP_011188776.1
OG0001394	WP_015402293.1	WP_162096642.1
OG0001395	WP_015402310.1	WP_011189860.1
OG0001396	WP_015402320.1	WP_011189865.1
OG0001397	WP_015402330.1	WP_011188549.1
OG0001398	WP_015402341.1	WP_162096645.1
OG0001399	WP_041916246.1, WP_015402347.1	WP_156792316.1
OG0001401	WP_015402363.1	WP_228130177.1
OG0001402	WP_015402406.1, WP_015404251.1	WP_041277838.1
OG0001403	WP_015402522.1	WP_011190311.1
OG0001404	WP_015402524.1	WP_011190314.1
OG0001405	WP_015402526.1	WP_011190316.1
OG0001406	WP_015402527.1	WP_011190317.1
OG0001407	WP_015402550.1, WP_015403637.1	WP_011190349.1
OG0001408	WP_015405268.1, WP_015402566.1	WP_041278124.1
OG0001409	WP_015402572.1	WP_011190359.1
OG0001411	WP_015402634.1	WP_011187982.1
OG0001413	WP_015402663.1	WP_041277565.1
OG0001414	WP_015402670.1	WP_011189737.1
OG0001415	WP_015402707.1	WP_041277644.1
OG0001416	WP_015402723.1	WP_011190334.1
OG0001418	WP_015402766.1	WP_011188131.1
OG0001421	WP_015402984.1	WP_011187997.1
OG0001422	WP_015403148.1, WP_015405489.1, WP_015405515.1	WP_011189022.1
OG0001423	WP_015403191.1	WP_011189817.1
OG0001424	WP_015403202.1	WP_011187337.1
OG0001427	WP_015403323.1	WP_011188927.1
OG0001428	WP_015403329.1	WP_011187984.1
OG0001429	WP_015403372.1	WP_041277589.1
OG0001432	WP_015403410.1	WP_011189385.1
OG0001433	WP_015403462.1	WP_041277534.1
OG0001434	WP_015403502.1	WP_011187298.1
OG0001435	WP_015403513.1	WP_041277741.1
OG0001436	WP_015405666.1	WP_011187924.1
OG0001438	WP_015403659.1	WP_011189479.1
OG0001439	WP_015403727.1	WP_041277496.1
OG0001440	WP_015403730.1	WP_011187606.1
OG0001441	WP_015403739.1	WP_011189324.1
OG0001442	WP_015403745.1	WP_011188543.1
OG0001443	WP_015403750.1	WP_011188909.1
OG0001444	WP_015403763.1	WP_011188675.1
OG0001445	WP_015403852.1	WP_011187528.1
OG0001446	WP_015403882.1	WP_011188042.1
OG0001447	WP_015403883.1	WP_011188043.1
OG0001448	WP_015403915.1	WP_011188061.1
OG0001450	WP_015403937.1	WP_011188609.1, WP_011188068.1
OG0001451	WP_015403962.1	WP_011188087.1
OG0001452	WP_015403999.1	WP_011188101.1
OG0001454	WP_015404017.1	WP_041278085.1
OG0001458	WP_015404263.1	WP_011188347.1
OG0001459	WP_015404264.1	WP_041277674.1
OG0001460	WP_015404341.1	WP_041277804.1
OG0001461	WP_015404345.1	WP_011190116.1
OG0001462	WP_015404361.1	WP_041278068.1
OG0001463	WP_015404364.1	WP_011188107.1
OG0001464	WP_015404371.1	WP_011190088.1
OG0001467	WP_015404395.1	WP_011187454.1
OG0001469	WP_015404419.1	WP_041277853.1, WP_041277446.1
OG0001470	WP_015404453.1	WP_011190170.1
OG0001473	WP_015404570.1	WP_156792301.1
OG0001474	WP_015404587.1	WP_041277925.1
OG0001477	WP_015404630.1	WP_041277414.1
OG0001478	WP_015404708.1	WP_011187447.1
OG0001479	WP_015404716.1	WP_011189977.1
OG0001480	WP_015404766.1	WP_011189006.1
OG0001481	WP_015404775.1	WP_011190038.1
OG0001482	WP_015404801.1	WP_049785114.1
OG0001483	WP_015404807.1	WP_011190016.1
OG0001484	WP_015404829.1	WP_049785117.1
OG0001485	WP_015404861.1	WP_041278046.1
OG0001488	WP_015405071.1, WP_015405179.1	WP_011189517.1
OG0001489	WP_015405182.1	WP_041277935.1
OG0001490	WP_015405283.1	WP_011189894.1
OG0001491	WP_015405284.1	WP_011189895.1
OG0001492	WP_015405285.1	WP_011189896.1
OG0001493	WP_015405286.1	WP_162096664.1
OG0001494	WP_015405298.1	WP_011189909.1
OG0001495	WP_015405299.1	WP_011189910.1
OG0001496	WP_015405301.1	WP_011189912.1
OG0001497	WP_015405302.1	WP_011189913.1
OG0001498	WP_015405303.1	WP_011189914.1
OG0001499	WP_015405310.1	WP_011189921.1
OG0001500	WP_015405311.1	WP_011189922.1
OG0001501	WP_015405312.1	WP_011189923.1
OG0001502	WP_015405313.1	WP_011189924.1
OG0001503	WP_015405314.1	WP_011189925.1
OG0001504	WP_015405321.1	WP_011189932.1
OG0001505	WP_015405325.1	WP_083818954.1
OG0001506	WP_015405335.1, WP_015405336.1	WP_011189723.1
OG0001507	WP_015405355.1	WP_011189417.1
OG0001508	WP_015405364.1	WP_011189424.1
OG0001510	WP_015405389.1	WP_011189458.1
OG0001511	WP_015405401.1	WP_011189770.1, WP_011188610.1
OG0001512	WP_015405403.1	WP_011189771.1
OG0001513	WP_015405406.1	WP_011188907.1
OG0001514	WP_015405464.1	WP_011187467.1
OG0001515	WP_015405465.1	WP_011187466.1
OG0001516	WP_015405481.1	WP_011189380.1
OG0001517	WP_015405523.1	WP_011188933.1
OG0001518	WP_015405617.1	WP_011188929.1
OG0001519	WP_015405703.1	WP_011190183.1
OG0001520	WP_015405711.1	WP_041278083.1
OG0001521	WP_015405753.1	WP_011187862.1
OG0001522	WP_015405764.1	WP_041277716.1
OG0001523	WP_041916362.1	WP_265588560.1
OG0001526	WP_041916457.1	WP_041278061.1
OG0001528	WP_041917081.1	WP_011189418.1
OG0001529	WP_041917103.1	WP_011187465.1
OG0001530	WP_052326981.1	WP_011188098.1
OG0001531	WP_167320766.1	WP_011190062.1
OG0001533	WP_228130037.1	WP_083818939.1
OG0001534	WP_228130049.1	WP_011187932.1
OG0001535	WP_228130052.1	WP_228130195.1
OG0001536	WP_228130053.1	WP_228130153.1
OG0001537	WP_265588648.1	WP_041277596.1
OG0001567	WP_015403170.1	WP_011188008.1
OG0001573	WP_015405019.1	WP_041278027.1
OG0001578	WP_015405480.1	WP_011189379.1
OG0001585	WP_015403064.1	WP_011187412.1
OG0001586	WP_015405446.1	WP_011187411.1
OG0001589	WP_015404597.1	WP_011187265.1
OG0001600	WP_015403926.1	WP_198408698.1
OG0001601	WP_015404817.1	WP_041278048.1
OG0001606	WP_015403075.1	WP_011187360.1
OG0001607	WP_015403110.1	WP_011188289.1
OG0001608	WP_015402365.1	WP_156792317.1
OG0001612	WP_015402540.1	WP_011188769.1
OG0001613	WP_015402539.1	WP_011188770.1
OG0001623	WP_015403665.1	WP_011187308.1
OG0001628	WP_015402297.1	WP_011189847.1
OG0001629	WP_015402325.1	WP_041278030.1
OG0001630	WP_015402326.1	WP_011189867.1, WP_162096663.1
OG0001631	WP_015402369.1	WP_011187409.1
OG0001632	WP_015402378.1	WP_011188509.1
OG0001633	WP_015402424.1	WP_011189094.1
OG0001634	WP_015402425.1	WP_049785059.1
OG0001635	WP_015402444.1	WP_011187569.1
OG0001636	WP_015402461.1	WP_049785020.1
OG0001637	WP_015402463.1	WP_156792253.1
OG0001638	WP_015402472.1	WP_011189053.1
OG0001641	WP_015402528.1	WP_011190318.1
OG0001642	WP_015402529.1	WP_041277457.1
OG0001643	WP_015402562.1	WP_011189163.1
OG0001644	WP_015402568.1	WP_041278125.1
OG0001645	WP_015402574.1	WP_011187247.1
OG0001646	WP_015402575.1	WP_011187248.1
OG0001656	WP_015402712.1	WP_041278117.1
OG0001657	WP_015402719.1	WP_011190328.1
OG0001658	WP_015402721.1	WP_011190331.1
OG0001659	WP_015402722.1	WP_011190332.1
OG0001660	WP_015402784.1	WP_011188139.1
OG0001661	WP_015402785.1	WP_041277620.1
OG0001664	WP_015402916.1	WP_011189627.1
OG0001665	WP_015402950.1	WP_011187674.1
OG0001666	WP_015402973.1	WP_041277597.1
OG0001667	WP_015402985.1	WP_162096657.1
OG0001668	WP_015402986.1	WP_041277795.1
OG0001669	WP_015403007.1	WP_041278138.1
OG0001670	WP_015403017.1	WP_041277574.1
OG0001671	WP_015403019.1	WP_041277573.1
OG0001672	WP_015403024.1	WP_011187325.1
OG0001673	WP_015403079.1	WP_156792178.1
OG0001674	WP_015403099.1	WP_041278246.1, WP_011187850.1
OG0001675	WP_015403157.1	WP_011189122.1
OG0001676	WP_015403171.1	WP_041277599.1
OG0001677	WP_015403189.1	WP_041278693.1, WP_011188970.1
OG0001678	WP_015403204.1	WP_011188004.1
OG0001679	WP_015403209.1	WP_011187551.1
OG0001680	WP_015403226.1	WP_011188141.1
OG0001681	WP_015403228.1	WP_011187596.1
OG0001682	WP_015403231.1	WP_011187335.1
OG0001685	WP_015405085.1, WP_015403371.1	WP_011188024.1
OG0001687	WP_015403403.1	WP_041277598.1
OG0001690	WP_015403457.1	WP_011188191.1
OG0001691	WP_015403458.1	WP_011188192.1
OG0001693	WP_015403508.1	WP_011187503.1
OG0001696	WP_015403575.1	WP_011187922.1
OG0001700	WP_015403741.1	WP_011187556.1
OG0001701	WP_015403756.1	WP_011187372.1
OG0001703	WP_015403817.1	WP_011187366.1
OG0001705	WP_015403891.1	WP_011188048.1
OG0001706	WP_015403913.1	WP_011188059.1
OG0001707	WP_015403923.1	WP_041277439.1, WP_011187935.1
OG0001708	WP_015403946.1	WP_041278368.1
OG0001709	WP_015403969.1	WP_011188091.1
OG0001710	WP_015403987.1	WP_011187762.1
OG0001711	WP_015404002.1	WP_011188104.1
OG0001714	WP_015404115.1	WP_011188026.1
OG0001715	WP_015404139.1	WP_011188982.1
OG0001717	WP_015404146.1	WP_041278626.1
OG0001718	WP_015404266.1	WP_011188350.1
OG0001719	WP_015404267.1	WP_011188351.1
OG0001720	WP_015404347.1	WP_173362832.1
OG0001721	WP_015404392.1	WP_011187451.1
OG0001722	WP_015404415.1	WP_011187860.1
OG0001723	WP_015404429.1	WP_011188295.1
OG0001729	WP_015404557.1	WP_011187942.1
OG0001730	WP_015404571.1	WP_011189734.1
OG0001731	WP_015404721.1	WP_041278043.1
OG0001732	WP_015404734.1	WP_011189958.1
OG0001734	WP_015404771.1	WP_041277550.1, WP_011187793.1
OG0001735	WP_015404805.1	WP_011190018.1
OG0001737	WP_015405771.1, WP_015405023.1	WP_041278025.1
OG0001738	WP_015405030.1	WP_011189827.1
OG0001740	WP_015405058.1	WP_011190342.1
OG0001741	WP_015405059.1	WP_198408690.1
OG0001743	WP_015405187.1	WP_011189645.1
OG0001745	WP_015405207.1	WP_011189871.1
OG0001746	WP_015405208.1	WP_011189872.1
OG0001747	WP_015405290.1	WP_011189901.1
OG0001748	WP_015405315.1	WP_011189926.1
OG0001749	WP_015405320.1	WP_011189931.1
OG0001750	WP_015405322.1	WP_011189933.1
OG0001751	WP_015405327.1	WP_011188901.1
OG0001752	WP_015405351.1	WP_041277964.1
OG0001753	WP_015405360.1	WP_156792280.1, WP_011189420.1
OG0001754	WP_015405362.1	WP_011189422.1
OG0001755	WP_015405382.1	WP_011189448.1
OG0001756	WP_015405386.1	WP_011189456.1
OG0001757	WP_015405420.1	WP_011187697.1
OG0001758	WP_015405425.1	WP_011189510.1
OG0001759	WP_015405474.1	WP_011189374.1
OG0001760	WP_015405476.1	WP_011189376.1
OG0001761	WP_015405477.1	WP_011189377.1
OG0001762	WP_015405478.1	WP_011189378.1
OG0001764	WP_015405556.1	WP_041278057.1
OG0001766	WP_167320718.1, WP_015405640.1	WP_011188311.1
OG0001768	WP_015405652.1	WP_041278074.1
OG0001769	WP_015405661.1	WP_011190125.1
OG0001770	WP_015405678.1	WP_011190133.1
OG0001771	WP_015405761.1	WP_011188556.1
OG0001772	WP_041916383.1	WP_156792228.1
OG0001773	WP_041916992.1	WP_011189997.1
OG0001774	WP_041917045.1	WP_011188854.1
OG0001778	WP_153304797.1	WP_162096668.1
OG0001779	WP_153304809.1	WP_011187679.1
OG0001780	WP_153304909.1	WP_011189431.1
OG0001782	WP_228130047.1	WP_011187703.1
OG0001835	WP_015403755.1	WP_011187373.1
OG0001851	WP_015403559.1	WP_011188626.1
OG0001853	WP_015403109.1	WP_011188290.1
OG0001864	WP_015403617.1	WP_041277507.1
OG0001868	WP_015402292.1	WP_011188915.1
OG0001869	WP_015402295.1	WP_011188918.1
OG0001872	WP_015402349.1	WP_041277451.1
OG0001873	WP_015402350.1	WP_041277500.1
OG0001876	WP_015402445.1	WP_011187908.1
OG0001877	WP_015402493.1	WP_041277411.1
OG0001878	WP_015402536.1	WP_011188777.1
OG0001879	WP_015402546.1	WP_011190094.1
OG0001880	WP_015402547.1	WP_011190095.1
OG0001881	WP_015402580.1	WP_011187250.1
OG0001883	WP_015402633.1	WP_011188133.1
OG0001884	WP_015402658.1	WP_011190164.1
OG0001885	WP_015402675.1	WP_041277995.1
OG0001886	WP_015402702.1	WP_041277723.1
OG0001887	WP_015402703.1	WP_011188583.1
OG0001888	WP_015402708.1	WP_156792333.1
OG0001889	WP_015402725.1	WP_011188243.1
OG0001890	WP_015402758.1	WP_011188154.1
OG0001891	WP_015402788.1	WP_041277621.1
OG0001893	WP_015402870.1	WP_011187455.1
OG0001894	WP_015402881.1, WP_015405337.1	WP_011189724.1
OG0001895	WP_015402895.1	WP_041277622.1
OG0001896	WP_015402912.1	WP_041277641.1
OG0001901	WP_015403182.1	WP_041278828.1, WP_011189393.1
OG0001902	WP_015403230.1	WP_011187986.1
OG0001905	WP_015403385.1	WP_156792238.1
OG0001906	WP_015403389.1	WP_011187963.1
OG0001907	WP_015403711.1, WP_015403392.1	WP_011188893.1
OG0001908	WP_015403438.1	WP_265588610.1
OG0001909	WP_015403504.1	WP_011187770.1
OG0001911	WP_015403518.1	WP_041277479.1
OG0001912	WP_015403537.1	WP_156792250.1
OG0001913	WP_015403539.1	WP_041277831.1
OG0001914	WP_015403566.1	WP_228130136.1
OG0001915	WP_015403674.1	WP_011187690.1
OG0001917	WP_015403706.1	WP_011190155.1
OG0001919	WP_015403764.1	WP_199285678.1
OG0001920	WP_015403765.1	WP_011188677.1
OG0001926	WP_015403861.1	WP_041277482.1
OG0001927	WP_015403870.1	WP_011188033.1
OG0001928	WP_015403872.1	WP_011188035.1
OG0001932	WP_015403961.1	WP_228130167.1
OG0001935	WP_015404067.1	WP_011188175.1
OG0001936	WP_015404071.1	WP_011187321.1
OG0001937	WP_015404077.1	WP_011187317.1
OG0001938	WP_015404080.1	WP_011187314.1
OG0001939	WP_015404105.1	WP_011189004.1
OG0001940	WP_015404111.1	WP_156792249.1
OG0001941	WP_015404113.1	WP_049785063.1
OG0001943	WP_015404167.1	WP_011188325.1
OG0001944	WP_015404175.1	WP_011188329.1
OG0001945	WP_015404181.1	WP_041277670.1
OG0001946	WP_015404196.1	WP_198408693.1
OG0001947	WP_015404197.1	WP_011187594.1
OG0001948	WP_015404255.1	WP_011188338.1
OG0001949	WP_015404256.1	WP_228130171.1
OG0001950	WP_015404257.1	WP_049785011.1
OG0001951	WP_015404323.1	WP_041277683.1
OG0001953	WP_015404348.1	WP_011190113.1
OG0001954	WP_015404349.1	WP_041278073.1
OG0001955	WP_015404354.1	WP_011190106.1
OG0001956	WP_015404405.1	WP_011190082.1
OG0001958	WP_015404514.1	WP_041277764.1
OG0001960	WP_015404531.1	WP_011188717.1
OG0001961	WP_015404533.1	WP_011187246.1
OG0001963	WP_015404550.1	WP_011188925.1
OG0001964	WP_015404551.1	WP_011189736.1
OG0001970	WP_015404625.1	WP_011190207.1
OG0001971	WP_015404742.1	WP_011189935.1
OG0001973	WP_015404759.1	WP_011187336.1
OG0001974	WP_015404819.1	WP_156792324.1
OG0001977	WP_015404876.1	WP_011189995.1
OG0001978	WP_015404880.1	WP_041278825.1
OG0001979	WP_015404891.1	WP_041277706.1
OG0001980	WP_015404895.1	WP_265588568.1
OG0001982	WP_015404972.1	WP_041277655.1, WP_049785125.1
OG0001984	WP_015405015.1	WP_011189842.1
OG0001985	WP_015405037.1	WP_156792307.1
OG0001986	WP_015405053.1	WP_041277936.1
OG0001987	WP_015405067.1	WP_011189521.1
OG0001988	WP_015405068.1	WP_011189522.1
OG0001990	WP_015405096.1	WP_041277864.1
OG0001991	WP_015405150.1	WP_041277869.1
OG0001992	WP_015405181.1	WP_011189516.1
OG0001994	WP_015405186.1	WP_041277966.1
OG0001995	WP_015405188.1	WP_156792293.1
OG0001996	WP_015405189.1	WP_011189647.1
OG0001997	WP_015405190.1	WP_011189648.1
OG0001999	WP_015405224.1	WP_011189882.1
OG0002000	WP_015405282.1	WP_011189893.1
OG0002001	WP_015405300.1	WP_011189911.1
OG0002002	WP_015405306.1	WP_011189917.1
OG0002003	WP_015405338.1	WP_011189725.1
OG0002004	WP_015405395.1	WP_011189877.1
OG0002005	WP_015405399.1	WP_011189768.1
OG0002006	WP_015405421.1	WP_011189513.1
OG0002009	WP_015405468.1	WP_011188896.1
OG0002011	WP_015405510.1	WP_011188947.1
OG0002012	WP_015405530.1	WP_041277797.1
OG0002013	WP_015405562.1	WP_011190052.1
OG0002014	WP_015405563.1	WP_011190053.1
OG0002015	WP_015405632.1	WP_011190067.1
OG0002016	WP_015405662.1	WP_011190126.1
OG0002017	WP_015405670.1	WP_011190128.1
OG0002018	WP_015405671.1	WP_041278075.1
OG0002019	WP_015405672.1	WP_011190129.1
OG0002020	WP_015405701.1	WP_011190152.1
OG0002021	WP_015405707.1	WP_011190187.1
OG0002024	WP_041916533.1	WP_041277410.1
OG0002025	WP_041917050.1	WP_011189649.1
OG0002026	WP_052326992.1	WP_011190115.1
OG0002027	WP_052327019.1	WP_049784973.1
OG0002028	WP_052327027.1	WP_011189787.1
OG0002029	WP_083907209.1	WP_041277580.1
OG0002030	WP_153304818.1	WP_041277436.1
OG0002032	WP_153304926.1	WP_228130189.1
OG0002033	WP_153304973.1	WP_041278105.1, WP_011189998.1
OG0002037	WP_228130025.1	WP_228130138.1
OG0002039	WP_265588641.1	WP_265588548.1
OG0002120	WP_015404127.1	WP_041277827.1
OG0002131	WP_015403111.1	WP_011188288.1
OG0002132	WP_015403113.1	WP_041277658.1
OG0002133	WP_015403115.1	WP_011188285.1
OG0002144	WP_041916442.1	WP_041277868.1
OG0002149	WP_015403112.1	WP_011188287.1
OG0002157	WP_015402346.1	WP_011188950.1
OG0002158	WP_015402404.1	WP_011189101.1
OG0002159	WP_015402405.1	WP_041277848.1
OG0002163	WP_015402516.1	WP_011190254.1
OG0002164	WP_015402517.1	WP_011190255.1
OG0002165	WP_015402521.1	WP_041278116.1
OG0002168	WP_015402718.1	WP_049785132.1
OG0002169	WP_015402727.1	WP_011188241.1
OG0002173	WP_015402836.1	WP_049785072.1
OG0002175	WP_015402889.1	WP_041277899.1
OG0002176	WP_015402930.1	WP_011187647.1, WP_041277508.1
OG0002178	WP_015402987.1	WP_011189304.1
OG0002179	WP_015403014.1	WP_011187886.1
OG0002180	WP_015403015.1	WP_156792196.1
OG0002181	WP_015403016.1	WP_041277575.1
OG0002182	WP_015403018.1	WP_011187882.1
OG0002184	WP_015403062.1	WP_011187348.1
OG0002185	WP_015403072.1	WP_011187357.1
OG0002186	WP_015403074.1	WP_011187359.1
OG0002187	WP_015403100.1	WP_011187746.1
OG0002194	WP_015403386.1	WP_011187798.1
OG0002195	WP_015403404.1	WP_011187999.1
OG0002197	WP_015403447.1	WP_011190202.1
OG0002199	WP_015403529.1	WP_011189103.1
OG0002200	WP_015403538.1	WP_011189012.1
OG0002201	WP_015403542.1	WP_011189015.1
OG0002205	WP_015403672.1	WP_011187688.1
OG0002206	WP_015403673.1	WP_011187689.1
OG0002208	WP_015403687.1, WP_015403977.1	WP_011187760.1
OG0002209	WP_015403731.1	WP_041277582.1
OG0002211	WP_015403743.1	WP_041277445.1
OG0002213	WP_015403759.1	WP_011187370.1
OG0002216	WP_015403841.1	WP_011188170.1
OG0002219	WP_015403892.1	WP_162096626.1
OG0002222	WP_015404009.1	WP_011188157.1
OG0002224	WP_015404053.1, WP_041916367.1	WP_193763855.1
OG0002228	WP_015404110.1	WP_049785053.1
OG0002229	WP_015404112.1	WP_011188999.1
OG0002231	WP_015404117.1	WP_011188998.1
OG0002232	WP_015404118.1	WP_049785052.1
OG0002233	WP_015404119.1	WP_041277829.1
OG0002235	WP_015404149.1	WP_083818963.1
OG0002236	WP_015404158.1	WP_228130137.1
OG0002240	WP_015404394.1	WP_011187453.1
OG0002241	WP_015404448.1	WP_049785122.1
OG0002245	WP_015404528.1	WP_049785034.1
OG0002249	WP_015404544.1	WP_011188726.1
OG0002251	WP_015404770.1	WP_011190057.1
OG0002255	WP_015404818.1	WP_011190074.1
OG0002260	WP_015404909.1	WP_011189815.1, WP_049785100.1
OG0002262	WP_015405069.1	WP_011189257.1
OG0002266	WP_015405126.1	WP_011189677.1
OG0002267	WP_015405127.1	WP_156792296.1
OG0002269	WP_015405254.1	WP_011189328.1
OG0002270	WP_015405278.1	WP_011189890.1
OG0002271	WP_015405316.1	WP_011189927.1
OG0002272	WP_015405317.1	WP_041278037.1
OG0002274	WP_015405363.1	WP_011189423.1
OG0002276	WP_015405379.1	WP_011189446.1
OG0002277	WP_015405393.1	WP_011187717.1
OG0002278	WP_015405400.1	WP_011189769.1
OG0002283	WP_015405600.1	WP_011189784.1
OG0002284	WP_015405618.1	WP_041277990.1
OG0002285	WP_015405655.1	WP_011190123.1
OG0002287	WP_015405689.1	WP_011190144.1
OG0002288	WP_015405710.1	WP_173362833.1
OG0002289	WP_015405713.1	WP_041277754.1
OG0002293	WP_041916861.1	WP_011187592.1
OG0002297	WP_153304830.1	WP_011187890.1
OG0002298	WP_153304872.1	WP_049785051.1
OG0002301	WP_228130007.1	WP_011189146.1
OG0002303	WP_228130046.1	WP_011187480.1
OG0002463	WP_015404507.1	WP_083818946.1
OG0002520	WP_015403208.1	WP_156792218.1
OG0002521	WP_015403215.1	WP_156792303.1
OG0002522	WP_015403220.1	WP_011189600.1
OG0002523	WP_015403234.1	WP_011189530.1
OG0002530	WP_015403399.1	WP_011187939.1
OG0002537	WP_015403567.1	WP_041277744.1
OG0002538	WP_015403579.1	WP_011190306.1
OG0002540	WP_015403604.1	WP_228130160.1, WP_156792190.1, WP_011189540.1
OG0002541	WP_015403692.1	WP_041278360.1
OG0002543	WP_015403721.1	WP_011190092.1
OG0002546	WP_015403832.1	WP_011187530.1
OG0002548	WP_015403863.1	WP_156792174.1
OG0002553	WP_015403931.1	WP_041278067.1
OG0002561	WP_015404123.1	WP_011188992.1
OG0002562	WP_015404155.1	WP_011189148.1
OG0002564	WP_015404198.1	WP_011187595.1
OG0002598	WP_015405277.1	WP_011189889.1
OG0002599	WP_015405291.1	WP_011189902.1
OG0002600	WP_015405309.1	WP_156792312.1
OG0002601	WP_015405318.1	WP_011189929.1
OG0002607	WP_015405392.1	WP_041277526.1
OG0002615	WP_015405531.1	WP_011188873.1
OG0002616	WP_015405549.1	WP_156792260.1
OG0002617	WP_015405550.1	WP_011189212.1
OG0002620	WP_015405673.1	WP_011190130.1
OG0002622	WP_015405735.1	WP_011189228.1
OG0002632	WP_153304823.1	WP_228130143.1
OG0002640	WP_167320761.1	WP_228130140.1
OG0002641	WP_228130040.1	WP_041278220.1
OG0002844	WP_015403569.1	WP_011189774.1
OG0002896	WP_015404946.1	WP_041277929.1, WP_011189159.1
OG0002923	WP_015402825.1, WP_167320699.1	WP_011189943.1
OG0002937	WP_015403107.1	WP_011188291.1
OG0002941	WP_015403222.1	WP_011189602.1
OG0002957	WP_015403941.1	WP_011189631.1
OG0002961	WP_015404131.1	WP_041277826.1
OG0002972	WP_015404505.1	WP_041277761.1
OG0002973	WP_015404506.1	WP_011188707.1
OG0003021	WP_041917167.1	WP_162096688.1
OG0003027	WP_208598489.1	WP_011189323.1
OG0003471	WP_015402403.1	WP_011190260.1
OG0003504	WP_015402810.1	WP_198408680.1
OG0003514	WP_015402918.1	WP_011187626.1
OG0003517	WP_015403022.1	WP_049785004.1
OG0003525	WP_015403224.1	WP_011189604.1
OG0003533	WP_015403330.1	WP_041277851.1
OG0003555	WP_015403811.1	WP_011189077.1
OG0003556	WP_015403813.1	WP_011189079.1
OG0003557	WP_015403814.1	WP_011189080.1
OG0003558	WP_015403815.1	WP_011189058.1
OG0003564	WP_015404069.1	WP_041277832.1
OG0003606	WP_015404985.1	WP_156792194.1
OG0003612	WP_015405079.1	WP_011190242.1
OG0003641	WP_052327059.1	WP_041278741.1
OG0003646	WP_167320719.1	WP_041277474.1, WP_011187492.1
OG0004505	WP_015402995.1	WP_011188300.1
OG0004541	WP_015403557.1	WP_011188629.1
OG0004564	WP_015404463.1	WP_011187653.1
OG0004565	WP_015404464.1	WP_011187654.1
OG0004566	WP_015404465.1	WP_156792184.1
OG0004594	WP_015404945.1	WP_011189160.1
OG0004608	WP_015405579.1	WP_011190430.1
OG0004609	WP_015405580.1	WP_228130213.1
